# This file uses centimeters as units for non-parametric coordinates.

mtllib barrel.mtl
g default
v 0.100208 241.549345 61.238037
v 0.100208 246.521529 61.238037
v 19.923816 241.549345 69.449264
v 19.923816 246.521529 69.449264
v 28.135120 241.549345 89.272919
v 28.135120 246.521529 89.272919
v 19.923816 241.549345 109.096557
v 19.923816 246.521529 109.096557
v 0.100208 241.549345 117.307800
v 0.100208 246.521529 117.307800
v -19.723401 241.549345 109.096557
v -19.723401 246.521529 109.096557
v -27.934704 241.549345 89.272919
v -27.934704 246.521529 89.272919
v -19.723401 241.549345 69.449264
v -19.723401 246.521529 69.449264
v 0.081165 241.764372 -117.725769
v 0.081165 244.849791 -117.725769
v 12.382556 241.764372 -112.630371
v 12.382556 244.849791 -112.630371
v 17.477893 241.764372 -100.329010
v 17.477893 244.849791 -100.329010
v 12.382556 241.764372 -88.027680
v 12.382556 244.849791 -88.027680
v 0.081165 241.764372 -82.932282
v 0.081165 244.849791 -82.932282
v -12.220105 241.764372 -88.027680
v -12.220105 244.849791 -88.027680
v -17.315564 241.764372 -100.329010
v -17.315564 244.849791 -100.329010
v -12.220105 241.764372 -112.630371
v -12.220105 244.849791 -112.630371
v -0.000012 -229.081438 -141.950440
v -0.000012 231.136092 -141.950501
v 36.739490 -229.081422 -137.113587
v 36.739490 231.136107 -137.113648
v 70.975208 -229.081422 -122.932678
v 70.975208 231.136107 -122.932739
v 100.374134 -229.081422 -100.374085
v 100.374134 231.136107 -100.374176
v 122.932727 -229.081422 -70.975189
v 122.932727 231.136107 -70.975281
v 137.113636 -229.081407 -36.739441
v 137.113636 231.136122 -36.739533
v 141.950428 -229.081407 0.000030
v 141.950428 231.136122 -0.000031
v 137.113636 -229.081407 36.739532
v 137.113636 231.136122 36.739441
v 122.932727 -229.081392 70.975281
v 122.932727 231.136137 70.975189
v 100.374134 -229.081392 100.374176
v 100.374134 231.136137 100.374100
v 70.975208 -229.081392 122.932739
v 70.975208 231.136137 122.932678
v 36.739490 -229.081392 137.113647
v 36.739490 231.136137 137.113586
v -0.000012 -229.081377 141.950500
v -0.000012 231.136153 141.950439
v -36.739514 -229.081392 137.113647
v -36.739514 231.136137 137.113586
v -70.975232 -229.081392 122.932739
v -70.975232 231.136137 122.932678
v -100.374157 -229.081392 100.374176
v -100.374157 231.136137 100.374100
v -122.932751 -229.081392 70.975281
v -122.932751 231.136137 70.975189
v -137.113659 -229.081407 36.739532
v -137.113659 231.136122 36.739441
v -141.950451 -229.081407 0.000030
v -141.950451 231.136122 -0.000031
v -137.113659 -229.081407 -36.739441
v -137.113659 231.136122 -36.739533
v -122.932751 -229.081422 -70.975189
v -122.932751 231.136107 -70.975281
v -100.374157 -229.081422 -100.374085
v -100.374157 231.136107 -100.374176
v -70.975232 -229.081422 -122.932678
v -70.975232 231.136107 -122.932739
v -36.739514 -229.081422 -137.113587
v -36.739514 231.136107 -137.113648
v -0.000012 241.987578 -0.000031
v -0.000012 -232.724565 -147.701599
v 38.228015 -232.724565 -142.668762
v 38.427600 235.673842 -143.413635
v -0.000012 235.673842 -148.472717
v 73.850818 -232.724550 -127.913330
v 74.236316 235.673857 -128.581177
v 104.440784 -232.724550 -104.440796
v 104.986072 235.673857 -104.986084
v 127.913318 -232.724550 -73.850769
v 128.581165 235.673857 -74.236389
v 142.668811 -232.724535 -38.227966
v 143.413562 235.673872 -38.427612
v 147.701648 -232.724535 0.000030
v 148.472644 235.673872 -0.000031
v 142.668811 -232.724535 38.228027
v 143.413562 235.673872 38.427521
v 127.913318 -232.724519 73.850845
v 128.581165 235.673888 74.236297
v 104.440784 -232.724519 104.440857
v 104.986072 235.673888 104.986008
v 73.850818 -232.724519 127.913406
v 74.236316 235.673888 128.581085
v 38.228015 -232.724504 142.668838
v 38.427600 235.673903 143.413559
v -0.000012 -232.724504 147.701645
v -0.000012 235.673903 148.472641
v -38.228039 -232.724504 142.668838
v -38.427624 235.673903 143.413559
v -73.850842 -232.724519 127.913406
v -74.236340 235.673888 128.581085
v -104.440808 -232.724519 104.440857
v -104.986096 235.673888 104.986008
v -127.913342 -232.724519 73.850845
v -128.581189 235.673888 74.236297
v -142.668835 -232.724535 38.228027
v -143.413586 235.673872 38.427521
v -147.701672 -232.724535 0.000030
v -148.472668 235.673872 -0.000031
v -142.668835 -232.724535 -38.227966
v -143.413586 235.673872 -38.427612
v -127.913342 -232.724550 -73.850769
v -128.581189 235.673857 -74.236389
v -104.440808 -232.724550 -104.440796
v -104.986096 235.673857 -104.986084
v -73.850842 -232.724550 -127.913330
v -74.236340 235.673857 -128.581177
v -38.228039 -232.724565 -142.668762
v -38.427624 235.673842 -143.413635
v -0.000012 -240.625658 -150.143311
v 38.859973 -240.625658 -145.027283
v 38.859973 242.680312 -145.027405
v -0.000012 242.680312 -150.143402
v 75.071643 -240.625642 -130.027893
v 75.071643 242.680327 -130.028015
v 106.167346 -240.625642 -106.167328
v 106.167346 242.680327 -106.167420
v 130.027942 -240.625642 -75.071655
v 130.027942 242.680327 -75.071716
v 145.027332 -240.625627 -38.859924
v 145.027332 242.680342 -38.859986
v 150.143299 -240.625627 0.000030
v 150.143299 242.680342 -0.000031
v 145.027332 -240.625627 38.859985
v 145.027332 242.680342 38.859924
v 130.027942 -240.625612 75.071716
v 130.027942 242.680357 75.071640
v 106.167346 -240.625612 106.167419
v 106.167346 242.680357 106.167328
v 75.071643 -240.625612 130.028000
v 75.071643 242.680357 130.027908
v 38.859973 -240.625597 145.027389
v 38.859973 242.680373 145.027298
v -0.000012 -240.625597 150.143402
v -0.000012 242.680373 150.143310
v -38.859997 -240.625597 145.027389
v -38.859997 242.680373 145.027298
v -75.071667 -240.625612 130.028000
v -75.071667 242.680357 130.027908
v -106.167370 -240.625612 106.167419
v -106.167370 242.680357 106.167328
v -130.027966 -240.625612 75.071716
v -130.027966 242.680357 75.071640
v -145.027356 -240.625627 38.859985
v -145.027356 242.680342 38.859924
v -150.143322 -240.625627 0.000030
v -150.143322 242.680342 -0.000031
v -145.027356 -240.625627 -38.859924
v -145.027356 242.680342 -38.859986
v -130.027966 -240.625642 -75.071655
v -130.027966 242.680327 -75.071716
v -106.167370 -240.625642 -106.167328
v -106.167370 242.680327 -106.167420
v -75.071667 -240.625642 -130.027893
v -75.071667 242.680327 -130.028015
v -38.859997 -240.625658 -145.027283
v -38.859997 242.680312 -145.027405
v -0.000012 -252.395891 -142.116821
v 36.782581 -252.395875 -137.274292
v 37.124988 252.395842 -138.552612
v -0.000012 252.395827 -143.440216
v 71.058460 -252.395875 -123.076782
v 71.720081 252.395842 -124.222870
v 100.491809 -252.395875 -100.491760
v 101.427478 252.395842 -101.427551
v 123.076770 -252.395875 -71.058411
v 124.222888 252.395842 -71.720123
v 137.274402 -252.395860 -36.782532
v 138.552600 252.395857 -37.125092
v 142.116809 -252.395860 0.000030
v 143.440174 252.395857 -0.000031
v 137.274402 -252.395860 36.782593
v 138.552600 252.395857 37.125000
v 123.076770 -252.395845 71.058472
v 124.222888 252.395873 71.720047
v 100.491809 -252.395845 100.491852
v 101.427478 252.395873 101.427490
v 71.058460 -252.395845 123.076874
v 71.720081 252.395873 124.222809
v 36.782581 -252.395845 137.274399
v 37.124988 252.395873 138.552521
v -0.000012 -252.395830 142.116913
v -0.000012 252.395888 143.440124
v -36.782605 -252.395845 137.274399
v -37.125012 252.395873 138.552521
v -71.058484 -252.395845 123.076874
v -71.720105 252.395873 124.222809
v -100.491833 -252.395845 100.491852
v -101.427502 252.395873 101.427490
v -123.076794 -252.395845 71.058472
v -124.222912 252.395873 71.720047
v -137.274426 -252.395860 36.782593
v -138.552624 252.395857 37.125000
v -142.116833 -252.395860 0.000030
v -143.440197 252.395857 -0.000031
v -137.274426 -252.395860 -36.782532
v -138.552624 252.395857 -37.125092
v -123.076794 -252.395875 -71.058411
v -124.222912 252.395842 -71.720123
v -100.491833 -252.395875 -100.491760
v -101.427502 252.395842 -101.427551
v -71.058484 -252.395875 -123.076782
v -71.720105 252.395842 -124.222870
v -36.782605 -252.395875 -137.274292
v -37.125012 252.395842 -138.552612
v 73.604969 -248.903871 127.487671
v -38.100720 -248.903917 -142.193909
v 104.679431 249.321486 104.679474
v -74.019543 249.321455 -128.205750
v 104.093250 -248.903871 104.093262
v -73.604992 -248.903902 -127.487610
v 128.205677 249.321486 74.019546
v -104.679455 249.321455 -104.679535
v 127.487659 -248.903871 73.605041
v -104.093274 -248.903902 -104.093170
v 142.994861 249.321471 38.315307
v -128.205700 249.321455 -74.019623
v 142.193958 -248.903886 38.100799
v -127.487683 -248.903902 -73.604981
v 148.039173 249.321471 -0.000031
v -142.994885 249.321471 -38.315399
v 147.209949 -248.903886 0.000030
v -142.193982 -248.903886 -38.100708
v 128.205677 249.321455 -74.019623
v 142.994861 249.321471 -38.315399
v -142.994885 249.321471 38.315307
v -148.039196 249.321471 -0.000031
v 142.193958 -248.903886 -38.100708
v 127.487659 -248.903902 -73.604981
v -147.209973 -248.903886 0.000030
v -142.193982 -248.903886 38.100799
v -0.000012 -248.903917 -147.209961
v 38.100696 -248.903917 -142.193909
v 38.315296 249.321440 -142.994904
v -0.000012 249.321440 -148.039215
v 73.604969 -248.903902 -127.487610
v 74.019519 249.321455 -128.205750
v 104.093250 -248.903902 -104.093170
v 104.679431 249.321455 -104.679535
v 74.019519 249.321486 128.205643
v 38.100696 -248.903856 142.194015
v 38.315296 249.321501 142.994812
v -0.000012 -248.903856 147.210068
v -0.000012 249.321501 148.039123
v -38.100720 -248.903856 142.194015
v -38.315320 249.321501 142.994812
v -73.604992 -248.903871 127.487671
v -74.019543 249.321486 128.205643
v -104.093274 -248.903871 104.093262
v -104.679455 249.321486 104.679474
v -127.487683 -248.903871 73.605041
v -128.205700 249.321486 74.019546
v -38.315320 249.321440 -142.994904
v -0.000012 -239.932802 -139.567017
v 36.122547 -239.932802 -134.811402
v 36.122547 241.987486 -134.811493
v -0.000012 241.987486 -139.567139
v 69.783557 -239.932802 -120.868591
v 69.783557 241.987486 -120.868683
v 98.688831 -239.932802 -98.688782
v 98.688831 241.987486 -98.688843
v 120.868640 -239.932802 -69.783508
v 120.868640 241.987486 -69.783570
v 134.811389 -239.932786 -36.122589
v 134.811389 241.987502 -36.122650
v 139.567005 -239.932786 0.000030
v 139.567005 241.987502 -0.000031
v 134.811389 -239.932786 36.122650
v 134.811389 241.987502 36.122589
v 120.868640 -239.932771 69.783569
v 120.868640 241.987517 69.783508
v 98.688831 -239.932771 98.688858
v 98.688831 241.987517 98.688782
v 69.783557 -239.932771 120.868683
v 69.783557 241.987517 120.868591
v 36.122547 -239.932771 134.811493
v 36.122547 241.987517 134.811401
v -0.000012 -239.932771 139.567123
v -0.000012 241.987517 139.567032
v -36.122571 -239.932771 134.811493
v -36.122571 241.987517 134.811401
v -69.783581 -239.932771 120.868683
v -69.783581 241.987517 120.868591
v -98.688855 -239.932771 98.688858
v -98.688855 241.987517 98.688782
v -120.868664 -239.932771 69.783569
v -120.868664 241.987517 69.783508
v -134.811413 -239.932786 36.122650
v -134.811413 241.987502 36.122589
v -139.567151 -239.932786 0.000030
v -139.567151 241.987502 -0.000031
v -134.811413 -239.932786 -36.122589
v -134.811413 241.987502 -36.122650
v -120.868664 -239.932802 -69.783508
v -120.868664 241.987486 -69.783570
v -98.688855 -239.932802 -98.688782
v -98.688855 241.987486 -98.688843
v -69.783581 -239.932802 -120.868591
v -69.783581 241.987486 -120.868683
v -36.122571 -239.932802 -134.811402
v -36.122571 241.987486 -134.811493
v -0.000012 -68.405862 -141.950440
v -0.000012 -85.652383 -141.950440
v -0.000012 87.707053 -141.950501
v -0.000012 70.460539 -141.950501
v 36.739490 70.460539 -137.113648
v 36.739490 87.707053 -137.113648
v 36.739490 -85.652383 -137.113587
v 36.739490 -68.405862 -137.113587
v 70.975208 70.460539 -122.932709
v 70.975208 87.707053 -122.932739
v 70.975208 -85.652383 -122.932678
v 70.975208 -68.405862 -122.932709
v 100.374134 70.460547 -100.374146
v 100.374134 87.707060 -100.374146
v 100.374134 -85.652376 -100.374115
v 100.374134 -68.405855 -100.374146
v 122.932727 70.460547 -70.975250
v 122.932727 87.707060 -70.975250
v 122.932727 -85.652376 -70.975220
v 122.932727 -68.405855 -70.975220
v 137.113636 70.460555 -36.739502
v 137.113636 87.707068 -36.739502
v 137.113636 -85.652368 -36.739472
v 137.113636 -68.405847 -36.739472
v 141.950428 70.460562 -0.000000
v 141.950428 87.707076 -0.000000
v 141.950428 -85.652360 -0.000000
v 141.950428 -68.405839 -0.000000
v 137.113636 70.460570 36.739471
v 137.113636 87.707083 36.739471
v 137.113636 -85.652353 36.739502
v 137.113636 -68.405832 36.739502
v 122.932727 70.460577 70.975220
v 122.932727 87.707091 70.975220
v 122.932727 -85.652345 70.975250
v 122.932727 -68.405824 70.975250
v 100.374134 70.460577 100.374130
v 100.374134 87.707091 100.374115
v 100.374134 -85.652345 100.374145
v 100.374134 -68.405824 100.374145
v 70.975208 70.460585 122.932709
v 70.975208 87.707098 122.932693
v 70.975208 -85.652338 122.932724
v 70.975208 -68.405817 122.932709
v 36.739490 70.460585 137.113602
v 36.739490 87.707098 137.113602
v 36.739490 -85.652338 137.113632
v 36.739490 -68.405817 137.113632
v -0.000012 70.460585 141.950455
v -0.000012 87.707098 141.950455
v -0.000012 -85.652338 141.950485
v -0.000012 -68.405817 141.950485
v -36.739514 70.460585 137.113602
v -36.739514 87.707098 137.113602
v -36.739514 -85.652338 137.113632
v -36.739514 -68.405817 137.113632
v -70.975232 70.460585 122.932709
v -70.975232 87.707098 122.932693
v -70.975232 -85.652338 122.932724
v -70.975232 -68.405817 122.932709
v -100.374157 70.460577 100.374130
v -100.374157 87.707091 100.374115
v -100.374157 -85.652345 100.374145
v -100.374157 -68.405824 100.374145
v -122.932751 70.460577 70.975220
v -122.932751 87.707091 70.975220
v -122.932751 -85.652345 70.975250
v -122.932751 -68.405824 70.975250
v -137.113659 70.460570 36.739471
v -137.113659 87.707083 36.739471
v -137.113659 -85.652353 36.739502
v -137.113659 -68.405832 36.739502
v -141.950451 70.460562 -0.000000
v -141.950451 87.707076 -0.000000
v -141.950451 -85.652360 -0.000000
v -141.950451 -68.405839 -0.000000
v -137.113659 70.460555 -36.739502
v -137.113659 87.707068 -36.739502
v -137.113659 -85.652368 -36.739472
v -137.113659 -68.405847 -36.739472
v -122.932751 70.460547 -70.975250
v -122.932751 87.707060 -70.975250
v -122.932751 -85.652376 -70.975220
v -122.932751 -68.405855 -70.975220
v -100.374157 70.460547 -100.374146
v -100.374157 87.707060 -100.374146
v -100.374157 -85.652376 -100.374115
v -100.374157 -68.405855 -100.374146
v -70.975232 70.460539 -122.932709
v -70.975232 87.707053 -122.932739
v -70.975232 -85.652383 -122.932678
v -70.975232 -68.405862 -122.932709
v -36.739514 70.460539 -137.113648
v -36.739514 87.707053 -137.113648
v -36.739514 -85.652383 -137.113587
v -36.739514 -68.405862 -137.113587
v -0.000012 -72.110986 -144.730225
v -0.000012 -81.947252 -144.730225
v -0.000012 -77.029115 -146.258606
v -0.000012 84.001921 -144.730225
v -0.000012 74.165663 -144.730225
v -0.000012 79.083792 -146.258606
v 37.458972 74.165656 -139.798676
v 37.458972 84.001944 -139.798676
v 37.854480 79.083792 -141.274964
v 37.458972 -81.947267 -139.798645
v 37.458972 -72.110979 -139.798645
v 37.854480 -77.029115 -141.274933
v 72.365100 74.165656 -125.340058
v 72.365100 84.001944 -125.340058
v 73.129261 79.083792 -126.663666
v 72.365100 -81.947267 -125.340027
v 72.365100 -72.110979 -125.340027
v 73.129261 -77.029115 -126.663635
v 102.339710 74.165663 -102.339722
v 102.339710 84.001952 -102.339722
v 103.420398 79.083800 -103.420441
v 102.339710 -81.947259 -102.339691
v 102.339710 -72.110971 -102.339691
v 103.420398 -77.029108 -103.420410
v 125.340076 74.165663 -72.365112
v 125.340076 84.001952 -72.365112
v 126.663684 79.083800 -73.129303
v 125.340076 -81.947259 -72.365112
v 125.340076 -72.110971 -72.365112
v 126.663684 -77.029108 -73.129273
v 139.798694 74.165671 -37.458954
v 139.798694 84.001959 -37.458954
v 141.274890 79.083807 -37.854523
v 139.798694 -81.947252 -37.458924
v 139.798694 -72.110963 -37.458924
v 141.274890 -77.029100 -37.854492
v 144.730213 74.165686 -0.000000
v 144.730213 84.001944 -0.000000
v 146.258533 79.083815 -0.000000
v 144.730213 -81.947229 -0.000000
v 144.730213 -72.110963 -0.000000
v 146.258533 -77.029092 -0.000000
v 139.798694 74.165686 37.458923
v 139.798694 84.001975 37.458923
v 141.274890 79.083823 37.854492
v 139.798694 -81.947237 37.458954
v 139.798694 -72.110948 37.458954
v 141.274890 -77.029085 37.854523
v 125.340076 74.165694 72.365097
v 125.340076 84.001982 72.365097
v 126.663684 79.083830 73.129272
v 125.340076 -81.947229 72.365127
v 125.340076 -72.110940 72.365127
v 126.663684 -77.029077 73.129303
v 102.339710 74.165694 102.339691
v 102.339710 84.001982 102.339691
v 103.420398 79.083830 103.420410
v 102.339710 -81.947229 102.339722
v 102.339710 -72.110940 102.339722
v 103.420398 -77.029077 103.420441
v 72.365100 74.165701 125.340027
v 72.365100 84.001990 125.340027
v 73.129261 79.083838 126.663635
v 72.365100 -81.947221 125.340057
v 72.365100 -72.110933 125.340057
v 73.129261 -77.029069 126.663666
v 37.458972 74.165701 139.798645
v 37.458972 84.001990 139.798645
v 37.854480 79.083838 141.274933
v 37.458972 -81.947221 139.798675
v 37.458972 -72.110933 139.798675
v 37.854480 -77.029069 141.274963
v -0.000012 74.165709 144.730209
v -0.000012 84.001967 144.730209
v -0.000012 79.083838 146.258591
v -0.000012 -81.947206 144.730240
v -0.000012 -72.110940 144.730240
v -0.000012 -77.029069 146.258621
v -37.458996 74.165701 139.798645
v -37.458996 84.001990 139.798645
v -37.854504 79.083838 141.274933
v -37.458996 -81.947221 139.798675
v -37.458996 -72.110933 139.798675
v -37.854504 -77.029069 141.274963
v -72.365124 74.165701 125.340027
v -72.365124 84.001990 125.340027
v -73.129284 79.083838 126.663635
v -72.365124 -81.947221 125.340057
v -72.365124 -72.110933 125.340057
v -73.129284 -77.029069 126.663666
v -102.339734 74.165694 102.339691
v -102.339734 84.001982 102.339691
v -103.420422 79.083830 103.420410
v -102.339734 -81.947229 102.339722
v -102.339734 -72.110940 102.339722
v -103.420422 -77.029077 103.420441
v -125.340100 74.165694 72.365097
v -125.340100 84.001982 72.365097
v -126.663708 79.083830 73.129272
v -125.340100 -81.947229 72.365127
v -125.340100 -72.110940 72.365127
v -126.663708 -77.029077 73.129303
v -139.798718 74.165686 37.458923
v -139.798718 84.001975 37.458923
v -141.274914 79.083823 37.854492
v -139.798718 -81.947237 37.458954
v -139.798718 -72.110948 37.458954
v -141.274914 -77.029085 37.854523
v -144.730237 74.165686 -0.000000
v -144.730237 84.001944 -0.000000
v -146.258557 79.083815 -0.000000
v -144.730237 -81.947229 -0.000000
v -144.730237 -72.110963 -0.000000
v -146.258557 -77.029092 -0.000000
v -139.798718 74.165671 -37.458954
v -139.798718 84.001959 -37.458954
v -141.274914 79.083807 -37.854523
v -139.798718 -81.947252 -37.458924
v -139.798718 -72.110963 -37.458924
v -141.274914 -77.029100 -37.854492
v -125.340100 74.165663 -72.365112
v -125.340100 84.001952 -72.365112
v -126.663708 79.083800 -73.129303
v -125.340100 -81.947259 -72.365112
v -125.340100 -72.110971 -72.365112
v -126.663708 -77.029108 -73.129273
v -102.339734 74.165663 -102.339722
v -102.339734 84.001952 -102.339722
v -103.420422 79.083800 -103.420441
v -102.339734 -81.947259 -102.339691
v -102.339734 -72.110971 -102.339691
v -103.420422 -77.029108 -103.420410
v -72.365124 74.165656 -125.340058
v -72.365124 84.001944 -125.340058
v -73.129284 79.083792 -126.663666
v -72.365124 -81.947267 -125.340027
v -72.365124 -72.110979 -125.340027
v -73.129284 -77.029115 -126.663635
v -37.458996 74.165656 -139.798676
v -37.458996 84.001944 -139.798676
v -37.854504 79.083792 -141.274964
v -37.458996 -81.947267 -139.798645
v -37.458996 -72.110979 -139.798645
v -37.854504 -77.029115 -141.274933
v 35.599231 241.987486 -132.858399
v -0.000012 241.987486 -137.545105
v 68.772571 241.987486 -119.117554
v 97.259021 241.987486 -97.259094
v 119.117542 241.987486 -68.772583
v 132.858387 241.987502 -35.599304
v 137.545032 241.987502 -0.000031
v 132.858264 241.987502 35.599243
v 119.117542 241.987517 68.772491
v 97.259021 241.987517 97.259003
v 68.772571 241.987517 119.117462
v 35.599231 241.987517 132.858291
v -0.000012 241.987517 137.545013
v -35.599255 241.987517 132.858291
v -68.772595 241.987517 119.117462
v -97.259045 241.987517 97.259003
v -119.117566 241.987517 68.772491
v -132.858410 241.987502 35.599243
v -137.545056 241.987502 -0.000031
v -132.858410 241.987502 -35.599304
v -119.117566 241.987486 -68.772583
v -97.259045 241.987486 -97.259094
v -68.772595 241.987486 -119.117554
v -35.599255 241.987486 -132.858399
v -0.000012 -239.932802 -138.446350
v 35.832508 -239.932802 -133.728882
v 69.223133 -239.932802 -119.898041
v 97.896350 -239.932802 -97.896332
v 119.898059 -239.932802 -69.223145
v 133.728870 -239.932786 -35.832520
v 138.446399 -239.932786 0.000030
v 133.728870 -239.932786 35.832611
v 119.898059 -239.932771 69.223236
v 97.896350 -239.932771 97.896408
v 69.223133 -239.932771 119.898117
v 35.832508 -239.932771 133.728973
v -0.000012 -239.932771 138.446426
v -35.832531 -239.932771 133.728973
v -69.223156 -239.932771 119.898117
v -97.896374 -239.932771 97.896408
v -119.898083 -239.932771 69.223236
v -133.728894 -239.932786 35.832611
v -138.446423 -239.932786 0.000030
v -133.728894 -239.932786 -35.832520
v -119.898083 -239.932802 -69.223145
v -97.896374 -239.932802 -97.896332
v -69.223156 -239.932802 -119.898041
v -35.832531 -239.932802 -133.728882
v -0.000012 -239.932878 0.000030
v -0.000012 245.523695 137.474106
v 35.580921 245.523695 132.789795
v -0.000012 245.523665 -137.474182
v 68.737049 245.523695 119.056061
v -35.580945 245.523665 -132.789887
v 97.208850 245.523695 97.208862
v -68.737072 245.523665 -119.056153
v 132.789783 245.523680 35.580902
v 119.056140 245.523695 68.737030
v -119.056164 245.523665 -68.737122
v -97.208874 245.523665 -97.208954
v -35.580945 245.523695 132.789795
v -68.737072 245.523695 119.056061
v 35.580921 245.523665 -132.789887
v -97.208874 245.523695 97.208862
v 68.737049 245.523665 -119.056153
v -119.056164 245.523695 68.737030
v 97.208850 245.523665 -97.208954
v -132.789807 245.523680 35.580902
v 119.056140 245.523665 -68.737122
v -137.474133 245.523680 -0.000031
v 132.789783 245.523680 -35.580963
v -132.789807 245.523680 -35.580963
v 137.474109 245.523680 -0.000031
v -0.000012 -244.014863 137.021301
v 35.463733 -244.014863 132.352417
v -0.000012 -244.014894 -137.021210
v 68.510608 -244.014863 118.663910
v -35.463757 -244.014894 -132.352326
v 96.888660 -244.014863 96.888702
v -68.510632 -244.014894 -118.663849
v 118.663806 -244.014863 68.510666
v 132.352405 -244.014879 35.463745
v -96.888684 -244.014894 -96.888611
v -118.663830 -244.014894 -68.510590
v -35.463757 -244.014863 132.352417
v -68.510632 -244.014863 118.663910
v 35.463733 -244.014894 -132.352326
v -96.888684 -244.014863 96.888702
v 68.510608 -244.014894 -118.663849
v -118.663830 -244.014863 68.510666
v 96.888660 -244.014894 -96.888611
v -132.352429 -244.014879 35.463745
v 118.663806 -244.014894 -68.510590
v -137.021252 -244.014879 0.000030
v 132.352405 -244.014879 -35.463684
v -132.352429 -244.014879 -35.463684
v 137.021228 -244.014879 0.000030
v -0.000012 250.377226 137.692657
v 35.637439 250.377226 133.000915
v -0.000012 250.377196 -137.692749
v 68.846302 250.377226 119.245361
v -35.637463 250.377196 -133.001007
v 97.363391 250.377226 97.363418
v -68.846325 250.377196 -119.245423
v 119.245349 250.377226 68.846313
v -97.363415 250.377196 -97.363495
v -35.637463 250.377226 133.000915
v -68.846325 250.377226 119.245361
v 35.637439 250.377196 -133.001007
v -97.363415 250.377226 97.363418
v 68.846302 250.377196 -119.245423
v -119.245373 250.377226 68.846313
v 97.363391 250.377196 -97.363495
v -133.000988 250.377211 35.637451
v 119.245349 250.377196 -68.846405
v -137.692761 250.377211 -0.000031
v 133.000965 250.377211 -35.637543
v -133.000988 250.377211 -35.637543
v 137.692615 250.377211 -0.000031
v 133.000965 250.377211 35.637451
v -119.245373 250.377196 -68.846375
v 132.649890 -248.284166 35.543487
v -118.930676 -248.284181 -68.664612
v -0.000012 -248.284151 137.329330
v 35.543445 -248.284151 132.649963
v -0.000012 -248.284181 -137.329224
v 68.664661 -248.284151 118.930679
v -35.543469 -248.284181 -132.649872
v 97.106433 -248.284151 97.106506
v -68.664685 -248.284181 -118.930603
v 118.930652 -248.284151 68.664673
v -97.106457 -248.284181 -97.106415
v -35.543469 -248.284151 132.649963
v -68.664685 -248.284151 118.930679
v 35.543445 -248.284181 -132.649872
v -97.106457 -248.284151 97.106506
v 68.664661 -248.284181 -118.930603
v -118.930676 -248.284151 68.664673
v 97.106433 -248.284181 -97.106415
v -132.649914 -248.284166 35.543487
v 118.930652 -248.284181 -68.664612
v -137.329358 -248.284166 0.000030
v 132.649890 -248.284166 -35.543396
v -132.649914 -248.284166 -35.543396
v 137.329212 -248.284166 0.000030
vt 0.652302 0.743423
vt 0.830279 0.954144
vt 0.684294 0.625188
vt 0.650181 0.683490
vt 0.795851 0.739304
vt 0.690451 0.638862
vt 0.905468 0.992019
vt 0.929036 0.911155
vt 0.820188 0.909115
vt 0.860110 0.983213
vt 0.755558 0.783551
vt 0.821576 0.957959
vt 0.929852 0.952831
vt 0.901741 0.983456
vt 0.853327 0.872128
vt 0.857515 0.881751
vt 0.806434 0.674070
vt 0.690681 0.797194
vt 0.695719 0.784372
vt 0.637170 0.678790
vt 0.856538 0.992019
vt 0.938736 0.956224
vt 0.899314 0.881952
vt 0.750590 0.638256
vt 0.639875 0.749030
vt 0.808789 0.744036
vt 0.903001 0.873066
vt 0.829206 0.912476
vt 0.761698 0.797194
vt 0.937764 0.907404
vt 0.793988 0.679649
vt 0.755699 0.625405
vt 0.415632 0.043902
vt 0.576034 0.043604
vt 0.576119 0.084961
vt 0.415708 0.085306
vt 0.239146 0.044599
vt 0.394097 0.044002
vt 0.394235 0.085385
vt 0.239298 0.085877
vt 0.394330 0.126767
vt 0.239421 0.127137
vt 0.394390 0.168145
vt 0.239505 0.168387
vt 0.394417 0.209522
vt 0.239547 0.209635
vt 0.394413 0.250894
vt 0.239548 0.250885
vt 0.394380 0.292263
vt 0.239512 0.292141
vt 0.394321 0.333628
vt 0.239442 0.333407
vt 0.394242 0.374991
vt 0.239342 0.374686
vt 0.394147 0.416353
vt 0.239217 0.415980
vt 0.394040 0.457715
vt 0.239071 0.457293
vt 0.393926 0.499079
vt 0.238909 0.498627
vt 0.393812 0.540448
vt 0.238737 0.539985
vt 0.393703 0.581824
vt 0.238559 0.581371
vt 0.393605 0.623208
vt 0.238382 0.622787
vt 0.393522 0.664604
vt 0.238211 0.664237
vt 0.393463 0.706014
vt 0.238051 0.705723
vt 0.393431 0.747440
vt 0.237909 0.747250
vt 0.393435 0.788886
vt 0.237792 0.788820
vt 0.393480 0.830353
vt 0.237706 0.830438
vt 0.393570 0.871846
vt 0.237662 0.872105
vt 0.393708 0.913368
vt 0.237672 0.913820
vt 0.584673 0.043586
vt 0.584724 0.084903
vt 0.393884 0.954928
vt 0.237760 0.955571
vt 0.415585 0.002493
vt 0.575939 0.002215
vt 0.058171 0.415203
vt 0.057891 0.456405
vt 0.050516 0.456364
vt 0.050803 0.415168
vt 0.238999 0.003305
vt 0.393893 0.002645
vt 0.415485 0.954722
vt 0.575690 0.953592
vt 0.575994 0.994930
vt 0.415832 0.996160
vt 0.053900 0.913262
vt 0.216002 0.913853
vt 0.215978 0.955690
vt 0.053577 0.955312
vt 0.415236 0.913239
vt 0.575375 0.912315
vt 0.054264 0.871366
vt 0.216053 0.872094
vt 0.415063 0.871764
vt 0.575153 0.871082
vt 0.054632 0.829575
vt 0.216137 0.830400
vt 0.414953 0.830304
vt 0.575014 0.829848
vt 0.055003 0.787863
vt 0.216253 0.788765
vt 0.414895 0.788863
vt 0.574938 0.788604
vt 0.055380 0.746221
vt 0.216395 0.747182
vt 0.414881 0.747438
vt 0.574912 0.747348
vt 0.055762 0.704644
vt 0.216559 0.705646
vt 0.414904 0.706028
vt 0.574930 0.706083
vt 0.056145 0.663132
vt 0.216739 0.664153
vt 0.414957 0.664632
vt 0.574984 0.664806
vt 0.056524 0.621680
vt 0.216929 0.622700
vt 0.415033 0.623246
vt 0.575071 0.623516
vt 0.056893 0.580284
vt 0.217124 0.581283
vt 0.415128 0.581868
vt 0.575183 0.582211
vt 0.057247 0.538942
vt 0.217316 0.539900
vt 0.415234 0.540496
vt 0.575315 0.540889
vt 0.057582 0.497650
vt 0.217502 0.498546
vt 0.415346 0.499128
vt 0.575461 0.499547
vt 0.217676 0.457220
vt 0.415459 0.457762
vt 0.575614 0.458184
vt 0.217833 0.415917
vt 0.415566 0.416394
vt 0.575769 0.416798
vt 0.058415 0.374040
vt 0.217967 0.374636
vt 0.415664 0.375025
vt 0.575920 0.375387
vt 0.058619 0.332914
vt 0.218075 0.333372
vt 0.415746 0.333651
vt 0.576061 0.333949
vt 0.058779 0.291820
vt 0.218151 0.292124
vt 0.415809 0.292272
vt 0.576185 0.292481
vt 0.058890 0.250755
vt 0.218192 0.250887
vt 0.415846 0.250886
vt 0.576285 0.250982
vt 0.058947 0.209717
vt 0.218193 0.209658
vt 0.415856 0.209495
vt 0.576346 0.209448
vt 0.058944 0.168703
vt 0.218150 0.168434
vt 0.415834 0.168099
vt 0.576345 0.167891
vt 0.058868 0.127712
vt 0.218057 0.127212
vt 0.415783 0.126702
vt 0.576265 0.126359
vt 0.058700 0.086725
vt 0.217910 0.085988
vt 0.058432 0.045694
vt 0.217696 0.044764
vt 0.215945 0.997603
vt 0.053463 0.997460
vt 0.394067 0.996525
vt 0.237968 0.997295
vt 0.019381 0.046421
vt 0.018039 0.006274
vt 0.024990 0.005329
vt 0.026389 0.046245
vt 0.017510 0.579956
vt 0.017915 0.538632
vt 0.025024 0.538688
vt 0.024628 0.580015
vt 0.051382 0.086794
vt 0.051071 0.045782
vt 0.583505 0.747328
vt 0.583529 0.788575
vt 0.592490 0.292510
vt 0.592609 0.251000
vt 0.600039 0.251018
vt 0.599911 0.292532
vt 0.591212 0.829791
vt 0.591145 0.788566
vt 0.598519 0.788557
vt 0.598580 0.829774
vt 0.584549 0.375398
vt 0.584393 0.416811
vt 0.047547 0.787809
vt 0.047935 0.746165
vt 0.611892 0.499646
vt 0.611726 0.540977
vt 0.604920 0.540963
vt 0.605082 0.499630
vt 0.042824 0.250735
vt 0.042702 0.291780
vt 0.033421 0.291750
vt 0.033549 0.250716
vt 0.051054 0.374012
vt 0.038690 0.787729
vt 0.038297 0.829441
vt 0.028864 0.829355
vt 0.029269 0.787643
vt 0.018298 0.497363
vt 0.025398 0.497414
vt 0.584732 0.001285
vt 0.583525 0.706070
vt 0.592697 0.209442
vt 0.600142 0.209449
vt 0.591125 0.747327
vt 0.598500 0.747325
vt 0.058145 0.004595
vt 0.050608 0.003859
vt 0.584696 0.333958
vt 0.048329 0.704588
vt 0.612067 0.458287
vt 0.605253 0.458271
vt 0.042892 0.209716
vt 0.033624 0.209710
vt 0.051265 0.332893
vt 0.039091 0.746083
vt 0.029685 0.745995
vt 0.018653 0.456145
vt 0.025744 0.456191
vt 0.583582 0.664801
vt 0.592721 0.167822
vt 0.600178 0.167798
vt 0.591146 0.706076
vt 0.598524 0.706082
vt 0.584827 0.292487
vt 0.048723 0.663075
vt 0.612246 0.416901
vt 0.605427 0.416884
vt 0.042905 0.168726
vt 0.033647 0.168733
vt 0.051430 0.291808
vt 0.612058 0.952891
vt 0.613459 0.993390
vt 0.606724 0.994478
vt 0.605302 0.953068
vt 0.039499 0.704505
vt 0.030107 0.704416
vt 0.583672 0.623517
vt 0.018974 0.414975
vt 0.026057 0.415015
vt 0.592631 0.126158
vt 0.600087 0.126056
vt 0.584936 0.250982
vt 0.049113 0.621624
vt 0.011619 0.996542
vt 0.013178 0.954644
vt 0.020441 0.954833
vt 0.018877 0.997564
vt 0.591206 0.664813
vt 0.598587 0.664825
vt 0.051546 0.250752
vt 0.612421 0.375484
vt 0.605597 0.375468
vt 0.584325 0.953477
vt 0.584802 0.995773
vt 0.042851 0.127773
vt 0.033607 0.127801
vt 0.592353 0.333983
vt 0.051547 0.127746
vt 0.051612 0.168720
vt 0.050199 0.497605
vt 0.049855 0.538893
vt 0.041075 0.538819
vt 0.041429 0.497536
vt 0.046787 0.871304
vt 0.046391 0.913182
vt 0.037472 0.913072
vt 0.037903 0.871216
vt 0.585022 0.167847
vt 0.584935 0.126251
vt 0.583924 0.540898
vt 0.584074 0.499559
vt 0.591711 0.499586
vt 0.591557 0.540924
vt 0.583950 0.912225
vt 0.583731 0.871026
vt 0.591334 0.870993
vt 0.591548 0.912158
vt 0.042312 0.373965
vt 0.042530 0.332855
vt 0.592201 0.375425
vt 0.051608 0.209723
vt 0.049492 0.580231
vt 0.040700 0.580154
vt 0.045974 0.955267
vt 0.036935 0.955163
vt 0.042321 0.045904
vt 0.041456 0.003676
vt 0.585011 0.209435
vt 0.583788 0.582217
vt 0.591417 0.582239
vt 0.591971 0.953361
vt 0.592754 0.001111
vt 0.592321 0.043615
vt 0.042053 0.415112
vt 0.592039 0.416839
vt 0.040309 0.621544
vt 0.045707 0.998461
vt 0.036211 0.998889
vt 0.591298 0.623535
vt 0.592833 0.995866
vt 0.042692 0.086862
vt 0.041756 0.456302
vt 0.047166 0.829520
vt 0.592348 0.084865
vt 0.584232 0.458197
vt 0.591874 0.458225
vt 0.583600 0.829809
vt 0.039907 0.662993
vt 0.611588 0.911963
vt 0.604832 0.912032
vt 0.030530 0.662905
vt 0.019256 0.373850
vt 0.026333 0.373883
vt 0.599724 0.084827
vt 0.013972 0.912756
vt 0.021178 0.912857
vt 0.598682 0.623552
vt 0.612588 0.334037
vt 0.605759 0.334022
vt 0.033457 0.086936
vt 0.611409 0.870895
vt 0.604637 0.870931
vt 0.030946 0.621457
vt 0.019495 0.332766
vt 0.026565 0.332791
vt 0.599713 0.043676
vt 0.014477 0.870986
vt 0.021666 0.871055
vt 0.598804 0.582260
vt 0.033031 0.046083
vt 0.612743 0.292558
vt 0.605908 0.292545
vt 0.611317 0.829732
vt 0.604534 0.829756
vt 0.031350 0.580070
vt 0.600505 0.001544
vt 0.019685 0.291718
vt 0.026749 0.291735
vt 0.014899 0.829237
vt 0.022082 0.829298
vt 0.598948 0.540948
vt 0.032747 0.415053
vt 0.032441 0.456234
vt 0.027321 0.954989
vt 0.026082 0.998394
vt 0.599444 0.416866
vt 0.599610 0.375451
vt 0.599359 0.953213
vt 0.598898 0.912091
vt 0.033016 0.373914
vt 0.027990 0.912948
vt 0.599767 0.334007
vt 0.598693 0.870961
vt 0.033242 0.332815
vt 0.028456 0.871120
vt 0.606044 0.251029
vt 0.604476 0.788545
vt 0.026882 0.250709
vt 0.022495 0.787586
vt 0.606159 0.209451
vt 0.604460 0.747319
vt 0.026962 0.209710
vt 0.022921 0.745937
vt 0.606207 0.167772
vt 0.604486 0.706081
vt 0.026992 0.168742
vt 0.023355 0.704357
vt 0.600584 0.995353
vt 0.599274 0.458253
vt 0.032103 0.497462
vt 0.599106 0.499613
vt 0.031738 0.538740
vt 0.031785 0.004361
vt 0.604773 0.582273
vt 0.606649 0.002355
vt 0.605658 0.043742
vt 0.024215 0.621400
vt 0.026827 0.086998
vt 0.604648 0.623561
vt 0.605678 0.084789
vt 0.023788 0.662846
vt 0.026964 0.127826
vt 0.604550 0.664829
vt 0.606126 0.125946
vt 0.611575 0.582284
vt 0.613386 0.003370
vt 0.612412 0.043820
vt 0.017086 0.621338
vt 0.019813 0.087060
vt 0.611446 0.623568
vt 0.612452 0.084739
vt 0.016648 0.662782
vt 0.019932 0.127850
vt 0.611346 0.664831
vt 0.612944 0.125908
vt 0.016203 0.704293
vt 0.019946 0.168752
vt 0.611279 0.706077
vt 0.613081 0.167744
vt 0.015758 0.745873
vt 0.019908 0.209711
vt 0.611251 0.747308
vt 0.613018 0.209452
vt 0.015321 0.787525
vt 0.019823 0.250701
vt 0.611265 0.788528
vt 0.612888 0.251039
vt 0.901164 0.248320
vt 0.921146 0.213709
vt 0.923225 0.214571
vt 0.902949 0.249690
vt 0.931490 0.175106
vt 0.933721 0.175400
vt 0.931490 0.135141
vt 0.933721 0.134848
vt 0.921146 0.096538
vt 0.923225 0.095677
vt 0.901164 0.061927
vt 0.902949 0.060557
vt 0.872904 0.033668
vt 0.874274 0.031882
vt 0.838294 0.013686
vt 0.839155 0.011606
vt 0.799690 0.003342
vt 0.799984 0.001110
vt 0.759725 0.003342
vt 0.759432 0.001110
vt 0.721122 0.013685
vt 0.720261 0.011606
vt 0.686512 0.033668
vt 0.685142 0.031882
vt 0.658252 0.061927
vt 0.656467 0.060557
vt 0.638270 0.096538
vt 0.636190 0.095677
vt 0.627926 0.135141
vt 0.625695 0.134847
vt 0.627926 0.175106
vt 0.625695 0.175400
vt 0.638270 0.213709
vt 0.636190 0.214570
vt 0.658252 0.248320
vt 0.656466 0.249690
vt 0.686512 0.276579
vt 0.685142 0.278365
vt 0.721122 0.296562
vt 0.720261 0.298641
vt 0.759725 0.306906
vt 0.759432 0.309137
vt 0.799690 0.306906
vt 0.799984 0.309137
vt 0.838293 0.296562
vt 0.839154 0.298641
vt 0.872904 0.276579
vt 0.874274 0.278365
vt 0.221170 0.955669
vt 0.221180 0.997954
vt 0.222493 0.003103
vt 0.222807 0.044714
vt 0.217401 0.003578
vt 0.399033 0.954886
vt 0.399239 0.996851
vt 0.399015 0.002196
vt 0.399228 0.043968
vt 0.221168 0.913845
vt 0.398840 0.913337
vt 0.232570 0.955611
vt 0.232508 0.913831
vt 0.221204 0.872097
vt 0.410339 0.954782
vt 0.410106 0.913272
vt 0.398694 0.871825
vt 0.232513 0.872104
vt 0.221278 0.830409
vt 0.409942 0.871785
vt 0.398598 0.830341
vt 0.232567 0.830431
vt 0.221386 0.788778
vt 0.409836 0.830317
vt 0.398550 0.788880
vt 0.232659 0.788809
vt 0.221523 0.747198
vt 0.409781 0.788870
vt 0.398544 0.747439
vt 0.232783 0.747236
vt 0.221682 0.705664
vt 0.409770 0.747440
vt 0.398573 0.706017
vt 0.232930 0.705707
vt 0.221857 0.664172
vt 0.409794 0.706026
vt 0.398631 0.664610
vt 0.233094 0.664219
vt 0.222042 0.622720
vt 0.409849 0.664626
vt 0.398712 0.623216
vt 0.233270 0.622768
vt 0.222232 0.581304
vt 0.409927 0.623238
vt 0.398809 0.581833
vt 0.233451 0.581352
vt 0.222421 0.539920
vt 0.410022 0.581859
vt 0.398918 0.540459
vt 0.233632 0.539967
vt 0.222604 0.498565
vt 0.410129 0.540486
vt 0.399031 0.499090
vt 0.233807 0.498609
vt 0.222775 0.457237
vt 0.410241 0.499118
vt 0.399144 0.457725
vt 0.233971 0.457277
vt 0.222929 0.415932
vt 0.410354 0.457752
vt 0.399251 0.416362
vt 0.234120 0.415967
vt 0.223061 0.374647
vt 0.410461 0.416386
vt 0.399347 0.374998
vt 0.234247 0.374676
vt 0.223167 0.333380
vt 0.410558 0.375018
vt 0.399427 0.333633
vt 0.234349 0.333400
vt 0.223242 0.292127
vt 0.410640 0.333647
vt 0.399486 0.292264
vt 0.234421 0.292138
vt 0.223281 0.250885
vt 0.410701 0.292271
vt 0.399521 0.250891
vt 0.234458 0.250887
vt 0.223281 0.209651
vt 0.410738 0.250889
vt 0.399526 0.209514
vt 0.234457 0.209641
vt 0.223238 0.168422
vt 0.410746 0.209502
vt 0.399500 0.168133
vt 0.234415 0.168399
vt 0.223148 0.127193
vt 0.410723 0.168111
vt 0.399442 0.126750
vt 0.234329 0.127156
vt 0.223006 0.085960
vt 0.410669 0.126719
vt 0.399352 0.085365
vt 0.234199 0.085905
vt 0.410590 0.085326
vt 0.234034 0.044631
vt 0.232783 0.997796
vt 0.410500 0.043918
vt 0.410445 0.002118
vt 0.410707 0.996662
vt 0.226871 0.955644
vt 0.226991 0.998107
vt 0.404687 0.954838
vt 0.404982 0.996984
vt 0.226838 0.913838
vt 0.404473 0.913304
vt 0.226859 0.872101
vt 0.404318 0.871805
vt 0.226923 0.830420
vt 0.404218 0.830329
vt 0.227023 0.788794
vt 0.404166 0.788875
vt 0.227153 0.747217
vt 0.404157 0.747440
vt 0.227306 0.705685
vt 0.404184 0.706022
vt 0.227475 0.664196
vt 0.404240 0.664618
vt 0.227656 0.622744
vt 0.404319 0.623227
vt 0.227841 0.581328
vt 0.404416 0.581846
vt 0.228026 0.539943
vt 0.404523 0.540472
vt 0.228205 0.498587
vt 0.404636 0.499104
vt 0.228373 0.457257
vt 0.404749 0.457738
vt 0.228524 0.415949
vt 0.404856 0.416374
vt 0.228654 0.374661
vt 0.404953 0.375008
vt 0.228758 0.333390
vt 0.405033 0.333640
vt 0.228831 0.292133
vt 0.405094 0.292267
vt 0.228869 0.250886
vt 0.405129 0.250890
vt 0.228869 0.209646
vt 0.405136 0.209508
vt 0.228826 0.168411
vt 0.405111 0.168122
vt 0.228738 0.127174
vt 0.405055 0.126734
vt 0.228602 0.085932
vt 0.404971 0.085346
vt 0.228420 0.044669
vt 0.404864 0.043939
vt 0.228177 0.002808
vt 0.233874 0.002962
vt 0.404727 0.001930
vt 0.779708 0.155124
vt 0.685142 0.342130
vt 0.720261 0.321854
vt 0.720738 0.323006
vt 0.685901 0.343120
vt 0.839155 0.608889
vt 0.799984 0.619384
vt 0.799821 0.618148
vt 0.838677 0.607736
vt 0.839155 0.321854
vt 0.874274 0.342130
vt 0.873515 0.343119
vt 0.838677 0.323006
vt 0.685142 0.588612
vt 0.656466 0.559937
vt 0.657456 0.559178
vt 0.685901 0.587623
vt 0.902949 0.370805
vt 0.923225 0.405924
vt 0.922073 0.406402
vt 0.901959 0.371564
vt 0.625695 0.445095
vt 0.636190 0.405924
vt 0.637343 0.406402
vt 0.626931 0.445258
vt 0.923225 0.524818
vt 0.902949 0.559937
vt 0.901959 0.559178
vt 0.922073 0.524341
vt 0.759432 0.311358
vt 0.759594 0.312595
vt 0.759432 0.619384
vt 0.759594 0.618148
vt 0.636190 0.524818
vt 0.637343 0.524341
vt 0.933721 0.445095
vt 0.932484 0.445258
vt 0.656466 0.370805
vt 0.657456 0.371564
vt 0.874274 0.588612
vt 0.873515 0.587623
vt 0.799984 0.311358
vt 0.799821 0.312595
vt 0.720261 0.608889
vt 0.720738 0.607736
vt 0.625695 0.485647
vt 0.626931 0.485485
vt 0.933721 0.485647
vt 0.932484 0.485485
vt 0.779708 0.465371
vt 0.623221 0.251074
vt 0.623062 0.292595
vt 0.618356 0.292578
vt 0.618510 0.251058
vt 0.621511 0.788519
vt 0.621555 0.829714
vt 0.616887 0.829723
vt 0.616839 0.788524
vt 0.623379 0.209477
vt 0.618654 0.209465
vt 0.621500 0.747309
vt 0.616827 0.747310
vt 0.623474 0.167724
vt 0.618732 0.167733
vt 0.621531 0.706088
vt 0.616857 0.706084
vt 0.623262 0.125822
vt 0.618553 0.125869
vt 0.621602 0.664851
vt 0.616926 0.664843
vt 0.622648 0.084658
vt 0.618003 0.084700
vt 0.621708 0.623595
vt 0.617029 0.623584
vt 0.622547 0.043920
vt 0.617933 0.043881
vt 0.621842 0.582317
vt 0.617161 0.582303
vt 0.623383 0.003318
vt 0.618807 0.003528
vt 0.621999 0.541015
vt 0.617315 0.540999
vt 0.621627 0.870864
vt 0.616969 0.870878
vt 0.622897 0.334076
vt 0.618196 0.334059
vt 0.621767 0.911884
vt 0.617129 0.911919
vt 0.622723 0.375525
vt 0.618025 0.375507
vt 0.622203 0.952667
vt 0.617584 0.952766
vt 0.622540 0.416944
vt 0.617846 0.416925
vt 0.623474 0.993337
vt 0.618888 0.993175
vt 0.622354 0.458330
vt 0.617663 0.458312
vt 0.622171 0.499687
vt 0.617484 0.499669
vt 0.009328 0.291678
vt 0.009473 0.250675
vt 0.014922 0.250687
vt 0.014781 0.291698
vt 0.004365 0.829133
vt 0.004798 0.787418
vt 0.010339 0.787473
vt 0.009912 0.829186
vt 0.009566 0.209697
vt 0.015011 0.209703
vt 0.005251 0.745763
vt 0.010783 0.745820
vt 0.009615 0.168749
vt 0.015054 0.168750
vt 0.005715 0.704181
vt 0.011238 0.704239
vt 0.009627 0.127865
vt 0.015052 0.127857
vt 0.006177 0.662672
vt 0.011691 0.662729
vt 0.009551 0.087130
vt 0.014951 0.087094
vt 0.006631 0.621230
vt 0.012136 0.621286
vt 0.009148 0.046635
vt 0.014526 0.046526
vt 0.007071 0.579852
vt 0.012567 0.579906
vt 0.003941 0.870870
vt 0.009488 0.870929
vt 0.009130 0.332713
vt 0.014587 0.332740
vt 0.003424 0.912588
vt 0.008975 0.912676
vt 0.008881 0.373786
vt 0.014344 0.373819
vt 0.002565 0.954358
vt 0.008145 0.954506
vt 0.008587 0.414901
vt 0.014056 0.414939
vt 0.001111 0.996499
vt 0.006675 0.996306
vt 0.008254 0.456061
vt 0.013729 0.456104
vt 0.007887 0.497271
vt 0.013369 0.497318
vt 0.007491 0.538534
vt 0.012980 0.538584
vt 0.007976 0.006260
vt 0.013304 0.006474
vn 0.000000 -0.000000 -1.000000
vn 0.000000 0.630262 -0.776382
vn 0.548985 0.630262 -0.548985
vn 0.707107 -0.000000 -0.707106
vn 0.707107 -0.000000 -0.707106
vn 0.548985 0.630262 -0.548985
vn 0.776382 0.630262 -0.000000
vn 1.000000 0.000000 0.000000
vn 1.000000 0.000000 0.000000
vn 0.776382 0.630262 -0.000000
vn 0.548985 0.630263 0.548985
vn 0.707107 0.000000 0.707106
vn 0.707107 0.000000 0.707106
vn 0.548985 0.630263 0.548985
vn 0.000000 0.630263 0.776382
vn 0.000000 0.000000 1.000000
vn 0.000000 0.000000 1.000000
vn 0.000000 0.630263 0.776382
vn -0.548985 0.630263 0.548985
vn -0.707107 0.000000 0.707106
vn -0.707107 0.000000 0.707106
vn -0.548985 0.630263 0.548985
vn -0.776382 0.630262 -0.000000
vn -1.000000 0.000000 -0.000000
vn 0.548985 0.630262 -0.548985
vn 0.000000 0.630262 -0.776382
vn -0.548985 0.630262 -0.548985
vn -0.776382 0.630262 -0.000000
vn -0.548985 0.630263 0.548985
vn 0.000000 0.630263 0.776382
vn 0.548985 0.630263 0.548985
vn 0.776382 0.630262 -0.000000
vn -1.000000 0.000000 -0.000000
vn -0.776382 0.630262 -0.000000
vn -0.548985 0.630262 -0.548985
vn -0.707107 -0.000000 -0.707106
vn -0.707107 -0.000000 -0.707106
vn -0.548985 0.630262 -0.548985
vn 0.000000 0.630262 -0.776382
vn 0.000000 -0.000000 -1.000000
vn 0.000000 -0.000000 -1.000000
vn 0.000000 0.630262 -0.776382
vn 0.548985 0.630263 -0.548985
vn 0.707107 -0.000000 -0.707106
vn 0.707107 -0.000000 -0.707106
vn 0.548985 0.630263 -0.548985
vn 0.776382 0.630262 -0.000000
vn 1.000000 0.000000 0.000000
vn 1.000000 0.000000 0.000000
vn 0.776382 0.630262 -0.000000
vn 0.548985 0.630263 0.548984
vn 0.707107 0.000000 0.707106
vn 0.707107 0.000000 0.707106
vn 0.548985 0.630263 0.548984
vn 0.000000 0.630263 0.776382
vn 0.000000 0.000000 1.000000
vn 0.000000 0.000000 1.000000
vn 0.000000 0.630263 0.776382
vn -0.548985 0.630263 0.548984
vn -0.707107 0.000000 0.707106
vn -0.707107 0.000000 0.707106
vn -0.548985 0.630263 0.548984
vn -0.776382 0.630262 -0.000000
vn -1.000000 0.000000 -0.000000
vn 0.548985 0.630263 -0.548985
vn 0.000000 0.630262 -0.776382
vn -0.548985 0.630263 -0.548985
vn -0.776382 0.630262 -0.000000
vn -0.548985 0.630263 0.548984
vn 0.000000 0.630263 0.776382
vn 0.548985 0.630263 0.548984
vn 0.776382 0.630262 -0.000000
vn -1.000000 0.000000 -0.000000
vn -0.776382 0.630262 -0.000000
vn -0.548985 0.630263 -0.548985
vn -0.707107 -0.000000 -0.707106
vn -0.707107 -0.000000 -0.707106
vn -0.548985 0.630263 -0.548985
vn 0.000000 0.630262 -0.776382
vn 0.000000 -0.000000 -1.000000
vn 0.244815 0.324479 -0.913662
vn 0.227106 -0.479633 -0.847570
vn 0.438735 -0.479634 -0.759910
vn 0.472946 0.324479 -0.819167
vn 0.244815 0.324479 -0.913662
vn 0.244815 -0.324479 -0.913662
vn 0.472946 -0.324479 -0.819167
vn 0.472946 0.324479 -0.819167
vn 0.472946 0.324479 -0.819167
vn 0.472946 -0.324479 -0.819167
vn 0.668847 -0.324479 -0.668847
vn 0.668847 0.324479 -0.668847
vn 0.668847 0.324479 -0.668847
vn 0.668847 -0.324479 -0.668847
vn 0.819167 -0.324480 -0.472946
vn 0.819167 0.324479 -0.472946
vn 0.819167 0.324479 -0.472946
vn 0.819167 -0.324480 -0.472946
vn 0.913662 -0.324480 -0.244815
vn 0.913662 0.324480 -0.244815
vn 0.913662 0.324480 -0.244815
vn 0.913662 -0.324480 -0.244815
vn 0.945893 -0.324480 0.000000
vn 0.945893 0.324480 -0.000000
vn 0.945893 0.324480 -0.000000
vn 0.945893 -0.324480 0.000000
vn 0.913662 -0.324480 0.244815
vn 0.913662 0.324480 0.244815
vn 0.913662 0.324480 0.244815
vn 0.913662 -0.324480 0.244815
vn 0.819167 -0.324479 0.472946
vn 0.819167 0.324479 0.472946
vn 0.819167 0.324479 0.472946
vn 0.819167 -0.324479 0.472946
vn 0.668848 -0.324479 0.668847
vn 0.668848 0.324479 0.668847
vn 0.668848 0.324479 0.668847
vn 0.668848 -0.324479 0.668847
vn 0.472947 -0.324479 0.819167
vn 0.472947 0.324479 0.819167
vn 0.472947 0.324479 0.819167
vn 0.472947 -0.324479 0.819167
vn 0.244815 -0.324479 0.913662
vn 0.244815 0.324479 0.913662
vn 0.244815 0.324479 0.913662
vn 0.244815 -0.324479 0.913662
vn 0.000000 -0.324480 0.945893
vn 0.000000 0.324480 0.945893
vn 0.000000 0.324480 0.945893
vn 0.000000 -0.324480 0.945893
vn -0.244815 -0.324479 0.913662
vn -0.244815 0.324479 0.913662
vn -0.244815 0.324479 0.913662
vn -0.244815 -0.324479 0.913662
vn -0.472946 -0.324479 0.819167
vn -0.472946 0.324479 0.819167
vn -0.472946 0.324479 0.819167
vn -0.472946 -0.324479 0.819167
vn -0.668847 -0.324479 0.668847
vn -0.668847 0.324479 0.668847
vn -0.668847 0.324479 0.668847
vn -0.668847 -0.324479 0.668847
vn -0.819167 -0.324479 0.472946
vn -0.819167 0.324479 0.472946
vn -0.819167 0.324479 0.472946
vn -0.819167 -0.324479 0.472946
vn -0.913662 -0.324480 0.244815
vn -0.913662 0.324480 0.244815
vn -0.913662 0.324480 0.244815
vn -0.913662 -0.324480 0.244815
vn -0.945893 -0.324480 0.000000
vn -0.945893 0.324480 -0.000000
vn -0.945893 0.324480 -0.000000
vn -0.945893 -0.324480 0.000000
vn -0.913662 -0.324480 -0.244815
vn -0.913662 0.324480 -0.244815
vn -0.913662 0.324480 -0.244815
vn -0.913662 -0.324480 -0.244815
vn -0.819167 -0.324480 -0.472946
vn -0.819167 0.324479 -0.472946
vn -0.819167 0.324479 -0.472946
vn -0.819167 -0.324480 -0.472946
vn -0.668848 -0.324479 -0.668847
vn -0.668848 0.324479 -0.668847
vn -0.668848 0.324479 -0.668847
vn -0.668848 -0.324479 -0.668847
vn -0.472947 -0.324479 -0.819167
vn -0.472947 0.324479 -0.819167
vn 0.438735 -0.479634 -0.759910
vn 0.227106 -0.479633 -0.847570
vn 0.216154 -0.550019 -0.806695
vn 0.417576 -0.550019 -0.723263
vn -0.472947 0.324479 -0.819167
vn -0.472947 -0.324479 -0.819167
vn -0.244815 -0.324479 -0.913662
vn -0.244815 0.324479 -0.913662
vn -0.000000 0.324479 -0.945893
vn 0.000000 -0.479634 -0.877469
vn 0.227106 -0.479633 -0.847570
vn 0.244815 0.324479 -0.913662
vn 0.433052 0.499864 0.750068
vn 0.224164 0.499864 0.836592
vn 0.208211 0.594000 0.777054
vn 0.402233 0.593999 0.696688
vn 0.000000 0.324480 -0.945893
vn 0.000000 -0.324480 -0.945893
vn 0.244815 -0.324479 -0.913662
vn 0.244815 0.324479 -0.913662
vn -0.244815 0.324479 -0.913662
vn -0.227106 -0.479633 -0.847570
vn 0.000000 -0.479634 -0.877469
vn -0.000000 0.324479 -0.945893
vn -0.433052 0.499864 -0.750068
vn -0.472947 -0.324479 -0.819167
vn -0.244815 -0.324479 -0.913662
vn -0.224164 0.499864 -0.836592
vn -0.472946 0.324479 -0.819167
vn -0.438735 -0.479634 -0.759910
vn -0.227106 -0.479633 -0.847570
vn -0.244815 0.324479 -0.913662
vn -0.612428 0.499864 -0.612428
vn -0.668847 -0.324480 -0.668847
vn -0.472947 -0.324479 -0.819167
vn -0.433052 0.499864 -0.750068
vn -0.668847 0.324479 -0.668847
vn -0.620464 -0.479634 -0.620464
vn -0.438735 -0.479634 -0.759910
vn -0.472946 0.324479 -0.819167
vn -0.750068 0.499864 -0.433052
vn -0.819167 -0.324480 -0.472947
vn -0.668847 -0.324480 -0.668847
vn -0.612428 0.499864 -0.612428
vn -0.819167 0.324480 -0.472946
vn -0.759910 -0.479634 -0.438734
vn -0.620464 -0.479634 -0.620464
vn -0.668847 0.324479 -0.668847
vn -0.836592 0.499865 -0.224164
vn -0.913662 -0.324479 -0.244815
vn -0.819167 -0.324480 -0.472947
vn -0.750068 0.499864 -0.433052
vn -0.913662 0.324480 -0.244815
vn -0.847570 -0.479633 -0.227106
vn -0.759910 -0.479634 -0.438734
vn -0.819167 0.324480 -0.472946
vn -0.866104 0.499864 -0.000000
vn -0.945893 -0.324479 0.000000
vn -0.913662 -0.324479 -0.244815
vn -0.836592 0.499865 -0.224164
vn -0.945893 0.324479 -0.000000
vn -0.877469 -0.479633 0.000000
vn -0.847570 -0.479633 -0.227106
vn -0.913662 0.324480 -0.244815
vn -0.836592 0.499865 0.224164
vn -0.913662 -0.324479 0.244815
vn -0.945893 -0.324479 0.000000
vn -0.866104 0.499864 -0.000000
vn -0.913662 0.324480 0.244815
vn -0.847570 -0.479633 0.227106
vn -0.877469 -0.479633 0.000000
vn -0.945893 0.324479 -0.000000
vn -0.750068 0.499865 0.433052
vn -0.819167 -0.324480 0.472947
vn -0.913662 -0.324479 0.244815
vn -0.836592 0.499865 0.224164
vn -0.819167 0.324480 0.472946
vn -0.759910 -0.479634 0.438735
vn -0.847570 -0.479633 0.227106
vn -0.913662 0.324480 0.244815
vn -0.612428 0.499865 0.612428
vn -0.668847 -0.324479 0.668847
vn -0.819167 -0.324480 0.472947
vn -0.750068 0.499865 0.433052
vn -0.668847 0.324479 0.668847
vn -0.620464 -0.479634 0.620464
vn -0.759910 -0.479634 0.438735
vn -0.819167 0.324480 0.472946
vn -0.433052 0.499864 0.750068
vn -0.472946 -0.324479 0.819167
vn -0.668847 -0.324479 0.668847
vn -0.612428 0.499865 0.612428
vn -0.472947 0.324479 0.819167
vn -0.438735 -0.479633 0.759910
vn -0.620464 -0.479634 0.620464
vn -0.668847 0.324479 0.668847
vn -0.224164 0.499864 0.836592
vn -0.244815 -0.324479 0.913662
vn -0.472946 -0.324479 0.819167
vn -0.433052 0.499864 0.750068
vn -0.244815 0.324479 0.913662
vn -0.227106 -0.479633 0.847570
vn -0.438735 -0.479633 0.759910
vn -0.472947 0.324479 0.819167
vn 0.000000 0.499864 0.866104
vn 0.000000 -0.324479 0.945893
vn -0.244815 -0.324479 0.913662
vn -0.224164 0.499864 0.836592
vn 0.000000 0.324480 0.945893
vn 0.000000 -0.479633 0.877469
vn -0.227106 -0.479633 0.847570
vn -0.244815 0.324479 0.913662
vn 0.224164 0.499864 0.836592
vn 0.244815 -0.324479 0.913662
vn 0.000000 -0.324479 0.945893
vn 0.000000 0.499864 0.866104
vn 0.244815 0.324479 0.913662
vn 0.227106 -0.479633 0.847570
vn 0.000000 -0.479633 0.877469
vn 0.000000 0.324480 0.945893
vn 0.433052 0.499864 0.750068
vn 0.472946 -0.324479 0.819167
vn 0.244815 -0.324479 0.913662
vn 0.224164 0.499864 0.836592
vn 0.472947 0.324479 0.819167
vn 0.438735 -0.479633 0.759910
vn 0.227106 -0.479633 0.847570
vn 0.244815 0.324479 0.913662
vn 0.612428 0.499864 0.612428
vn 0.668847 -0.324479 0.668847
vn 0.472946 -0.324479 0.819167
vn 0.433052 0.499864 0.750068
vn 0.668847 0.324479 0.668847
vn 0.620464 -0.479634 0.620464
vn 0.438735 -0.479633 0.759910
vn 0.472947 0.324479 0.819167
vn 0.750068 0.499865 0.433052
vn 0.819167 -0.324480 0.472947
vn 0.668847 -0.324479 0.668847
vn 0.612428 0.499864 0.612428
vn 0.819167 0.324480 0.472946
vn 0.759910 -0.479633 0.438735
vn 0.620464 -0.479634 0.620464
vn 0.668847 0.324479 0.668847
vn 0.836592 0.499865 0.224164
vn 0.913662 -0.324479 0.244815
vn 0.819167 -0.324480 0.472947
vn 0.750068 0.499865 0.433052
vn 0.913662 0.324480 0.244815
vn 0.847570 -0.479634 0.227106
vn 0.759910 -0.479633 0.438735
vn 0.819167 0.324480 0.472946
vn 0.866104 0.499865 -0.000000
vn 0.945893 -0.324479 0.000000
vn 0.913662 -0.324479 0.244815
vn 0.836592 0.499865 0.224164
vn 0.945893 0.324479 -0.000000
vn 0.877469 -0.479633 0.000000
vn 0.847570 -0.479634 0.227106
vn 0.913662 0.324480 0.244815
vn 0.836592 0.499865 -0.224164
vn 0.913662 -0.324479 -0.244815
vn 0.945893 -0.324479 0.000000
vn 0.866104 0.499865 -0.000000
vn 0.913662 0.324480 -0.244815
vn 0.847570 -0.479634 -0.227106
vn 0.877469 -0.479633 0.000000
vn 0.945893 0.324479 -0.000000
vn 0.750068 0.499865 -0.433052
vn 0.819167 -0.324480 -0.472947
vn 0.913662 -0.324479 -0.244815
vn 0.836592 0.499865 -0.224164
vn 0.819167 0.324479 -0.472946
vn 0.759910 -0.479634 -0.438734
vn 0.847570 -0.479634 -0.227106
vn 0.913662 0.324480 -0.244815
vn 0.612428 0.499864 -0.612428
vn 0.668847 -0.324479 -0.668847
vn 0.819167 -0.324480 -0.472947
vn 0.750068 0.499865 -0.433052
vn 0.668847 0.324479 -0.668847
vn 0.620464 -0.479634 -0.620464
vn 0.759910 -0.479634 -0.438734
vn 0.819167 0.324479 -0.472946
vn 0.433052 0.499864 -0.750068
vn 0.472946 -0.324479 -0.819167
vn 0.668847 -0.324479 -0.668847
vn 0.612428 0.499864 -0.612428
vn 0.472946 0.324479 -0.819167
vn 0.438735 -0.479634 -0.759910
vn 0.620464 -0.479634 -0.620464
vn 0.668847 0.324479 -0.668847
vn 0.224164 0.499864 -0.836592
vn 0.244815 -0.324479 -0.913662
vn 0.472946 -0.324479 -0.819167
vn 0.433052 0.499864 -0.750068
vn -0.224164 0.499864 -0.836592
vn -0.244815 -0.324479 -0.913662
vn 0.000000 -0.324480 -0.945893
vn 0.000000 0.499864 -0.866104
vn -0.244815 0.324479 -0.913662
vn -0.244815 -0.324479 -0.913662
vn 0.000000 -0.324480 -0.945893
vn 0.000000 0.324480 -0.945893
vn -0.229377 -0.463215 0.856048
vn 0.000000 -0.463215 0.886246
vn 0.000001 -0.999994 0.003477
vn -0.000899 -0.999994 0.003358
vn 0.443122 -0.463216 -0.767511
vn 0.229377 -0.463216 -0.856048
vn 0.000899 -0.999994 -0.003357
vn 0.001737 -0.999994 -0.003010
vn 0.224164 0.499864 -0.836592
vn 0.433052 0.499864 -0.750068
vn 0.402233 0.593999 -0.696688
vn 0.208211 0.593999 -0.777054
vn -0.847570 -0.479633 -0.227106
vn -0.877469 -0.479633 0.000000
vn -0.835152 -0.550019 0.000000
vn -0.806695 -0.550019 -0.216153
vn 0.965314 0.035591 0.258655
vn 0.999367 0.035591 -0.000000
vn 0.809104 0.587666 -0.000000
vn 0.781535 0.587665 0.209411
vn -0.865477 0.035591 -0.499683
vn -0.965314 0.035591 -0.258655
vn -0.781535 0.587665 -0.209412
vn -0.700705 0.587665 -0.404552
vn 0.438735 -0.479633 0.759910
vn 0.620464 -0.479634 0.620464
vn 0.590542 -0.550018 0.590542
vn 0.417577 -0.550018 0.723263
vn -0.866104 0.499864 -0.000000
vn -0.836592 0.499865 -0.224164
vn -0.777054 0.594000 -0.208211
vn -0.804465 0.594000 -0.000000
vn -0.000000 0.619714 -0.784827
vn 0.203128 0.619715 -0.758084
vn -0.041853 0.986839 0.156199
vn -0.000000 0.986839 0.161708
vn 0.999802 -0.019890 0.000000
vn 0.965735 -0.019890 0.258768
vn 0.774802 -0.597144 0.207608
vn 0.802134 -0.597145 0.000000
vn 0.612428 0.499864 0.612428
vn 0.433052 0.499864 0.750068
vn 0.402233 0.593999 0.696688
vn 0.568843 0.593999 0.568843
vn -0.965735 -0.019890 -0.258768
vn -0.865854 -0.019890 -0.499901
vn -0.694668 -0.597144 -0.401067
vn -0.774802 -0.597144 -0.207607
vn 0.229377 -0.463216 -0.856048
vn -0.000000 -0.463215 -0.886246
vn -0.000001 -0.999994 -0.003476
vn 0.000899 -0.999994 -0.003357
vn 0.227106 -0.479633 -0.847570
vn 0.000000 -0.479634 -0.877469
vn 0.000000 -0.550019 -0.835152
vn 0.216154 -0.550019 -0.806695
vn -0.877469 -0.479633 0.000000
vn -0.847570 -0.479633 0.227106
vn -0.806695 -0.550019 0.216153
vn -0.835152 -0.550019 0.000000
vn 0.999367 0.035591 -0.000000
vn 0.965314 0.035591 -0.258655
vn 0.781535 0.587665 -0.209412
vn 0.809104 0.587666 -0.000000
vn -0.965314 0.035591 -0.258655
vn -0.999367 0.035591 -0.000000
vn -0.809104 0.587665 -0.000000
vn -0.781535 0.587665 -0.209412
vn 0.000000 0.499864 -0.866104
vn 0.224164 0.499864 -0.836592
vn 0.208211 0.593999 -0.777054
vn -0.000000 0.593999 -0.804465
vn 0.620464 -0.479634 0.620464
vn 0.759910 -0.479633 0.438735
vn 0.723263 -0.550019 0.417576
vn 0.590542 -0.550018 0.590542
vn -0.836592 0.499865 0.224164
vn -0.866104 0.499864 -0.000000
vn -0.804465 0.594000 -0.000000
vn -0.777054 0.594000 0.208211
vn -0.203128 0.619715 -0.758084
vn -0.000000 0.619714 -0.784827
vn -0.000000 0.986839 0.161708
vn 0.041853 0.986839 0.156199
vn 0.965735 -0.019890 -0.258768
vn 0.999802 -0.019890 0.000000
vn 0.802134 -0.597145 0.000000
vn 0.774802 -0.597144 -0.207608
vn 0.750068 0.499865 0.433052
vn 0.612428 0.499864 0.612428
vn 0.568843 0.593999 0.568843
vn 0.696688 0.594000 0.402233
vn -0.999802 -0.019890 0.000000
vn -0.965735 -0.019890 -0.258768
vn -0.774802 -0.597144 -0.207607
vn -0.802134 -0.597144 0.000000
vn -0.000000 -0.463215 -0.886246
vn -0.229377 -0.463216 -0.856048
vn -0.000900 -0.999994 -0.003357
vn -0.000001 -0.999994 -0.003476
vn -0.847570 -0.479633 0.227106
vn -0.759910 -0.479634 0.438735
vn -0.723263 -0.550019 0.417576
vn -0.806695 -0.550019 0.216153
vn 0.965314 0.035591 -0.258655
vn 0.865477 0.035591 -0.499684
vn 0.700706 0.587664 -0.404552
vn 0.781535 0.587665 -0.209412
vn -0.999367 0.035591 -0.000000
vn -0.965314 0.035591 0.258655
vn -0.781535 0.587665 0.209411
vn -0.809104 0.587665 -0.000000
vn 0.759910 -0.479633 0.438735
vn 0.847570 -0.479634 0.227106
vn 0.806695 -0.550019 0.216154
vn 0.723263 -0.550019 0.417576
vn -0.750068 0.499865 0.433052
vn -0.836592 0.499865 0.224164
vn -0.777054 0.594000 0.208211
vn -0.696688 0.594000 0.402233
vn -0.392414 0.619716 -0.679679
vn -0.203128 0.619715 -0.758084
vn 0.041853 0.986839 0.156199
vn 0.080854 0.986838 0.140044
vn 0.865854 -0.019890 -0.499901
vn 0.965735 -0.019890 -0.258768
vn 0.774802 -0.597144 -0.207608
vn 0.694668 -0.597144 -0.401067
vn 0.836592 0.499865 0.224164
vn 0.750068 0.499865 0.433052
vn 0.696688 0.594000 0.402233
vn 0.777054 0.594000 0.208211
vn 0.203128 0.619716 0.758084
vn 0.000000 0.619715 0.784827
vn 0.000000 0.986839 -0.161708
vn -0.041853 0.986839 -0.156199
vn -0.965735 -0.019890 0.258768
vn -0.999802 -0.019890 0.000000
vn -0.802134 -0.597144 0.000000
vn -0.774802 -0.597144 0.207608
vn -0.759910 -0.479634 0.438735
vn -0.620464 -0.479634 0.620464
vn -0.590542 -0.550019 0.590542
vn -0.723263 -0.550019 0.417576
vn -0.229377 -0.463216 -0.856048
vn -0.443122 -0.463216 -0.767511
vn -0.001737 -0.999994 -0.003010
vn -0.000900 -0.999994 -0.003357
vn 0.865477 0.035591 -0.499684
vn 0.706659 0.035591 -0.706659
vn 0.572124 0.587664 -0.572123
vn 0.700706 0.587664 -0.404552
vn 0.847570 -0.479634 0.227106
vn 0.877469 -0.479633 0.000000
vn 0.835152 -0.550019 0.000000
vn 0.806695 -0.550019 0.216154
vn -0.612428 0.499865 0.612428
vn -0.750068 0.499865 0.433052
vn -0.696688 0.594000 0.402233
vn -0.568843 0.593999 0.568843
vn 0.000000 -0.463215 0.886246
vn 0.229377 -0.463215 0.856048
vn 0.000900 -0.999994 0.003358
vn 0.000001 -0.999994 0.003477
vn -0.965314 0.035591 0.258655
vn -0.865477 0.035591 0.499684
vn -0.700706 0.587664 0.404552
vn -0.781535 0.587665 0.209411
vn 0.866104 0.499865 -0.000000
vn 0.836592 0.499865 0.224164
vn 0.777054 0.594000 0.208211
vn 0.804465 0.594000 -0.000000
vn -0.554957 0.619715 -0.554956
vn -0.392414 0.619716 -0.679679
vn 0.080854 0.986838 0.140044
vn 0.114345 0.986839 0.114346
vn 0.000000 -0.479634 -0.877469
vn -0.227106 -0.479633 -0.847570
vn -0.216154 -0.550019 -0.806695
vn 0.000000 -0.550019 -0.835152
vn 0.706967 -0.019890 -0.706967
vn 0.865854 -0.019890 -0.499901
vn 0.694668 -0.597144 -0.401067
vn 0.567195 -0.597144 -0.567194
vn -0.806695 -0.550019 0.216153
vn -0.723263 -0.550019 0.417576
vn -0.865477 0.035591 0.499684
vn -0.965314 0.035591 0.258655
vn 0.723263 -0.550019 0.417576
vn 0.806695 -0.550019 0.216154
vn 0.965314 0.035591 0.258655
vn 0.865477 0.035591 0.499683
vn 0.568843 0.593999 -0.568843
vn 0.696688 0.594000 -0.402233
vn 0.865854 -0.019890 -0.499901
vn 0.706967 -0.019890 -0.706967
vn 0.000000 0.594000 0.804465
vn -0.208211 0.594000 0.777054
vn -0.258768 -0.019889 0.965735
vn 0.000000 -0.019889 0.999802
vn -0.568843 0.593999 -0.568843
vn -0.402233 0.593999 -0.696688
vn -0.499901 -0.019890 -0.865854
vn -0.706967 -0.019890 -0.706967
vn 0.723263 -0.550019 -0.417576
vn 0.590542 -0.550019 -0.590542
vn 0.706659 0.035591 -0.706659
vn 0.865477 0.035591 -0.499684
vn -0.216154 -0.550019 0.806695
vn 0.000000 -0.550019 0.835152
vn 0.000000 0.035589 0.999367
vn -0.258655 0.035590 0.965314
vn -0.417577 -0.550019 -0.723263
vn -0.590542 -0.550019 -0.590541
vn -0.706659 0.035591 -0.706658
vn -0.499684 0.035591 -0.865477
vn 0.696688 0.594000 0.402233
vn 0.568843 0.593999 0.568843
vn 0.706967 -0.019890 0.706967
vn 0.865854 -0.019890 0.499901
vn -0.777054 0.594000 0.208211
vn -0.804465 0.594000 -0.000000
vn -0.999802 -0.019890 0.000000
vn -0.965735 -0.019890 0.258768
vn 0.590542 -0.550018 0.590542
vn 0.723263 -0.550019 0.417576
vn 0.865477 0.035591 0.499683
vn 0.706659 0.035592 0.706658
vn -0.835152 -0.550019 0.000000
vn -0.806695 -0.550019 0.216153
vn -0.965314 0.035591 0.258655
vn -0.999367 0.035591 -0.000000
vn 0.696688 0.594000 -0.402233
vn 0.777054 0.594000 -0.208211
vn 0.965735 -0.019890 -0.258768
vn 0.865854 -0.019890 -0.499901
vn -0.208211 0.594000 0.777054
vn -0.402233 0.593999 0.696688
vn -0.499901 -0.019890 0.865854
vn -0.258768 -0.019889 0.965735
vn -0.402233 0.593999 -0.696688
vn -0.208211 0.593999 -0.777054
vn -0.258768 -0.019890 -0.965735
vn -0.499901 -0.019890 -0.865854
vn -0.000000 0.593999 -0.804465
vn 0.208211 0.593999 -0.777054
vn 0.258768 -0.019890 -0.965735
vn -0.000000 -0.019889 -0.999802
vn 0.806695 -0.550019 -0.216153
vn 0.723263 -0.550019 -0.417576
vn 0.865477 0.035591 -0.499684
vn 0.965314 0.035591 -0.258655
vn -0.417576 -0.550018 0.723263
vn -0.216154 -0.550019 0.806695
vn -0.258655 0.035590 0.965314
vn -0.499683 0.035591 0.865477
vn -0.216154 -0.550019 -0.806695
vn -0.417577 -0.550019 -0.723263
vn -0.499684 0.035591 -0.865477
vn -0.258655 0.035590 -0.965314
vn 0.216154 -0.550019 -0.806695
vn 0.000000 -0.550019 -0.835152
vn 0.000000 0.035589 -0.999367
vn 0.258655 0.035590 -0.965314
vn 0.568843 0.593999 0.568843
vn 0.402233 0.593999 0.696688
vn 0.499901 -0.019890 0.865854
vn 0.706967 -0.019890 0.706967
vn -0.804465 0.594000 -0.000000
vn -0.777054 0.594000 -0.208211
vn -0.965735 -0.019890 -0.258768
vn -0.999802 -0.019890 0.000000
vn 0.417577 -0.550018 0.723263
vn 0.590542 -0.550018 0.590542
vn 0.706659 0.035592 0.706658
vn 0.499684 0.035591 0.865477
vn -0.806695 -0.550019 -0.216153
vn -0.835152 -0.550019 0.000000
vn -0.999367 0.035591 -0.000000
vn -0.965314 0.035591 -0.258655
vn 0.777054 0.594000 -0.208211
vn 0.804465 0.594000 -0.000000
vn 0.999802 -0.019890 0.000000
vn 0.965735 -0.019890 -0.258768
vn -0.402233 0.593999 0.696688
vn -0.568843 0.593999 0.568843
vn -0.706967 -0.019890 0.706967
vn -0.499901 -0.019890 0.865854
vn -0.208211 0.593999 -0.777054
vn -0.000000 0.593999 -0.804465
vn -0.000000 -0.019889 -0.999802
vn -0.258768 -0.019890 -0.965735
vn 0.835152 -0.550019 0.000000
vn 0.806695 -0.550019 -0.216153
vn 0.965314 0.035591 -0.258655
vn 0.999367 0.035591 -0.000000
vn -0.590542 -0.550019 0.590542
vn -0.417576 -0.550018 0.723263
vn -0.499683 0.035591 0.865477
vn -0.706659 0.035591 0.706659
vn 0.000000 -0.550019 -0.835152
vn -0.216154 -0.550019 -0.806695
vn -0.258655 0.035590 -0.965314
vn 0.000000 0.035589 -0.999367
vn 0.208211 0.593999 -0.777054
vn 0.402233 0.593999 -0.696688
vn 0.499901 -0.019890 -0.865854
vn 0.258768 -0.019890 -0.965735
vn 0.402233 0.593999 0.696688
vn 0.208211 0.594000 0.777054
vn 0.258768 -0.019889 0.965735
vn 0.499901 -0.019890 0.865854
vn -0.777054 0.594000 -0.208211
vn -0.696688 0.593999 -0.402233
vn -0.865854 -0.019890 -0.499901
vn -0.965735 -0.019890 -0.258768
vn 0.417576 -0.550019 -0.723263
vn 0.216154 -0.550019 -0.806695
vn 0.258655 0.035590 -0.965314
vn 0.499683 0.035591 -0.865477
vn 0.216154 -0.550019 0.806695
vn 0.417577 -0.550018 0.723263
vn 0.499684 0.035591 0.865477
vn 0.258655 0.035590 0.965314
vn -0.723263 -0.550019 -0.417576
vn -0.806695 -0.550019 -0.216153
vn -0.965314 0.035591 -0.258655
vn -0.865477 0.035591 -0.499683
vn 0.804465 0.594000 -0.000000
vn 0.777054 0.594000 0.208211
vn 0.965735 -0.019890 0.258768
vn 0.999802 -0.019890 0.000000
vn -0.568843 0.593999 0.568843
vn -0.696688 0.594000 0.402233
vn -0.865854 -0.019890 0.499901
vn -0.706967 -0.019890 0.706967
vn 0.806695 -0.550019 0.216154
vn 0.835152 -0.550019 0.000000
vn 0.999367 0.035591 -0.000000
vn 0.965314 0.035591 0.258655
vn -0.723263 -0.550019 0.417576
vn -0.590542 -0.550019 0.590542
vn -0.706659 0.035591 0.706659
vn -0.865477 0.035591 0.499684
vn 0.402233 0.593999 -0.696688
vn 0.568843 0.593999 -0.568843
vn 0.706967 -0.019890 -0.706967
vn 0.499901 -0.019890 -0.865854
vn 0.208211 0.594000 0.777054
vn 0.000000 0.594000 0.804465
vn 0.000000 -0.019889 0.999802
vn 0.258768 -0.019889 0.965735
vn -0.696688 0.593999 -0.402233
vn -0.568843 0.593999 -0.568843
vn -0.706967 -0.019890 -0.706967
vn -0.865854 -0.019890 -0.499901
vn 0.590542 -0.550019 -0.590542
vn 0.417576 -0.550019 -0.723263
vn 0.499683 0.035591 -0.865477
vn 0.706659 0.035591 -0.706659
vn 0.000000 -0.550019 0.835152
vn 0.216154 -0.550019 0.806695
vn 0.258655 0.035590 0.965314
vn 0.000000 0.035589 0.999367
vn -0.590542 -0.550019 -0.590541
vn -0.723263 -0.550019 -0.417576
vn -0.865477 0.035591 -0.499683
vn -0.706659 0.035591 -0.706658
vn 0.777054 0.594000 0.208211
vn 0.696688 0.594000 0.402233
vn 0.865854 -0.019890 0.499901
vn 0.965735 -0.019890 0.258768
vn -0.696688 0.594000 0.402233
vn -0.777054 0.594000 0.208211
vn -0.965735 -0.019890 0.258768
vn -0.865854 -0.019890 0.499901
vn 0.392414 0.619716 0.679679
vn 0.203128 0.619716 0.758084
vn -0.041853 0.986839 -0.156199
vn -0.080854 0.986838 -0.140045
vn -0.865854 -0.019890 0.499901
vn -0.965735 -0.019890 0.258768
vn -0.774802 -0.597144 0.207608
vn -0.694668 -0.597144 0.401067
vn -0.836592 0.499865 -0.224164
vn -0.750068 0.499864 -0.433052
vn -0.696688 0.593999 -0.402233
vn -0.777054 0.594000 -0.208211
vn 0.227106 -0.479633 0.847570
vn 0.438735 -0.479633 0.759910
vn 0.417577 -0.550018 0.723263
vn 0.216154 -0.550019 0.806695
vn -0.443122 -0.463216 -0.767511
vn -0.626670 -0.463216 -0.626670
vn -0.002457 -0.999994 -0.002457
vn -0.001737 -0.999994 -0.003010
vn -0.759910 -0.479634 -0.438734
vn -0.847570 -0.479633 -0.227106
vn -0.806695 -0.550019 -0.216153
vn -0.723263 -0.550019 -0.417576
vn 0.433052 0.499864 -0.750068
vn 0.612428 0.499864 -0.612428
vn 0.568843 0.593999 -0.568843
vn 0.402233 0.593999 -0.696688
vn 0.706659 0.035591 -0.706659
vn 0.499683 0.035591 -0.865477
vn 0.404552 0.587665 -0.700705
vn 0.572124 0.587664 -0.572123
vn 0.224164 0.499864 0.836592
vn 0.000000 0.499864 0.866104
vn 0.000000 0.594000 0.804465
vn 0.208211 0.594000 0.777054
vn 0.620464 -0.479634 -0.620464
vn 0.438735 -0.479634 -0.759910
vn 0.417576 -0.550019 -0.723263
vn 0.590542 -0.550019 -0.590542
vn 0.229377 -0.463215 0.856048
vn 0.443122 -0.463216 0.767512
vn 0.001737 -0.999994 0.003010
vn 0.000900 -0.999994 0.003358
vn -0.750068 0.499864 -0.433052
vn -0.612428 0.499864 -0.612428
vn -0.568843 0.593999 -0.568843
vn -0.696688 0.593999 -0.402233
vn 0.000000 -0.479633 0.877469
vn 0.227106 -0.479633 0.847570
vn 0.216154 -0.550019 0.806695
vn 0.000000 -0.550019 0.835152
vn -0.865477 0.035591 0.499684
vn -0.706659 0.035591 0.706659
vn -0.572124 0.587664 0.572123
vn -0.700706 0.587664 0.404552
vn -0.620464 -0.479634 -0.620464
vn -0.759910 -0.479634 -0.438734
vn -0.723263 -0.550019 -0.417576
vn -0.590542 -0.550019 -0.590541
vn 0.612428 0.499864 -0.612428
vn 0.750068 0.499865 -0.433052
vn 0.696688 0.594000 -0.402233
vn 0.568843 0.593999 -0.568843
vn -0.679680 0.619716 -0.392413
vn -0.554957 0.619715 -0.554956
vn 0.114345 0.986839 0.114346
vn 0.140044 0.986839 0.080854
vn 0.000000 0.499864 0.866104
vn -0.224164 0.499864 0.836592
vn -0.208211 0.594000 0.777054
vn 0.000000 0.594000 0.804465
vn 0.499901 -0.019890 -0.865854
vn 0.706967 -0.019890 -0.706967
vn 0.567195 -0.597144 -0.567194
vn 0.401067 -0.597144 -0.694668
vn 0.759910 -0.479634 -0.438734
vn 0.620464 -0.479634 -0.620464
vn 0.590542 -0.550019 -0.590542
vn 0.723263 -0.550019 -0.417576
vn 0.554957 0.619715 0.554956
vn 0.392414 0.619716 0.679679
vn -0.080854 0.986838 -0.140045
vn -0.114345 0.986839 -0.114346
vn -0.612428 0.499864 -0.612428
vn -0.433052 0.499864 -0.750068
vn -0.402233 0.593999 -0.696688
vn -0.568843 0.593999 -0.568843
vn -0.227106 -0.479633 0.847570
vn 0.000000 -0.479633 0.877469
vn 0.000000 -0.550019 0.835152
vn -0.216154 -0.550019 0.806695
vn -0.706967 -0.019890 0.706967
vn -0.865854 -0.019890 0.499901
vn -0.694668 -0.597144 0.401067
vn -0.567195 -0.597144 0.567195
vn -0.626670 -0.463216 -0.626670
vn -0.767511 -0.463216 -0.443123
vn -0.003010 -0.999994 -0.001737
vn -0.002457 -0.999994 -0.002457
vn -0.438735 -0.479634 -0.759910
vn -0.620464 -0.479634 -0.620464
vn -0.590542 -0.550019 -0.590541
vn -0.417577 -0.550019 -0.723263
vn 0.499683 0.035591 -0.865477
vn 0.258655 0.035590 -0.965314
vn 0.209411 0.587665 -0.781535
vn 0.404552 0.587665 -0.700705
vn 0.750068 0.499865 -0.433052
vn 0.836592 0.499865 -0.224164
vn 0.777054 0.594000 -0.208211
vn 0.696688 0.594000 -0.402233
vn 0.443122 -0.463216 0.767512
vn 0.626670 -0.463216 0.626671
vn 0.002457 -0.999994 0.002458
vn 0.001737 -0.999994 0.003010
vn -0.706659 0.035591 0.706659
vn -0.499683 0.035591 0.865477
vn -0.404552 0.587665 0.700705
vn -0.572124 0.587664 0.572123
vn -0.224164 0.499864 0.836592
vn -0.433052 0.499864 0.750068
vn -0.402233 0.593999 0.696688
vn -0.208211 0.594000 0.777054
vn 0.847570 -0.479634 -0.227106
vn 0.759910 -0.479634 -0.438734
vn 0.723263 -0.550019 -0.417576
vn 0.806695 -0.550019 -0.216153
vn 0.258768 -0.019890 -0.965735
vn 0.499901 -0.019890 -0.865854
vn 0.401067 -0.597144 -0.694668
vn 0.207608 -0.597144 -0.774802
vn -0.433052 0.499864 -0.750068
vn -0.224164 0.499864 -0.836592
vn -0.208211 0.593999 -0.777054
vn -0.402233 0.593999 -0.696688
vn -0.758084 0.619716 -0.203127
vn -0.679680 0.619716 -0.392413
vn 0.140044 0.986839 0.080854
vn 0.156200 0.986838 0.041853
vn -0.438735 -0.479633 0.759910
vn -0.227106 -0.479633 0.847570
vn -0.216154 -0.550019 0.806695
vn -0.417576 -0.550018 0.723263
vn 0.679680 0.619716 0.392413
vn 0.554957 0.619715 0.554956
vn -0.114345 0.986839 -0.114346
vn -0.140044 0.986839 -0.080855
vn -0.227106 -0.479633 -0.847570
vn -0.438735 -0.479634 -0.759910
vn -0.417577 -0.550019 -0.723263
vn -0.216154 -0.550019 -0.806695
vn -0.499901 -0.019890 0.865854
vn -0.706967 -0.019890 0.706967
vn -0.567195 -0.597144 0.567195
vn -0.401067 -0.597144 0.694668
vn 0.836592 0.499865 -0.224164
vn 0.866104 0.499865 -0.000000
vn 0.804465 0.594000 -0.000000
vn 0.777054 0.594000 -0.208211
vn 0.258655 0.035590 -0.965314
vn 0.000000 0.035589 -0.999367
vn 0.000000 0.587664 -0.809105
vn 0.209411 0.587665 -0.781535
vn -0.767511 -0.463216 -0.443123
vn -0.856048 -0.463216 -0.229377
vn -0.003358 -0.999994 -0.000899
vn -0.003010 -0.999994 -0.001737
vn -0.433052 0.499864 0.750068
vn -0.612428 0.499865 0.612428
vn -0.568843 0.593999 0.568843
vn -0.402233 0.593999 0.696688
vn 0.877469 -0.479633 0.000000
vn 0.847570 -0.479634 -0.227106
vn 0.806695 -0.550019 -0.216153
vn 0.835152 -0.550019 0.000000
vn 0.626670 -0.463216 0.626671
vn 0.767511 -0.463215 0.443123
vn 0.003010 -0.999994 0.001738
vn 0.002457 -0.999994 0.002458
vn -0.224164 0.499864 -0.836592
vn 0.000000 0.499864 -0.866104
vn -0.000000 0.593999 -0.804465
vn -0.208211 0.593999 -0.777054
vn -0.499683 0.035591 0.865477
vn -0.258655 0.035590 0.965314
vn -0.209411 0.587665 0.781535
vn -0.404552 0.587665 0.700705
vn -0.620464 -0.479634 0.620464
vn -0.438735 -0.479633 0.759910
vn -0.417576 -0.550018 0.723263
vn -0.590542 -0.550019 0.590542
vn -0.000900 -0.999994 -0.003357
vn -0.001737 -0.999994 -0.003010
vn 0.401067 -0.597144 0.694668
vn 0.207608 -0.597144 0.774802
vn 0.000001 -0.999994 0.003477
vn 0.000900 -0.999994 0.003358
vn -0.207608 -0.597144 -0.774802
vn 0.000000 -0.597144 -0.802134
vn 0.114345 0.986839 0.114346
vn 0.080854 0.986838 0.140044
vn 0.404552 0.587665 0.700705
vn 0.572123 0.587665 0.572123
vn -0.080854 0.986838 -0.140045
vn -0.041853 0.986839 -0.156199
vn -0.209412 0.587665 -0.781535
vn -0.404552 0.587665 -0.700705
vn -0.001737 -0.999994 -0.003010
vn -0.002457 -0.999994 -0.002457
vn 0.567195 -0.597144 0.567195
vn 0.401067 -0.597144 0.694668
vn 0.000900 -0.999994 0.003358
vn 0.001737 -0.999994 0.003010
vn -0.401067 -0.597144 -0.694668
vn -0.207608 -0.597144 -0.774802
vn 0.140044 0.986839 0.080854
vn 0.114345 0.986839 0.114346
vn 0.572123 0.587665 0.572123
vn 0.700705 0.587665 0.404552
vn -0.114345 0.986839 -0.114346
vn -0.080854 0.986838 -0.140045
vn -0.404552 0.587665 -0.700705
vn -0.572123 0.587665 -0.572123
vn -0.002457 -0.999994 -0.002457
vn -0.003010 -0.999994 -0.001737
vn 0.694668 -0.597144 0.401067
vn 0.567195 -0.597144 0.567195
vn 0.001737 -0.999994 0.003010
vn 0.002457 -0.999994 0.002458
vn -0.567195 -0.597144 -0.567194
vn -0.401067 -0.597144 -0.694668
vn 0.156200 0.986838 0.041853
vn 0.140044 0.986839 0.080854
vn 0.700705 0.587665 0.404552
vn 0.781535 0.587665 0.209411
vn -0.140044 0.986839 -0.080855
vn -0.114345 0.986839 -0.114346
vn -0.572123 0.587665 -0.572123
vn -0.700705 0.587665 -0.404552
vn -0.003010 -0.999994 -0.001737
vn -0.003358 -0.999994 -0.000899
vn 0.774802 -0.597144 0.207608
vn 0.694668 -0.597144 0.401067
vn 0.002457 -0.999994 0.002458
vn 0.003010 -0.999994 0.001738
vn -0.694668 -0.597144 -0.401067
vn -0.567195 -0.597144 -0.567194
vn 0.161709 0.986839 -0.000000
vn 0.156200 0.986838 0.041853
vn 0.781535 0.587665 0.209411
vn 0.809104 0.587666 -0.000000
vn -0.156200 0.986838 -0.041853
vn -0.140044 0.986839 -0.080855
vn -0.700705 0.587665 -0.404552
vn -0.781535 0.587665 -0.209412
vn -0.003358 -0.999994 -0.000899
vn -0.003476 -0.999994 0.000000
vn 0.802134 -0.597145 0.000000
vn 0.774802 -0.597144 0.207608
vn 0.003010 -0.999994 0.001738
vn 0.003357 -0.999994 0.000900
vn -0.774802 -0.597144 -0.207607
vn -0.694668 -0.597144 -0.401067
vn 0.156199 0.986839 -0.041854
vn 0.161709 0.986839 -0.000000
vn 0.809104 0.587666 -0.000000
vn 0.781535 0.587665 -0.209412
vn -0.161709 0.986838 -0.000000
vn -0.156200 0.986838 -0.041853
vn -0.781535 0.587665 -0.209412
vn -0.809104 0.587665 -0.000000
vn -0.003476 -0.999994 0.000000
vn -0.003358 -0.999994 0.000900
vn 0.774802 -0.597144 -0.207608
vn 0.802134 -0.597145 0.000000
vn 0.003357 -0.999994 0.000900
vn 0.003476 -0.999994 0.000000
vn -0.802134 -0.597144 0.000000
vn -0.774802 -0.597144 -0.207607
vn 0.140045 0.986838 -0.080855
vn 0.156199 0.986839 -0.041854
vn 0.781535 0.587665 -0.209412
vn 0.700706 0.587664 -0.404552
vn -0.156199 0.986839 0.041853
vn -0.161709 0.986838 -0.000000
vn -0.809104 0.587665 -0.000000
vn -0.781535 0.587665 0.209411
vn -0.003358 -0.999994 0.000900
vn -0.003010 -0.999994 0.001738
vn 0.694668 -0.597144 -0.401067
vn 0.774802 -0.597144 -0.207608
vn 0.003476 -0.999994 0.000000
vn 0.003357 -0.999994 -0.000899
vn -0.774802 -0.597144 0.207608
vn -0.802134 -0.597144 0.000000
vn -0.041853 0.986839 -0.156199
vn 0.000000 0.986839 -0.161708
vn 0.000000 0.587664 -0.809105
vn -0.209412 0.587665 -0.781535
vn 0.080854 0.986838 0.140044
vn 0.041853 0.986839 0.156199
vn 0.209412 0.587665 0.781535
vn 0.404552 0.587665 0.700705
vn -0.000001 -0.999994 -0.003476
vn -0.000900 -0.999994 -0.003357
vn 0.207608 -0.597144 0.774802
vn -0.000000 -0.597144 0.802134
vn 0.041853 0.986839 0.156199
vn -0.000000 0.986839 0.161708
vn 0.000000 0.587665 0.809105
vn 0.209412 0.587665 0.781535
vn 0.000899 -0.999994 -0.003357
vn -0.000001 -0.999994 -0.003476
vn -0.000000 -0.597144 0.802134
vn -0.207608 -0.597144 0.774802
vn -0.000000 0.986839 0.161708
vn -0.041853 0.986839 0.156199
vn -0.209411 0.587665 0.781535
vn 0.000000 0.587665 0.809105
vn 0.001737 -0.999994 -0.003010
vn 0.000899 -0.999994 -0.003357
vn -0.207608 -0.597144 0.774802
vn -0.401067 -0.597144 0.694668
vn -0.000899 -0.999994 0.003358
vn 0.000001 -0.999994 0.003477
vn 0.000000 -0.597144 -0.802134
vn 0.207608 -0.597144 -0.774802
vn -0.041853 0.986839 0.156199
vn -0.080855 0.986838 0.140044
vn -0.404552 0.587665 0.700705
vn -0.209411 0.587665 0.781535
vn 0.000000 0.986839 -0.161708
vn 0.041853 0.986839 -0.156199
vn 0.209411 0.587665 -0.781535
vn 0.000000 0.587664 -0.809105
vn 0.002457 -0.999994 -0.002457
vn 0.001737 -0.999994 -0.003010
vn -0.401067 -0.597144 0.694668
vn -0.567195 -0.597144 0.567195
vn -0.001737 -0.999994 0.003010
vn -0.000899 -0.999994 0.003358
vn 0.207608 -0.597144 -0.774802
vn 0.401067 -0.597144 -0.694668
vn -0.080855 0.986838 0.140044
vn -0.114347 0.986838 0.114345
vn -0.572124 0.587664 0.572123
vn -0.404552 0.587665 0.700705
vn 0.041853 0.986839 -0.156199
vn 0.080855 0.986838 -0.140045
vn 0.404552 0.587665 -0.700705
vn 0.209411 0.587665 -0.781535
vn 0.003010 -0.999994 -0.001737
vn 0.002457 -0.999994 -0.002457
vn -0.567195 -0.597144 0.567195
vn -0.694668 -0.597144 0.401067
vn -0.002457 -0.999994 0.002458
vn -0.001737 -0.999994 0.003010
vn 0.401067 -0.597144 -0.694668
vn 0.567195 -0.597144 -0.567194
vn -0.114347 0.986838 0.114345
vn -0.140045 0.986838 0.080854
vn -0.700706 0.587664 0.404552
vn -0.572124 0.587664 0.572123
vn 0.080855 0.986838 -0.140045
vn 0.114347 0.986838 -0.114346
vn 0.572124 0.587664 -0.572123
vn 0.404552 0.587665 -0.700705
vn 0.003357 -0.999994 -0.000899
vn 0.003010 -0.999994 -0.001737
vn -0.694668 -0.597144 0.401067
vn -0.774802 -0.597144 0.207608
vn -0.003010 -0.999994 0.001738
vn -0.002457 -0.999994 0.002458
vn 0.567195 -0.597144 -0.567194
vn 0.694668 -0.597144 -0.401067
vn -0.140045 0.986838 0.080854
vn -0.156199 0.986839 0.041853
vn -0.781535 0.587665 0.209411
vn -0.700706 0.587664 0.404552
vn 0.114347 0.986838 -0.114346
vn 0.140045 0.986838 -0.080855
vn 0.700706 0.587664 -0.404552
vn 0.572124 0.587664 -0.572123
vn -0.865854 -0.019890 -0.499901
vn -0.706967 -0.019890 -0.706967
vn -0.567195 -0.597144 -0.567194
vn -0.694668 -0.597144 -0.401067
vn 0.965735 -0.019890 0.258768
vn 0.865854 -0.019890 0.499901
vn 0.694668 -0.597144 0.401067
vn 0.774802 -0.597144 0.207608
vn 0.203128 0.619715 -0.758084
vn 0.392414 0.619716 -0.679679
vn -0.080855 0.986838 0.140044
vn -0.041853 0.986839 0.156199
vn 0.000000 0.619715 0.784827
vn -0.203128 0.619716 0.758084
vn 0.041853 0.986839 -0.156199
vn 0.000000 0.986839 -0.161708
vn -0.706659 0.035591 -0.706658
vn -0.865477 0.035591 -0.499683
vn -0.700705 0.587665 -0.404552
vn -0.572123 0.587665 -0.572123
vn 0.865477 0.035591 0.499683
vn 0.965314 0.035591 0.258655
vn 0.781535 0.587665 0.209411
vn 0.700705 0.587665 0.404552
vn 0.626670 -0.463216 -0.626670
vn 0.443122 -0.463216 -0.767511
vn 0.001737 -0.999994 -0.003010
vn 0.002457 -0.999994 -0.002457
vn -0.443122 -0.463216 0.767512
vn -0.229377 -0.463215 0.856048
vn -0.000899 -0.999994 0.003358
vn -0.001737 -0.999994 0.003010
vn -0.706967 -0.019890 -0.706967
vn -0.499901 -0.019890 -0.865854
vn -0.401067 -0.597144 -0.694668
vn -0.567195 -0.597144 -0.567194
vn 0.865854 -0.019890 0.499901
vn 0.706967 -0.019890 0.706967
vn 0.567195 -0.597144 0.567195
vn 0.694668 -0.597144 0.401067
vn 0.392414 0.619716 -0.679679
vn 0.554956 0.619716 -0.554956
vn -0.114347 0.986838 0.114345
vn -0.080855 0.986838 0.140044
vn -0.203128 0.619716 0.758084
vn -0.392414 0.619716 0.679679
vn 0.080855 0.986838 -0.140045
vn 0.041853 0.986839 -0.156199
vn -0.499684 0.035591 -0.865477
vn -0.706659 0.035591 -0.706658
vn -0.572123 0.587665 -0.572123
vn -0.404552 0.587665 -0.700705
vn 0.706659 0.035592 0.706658
vn 0.865477 0.035591 0.499683
vn 0.700705 0.587665 0.404552
vn 0.572123 0.587665 0.572123
vn 0.767511 -0.463216 -0.443123
vn 0.626670 -0.463216 -0.626670
vn 0.002457 -0.999994 -0.002457
vn 0.003010 -0.999994 -0.001737
vn -0.626670 -0.463216 0.626671
vn -0.443122 -0.463216 0.767512
vn -0.001737 -0.999994 0.003010
vn -0.002457 -0.999994 0.002458
vn -0.499901 -0.019890 -0.865854
vn -0.258768 -0.019890 -0.965735
vn -0.207608 -0.597144 -0.774802
vn -0.401067 -0.597144 -0.694668
vn 0.706967 -0.019890 0.706967
vn 0.499901 -0.019890 0.865854
vn 0.401067 -0.597144 0.694668
vn 0.567195 -0.597144 0.567195
vn 0.554956 0.619716 -0.554956
vn 0.679680 0.619716 -0.392413
vn -0.140045 0.986838 0.080854
vn -0.114347 0.986838 0.114345
vn -0.392414 0.619716 0.679679
vn -0.554956 0.619716 0.554956
vn 0.114347 0.986838 -0.114346
vn 0.080855 0.986838 -0.140045
vn -0.258655 0.035590 -0.965314
vn -0.499684 0.035591 -0.865477
vn -0.404552 0.587665 -0.700705
vn -0.209412 0.587665 -0.781535
vn 0.499684 0.035591 0.865477
vn 0.706659 0.035592 0.706658
vn 0.572123 0.587665 0.572123
vn 0.404552 0.587665 0.700705
vn 0.856048 -0.463216 -0.229377
vn 0.767511 -0.463216 -0.443123
vn 0.003010 -0.999994 -0.001737
vn 0.003357 -0.999994 -0.000899
vn -0.767511 -0.463215 0.443123
vn -0.626670 -0.463216 0.626671
vn -0.002457 -0.999994 0.002458
vn -0.003010 -0.999994 0.001738
vn -0.258768 -0.019890 -0.965735
vn -0.000000 -0.019889 -0.999802
vn 0.000000 -0.597144 -0.802134
vn -0.207608 -0.597144 -0.774802
vn 0.499901 -0.019890 0.865854
vn 0.258768 -0.019889 0.965735
vn 0.207608 -0.597144 0.774802
vn 0.401067 -0.597144 0.694668
vn 0.679680 0.619716 -0.392413
vn 0.758085 0.619715 -0.203128
vn -0.156199 0.986839 0.041853
vn -0.140045 0.986838 0.080854
vn -0.554956 0.619716 0.554956
vn -0.679680 0.619716 0.392413
vn 0.140045 0.986838 -0.080855
vn 0.114347 0.986838 -0.114346
vn 0.000000 0.035589 -0.999367
vn -0.258655 0.035590 -0.965314
vn -0.209412 0.587665 -0.781535
vn 0.000000 0.587664 -0.809105
vn 0.258655 0.035590 0.965314
vn 0.499684 0.035591 0.865477
vn 0.404552 0.587665 0.700705
vn 0.209412 0.587665 0.781535
vn 0.886246 -0.463216 0.000000
vn 0.856048 -0.463216 -0.229377
vn 0.003357 -0.999994 -0.000899
vn 0.003476 -0.999994 0.000000
vn -0.856048 -0.463216 0.229377
vn -0.767511 -0.463215 0.443123
vn -0.003010 -0.999994 0.001738
vn -0.003358 -0.999994 0.000900
vn 0.258768 -0.019889 0.965735
vn 0.000000 -0.019889 0.999802
vn -0.000000 -0.597144 0.802134
vn 0.207608 -0.597144 0.774802
vn 0.758085 0.619715 -0.203128
vn 0.784827 0.619715 -0.000000
vn -0.161709 0.986838 -0.000000
vn -0.156199 0.986839 0.041853
vn -0.679680 0.619716 0.392413
vn -0.758085 0.619715 0.203128
vn 0.156199 0.986839 -0.041854
vn 0.140045 0.986838 -0.080855
vn 0.000000 0.035589 0.999367
vn 0.258655 0.035590 0.965314
vn 0.209412 0.587665 0.781535
vn 0.000000 0.587665 0.809105
vn 0.856048 -0.463216 0.229378
vn 0.886246 -0.463216 0.000000
vn 0.003476 -0.999994 0.000000
vn 0.003357 -0.999994 0.000900
vn -0.886246 -0.463216 0.000000
vn -0.856048 -0.463216 0.229377
vn -0.003358 -0.999994 0.000900
vn -0.003476 -0.999994 0.000000
vn 0.000000 -0.019889 0.999802
vn -0.258768 -0.019889 0.965735
vn -0.207608 -0.597144 0.774802
vn -0.000000 -0.597144 0.802134
vn 0.784827 0.619715 -0.000000
vn 0.758084 0.619716 0.203127
vn -0.156200 0.986838 -0.041853
vn -0.161709 0.986838 -0.000000
vn -0.758085 0.619715 0.203128
vn -0.784827 0.619715 -0.000000
vn 0.161709 0.986839 -0.000000
vn 0.156199 0.986839 -0.041854
vn -0.258655 0.035590 0.965314
vn 0.000000 0.035589 0.999367
vn 0.000000 0.587665 0.809105
vn -0.209411 0.587665 0.781535
vn 0.767511 -0.463215 0.443123
vn 0.856048 -0.463216 0.229378
vn 0.003357 -0.999994 0.000900
vn 0.003010 -0.999994 0.001738
vn -0.856048 -0.463216 -0.229377
vn -0.886246 -0.463216 0.000000
vn -0.003476 -0.999994 0.000000
vn -0.003358 -0.999994 -0.000899
vn -0.258768 -0.019889 0.965735
vn -0.499901 -0.019890 0.865854
vn -0.401067 -0.597144 0.694668
vn -0.207608 -0.597144 0.774802
vn 0.758084 0.619716 0.203127
vn 0.679680 0.619716 0.392413
vn -0.140044 0.986839 -0.080855
vn -0.156200 0.986838 -0.041853
vn -0.784827 0.619715 -0.000000
vn -0.758084 0.619716 -0.203127
vn 0.156200 0.986838 0.041853
vn 0.161709 0.986839 -0.000000
vn -0.000000 -0.019889 -0.999802
vn 0.258768 -0.019890 -0.965735
vn 0.207608 -0.597144 -0.774802
vn 0.000000 -0.597144 -0.802134
vn 0.000000 1.000000 -0.000000
vn -0.000001 1.000000 -0.000000
vn -0.228918 0.466604 0.854329
vn 0.000001 0.466604 0.884467
vn -0.000001 1.000000 -0.000000
vn 0.000001 1.000000 -0.000000
vn -0.442231 0.466605 0.765971
vn -0.228918 0.466604 0.854329
vn 0.000001 1.000000 -0.000000
vn 0.000002 1.000000 -0.000000
vn -0.625409 0.466606 0.625413
vn -0.442231 0.466605 0.765971
vn 0.000002 1.000000 -0.000000
vn -0.000002 1.000000 -0.000000
vn -0.765972 0.466603 0.442232
vn -0.625409 0.466606 0.625413
vn -0.000002 1.000000 -0.000000
vn 0.000000 1.000000 -0.000000
vn -0.854329 0.466604 0.228917
vn -0.765972 0.466603 0.442232
vn 0.000000 1.000000 -0.000000
vn 0.000005 1.000000 -0.000000
vn -0.884464 0.466608 -0.000000
vn -0.854329 0.466604 0.228917
vn 0.000005 1.000000 -0.000000
vn 0.000000 1.000000 -0.000000
vn -0.854329 0.466604 -0.228917
vn -0.884464 0.466608 -0.000000
vn 0.000000 1.000000 -0.000000
vn -0.000002 1.000000 -0.000000
vn -0.765972 0.466603 -0.442232
vn -0.854329 0.466604 -0.228917
vn -0.000002 1.000000 -0.000000
vn 0.000000 1.000000 0.000000
vn -0.625412 0.466605 -0.625412
vn -0.765972 0.466603 -0.442232
vn 0.000000 1.000000 0.000000
vn -0.000001 1.000000 0.000000
vn -0.442235 0.466604 -0.765969
vn -0.625412 0.466605 -0.625412
vn -0.000001 1.000000 0.000000
vn -0.000001 1.000000 0.000000
vn -0.228918 0.466604 -0.854329
vn -0.442235 0.466604 -0.765969
vn -0.000001 1.000000 0.000000
vn -0.000000 1.000000 0.000000
vn -0.000001 0.466603 -0.884467
vn -0.228918 0.466604 -0.854329
vn -0.000000 1.000000 0.000000
vn 0.000001 1.000000 0.000000
vn 0.228918 0.466604 -0.854329
vn -0.000001 0.466603 -0.884467
vn 0.000001 1.000000 0.000000
vn -0.000001 1.000000 0.000000
vn 0.442231 0.466605 -0.765971
vn 0.228918 0.466604 -0.854329
vn -0.000001 1.000000 0.000000
vn -0.000002 1.000000 0.000000
vn 0.625409 0.466606 -0.625414
vn 0.442231 0.466605 -0.765971
vn -0.000002 1.000000 0.000000
vn 0.000002 1.000000 -0.000000
vn 0.765972 0.466603 -0.442232
vn 0.625409 0.466606 -0.625414
vn 0.000002 1.000000 -0.000000
vn -0.000000 1.000000 -0.000000
vn 0.854329 0.466604 -0.228917
vn 0.765972 0.466603 -0.442232
vn -0.000000 1.000000 -0.000000
vn -0.000005 1.000000 -0.000000
vn 0.884464 0.466608 -0.000000
vn 0.854329 0.466604 -0.228917
vn -0.000005 1.000000 -0.000000
vn -0.000000 1.000000 -0.000000
vn 0.854329 0.466604 0.228917
vn 0.884464 0.466608 -0.000000
vn -0.000000 1.000000 -0.000000
vn 0.000002 1.000000 -0.000000
vn 0.765972 0.466603 0.442232
vn 0.854329 0.466604 0.228917
vn 0.000002 1.000000 -0.000000
vn -0.000000 1.000000 -0.000000
vn 0.625412 0.466605 0.625412
vn 0.765972 0.466603 0.442232
vn -0.000000 1.000000 -0.000000
vn 0.000001 1.000000 -0.000000
vn 0.442235 0.466605 0.765969
vn 0.625412 0.466605 0.625412
vn 0.000001 1.000000 -0.000000
vn 0.000001 1.000000 -0.000000
vn 0.228918 0.466604 0.854329
vn 0.442235 0.466605 0.765969
vn 0.000001 1.000000 -0.000000
vn 0.000000 1.000000 -0.000000
vn 0.000001 0.466604 0.884467
vn 0.228918 0.466604 0.854329
vn -0.231204 -0.449452 -0.862866
vn 0.000000 -0.449452 -0.893304
vn 0.000000 -0.324480 -0.945893
vn -0.244815 -0.324479 -0.913662
vn 0.000000 -0.449452 -0.893304
vn 0.231204 -0.449452 -0.862866
vn 0.244815 -0.324479 -0.913662
vn 0.000000 -0.324480 -0.945893
vn -0.231204 -0.449452 -0.862866
vn 0.000000 -0.449453 -0.893304
vn 0.000000 -0.324480 -0.945893
vn -0.244815 -0.324479 -0.913662
vn 0.000000 -0.449453 -0.893304
vn 0.231204 -0.449452 -0.862866
vn 0.244815 -0.324479 -0.913662
vn 0.000000 -0.324480 -0.945893
vn -0.446653 -0.449451 -0.773625
vn -0.231204 -0.449452 -0.862866
vn -0.244815 -0.324479 -0.913662
vn -0.472947 -0.324479 -0.819167
vn -0.446653 -0.449451 -0.773625
vn -0.231204 -0.449452 -0.862866
vn -0.244815 -0.324479 -0.913662
vn -0.472947 -0.324479 -0.819167
vn -0.472947 0.324479 -0.819167
vn -0.244815 0.324479 -0.913662
vn -0.231204 0.449452 -0.862866
vn -0.446653 0.449451 -0.773625
vn -0.631662 -0.449452 -0.631662
vn -0.446653 -0.449451 -0.773625
vn -0.472947 -0.324479 -0.819167
vn -0.668847 -0.324480 -0.668847
vn -0.472946 0.324479 -0.819167
vn -0.244815 0.324479 -0.913662
vn -0.231204 0.449451 -0.862866
vn -0.446653 0.449451 -0.773625
vn -0.631662 -0.449452 -0.631661
vn -0.446653 -0.449451 -0.773625
vn -0.472947 -0.324479 -0.819167
vn -0.668848 -0.324479 -0.668847
vn -0.668848 0.324479 -0.668847
vn -0.472947 0.324479 -0.819167
vn -0.446653 0.449451 -0.773625
vn -0.631662 0.449452 -0.631662
vn -0.773624 -0.449452 -0.446652
vn -0.631662 -0.449452 -0.631662
vn -0.668847 -0.324480 -0.668847
vn -0.819167 -0.324480 -0.472947
vn -0.668847 0.324479 -0.668847
vn -0.472946 0.324479 -0.819167
vn -0.446653 0.449451 -0.773625
vn -0.631662 0.449452 -0.631662
vn -0.773625 -0.449452 -0.446652
vn -0.631662 -0.449452 -0.631661
vn -0.668848 -0.324479 -0.668847
vn -0.819167 -0.324480 -0.472946
vn -0.819167 0.324479 -0.472946
vn -0.668848 0.324479 -0.668847
vn -0.631662 0.449452 -0.631662
vn -0.773624 0.449452 -0.446652
vn -0.862866 -0.449452 -0.231204
vn -0.773624 -0.449452 -0.446652
vn -0.819167 -0.324480 -0.472947
vn -0.913662 -0.324479 -0.244815
vn -0.819167 0.324480 -0.472946
vn -0.668847 0.324479 -0.668847
vn -0.631662 0.449452 -0.631662
vn -0.773624 0.449452 -0.446653
vn -0.862866 -0.449452 -0.231204
vn -0.773625 -0.449452 -0.446652
vn -0.819167 -0.324480 -0.472946
vn -0.913662 -0.324480 -0.244815
vn -0.913662 0.324480 -0.244815
vn -0.819167 0.324479 -0.472946
vn -0.773624 0.449452 -0.446652
vn -0.862866 0.449452 -0.231204
vn -0.893305 -0.449451 0.000000
vn -0.862866 -0.449452 -0.231204
vn -0.913662 -0.324479 -0.244815
vn -0.945893 -0.324479 0.000000
vn -0.913662 0.324480 -0.244815
vn -0.819167 0.324480 -0.472946
vn -0.773624 0.449452 -0.446653
vn -0.862866 0.449452 -0.231204
vn -0.893304 -0.449453 0.000000
vn -0.862866 -0.449452 -0.231204
vn -0.913662 -0.324480 -0.244815
vn -0.945893 -0.324480 0.000000
vn -0.945893 0.324480 -0.000000
vn -0.913662 0.324480 -0.244815
vn -0.862866 0.449452 -0.231204
vn -0.893304 0.449453 -0.000000
vn -0.862866 -0.449452 0.231205
vn -0.893305 -0.449451 0.000000
vn -0.945893 -0.324479 0.000000
vn -0.913662 -0.324479 0.244815
vn -0.945893 0.324479 -0.000000
vn -0.913662 0.324480 -0.244815
vn -0.862866 0.449452 -0.231204
vn -0.893305 0.449452 -0.000000
vn -0.862866 -0.449452 0.231204
vn -0.893304 -0.449453 0.000000
vn -0.945893 -0.324480 0.000000
vn -0.913662 -0.324480 0.244815
vn -0.913662 0.324480 0.244815
vn -0.945893 0.324480 -0.000000
vn -0.893304 0.449453 -0.000000
vn -0.862866 0.449452 0.231204
vn -0.773624 -0.449452 0.446653
vn -0.862866 -0.449452 0.231205
vn -0.913662 -0.324479 0.244815
vn -0.819167 -0.324480 0.472947
vn -0.913662 0.324480 0.244815
vn -0.945893 0.324479 -0.000000
vn -0.893305 0.449452 -0.000000
vn -0.862866 0.449452 0.231204
vn -0.773625 -0.449452 0.446652
vn -0.862866 -0.449452 0.231204
vn -0.913662 -0.324480 0.244815
vn -0.819167 -0.324479 0.472946
vn -0.819167 0.324479 0.472946
vn -0.913662 0.324480 0.244815
vn -0.862866 0.449452 0.231204
vn -0.773624 0.449452 0.446652
vn -0.631662 -0.449451 0.631662
vn -0.773624 -0.449452 0.446653
vn -0.819167 -0.324480 0.472947
vn -0.668847 -0.324479 0.668847
vn -0.819167 0.324480 0.472946
vn -0.913662 0.324480 0.244815
vn -0.862866 0.449452 0.231204
vn -0.773624 0.449452 0.446652
vn -0.631662 -0.449452 0.631662
vn -0.773625 -0.449452 0.446652
vn -0.819167 -0.324479 0.472946
vn -0.668847 -0.324479 0.668847
vn -0.668847 0.324479 0.668847
vn -0.819167 0.324479 0.472946
vn -0.773624 0.449452 0.446652
vn -0.631662 0.449452 0.631662
vn -0.446653 -0.449451 0.773625
vn -0.631662 -0.449451 0.631662
vn -0.668847 -0.324479 0.668847
vn -0.472946 -0.324479 0.819167
vn -0.668847 0.324479 0.668847
vn -0.819167 0.324480 0.472946
vn -0.773624 0.449452 0.446652
vn -0.631662 0.449452 0.631662
vn -0.446653 -0.449451 0.773625
vn -0.631662 -0.449452 0.631662
vn -0.668847 -0.324479 0.668847
vn -0.472946 -0.324479 0.819167
vn -0.472946 0.324479 0.819167
vn -0.668847 0.324479 0.668847
vn -0.631662 0.449452 0.631662
vn -0.446652 0.449452 0.773625
vn -0.231204 -0.449451 0.862866
vn -0.446653 -0.449451 0.773625
vn -0.472946 -0.324479 0.819167
vn -0.244815 -0.324479 0.913662
vn -0.472947 0.324479 0.819167
vn -0.668847 0.324479 0.668847
vn -0.631662 0.449452 0.631662
vn -0.446653 0.449451 0.773625
vn -0.231204 -0.449452 0.862866
vn -0.446653 -0.449451 0.773625
vn -0.472946 -0.324479 0.819167
vn -0.244815 -0.324479 0.913662
vn -0.244815 0.324479 0.913662
vn -0.472946 0.324479 0.819167
vn -0.446652 0.449452 0.773625
vn -0.231204 0.449452 0.862866
vn 0.000000 -0.449452 0.893305
vn -0.231204 -0.449451 0.862866
vn -0.244815 -0.324479 0.913662
vn 0.000000 -0.324479 0.945893
vn -0.244815 0.324479 0.913662
vn -0.472947 0.324479 0.819167
vn -0.446653 0.449451 0.773625
vn -0.231204 0.449452 0.862866
vn 0.000000 -0.449452 0.893304
vn -0.231204 -0.449452 0.862866
vn -0.244815 -0.324479 0.913662
vn 0.000000 -0.324480 0.945893
vn 0.000000 0.324480 0.945893
vn -0.244815 0.324479 0.913662
vn -0.231204 0.449452 0.862866
vn 0.000000 0.449453 0.893304
vn 0.231204 -0.449451 0.862866
vn 0.000000 -0.449452 0.893305
vn 0.000000 -0.324479 0.945893
vn 0.244815 -0.324479 0.913662
vn 0.000000 0.324480 0.945893
vn -0.244815 0.324479 0.913662
vn -0.231204 0.449452 0.862866
vn 0.000000 0.449452 0.893304
vn 0.231204 -0.449452 0.862866
vn 0.000000 -0.449452 0.893304
vn 0.000000 -0.324480 0.945893
vn 0.244815 -0.324479 0.913662
vn 0.244815 0.324479 0.913662
vn 0.000000 0.324480 0.945893
vn 0.000000 0.449453 0.893304
vn 0.231204 0.449452 0.862866
vn 0.446653 -0.449451 0.773625
vn 0.231204 -0.449451 0.862866
vn 0.244815 -0.324479 0.913662
vn 0.472946 -0.324479 0.819167
vn 0.244815 0.324479 0.913662
vn 0.000000 0.324480 0.945893
vn 0.000000 0.449452 0.893304
vn 0.231204 0.449452 0.862866
vn 0.446653 -0.449451 0.773625
vn 0.231204 -0.449452 0.862866
vn 0.244815 -0.324479 0.913662
vn 0.472947 -0.324479 0.819167
vn 0.472947 0.324479 0.819167
vn 0.244815 0.324479 0.913662
vn 0.231204 0.449452 0.862866
vn 0.446653 0.449452 0.773625
vn 0.631662 -0.449452 0.631662
vn 0.446653 -0.449451 0.773625
vn 0.472946 -0.324479 0.819167
vn 0.668847 -0.324479 0.668847
vn 0.472947 0.324479 0.819167
vn 0.244815 0.324479 0.913662
vn 0.231204 0.449452 0.862866
vn 0.446653 0.449451 0.773625
vn 0.631662 -0.449452 0.631661
vn 0.446653 -0.449451 0.773625
vn 0.472947 -0.324479 0.819167
vn 0.668848 -0.324479 0.668847
vn 0.668848 0.324479 0.668847
vn 0.472947 0.324479 0.819167
vn 0.446653 0.449452 0.773625
vn 0.631662 0.449452 0.631661
vn 0.773624 -0.449452 0.446653
vn 0.631662 -0.449452 0.631662
vn 0.668847 -0.324479 0.668847
vn 0.819167 -0.324480 0.472947
vn 0.668847 0.324479 0.668847
vn 0.472947 0.324479 0.819167
vn 0.446653 0.449451 0.773625
vn 0.631662 0.449452 0.631662
vn 0.773625 -0.449452 0.446652
vn 0.631662 -0.449452 0.631661
vn 0.668848 -0.324479 0.668847
vn 0.819167 -0.324479 0.472946
vn 0.819167 0.324479 0.472946
vn 0.668848 0.324479 0.668847
vn 0.631662 0.449452 0.631661
vn 0.773624 0.449452 0.446652
vn 0.862866 -0.449452 0.231205
vn 0.773624 -0.449452 0.446653
vn 0.819167 -0.324480 0.472947
vn 0.913662 -0.324479 0.244815
vn 0.819167 0.324480 0.472946
vn 0.668847 0.324479 0.668847
vn 0.631662 0.449452 0.631662
vn 0.773624 0.449452 0.446652
vn 0.862866 -0.449452 0.231204
vn 0.773625 -0.449452 0.446652
vn 0.819167 -0.324479 0.472946
vn 0.913662 -0.324480 0.244815
vn 0.913662 0.324480 0.244815
vn 0.819167 0.324479 0.472946
vn 0.773624 0.449452 0.446652
vn 0.862866 0.449452 0.231204
vn 0.893305 -0.449451 0.000000
vn 0.862866 -0.449452 0.231205
vn 0.913662 -0.324479 0.244815
vn 0.945893 -0.324479 0.000000
vn 0.913662 0.324480 0.244815
vn 0.819167 0.324480 0.472946
vn 0.773624 0.449452 0.446652
vn 0.862866 0.449452 0.231204
vn 0.893304 -0.449453 0.000000
vn 0.862866 -0.449452 0.231204
vn 0.913662 -0.324480 0.244815
vn 0.945893 -0.324480 0.000000
vn 0.945893 0.324480 -0.000000
vn 0.913662 0.324480 0.244815
vn 0.862866 0.449452 0.231204
vn 0.893304 0.449453 -0.000000
vn 0.862866 -0.449452 -0.231204
vn 0.893305 -0.449451 0.000000
vn 0.945893 -0.324479 0.000000
vn 0.913662 -0.324479 -0.244815
vn 0.945893 0.324479 -0.000000
vn 0.913662 0.324480 0.244815
vn 0.862866 0.449452 0.231204
vn 0.893305 0.449452 -0.000000
vn 0.862866 -0.449452 -0.231204
vn 0.893304 -0.449453 0.000000
vn 0.945893 -0.324480 0.000000
vn 0.913662 -0.324480 -0.244815
vn 0.913662 0.324480 -0.244815
vn 0.945893 0.324480 -0.000000
vn 0.893304 0.449453 -0.000000
vn 0.862866 0.449452 -0.231204
vn 0.773624 -0.449452 -0.446653
vn 0.862866 -0.449452 -0.231204
vn 0.913662 -0.324479 -0.244815
vn 0.819167 -0.324480 -0.472947
vn 0.913662 0.324480 -0.244815
vn 0.945893 0.324479 -0.000000
vn 0.893305 0.449452 -0.000000
vn 0.862866 0.449452 -0.231204
vn 0.773625 -0.449452 -0.446652
vn 0.862866 -0.449452 -0.231204
vn 0.913662 -0.324480 -0.244815
vn 0.819167 -0.324480 -0.472946
vn 0.819167 0.324479 -0.472946
vn 0.913662 0.324480 -0.244815
vn 0.862866 0.449452 -0.231204
vn 0.773624 0.449452 -0.446652
vn 0.631662 -0.449452 -0.631662
vn 0.773624 -0.449452 -0.446653
vn 0.819167 -0.324480 -0.472947
vn 0.668847 -0.324479 -0.668847
vn 0.819167 0.324479 -0.472946
vn 0.913662 0.324480 -0.244815
vn 0.862866 0.449452 -0.231204
vn 0.773624 0.449452 -0.446653
vn 0.631662 -0.449452 -0.631662
vn 0.773625 -0.449452 -0.446652
vn 0.819167 -0.324480 -0.472946
vn 0.668847 -0.324479 -0.668847
vn 0.668847 0.324479 -0.668847
vn 0.819167 0.324479 -0.472946
vn 0.773624 0.449452 -0.446652
vn 0.631662 0.449452 -0.631662
vn 0.446653 -0.449451 -0.773625
vn 0.631662 -0.449452 -0.631662
vn 0.668847 -0.324479 -0.668847
vn 0.472946 -0.324479 -0.819167
vn 0.668847 0.324479 -0.668847
vn 0.819167 0.324479 -0.472946
vn 0.773624 0.449452 -0.446653
vn 0.631662 0.449451 -0.631662
vn 0.446653 -0.449451 -0.773625
vn 0.631662 -0.449452 -0.631662
vn 0.668847 -0.324479 -0.668847
vn 0.472946 -0.324479 -0.819167
vn 0.472946 0.324479 -0.819167
vn 0.668847 0.324479 -0.668847
vn 0.631662 0.449452 -0.631662
vn 0.446652 0.449451 -0.773625
vn 0.231204 -0.449452 -0.862866
vn 0.446653 -0.449451 -0.773625
vn 0.472946 -0.324479 -0.819167
vn 0.244815 -0.324479 -0.913662
vn 0.472946 0.324479 -0.819167
vn 0.668847 0.324479 -0.668847
vn 0.631662 0.449451 -0.631662
vn 0.446653 0.449451 -0.773625
vn 0.231204 -0.449452 -0.862866
vn 0.446653 -0.449451 -0.773625
vn 0.472946 -0.324479 -0.819167
vn 0.244815 -0.324479 -0.913662
vn 0.244815 0.324479 -0.913662
vn 0.472946 0.324479 -0.819167
vn 0.446652 0.449451 -0.773625
vn 0.231204 0.449452 -0.862866
vn -0.244815 0.324479 -0.913662
vn 0.000000 0.324480 -0.945893
vn -0.000000 0.449453 -0.893304
vn -0.231204 0.449452 -0.862866
vn -0.000000 0.324479 -0.945893
vn 0.244815 0.324479 -0.913662
vn 0.231204 0.449451 -0.862866
vn -0.000000 0.449452 -0.893304
vn -0.244815 0.324479 -0.913662
vn -0.000000 0.324479 -0.945893
vn -0.000000 0.449452 -0.893304
vn -0.231204 0.449451 -0.862866
vn 0.244815 0.324479 -0.913662
vn 0.472946 0.324479 -0.819167
vn 0.446653 0.449451 -0.773625
vn 0.231204 0.449451 -0.862866
vn 0.000000 0.499864 -0.866104
vn 0.000000 -0.324480 -0.945893
vn 0.244815 -0.324479 -0.913662
vn 0.224164 0.499864 -0.836592
vn 0.000000 -0.449452 -0.893304
vn -0.231204 -0.449452 -0.862866
vn -0.258819 0.000000 -0.965926
vn -0.000000 0.000000 -1.000000
vn -0.000000 0.000000 -1.000000
vn -0.258819 0.000000 -0.965926
vn -0.231204 0.449452 -0.862866
vn -0.000000 0.449453 -0.893304
vn 0.000000 -0.449453 -0.893304
vn -0.231204 -0.449452 -0.862866
vn -0.258819 -0.000000 -0.965926
vn -0.000000 -0.000000 -1.000000
vn -0.000000 -0.000000 -1.000000
vn -0.258819 -0.000000 -0.965926
vn -0.231204 0.449451 -0.862866
vn -0.000000 0.449452 -0.893304
vn -0.231204 -0.449452 -0.862866
vn -0.446653 -0.449451 -0.773625
vn -0.500000 0.000000 -0.866025
vn -0.258819 0.000000 -0.965926
vn -0.258819 0.000000 -0.965926
vn -0.500000 0.000000 -0.866025
vn -0.446653 0.449451 -0.773625
vn -0.231204 0.449452 -0.862866
vn -0.231204 -0.449452 -0.862866
vn -0.446653 -0.449451 -0.773625
vn -0.500000 -0.000000 -0.866025
vn -0.258819 -0.000000 -0.965926
vn -0.258819 -0.000000 -0.965926
vn -0.500000 -0.000000 -0.866025
vn -0.446653 0.449451 -0.773625
vn -0.231204 0.449451 -0.862866
vn -0.446653 -0.449451 -0.773625
vn -0.631662 -0.449452 -0.631662
vn -0.707107 0.000000 -0.707107
vn -0.500000 0.000000 -0.866025
vn -0.500000 0.000000 -0.866025
vn -0.707107 0.000000 -0.707107
vn -0.631662 0.449452 -0.631662
vn -0.446653 0.449451 -0.773625
vn -0.446653 -0.449451 -0.773625
vn -0.631662 -0.449452 -0.631661
vn -0.707107 -0.000000 -0.707107
vn -0.500000 -0.000000 -0.866025
vn -0.500000 -0.000000 -0.866025
vn -0.707107 -0.000000 -0.707107
vn -0.631662 0.449452 -0.631662
vn -0.446653 0.449451 -0.773625
vn -0.631662 -0.449452 -0.631662
vn -0.773624 -0.449452 -0.446652
vn -0.866025 0.000001 -0.500000
vn -0.707107 0.000000 -0.707107
vn -0.707107 0.000000 -0.707107
vn -0.866025 0.000001 -0.500000
vn -0.773624 0.449452 -0.446652
vn -0.631662 0.449452 -0.631662
vn -0.631662 -0.449452 -0.631661
vn -0.773625 -0.449452 -0.446652
vn -0.866025 -0.000000 -0.500000
vn -0.707107 -0.000000 -0.707107
vn -0.707107 -0.000000 -0.707107
vn -0.866025 -0.000000 -0.500000
vn -0.773624 0.449452 -0.446653
vn -0.631662 0.449452 -0.631662
vn -0.773624 -0.449452 -0.446652
vn -0.862866 -0.449452 -0.231204
vn -0.965926 0.000000 -0.258819
vn -0.866025 0.000001 -0.500000
vn -0.866025 0.000001 -0.500000
vn -0.965926 0.000000 -0.258819
vn -0.862866 0.449452 -0.231204
vn -0.773624 0.449452 -0.446652
vn -0.773625 -0.449452 -0.446652
vn -0.862866 -0.449452 -0.231204
vn -0.965926 -0.000000 -0.258819
vn -0.866025 -0.000000 -0.500000
vn -0.866025 -0.000000 -0.500000
vn -0.965926 -0.000000 -0.258819
vn -0.862866 0.449452 -0.231204
vn -0.773624 0.449452 -0.446653
vn -0.862866 -0.449452 -0.231204
vn -0.893305 -0.449451 0.000000
vn -1.000000 0.000000 -0.000000
vn -0.965926 0.000000 -0.258819
vn -0.965926 0.000000 -0.258819
vn -1.000000 0.000000 -0.000000
vn -0.893304 0.449453 -0.000000
vn -0.862866 0.449452 -0.231204
vn -0.862866 -0.449452 -0.231204
vn -0.893304 -0.449453 0.000000
vn -1.000000 -0.000000 -0.000000
vn -0.965926 -0.000000 -0.258819
vn -0.965926 -0.000000 -0.258819
vn -1.000000 -0.000000 -0.000000
vn -0.893305 0.449452 -0.000000
vn -0.862866 0.449452 -0.231204
vn -0.893305 -0.449451 0.000000
vn -0.862866 -0.449452 0.231205
vn -0.965926 0.000000 0.258819
vn -1.000000 0.000000 -0.000000
vn -1.000000 0.000000 -0.000000
vn -0.965926 0.000000 0.258819
vn -0.862866 0.449452 0.231204
vn -0.893304 0.449453 -0.000000
vn -0.893304 -0.449453 0.000000
vn -0.862866 -0.449452 0.231204
vn -0.965926 0.000000 0.258819
vn -1.000000 -0.000000 -0.000000
vn -1.000000 -0.000000 -0.000000
vn -0.965926 0.000000 0.258819
vn -0.862866 0.449452 0.231204
vn -0.893305 0.449452 -0.000000
vn -0.862866 -0.449452 0.231205
vn -0.773624 -0.449452 0.446653
vn -0.866025 0.000001 0.500000
vn -0.965926 0.000000 0.258819
vn -0.965926 0.000000 0.258819
vn -0.866025 0.000001 0.500000
vn -0.773624 0.449452 0.446652
vn -0.862866 0.449452 0.231204
vn -0.862866 -0.449452 0.231204
vn -0.773625 -0.449452 0.446652
vn -0.866025 0.000000 0.500000
vn -0.965926 0.000000 0.258819
vn -0.965926 0.000000 0.258819
vn -0.866025 0.000000 0.500000
vn -0.773624 0.449452 0.446652
vn -0.862866 0.449452 0.231204
vn -0.773624 -0.449452 0.446653
vn -0.631662 -0.449451 0.631662
vn -0.707107 0.000001 0.707107
vn -0.866025 0.000001 0.500000
vn -0.866025 0.000001 0.500000
vn -0.707107 0.000001 0.707107
vn -0.631662 0.449452 0.631662
vn -0.773624 0.449452 0.446652
vn -0.773625 -0.449452 0.446652
vn -0.631662 -0.449452 0.631662
vn -0.707107 0.000000 0.707107
vn -0.866025 0.000000 0.500000
vn -0.866025 0.000000 0.500000
vn -0.707107 0.000000 0.707107
vn -0.631662 0.449452 0.631662
vn -0.773624 0.449452 0.446652
vn -0.631662 -0.449451 0.631662
vn -0.446653 -0.449451 0.773625
vn -0.500000 0.000001 0.866025
vn -0.707107 0.000001 0.707107
vn -0.707107 0.000001 0.707107
vn -0.500000 0.000001 0.866025
vn -0.446652 0.449452 0.773625
vn -0.631662 0.449452 0.631662
vn -0.631662 -0.449452 0.631662
vn -0.446653 -0.449451 0.773625
vn -0.500000 0.000000 0.866025
vn -0.707107 0.000000 0.707107
vn -0.707107 0.000000 0.707107
vn -0.500000 0.000000 0.866025
vn -0.446653 0.449451 0.773625
vn -0.631662 0.449452 0.631662
vn -0.446653 -0.449451 0.773625
vn -0.231204 -0.449451 0.862866
vn -0.258819 0.000001 0.965926
vn -0.500000 0.000001 0.866025
vn -0.500000 0.000001 0.866025
vn -0.258819 0.000001 0.965926
vn -0.231204 0.449452 0.862866
vn -0.446652 0.449452 0.773625
vn -0.446653 -0.449451 0.773625
vn -0.231204 -0.449452 0.862866
vn -0.258819 0.000000 0.965926
vn -0.500000 0.000000 0.866025
vn -0.500000 0.000000 0.866025
vn -0.258819 0.000000 0.965926
vn -0.231204 0.449452 0.862866
vn -0.446653 0.449451 0.773625
vn -0.231204 -0.449451 0.862866
vn 0.000000 -0.449452 0.893305
vn 0.000000 0.000001 1.000000
vn -0.258819 0.000001 0.965926
vn -0.258819 0.000001 0.965926
vn 0.000000 0.000001 1.000000
vn 0.000000 0.449453 0.893304
vn -0.231204 0.449452 0.862866
vn -0.231204 -0.449452 0.862866
vn 0.000000 -0.449452 0.893304
vn -0.000000 0.000000 1.000000
vn -0.258819 0.000000 0.965926
vn -0.258819 0.000000 0.965926
vn -0.000000 0.000000 1.000000
vn 0.000000 0.449452 0.893304
vn -0.231204 0.449452 0.862866
vn 0.000000 -0.449452 0.893305
vn 0.231204 -0.449451 0.862866
vn 0.258819 0.000001 0.965926
vn 0.000000 0.000001 1.000000
vn 0.000000 0.000001 1.000000
vn 0.258819 0.000001 0.965926
vn 0.231204 0.449452 0.862866
vn 0.000000 0.449453 0.893304
vn 0.000000 -0.449452 0.893304
vn 0.231204 -0.449452 0.862866
vn 0.258819 0.000000 0.965926
vn -0.000000 0.000000 1.000000
vn -0.000000 0.000000 1.000000
vn 0.258819 0.000000 0.965926
vn 0.231204 0.449452 0.862866
vn 0.000000 0.449452 0.893304
vn 0.231204 -0.449451 0.862866
vn 0.446653 -0.449451 0.773625
vn 0.500000 0.000001 0.866025
vn 0.258819 0.000001 0.965926
vn 0.258819 0.000001 0.965926
vn 0.500000 0.000001 0.866025
vn 0.446653 0.449452 0.773625
vn 0.231204 0.449452 0.862866
vn 0.231204 -0.449452 0.862866
vn 0.446653 -0.449451 0.773625
vn 0.500000 0.000000 0.866025
vn 0.258819 0.000000 0.965926
vn 0.258819 0.000000 0.965926
vn 0.500000 0.000000 0.866025
vn 0.446653 0.449451 0.773625
vn 0.231204 0.449452 0.862866
vn 0.446653 -0.449451 0.773625
vn 0.631662 -0.449452 0.631662
vn 0.707107 0.000001 0.707107
vn 0.500000 0.000001 0.866025
vn 0.500000 0.000001 0.866025
vn 0.707107 0.000001 0.707107
vn 0.631662 0.449452 0.631661
vn 0.446653 0.449452 0.773625
vn 0.446653 -0.449451 0.773625
vn 0.631662 -0.449452 0.631661
vn 0.707107 0.000000 0.707107
vn 0.500000 0.000000 0.866025
vn 0.500000 0.000000 0.866025
vn 0.707107 0.000000 0.707107
vn 0.631662 0.449452 0.631662
vn 0.446653 0.449451 0.773625
vn 0.631662 -0.449452 0.631662
vn 0.773624 -0.449452 0.446653
vn 0.866025 0.000001 0.500000
vn 0.707107 0.000001 0.707107
vn 0.707107 0.000001 0.707107
vn 0.866025 0.000001 0.500000
vn 0.773624 0.449452 0.446652
vn 0.631662 0.449452 0.631661
vn 0.631662 -0.449452 0.631661
vn 0.773625 -0.449452 0.446652
vn 0.866025 0.000000 0.500000
vn 0.707107 0.000000 0.707107
vn 0.707107 0.000000 0.707107
vn 0.866025 0.000000 0.500000
vn 0.773624 0.449452 0.446652
vn 0.631662 0.449452 0.631662
vn 0.773624 -0.449452 0.446653
vn 0.862866 -0.449452 0.231205
vn 0.965926 0.000000 0.258819
vn 0.866025 0.000001 0.500000
vn 0.866025 0.000001 0.500000
vn 0.965926 0.000000 0.258819
vn 0.862866 0.449452 0.231204
vn 0.773624 0.449452 0.446652
vn 0.773625 -0.449452 0.446652
vn 0.862866 -0.449452 0.231204
vn 0.965926 0.000000 0.258819
vn 0.866025 0.000000 0.500000
vn 0.866025 0.000000 0.500000
vn 0.965926 0.000000 0.258819
vn 0.862866 0.449452 0.231204
vn 0.773624 0.449452 0.446652
vn 0.862866 -0.449452 0.231205
vn 0.893305 -0.449451 0.000000
vn 1.000000 0.000000 -0.000000
vn 0.965926 0.000000 0.258819
vn 0.965926 0.000000 0.258819
vn 1.000000 0.000000 -0.000000
vn 0.893304 0.449453 -0.000000
vn 0.862866 0.449452 0.231204
vn 0.862866 -0.449452 0.231204
vn 0.893304 -0.449453 0.000000
vn 1.000000 -0.000000 0.000000
vn 0.965926 0.000000 0.258819
vn 0.965926 0.000000 0.258819
vn 1.000000 -0.000000 0.000000
vn 0.893305 0.449452 -0.000000
vn 0.862866 0.449452 0.231204
vn 0.893305 -0.449451 0.000000
vn 0.862866 -0.449452 -0.231204
vn 0.965926 0.000000 -0.258819
vn 1.000000 0.000000 -0.000000
vn 1.000000 0.000000 -0.000000
vn 0.965926 0.000000 -0.258819
vn 0.862866 0.449452 -0.231204
vn 0.893304 0.449453 -0.000000
vn 0.893304 -0.449453 0.000000
vn 0.862866 -0.449452 -0.231204
vn 0.965926 -0.000000 -0.258819
vn 1.000000 -0.000000 0.000000
vn 1.000000 -0.000000 0.000000
vn 0.965926 -0.000000 -0.258819
vn 0.862866 0.449452 -0.231204
vn 0.893305 0.449452 -0.000000
vn 0.862866 -0.449452 -0.231204
vn 0.773624 -0.449452 -0.446653
vn 0.866025 0.000000 -0.500000
vn 0.965926 0.000000 -0.258819
vn 0.965926 0.000000 -0.258819
vn 0.866025 0.000000 -0.500000
vn 0.773624 0.449452 -0.446652
vn 0.862866 0.449452 -0.231204
vn 0.862866 -0.449452 -0.231204
vn 0.773625 -0.449452 -0.446652
vn 0.866025 -0.000000 -0.500000
vn 0.965926 -0.000000 -0.258819
vn 0.965926 -0.000000 -0.258819
vn 0.866025 -0.000000 -0.500000
vn 0.773624 0.449452 -0.446653
vn 0.862866 0.449452 -0.231204
vn 0.773624 -0.449452 -0.446653
vn 0.631662 -0.449452 -0.631662
vn 0.707107 0.000000 -0.707107
vn 0.866025 0.000000 -0.500000
vn 0.866025 0.000000 -0.500000
vn 0.707107 0.000000 -0.707107
vn 0.631662 0.449452 -0.631662
vn 0.773624 0.449452 -0.446652
vn 0.773625 -0.449452 -0.446652
vn 0.631662 -0.449452 -0.631662
vn 0.707107 -0.000000 -0.707107
vn 0.866025 -0.000000 -0.500000
vn 0.866025 -0.000000 -0.500000
vn 0.707107 -0.000000 -0.707107
vn 0.631662 0.449451 -0.631662
vn 0.773624 0.449452 -0.446653
vn 0.631662 -0.449452 -0.631662
vn 0.446653 -0.449451 -0.773625
vn 0.500000 0.000000 -0.866025
vn 0.707107 0.000000 -0.707107
vn 0.707107 0.000000 -0.707107
vn 0.500000 0.000000 -0.866025
vn 0.446652 0.449451 -0.773625
vn 0.631662 0.449452 -0.631662
vn 0.631662 -0.449452 -0.631662
vn 0.446653 -0.449451 -0.773625
vn 0.500000 -0.000000 -0.866025
vn 0.707107 -0.000000 -0.707107
vn 0.707107 -0.000000 -0.707107
vn 0.500000 -0.000000 -0.866025
vn 0.446653 0.449451 -0.773625
vn 0.631662 0.449451 -0.631662
vn 0.446653 -0.449451 -0.773625
vn 0.231204 -0.449452 -0.862866
vn 0.258819 0.000000 -0.965926
vn 0.500000 0.000000 -0.866025
vn 0.500000 0.000000 -0.866025
vn 0.258819 0.000000 -0.965926
vn 0.231204 0.449452 -0.862866
vn 0.446652 0.449451 -0.773625
vn 0.446653 -0.449451 -0.773625
vn 0.231204 -0.449452 -0.862866
vn 0.258819 -0.000000 -0.965926
vn 0.500000 -0.000000 -0.866025
vn 0.500000 -0.000000 -0.866025
vn 0.258819 -0.000000 -0.965926
vn 0.231204 0.449451 -0.862866
vn 0.446653 0.449451 -0.773625
vn 0.231204 -0.449452 -0.862866
vn 0.000000 -0.449452 -0.893304
vn -0.000000 0.000000 -1.000000
vn 0.258819 0.000000 -0.965926
vn 0.258819 0.000000 -0.965926
vn -0.000000 0.000000 -1.000000
vn -0.000000 0.449453 -0.893304
vn 0.231204 0.449452 -0.862866
vn 0.231204 -0.449452 -0.862866
vn 0.000000 -0.449453 -0.893304
vn -0.000000 -0.000000 -1.000000
vn 0.258819 -0.000000 -0.965926
vn 0.258819 -0.000000 -0.965926
vn -0.000000 -0.000000 -1.000000
vn -0.000000 0.449452 -0.893304
vn 0.231204 0.449451 -0.862866
vn 0.000000 0.324480 -0.945893
vn 0.244815 0.324479 -0.913662
vn 0.231204 0.449452 -0.862866
vn -0.000000 0.449453 -0.893304
vn -0.000000 1.000000 -0.000000
vn -0.000001 1.000000 -0.000000
vn 0.000000 1.000000 -0.000000
vn -0.000000 1.000000 -0.000000
vn 0.000001 1.000000 -0.000000
vn -0.000001 1.000000 -0.000000
vn -0.000000 1.000000 -0.000000
vn 0.000002 1.000000 -0.000000
vn 0.000001 1.000000 -0.000000
vn -0.000000 1.000000 -0.000000
vn -0.000002 1.000000 -0.000000
vn 0.000002 1.000000 -0.000000
vn -0.000000 1.000000 -0.000000
vn 0.000000 1.000000 -0.000000
vn -0.000002 1.000000 -0.000000
vn -0.000000 1.000000 -0.000000
vn 0.000005 1.000000 -0.000000
vn 0.000000 1.000000 -0.000000
vn -0.000000 1.000000 -0.000000
vn 0.000000 1.000000 -0.000000
vn 0.000005 1.000000 -0.000000
vn -0.000000 1.000000 -0.000000
vn -0.000002 1.000000 -0.000000
vn 0.000000 1.000000 -0.000000
vn -0.000000 1.000000 -0.000000
vn 0.000000 1.000000 0.000000
vn -0.000002 1.000000 -0.000000
vn -0.000000 1.000000 -0.000000
vn -0.000001 1.000000 0.000000
vn 0.000000 1.000000 0.000000
vn -0.000000 1.000000 -0.000000
vn -0.000001 1.000000 0.000000
vn -0.000001 1.000000 0.000000
vn -0.000000 1.000000 -0.000000
vn -0.000000 1.000000 0.000000
vn -0.000001 1.000000 0.000000
vn -0.000000 1.000000 -0.000000
vn 0.000001 1.000000 0.000000
vn -0.000000 1.000000 0.000000
vn -0.000000 1.000000 -0.000000
vn -0.000001 1.000000 0.000000
vn 0.000001 1.000000 0.000000
vn -0.000000 1.000000 -0.000000
vn -0.000002 1.000000 0.000000
vn -0.000001 1.000000 0.000000
vn -0.000000 1.000000 -0.000000
vn 0.000002 1.000000 -0.000000
vn -0.000002 1.000000 0.000000
vn -0.000000 1.000000 -0.000000
vn -0.000000 1.000000 -0.000000
vn 0.000002 1.000000 -0.000000
vn -0.000000 1.000000 -0.000000
vn -0.000005 1.000000 -0.000000
vn -0.000000 1.000000 -0.000000
vn -0.000000 1.000000 -0.000000
vn -0.000000 1.000000 -0.000000
vn -0.000005 1.000000 -0.000000
vn -0.000000 1.000000 -0.000000
vn 0.000002 1.000000 -0.000000
vn -0.000000 1.000000 -0.000000
vn -0.000000 1.000000 -0.000000
vn -0.000000 1.000000 -0.000000
vn 0.000002 1.000000 -0.000000
vn -0.000000 1.000000 -0.000000
vn 0.000001 1.000000 -0.000000
vn -0.000000 1.000000 -0.000000
vn -0.000000 1.000000 -0.000000
vn 0.000001 1.000000 -0.000000
vn 0.000001 1.000000 -0.000000
vn -0.000000 1.000000 -0.000000
vn 0.000000 1.000000 -0.000000
vn 0.000001 1.000000 -0.000000
vn 0.889595 -0.456751 0.000000
vn 0.859286 -0.456744 0.230245
vn -0.000000 -1.000000 0.000000
vn -0.000008 -1.000000 0.000000
vn -0.859286 -0.456744 -0.230244
vn -0.770418 -0.456742 -0.444796
vn -0.000004 -1.000000 0.000000
vn 0.000000 -1.000000 0.000000
vn 0.444800 -0.456744 0.770414
vn 0.230244 -0.456744 0.859286
vn -0.000001 -1.000000 -0.000000
vn 0.000000 -1.000000 -0.000000
vn -0.230244 -0.456744 -0.859286
vn 0.000001 -0.456744 -0.889598
vn 0.000001 -1.000000 0.000000
vn 0.000001 -1.000000 0.000000
vn -0.000001 -0.456744 0.889598
vn -0.230245 -0.456744 0.859286
vn 0.000000 -1.000000 -0.000000
vn -0.000001 -1.000000 -0.000000
vn 0.629041 -0.456745 -0.629040
vn 0.770417 -0.456742 -0.444796
vn 0.000004 -1.000000 0.000000
vn -0.000000 -1.000000 0.000000
vn -0.770417 -0.456742 0.444797
vn -0.859286 -0.456744 0.230245
vn 0.000000 -1.000000 0.000000
vn -0.000004 -1.000000 0.000000
vn 0.859286 -0.456744 0.230245
vn 0.770418 -0.456742 0.444797
vn 0.000004 -1.000000 0.000000
vn -0.000000 -1.000000 0.000000
vn -0.770418 -0.456742 -0.444796
vn -0.629041 -0.456744 -0.629040
vn 0.000000 -1.000000 0.000000
vn -0.000004 -1.000000 0.000000
vn 0.230244 -0.456744 0.859286
vn -0.000001 -0.456744 0.889598
vn -0.000001 -1.000000 -0.000000
vn -0.000001 -1.000000 -0.000000
vn 0.000001 -0.456744 -0.889598
vn 0.230245 -0.456744 -0.859286
vn -0.000000 -1.000000 0.000000
vn 0.000001 -1.000000 0.000000
vn -0.230245 -0.456744 0.859286
vn -0.444800 -0.456744 0.770414
vn 0.000000 -1.000000 -0.000000
vn 0.000000 -1.000000 -0.000000
vn 0.770417 -0.456742 -0.444796
vn 0.859286 -0.456744 -0.230245
vn -0.000000 -1.000000 0.000000
vn 0.000004 -1.000000 0.000000
vn -0.859286 -0.456744 0.230245
vn -0.889595 -0.456750 0.000000
vn 0.000008 -1.000000 0.000000
vn 0.000000 -1.000000 0.000000
vn 0.770418 -0.456742 0.444797
vn 0.629041 -0.456744 0.629040
vn -0.000000 -1.000000 -0.000000
vn 0.000004 -1.000000 0.000000
vn -0.629041 -0.456744 -0.629040
vn -0.444800 -0.456745 -0.770414
vn 0.000000 -1.000000 0.000000
vn 0.000000 -1.000000 0.000000
vn 0.230245 -0.456744 -0.859286
vn 0.444800 -0.456745 -0.770414
vn 0.000000 -1.000000 0.000000
vn -0.000000 -1.000000 0.000000
vn -0.444800 -0.456744 0.770414
vn -0.629041 -0.456744 0.629040
vn 0.000000 -1.000000 -0.000000
vn 0.000000 -1.000000 -0.000000
vn 0.859286 -0.456744 -0.230245
vn 0.889595 -0.456751 0.000000
vn -0.000008 -1.000000 0.000000
vn -0.000000 -1.000000 0.000000
vn -0.889595 -0.456750 0.000000
vn -0.859286 -0.456744 -0.230244
vn 0.000000 -1.000000 0.000000
vn 0.000008 -1.000000 0.000000
vn 0.629041 -0.456744 0.629040
vn 0.444800 -0.456744 0.770414
vn 0.000000 -1.000000 -0.000000
vn -0.000000 -1.000000 -0.000000
vn -0.444800 -0.456745 -0.770414
vn -0.230244 -0.456744 -0.859286
vn 0.000001 -1.000000 0.000000
vn 0.000000 -1.000000 0.000000
vn 0.444800 -0.456745 -0.770414
vn 0.629041 -0.456745 -0.629040
vn -0.000000 -1.000000 0.000000
vn 0.000000 -1.000000 0.000000
vn -0.629041 -0.456744 0.629040
vn -0.770417 -0.456742 0.444797
vn -0.000004 -1.000000 0.000000
vn 0.000000 -1.000000 -0.000000
vn 0.000004 -1.000000 0.000000
vn -0.000000 -1.000000 0.000000
vn 0.000000 -1.000000 0.000000
vn 0.000000 -1.000000 0.000000
vn 0.000000 -1.000000 0.000000
vn 0.000000 -1.000000 0.000000
vn 0.000000 -1.000000 -0.000000
vn 0.000000 -1.000000 -0.000000
vn 0.000000 -1.000000 0.000000
vn -0.000000 -1.000000 0.000000
vn -0.000008 -1.000000 0.000000
vn 0.000000 -1.000000 0.000000
vn 0.000000 -1.000000 0.000000
vn 0.000001 -1.000000 0.000000
vn 0.000000 -1.000000 0.000000
vn 0.000000 -1.000000 -0.000000
vn -0.000004 -1.000000 0.000000
vn 0.000000 -1.000000 0.000000
vn -0.000008 -1.000000 0.000000
vn -0.000000 -1.000000 0.000000
vn 0.000000 -1.000000 0.000000
vn 0.000001 -1.000000 0.000000
vn 0.000001 -1.000000 0.000000
vn 0.000000 -1.000000 0.000000
vn -0.000004 -1.000000 0.000000
vn 0.000000 -1.000000 0.000000
vn 0.000000 -1.000000 0.000000
vn -0.000000 -1.000000 0.000000
vn 0.000004 -1.000000 0.000000
vn 0.000000 -1.000000 0.000000
vn 0.000001 -1.000000 0.000000
vn -0.000000 -1.000000 0.000000
vn 0.000000 -1.000000 0.000000
vn 0.000000 -1.000000 0.000000
vn 0.000008 -1.000000 0.000000
vn 0.000000 -1.000000 0.000000
vn 0.000004 -1.000000 0.000000
vn -0.000000 -1.000000 -0.000000
vn 0.000000 -1.000000 0.000000
vn -0.000000 -1.000000 0.000000
vn 0.000000 -1.000000 0.000000
vn 0.000000 -1.000000 0.000000
vn 0.000008 -1.000000 0.000000
vn 0.000000 -1.000000 0.000000
vn 0.000000 -1.000000 0.000000
vn -0.000000 -1.000000 -0.000000
vn 0.000000 -1.000000 -0.000000
vn 0.000000 -1.000000 0.000000
vn 0.000000 -1.000000 0.000000
vn -0.000000 -1.000000 0.000000
vn 0.000000 -1.000000 0.000000
vn 0.000000 -1.000000 0.000000
vn -0.000004 -1.000000 0.000000
vn 0.000000 -1.000000 0.000000
vn 0.000000 -1.000000 -0.000000
vn -0.000001 -1.000000 -0.000000
vn 0.000000 -1.000000 0.000000
vn -0.000001 -1.000000 -0.000000
vn 0.000000 -1.000000 -0.000000
vn 0.000000 -1.000000 0.000000
vn -0.000000 -1.000000 0.000000
vn 0.000004 -1.000000 0.000000
vn 0.000000 -1.000000 0.000000
vn -0.000004 -1.000000 0.000000
vn 0.000000 -1.000000 0.000000
vn 0.000000 -1.000000 0.000000
vn -0.000001 -1.000000 -0.000000
vn -0.000001 -1.000000 -0.000000
vn 0.000000 -1.000000 0.000000
vn 0.000000 -1.000000 -0.000000
vn 0.000000 -1.000000 -0.000000
vn 0.000000 -1.000000 0.000000
vn -0.884464 0.466608 -0.000000
vn -0.854329 0.466604 -0.228917
vn -0.935740 -0.248043 -0.250730
vn -0.968749 -0.248044 0.000000
vn 0.854329 0.466604 0.228917
vn 0.765972 0.466603 0.442232
vn 0.838961 -0.248042 0.484375
vn 0.935740 -0.248043 0.250730
vn -0.854329 0.466604 0.228917
vn -0.884464 0.466608 -0.000000
vn -0.968749 -0.248044 0.000000
vn -0.935740 -0.248043 0.250731
vn 0.884464 0.466608 -0.000000
vn 0.854329 0.466604 0.228917
vn 0.935740 -0.248043 0.250730
vn 0.968749 -0.248043 0.000000
vn -0.765972 0.466603 0.442232
vn -0.854329 0.466604 0.228917
vn -0.935740 -0.248043 0.250731
vn -0.838961 -0.248042 0.484375
vn 0.854329 0.466604 -0.228917
vn 0.884464 0.466608 -0.000000
vn 0.968749 -0.248043 0.000000
vn 0.935740 -0.248043 -0.250731
vn -0.625409 0.466606 0.625413
vn -0.765972 0.466603 0.442232
vn -0.838961 -0.248042 0.484375
vn -0.685009 -0.248042 0.685009
vn 0.765972 0.466603 -0.442232
vn 0.854329 0.466604 -0.228917
vn 0.935740 -0.248043 -0.250731
vn 0.838961 -0.248042 -0.484375
vn -0.442231 0.466605 0.765971
vn -0.625409 0.466606 0.625413
vn -0.685009 -0.248042 0.685009
vn -0.484375 -0.248042 0.838961
vn 0.625409 0.466606 -0.625414
vn 0.765972 0.466603 -0.442232
vn 0.838961 -0.248042 -0.484375
vn 0.685009 -0.248042 -0.685009
vn -0.228918 0.466604 0.854329
vn -0.442231 0.466605 0.765971
vn -0.484375 -0.248042 0.838961
vn -0.250731 -0.248043 0.935740
vn 0.442231 0.466605 -0.765971
vn 0.625409 0.466606 -0.625414
vn 0.685009 -0.248042 -0.685009
vn 0.484375 -0.248042 -0.838961
vn 0.000001 0.466604 0.884467
vn -0.228918 0.466604 0.854329
vn -0.250731 -0.248043 0.935740
vn 0.000000 -0.248044 0.968749
vn 0.228918 0.466604 -0.854329
vn 0.442231 0.466605 -0.765971
vn 0.484375 -0.248042 -0.838961
vn 0.250731 -0.248043 -0.935740
vn 0.765972 0.466603 0.442232
vn 0.625412 0.466605 0.625412
vn 0.685009 -0.248042 0.685009
vn 0.838961 -0.248042 0.484375
vn -0.854329 0.466604 -0.228917
vn -0.765972 0.466603 -0.442232
vn -0.838961 -0.248042 -0.484375
vn -0.935740 -0.248043 -0.250730
vn 0.625412 0.466605 0.625412
vn 0.442235 0.466605 0.765969
vn 0.484375 -0.248042 0.838961
vn 0.685009 -0.248042 0.685009
vn -0.765972 0.466603 -0.442232
vn -0.625412 0.466605 -0.625412
vn -0.685009 -0.248042 -0.685009
vn -0.838961 -0.248042 -0.484375
vn 0.442235 0.466605 0.765969
vn 0.228918 0.466604 0.854329
vn 0.250731 -0.248043 0.935740
vn 0.484375 -0.248042 0.838961
vn -0.625412 0.466605 -0.625412
vn -0.442235 0.466604 -0.765969
vn -0.484375 -0.248042 -0.838961
vn -0.685009 -0.248042 -0.685009
vn 0.228918 0.466604 0.854329
vn 0.000001 0.466604 0.884467
vn 0.000000 -0.248044 0.968749
vn 0.250731 -0.248043 0.935740
vn -0.442235 0.466604 -0.765969
vn -0.228918 0.466604 -0.854329
vn -0.250731 -0.248043 -0.935740
vn -0.484375 -0.248042 -0.838961
vn -0.228918 0.466604 -0.854329
vn -0.000001 0.466603 -0.884467
vn 0.000000 -0.248045 -0.968749
vn -0.250731 -0.248043 -0.935740
vn -0.000001 0.466603 -0.884467
vn 0.228918 0.466604 -0.854329
vn 0.250731 -0.248043 -0.935740
vn 0.000000 -0.248045 -0.968749
vn -0.859286 -0.456744 -0.230244
vn -0.889595 -0.456750 0.000000
vn -0.969103 0.246655 -0.000000
vn -0.936082 0.246655 -0.250822
vn 0.770418 -0.456742 0.444797
vn 0.859286 -0.456744 0.230245
vn 0.936082 0.246655 0.250823
vn 0.839268 0.246656 0.484552
vn -0.889595 -0.456750 0.000000
vn -0.859286 -0.456744 0.230245
vn -0.936082 0.246655 0.250822
vn -0.969103 0.246655 -0.000000
vn 0.859286 -0.456744 0.230245
vn 0.889595 -0.456751 0.000000
vn 0.969103 0.246655 -0.000000
vn 0.936082 0.246655 0.250823
vn -0.859286 -0.456744 0.230245
vn -0.770417 -0.456742 0.444797
vn -0.839268 0.246655 0.484552
vn -0.936082 0.246655 0.250822
vn 0.889595 -0.456751 0.000000
vn 0.859286 -0.456744 -0.230245
vn 0.936082 0.246655 -0.250823
vn 0.969103 0.246655 -0.000000
vn -0.770417 -0.456742 0.444797
vn -0.629041 -0.456744 0.629040
vn -0.685260 0.246655 0.685259
vn -0.839268 0.246655 0.484552
vn 0.859286 -0.456744 -0.230245
vn 0.770417 -0.456742 -0.444796
vn 0.839268 0.246655 -0.484552
vn 0.936082 0.246655 -0.250823
vn -0.629041 -0.456744 0.629040
vn -0.444800 -0.456744 0.770414
vn -0.484552 0.246656 0.839268
vn -0.685260 0.246655 0.685259
vn 0.770417 -0.456742 -0.444796
vn 0.629041 -0.456745 -0.629040
vn 0.685260 0.246655 -0.685259
vn 0.839268 0.246655 -0.484552
vn -0.444800 -0.456744 0.770414
vn -0.230245 -0.456744 0.859286
vn -0.250822 0.246656 0.936082
vn -0.484552 0.246656 0.839268
vn 0.629041 -0.456745 -0.629040
vn 0.444800 -0.456745 -0.770414
vn 0.484552 0.246655 -0.839268
vn 0.685260 0.246655 -0.685259
vn 0.629041 -0.456744 0.629040
vn 0.770418 -0.456742 0.444797
vn 0.839268 0.246656 0.484552
vn 0.685260 0.246656 0.685259
vn -0.770418 -0.456742 -0.444796
vn -0.859286 -0.456744 -0.230244
vn -0.936082 0.246655 -0.250822
vn -0.839268 0.246655 -0.484552
vn 0.444800 -0.456744 0.770414
vn 0.629041 -0.456744 0.629040
vn 0.685260 0.246656 0.685259
vn 0.484552 0.246656 0.839268
vn -0.629041 -0.456744 -0.629040
vn -0.770418 -0.456742 -0.444796
vn -0.839268 0.246655 -0.484552
vn -0.685260 0.246655 -0.685259
vn 0.230244 -0.456744 0.859286
vn 0.444800 -0.456744 0.770414
vn 0.484552 0.246656 0.839268
vn 0.250822 0.246656 0.936082
vn -0.444800 -0.456745 -0.770414
vn -0.629041 -0.456744 -0.629040
vn -0.685260 0.246655 -0.685259
vn -0.484552 0.246655 -0.839268
vn -0.000001 -0.456744 0.889598
vn 0.230244 -0.456744 0.859286
vn 0.250822 0.246656 0.936082
vn 0.000000 0.246656 0.969103
vn -0.230244 -0.456744 -0.859286
vn -0.444800 -0.456745 -0.770414
vn -0.484552 0.246655 -0.839268
vn -0.250822 0.246656 -0.936082
vn 0.000001 -0.456744 -0.889598
vn -0.230244 -0.456744 -0.859286
vn -0.250822 0.246656 -0.936082
vn 0.000000 0.246656 -0.969103
vn 0.230245 -0.456744 -0.859286
vn 0.000001 -0.456744 -0.889598
vn 0.000000 0.246656 -0.969103
vn 0.250822 0.246656 -0.936082
vn 0.444800 -0.456745 -0.770414
vn 0.230245 -0.456744 -0.859286
vn 0.250822 0.246656 -0.936082
vn 0.484552 0.246655 -0.839268
vn -0.230245 -0.456744 0.859286
vn -0.000001 -0.456744 0.889598
vn 0.000000 0.246656 0.969103
vn -0.250822 0.246656 0.936082
vn -0.968749 -0.248044 0.000000
vn -0.935740 -0.248043 -0.250730
vn -0.758084 0.619716 -0.203127
vn -0.784827 0.619715 -0.000000
vn 0.935740 -0.248043 0.250730
vn 0.838961 -0.248042 0.484375
vn 0.679680 0.619716 0.392413
vn 0.758084 0.619716 0.203127
vn -0.935740 -0.248043 0.250731
vn -0.968749 -0.248044 0.000000
vn -0.784827 0.619715 -0.000000
vn -0.758085 0.619715 0.203128
vn 0.968749 -0.248043 0.000000
vn 0.935740 -0.248043 0.250730
vn 0.758084 0.619716 0.203127
vn 0.784827 0.619715 -0.000000
vn -0.838961 -0.248042 0.484375
vn -0.935740 -0.248043 0.250731
vn -0.758085 0.619715 0.203128
vn -0.679680 0.619716 0.392413
vn 0.935740 -0.248043 -0.250731
vn 0.968749 -0.248043 0.000000
vn 0.784827 0.619715 -0.000000
vn 0.758085 0.619715 -0.203128
vn -0.685009 -0.248042 0.685009
vn -0.838961 -0.248042 0.484375
vn -0.679680 0.619716 0.392413
vn -0.554956 0.619716 0.554956
vn 0.838961 -0.248042 -0.484375
vn 0.935740 -0.248043 -0.250731
vn 0.758085 0.619715 -0.203128
vn 0.679680 0.619716 -0.392413
vn -0.484375 -0.248042 0.838961
vn -0.685009 -0.248042 0.685009
vn -0.554956 0.619716 0.554956
vn -0.392414 0.619716 0.679679
vn 0.685009 -0.248042 -0.685009
vn 0.838961 -0.248042 -0.484375
vn 0.679680 0.619716 -0.392413
vn 0.554956 0.619716 -0.554956
vn -0.250731 -0.248043 0.935740
vn -0.484375 -0.248042 0.838961
vn -0.392414 0.619716 0.679679
vn -0.203128 0.619716 0.758084
vn 0.484375 -0.248042 -0.838961
vn 0.685009 -0.248042 -0.685009
vn 0.554956 0.619716 -0.554956
vn 0.392414 0.619716 -0.679679
vn 0.000000 -0.248044 0.968749
vn -0.250731 -0.248043 0.935740
vn -0.203128 0.619716 0.758084
vn 0.000000 0.619715 0.784827
vn 0.250731 -0.248043 -0.935740
vn 0.484375 -0.248042 -0.838961
vn 0.392414 0.619716 -0.679679
vn 0.203128 0.619715 -0.758084
vn 0.838961 -0.248042 0.484375
vn 0.685009 -0.248042 0.685009
vn 0.554957 0.619715 0.554956
vn 0.679680 0.619716 0.392413
vn -0.935740 -0.248043 -0.250730
vn -0.838961 -0.248042 -0.484375
vn -0.679680 0.619716 -0.392413
vn -0.758084 0.619716 -0.203127
vn 0.685009 -0.248042 0.685009
vn 0.484375 -0.248042 0.838961
vn 0.392414 0.619716 0.679679
vn 0.554957 0.619715 0.554956
vn -0.838961 -0.248042 -0.484375
vn -0.685009 -0.248042 -0.685009
vn -0.554957 0.619715 -0.554956
vn -0.679680 0.619716 -0.392413
vn 0.484375 -0.248042 0.838961
vn 0.250731 -0.248043 0.935740
vn 0.203128 0.619716 0.758084
vn 0.392414 0.619716 0.679679
vn -0.685009 -0.248042 -0.685009
vn -0.484375 -0.248042 -0.838961
vn -0.392414 0.619716 -0.679679
vn -0.554957 0.619715 -0.554956
vn 0.250731 -0.248043 0.935740
vn 0.000000 -0.248044 0.968749
vn 0.000000 0.619715 0.784827
vn 0.203128 0.619716 0.758084
vn -0.484375 -0.248042 -0.838961
vn -0.250731 -0.248043 -0.935740
vn -0.203128 0.619715 -0.758084
vn -0.392414 0.619716 -0.679679
vn -0.250731 -0.248043 -0.935740
vn 0.000000 -0.248045 -0.968749
vn -0.000000 0.619714 -0.784827
vn -0.203128 0.619715 -0.758084
vn 0.000000 -0.248045 -0.968749
vn 0.250731 -0.248043 -0.935740
vn 0.203128 0.619715 -0.758084
vn -0.000000 0.619714 -0.784827
vn -0.936082 0.246655 -0.250822
vn -0.969103 0.246655 -0.000000
vn -0.886246 -0.463216 0.000000
vn -0.856048 -0.463216 -0.229377
vn 0.839268 0.246656 0.484552
vn 0.936082 0.246655 0.250823
vn 0.856048 -0.463216 0.229378
vn 0.767511 -0.463215 0.443123
vn -0.969103 0.246655 -0.000000
vn -0.936082 0.246655 0.250822
vn -0.856048 -0.463216 0.229377
vn -0.886246 -0.463216 0.000000
vn 0.936082 0.246655 0.250823
vn 0.969103 0.246655 -0.000000
vn 0.886246 -0.463216 0.000000
vn 0.856048 -0.463216 0.229378
vn -0.936082 0.246655 0.250822
vn -0.839268 0.246655 0.484552
vn -0.767511 -0.463215 0.443123
vn -0.856048 -0.463216 0.229377
vn 0.969103 0.246655 -0.000000
vn 0.936082 0.246655 -0.250823
vn 0.856048 -0.463216 -0.229377
vn 0.886246 -0.463216 0.000000
vn -0.839268 0.246655 0.484552
vn -0.685260 0.246655 0.685259
vn -0.626670 -0.463216 0.626671
vn -0.767511 -0.463215 0.443123
vn 0.936082 0.246655 -0.250823
vn 0.839268 0.246655 -0.484552
vn 0.767511 -0.463216 -0.443123
vn 0.856048 -0.463216 -0.229377
vn -0.685260 0.246655 0.685259
vn -0.484552 0.246656 0.839268
vn -0.443122 -0.463216 0.767512
vn -0.626670 -0.463216 0.626671
vn 0.839268 0.246655 -0.484552
vn 0.685260 0.246655 -0.685259
vn 0.626670 -0.463216 -0.626670
vn 0.767511 -0.463216 -0.443123
vn -0.484552 0.246656 0.839268
vn -0.250822 0.246656 0.936082
vn -0.229377 -0.463215 0.856048
vn -0.443122 -0.463216 0.767512
vn 0.685260 0.246655 -0.685259
vn 0.484552 0.246655 -0.839268
vn 0.443122 -0.463216 -0.767511
vn 0.626670 -0.463216 -0.626670
vn 0.685260 0.246656 0.685259
vn 0.839268 0.246656 0.484552
vn 0.767511 -0.463215 0.443123
vn 0.626670 -0.463216 0.626671
vn -0.839268 0.246655 -0.484552
vn -0.936082 0.246655 -0.250822
vn -0.856048 -0.463216 -0.229377
vn -0.767511 -0.463216 -0.443123
vn 0.484552 0.246656 0.839268
vn 0.685260 0.246656 0.685259
vn 0.626670 -0.463216 0.626671
vn 0.443122 -0.463216 0.767512
vn -0.685260 0.246655 -0.685259
vn -0.839268 0.246655 -0.484552
vn -0.767511 -0.463216 -0.443123
vn -0.626670 -0.463216 -0.626670
vn 0.250822 0.246656 0.936082
vn 0.484552 0.246656 0.839268
vn 0.443122 -0.463216 0.767512
vn 0.229377 -0.463215 0.856048
vn -0.484552 0.246655 -0.839268
vn -0.685260 0.246655 -0.685259
vn -0.626670 -0.463216 -0.626670
vn -0.443122 -0.463216 -0.767511
vn 0.000000 0.246656 0.969103
vn 0.250822 0.246656 0.936082
vn 0.229377 -0.463215 0.856048
vn 0.000000 -0.463215 0.886246
vn -0.250822 0.246656 -0.936082
vn -0.484552 0.246655 -0.839268
vn -0.443122 -0.463216 -0.767511
vn -0.229377 -0.463216 -0.856048
vn 0.000000 0.246656 -0.969103
vn -0.250822 0.246656 -0.936082
vn -0.229377 -0.463216 -0.856048
vn -0.000000 -0.463215 -0.886246
vn 0.250822 0.246656 -0.936082
vn 0.000000 0.246656 -0.969103
vn -0.000000 -0.463215 -0.886246
vn 0.229377 -0.463216 -0.856048
vn 0.484552 0.246655 -0.839268
vn 0.250822 0.246656 -0.936082
vn 0.229377 -0.463216 -0.856048
vn 0.443122 -0.463216 -0.767511
vn -0.250822 0.246656 0.936082
vn 0.000000 0.246656 0.969103
vn 0.000000 -0.463215 0.886246
vn -0.229377 -0.463215 0.856048
s off
g capFBXASC046base5
usemtl capFBXASC046base4SG
f 1/29/1 2/11/2 4/5/3 3/26/4
f 3/26/5 4/5/6 6/31/7 5/17/8
f 5/17/9 6/31/10 8/24/11 7/32/12
f 7/32/13 8/24/14 10/6/15 9/3/16
f 9/3/17 10/6/18 12/4/19 11/20/20
f 11/20/21 12/4/22 14/1/23 13/25/24
f 4/5/25 2/11/26 16/19/27 14/1/28 12/4/29 10/6/30 8/24/31 6/31/32
f 13/25/33 14/1/34 16/19/35 15/18/36
f 15/18/37 16/19/38 2/11/39 1/29/40
f 17/7/41 18/14/42 20/13/43 19/22/44
f 19/22/45 20/13/46 22/8/47 21/30/48
f 21/30/49 22/8/50 24/23/51 23/27/52
f 23/27/53 24/23/54 26/16/55 25/15/56
f 25/15/57 26/16/58 28/28/59 27/9/60
f 27/9/61 28/28/62 30/2/63 29/12/64
f 20/13/65 18/14/66 32/10/67 30/2/68 28/28/69 26/16/70 24/23/71 22/8/72
f 29/12/73 30/2/74 32/10/75 31/21/76
f 31/21/77 32/10/78 18/14/79 17/7/80
usemtl barrel4SG
f 327/33/81 36/34/82 38/35/83 331/36/84
f 329/37/85 326/38/86 330/39/87 333/40/88
f 333/40/89 330/39/90 334/41/91 337/42/92
f 337/42/93 334/41/94 338/43/95 341/44/96
f 341/44/97 338/43/98 342/45/99 345/46/100
f 345/46/101 342/45/102 346/47/103 349/48/104
f 349/48/105 346/47/106 350/49/107 353/50/108
f 353/50/109 350/49/110 354/51/111 357/52/112
f 357/52/113 354/51/114 358/53/115 361/54/116
f 361/54/117 358/53/118 362/55/119 365/56/120
f 365/56/121 362/55/122 366/57/123 369/58/124
f 369/58/125 366/57/126 370/59/127 373/60/128
f 373/60/129 370/59/130 374/61/131 377/62/132
f 377/62/133 374/61/134 378/63/135 381/64/136
f 381/64/137 378/63/138 382/65/139 385/66/140
f 385/66/141 382/65/142 386/67/143 389/68/144
f 389/68/145 386/67/146 390/69/147 393/70/148
f 393/70/149 390/69/150 394/71/151 397/72/152
f 397/72/153 394/71/154 398/73/155 401/74/156
f 401/74/157 398/73/158 402/75/159 405/76/160
f 405/76/161 402/75/162 406/77/163 409/78/164
f 409/78/165 406/77/166 410/79/167 413/80/168
f 38/35/169 36/34/170 84/81/171 87/82/172
f 413/80/173 410/79/174 414/83/175 417/84/176
f 324/85/177 34/86/178 36/34/179 327/33/180
f 53/87/181 55/88/182 104/89/183 102/90/184
f 322/91/185 325/92/186 326/38/187 329/37/188
f 415/93/189 80/94/190 34/95/191 324/96/192
f 77/97/193 412/98/194 416/99/195 79/100/196
f 411/101/197 78/102/198 80/94/199 415/93/200
f 75/103/201 408/104/202 412/98/203 77/97/204
f 407/105/205 76/106/206 78/102/207 411/101/208
f 73/107/209 404/108/210 408/104/211 75/103/212
f 403/109/213 74/110/214 76/106/215 407/105/216
f 71/111/217 400/112/218 404/108/219 73/107/220
f 399/113/221 72/114/222 74/110/223 403/109/224
f 69/115/225 396/116/226 400/112/227 71/111/228
f 395/117/229 70/118/230 72/114/231 399/113/232
f 67/119/233 392/120/234 396/116/235 69/115/236
f 391/121/237 68/122/238 70/118/239 395/117/240
f 65/123/241 388/124/242 392/120/243 67/119/244
f 387/125/245 66/126/246 68/122/247 391/121/248
f 63/127/249 384/128/250 388/124/251 65/123/252
f 383/129/253 64/130/254 66/126/255 387/125/256
f 61/131/257 380/132/258 384/128/259 63/127/260
f 379/133/261 62/134/262 64/130/263 383/129/264
f 59/135/265 376/136/266 380/132/267 61/131/268
f 375/137/269 60/138/270 62/134/271 379/133/272
f 57/139/273 372/140/274 376/136/275 59/135/276
f 371/141/277 58/142/278 60/138/279 375/137/280
f 55/88/281 368/143/282 372/140/283 57/139/284
f 367/144/285 56/145/286 58/142/287 371/141/288
f 53/87/289 364/146/290 368/143/291 55/88/292
f 363/147/293 54/148/294 56/145/295 367/144/296
f 51/149/297 360/150/298 364/146/299 53/87/300
f 359/151/301 52/152/302 54/148/303 363/147/304
f 49/153/305 356/154/306 360/150/307 51/149/308
f 355/155/309 50/156/310 52/152/311 359/151/312
f 47/157/313 352/158/314 356/154/315 49/153/316
f 351/159/317 48/160/318 50/156/319 355/155/320
f 45/161/321 348/162/322 352/158/323 47/157/324
f 347/163/325 46/164/326 48/160/327 351/159/328
f 43/165/329 344/166/330 348/162/331 45/161/332
f 343/167/333 44/168/334 46/164/335 347/163/336
f 41/169/337 340/170/338 344/166/339 43/165/340
f 339/171/341 42/172/342 44/168/343 343/167/344
f 39/173/345 336/174/346 340/170/347 41/169/348
f 335/175/349 40/176/350 42/172/351 339/171/352
f 37/177/353 332/178/354 336/174/355 39/173/356
f 331/36/357 38/35/358 40/176/359 335/175/360
f 35/179/361 328/180/362 332/178/363 37/177/364
f 79/100/365 416/99/366 323/181/367 33/182/368
f 417/84/369 414/83/370 325/183/371 322/184/372
f 696/185/373 687/186/374 178/187/375 179/188/376
f 695/189/377 694/190/378 204/191/379 206/192/380
f 35/179/381 37/177/382 86/193/383 83/194/384
f 72/114/385 70/118/386 119/195/387 121/196/388
f 145/197/389 143/198/390 240/199/391 236/200/392
f 171/201/393 169/202/394 241/203/395 237/204/396
f 54/148/397 52/152/398 101/205/399 103/206/400
f 69/115/401 71/111/402 120/207/403 118/208/404
f 659/209/405 668/210/406 205/211/407 203/212/408
f 142/213/409 144/214/410 238/215/411 242/216/412
f 51/149/413 53/87/414 102/90/415 100/217/416
f 168/218/417 170/219/418 239/220/419 243/221/420
f 694/190/421 685/222/422 202/223/423 204/191/424
f 36/34/425 34/86/426 85/224/427 84/81/428
f 70/118/429 68/122/430 117/225/431 119/195/432
f 143/198/433 141/226/434 245/227/435 240/199/436
f 169/202/437 167/228/438 247/229/439 241/203/440
f 33/230/441 35/179/442 83/194/443 82/231/444
f 52/152/445 50/156/446 99/232/447 101/205/448
f 67/119/449 69/115/450 118/208/451 116/233/452
f 660/234/453 659/209/454 203/212/455 201/235/456
f 140/236/457 142/213/458 242/216/459 248/237/460
f 49/153/461 51/149/462 100/217/463 98/238/464
f 166/239/465 168/218/466 243/221/467 250/240/468
f 685/222/469 686/241/470 200/242/471 202/223/472
f 68/122/473 66/126/474 115/243/475 117/225/476
f 141/226/477 139/244/478 244/245/479 245/227/480
f 167/228/481 165/246/482 246/247/483 247/229/484
f 50/156/485 48/160/486 97/248/487 99/232/488
f 65/123/489 67/119/490 116/233/491 114/249/492
f 662/250/493 660/234/494 201/235/495 199/251/496
f 138/252/497 140/236/498 248/237/499 249/253/500
f 47/157/501 49/153/502 98/238/503 96/254/504
f 663/255/505 661/256/506 181/257/507 225/258/508
f 164/259/509 166/239/510 250/240/511 251/260/512
f 66/126/513 64/130/514 113/261/515 115/243/516
f 686/241/517 688/262/518 198/263/519 200/242/520
f 139/244/521 137/264/522 259/265/523 244/245/524
f 48/160/525 46/164/526 95/266/527 97/248/528
f 63/127/529 65/123/530 114/249/531 112/267/532
f 687/268/533 689/269/534 224/270/535 178/271/536
f 165/246/537 163/272/538 272/273/539 246/247/540
f 45/161/541 47/157/542 96/254/543 94/274/544
f 664/275/545 662/250/546 199/251/547 197/276/548
f 34/95/549 80/94/550 129/277/551 85/278/552
f 136/279/553 138/252/554 249/253/555 258/280/556
f 117/225/557 115/243/558 163/272/559 165/246/560
f 99/232/561 97/248/562 145/197/563 147/281/564
f 88/282/565 90/283/566 138/252/567 136/279/568
f 106/284/569 108/285/570 156/286/571 154/287/572
f 124/288/573 126/289/574 174/290/575 172/291/576
f 91/292/577 89/293/578 137/264/579 139/244/580
f 109/294/581 107/295/582 155/296/583 157/297/584
f 127/298/585 125/299/586 173/300/587 175/301/588
f 98/238/589 100/217/590 148/302/591 146/303/592
f 116/233/593 118/208/594 166/239/595 164/259/596
f 101/205/597 99/232/598 147/281/599 149/304/600
f 119/195/601 117/225/602 165/246/603 167/228/604
f 90/283/605 92/305/606 140/236/607 138/252/608
f 108/285/609 110/306/610 158/307/611 156/286/612
f 126/289/613 128/308/614 176/309/615 174/290/616
f 82/231/617 83/194/618 131/310/619 130/311/620
f 93/312/621 91/292/622 139/244/623 141/226/624
f 111/313/625 109/294/626 157/297/627 159/314/628
f 129/277/629 127/298/630 175/301/631 177/315/632
f 84/81/633 85/224/634 133/316/635 132/317/636
f 100/217/637 102/90/638 150/318/639 148/302/640
f 118/208/641 120/207/642 168/218/643 166/239/644
f 103/206/645 101/205/646 149/304/647 151/319/648
f 121/196/649 119/195/650 167/228/651 169/202/652
f 92/305/653 94/274/654 142/213/655 140/236/656
f 110/306/657 112/267/658 160/320/659 158/307/660
f 128/308/661 82/321/662 130/322/663 176/309/664
f 95/266/665 93/312/666 141/226/667 143/198/668
f 113/261/669 111/313/670 159/314/671 161/323/672
f 85/278/673 129/277/674 177/315/675 133/324/676
f 83/194/677 86/193/678 134/325/679 131/310/680
f 102/90/681 104/89/682 152/326/683 150/318/684
f 120/207/685 122/327/686 170/219/687 168/218/688
f 87/82/689 84/81/690 132/317/691 135/328/692
f 105/329/693 103/206/694 151/319/695 153/330/696
f 123/331/697 121/196/698 169/202/699 171/201/700
f 94/274/701 96/254/702 144/214/703 142/213/704
f 112/267/705 114/249/706 162/332/707 160/320/708
f 97/248/709 95/266/710 143/198/711 145/197/712
f 115/243/713 113/261/714 161/323/715 163/272/716
f 86/193/717 88/282/718 136/279/719 134/325/720
f 104/89/721 106/284/722 154/287/723 152/326/724
f 122/327/725 124/288/726 172/291/727 170/219/728
f 89/293/729 87/82/730 135/328/731 137/264/732
f 107/295/733 105/329/734 153/330/735 155/296/736
f 125/299/737 123/331/738 171/201/739 173/300/740
f 96/254/741 98/238/742 146/303/743 144/214/744
f 114/249/745 116/233/746 164/259/747 162/332/748
f 665/333/749 663/255/750 225/258/751 223/334/752
f 162/332/753 164/259/754 251/260/755 271/335/756
f 71/111/757 73/107/758 122/327/759 120/207/760
f 56/145/761 54/148/762 103/206/763 105/329/764
f 688/262/765 690/336/766 196/337/767 198/263/768
f 74/110/769 72/114/770 121/196/771 123/331/772
f 37/177/773 39/173/774 88/282/775 86/193/776
f 137/264/777 135/328/778 257/338/779 259/265/780
f 55/88/781 57/139/782 106/284/783 104/89/784
f 40/176/785 38/35/786 87/82/787 89/293/788
f 689/269/789 691/339/790 222/340/791 224/270/792
f 73/107/793 75/103/794 124/288/795 122/327/796
f 58/142/797 56/145/798 105/329/799 107/295/800
f 163/272/801 161/323/802 270/341/803 272/273/804
f 76/106/805 74/110/806 123/331/807 125/299/808
f 39/173/809 41/169/810 90/283/811 88/282/812
f 666/342/813 664/275/814 197/276/815 195/343/816
f 57/139/817 59/135/818 108/285/819 106/284/820
f 134/325/821 136/279/822 258/280/823 256/344/824
f 42/172/825 40/176/826 89/293/827 91/292/828
f 667/345/829 665/333/830 223/334/831 221/346/832
f 75/103/833 77/97/834 126/289/835 124/288/836
f 60/138/837 58/142/838 107/295/839 109/294/840
f 160/320/841 162/332/842 271/335/843 269/347/844
f 690/336/845 692/348/846 194/349/847 196/337/848
f 78/102/849 76/106/850 125/299/851 127/298/852
f 135/328/853 132/317/854 254/350/855 257/338/856
f 41/169/857 43/165/858 92/305/859 90/283/860
f 691/339/861 693/351/862 220/352/863 222/340/864
f 161/323/865 159/314/866 268/353/867 270/341/868
f 59/135/869 61/131/870 110/306/871 108/285/872
f 44/168/873 42/172/874 91/292/875 93/312/876
f 131/310/877 134/325/878 256/344/879 253/354/880
f 77/97/881 79/100/882 128/308/883 126/289/884
f 681/355/885 666/342/886 195/343/887 193/356/888
f 62/134/889 60/138/890 109/294/891 111/313/892
f 682/357/893 667/345/894 221/346/895 219/358/896
f 80/94/897 78/102/898 127/298/899 129/277/900
f 158/307/901 160/320/902 269/347/903 267/359/904
f 43/165/905 45/161/906 94/274/907 92/305/908
f 132/317/909 133/316/910 255/360/911 254/350/912
f 692/348/913 683/361/914 192/362/915 194/349/916
f 61/131/917 63/127/918 112/267/919 110/306/920
f 46/164/921 44/168/922 93/312/923 95/266/924
f 693/351/925 684/363/926 218/364/927 220/352/928
f 79/100/929 33/182/930 82/321/931 128/308/932
f 159/314/933 157/297/934 266/365/935 268/353/936
f 64/130/937 62/134/938 111/313/939 113/261/940
f 200/242/941 198/263/942 226/366/943 261/367/944
f 178/271/945 224/270/946 227/368/947 252/369/948
f 197/276/949 199/251/950 260/370/951 228/371/952
f 223/334/953 225/258/954 273/372/955 229/373/956
f 198/263/957 196/337/958 230/374/959 226/366/960
f 224/270/961 222/340/962 231/375/963 227/368/964
f 195/343/965 197/276/966 228/371/967 232/376/968
f 221/346/969 223/334/970 229/373/971 233/377/972
f 196/337/973 194/349/974 234/378/975 230/374/976
f 222/340/977 220/352/978 235/379/979 231/375/980
f 193/356/981 195/343/982 232/376/983 236/200/984
f 219/358/985 221/346/986 233/377/987 237/204/988
f 194/349/989 192/362/990 238/215/991 234/378/992
f 220/352/993 218/364/994 239/220/995 235/379/996
f 191/380/997 193/356/998 236/200/999 240/199/1000
f 217/381/1001 219/358/1002 237/204/1003 241/203/1004
f 192/362/1005 190/382/1006 242/216/1007 238/215/1008
f 218/364/1009 216/383/1010 243/221/1011 239/220/1012
f 189/384/1013 191/380/1014 240/199/1015 245/227/1016
f 215/385/1017 217/381/1018 241/203/1019 247/229/1020
f 190/382/1021 188/386/1022 248/237/1023 242/216/1024
f 216/383/1025 214/387/1026 250/240/1027 243/221/1028
f 187/388/1029 189/384/1030 245/227/1031 244/245/1032
f 213/389/1033 215/385/1034 247/229/1035 246/247/1036
f 188/386/1037 186/390/1038 249/253/1039 248/237/1040
f 214/387/1041 212/391/1042 251/260/1043 250/240/1044
f 225/258/1045 181/257/1046 255/392/1047 273/372/1048
f 199/251/1049 201/235/1050 262/393/1051 260/370/1052
f 202/223/1053 200/242/1054 261/367/1055 263/394/1056
f 201/235/1057 203/212/1058 264/395/1059 262/393/1060
f 204/191/1061 202/223/1062 263/394/1063 265/396/1064
f 203/212/1065 205/211/1066 266/365/1067 264/395/1068
f 206/192/1069 204/191/1070 265/396/1071 267/359/1072
f 179/188/1073 178/187/1074 252/397/1075 253/354/1076
f 205/211/1077 207/398/1078 268/353/1079 266/365/1080
f 181/399/1081 180/400/1082 254/350/1083 255/360/1084
f 208/401/1085 206/192/1086 267/359/1087 269/347/1088
f 182/402/1089 179/188/1090 253/354/1091 256/344/1092
f 207/398/1093 209/403/1094 270/341/1095 268/353/1096
f 180/400/1097 183/404/1098 257/338/1099 254/350/1100
f 210/405/1101 208/401/1102 269/347/1103 271/335/1104
f 184/406/1105 182/402/1106 256/344/1107 258/280/1108
f 209/403/1109 211/407/1110 272/273/1111 270/341/1112
f 183/404/1113 185/408/1114 259/265/1115 257/338/1116
f 212/391/1117 210/405/1118 271/335/1119 251/260/1120
f 186/390/1121 184/406/1122 258/280/1123 249/253/1124
f 211/407/1125 213/389/1126 246/247/1127 272/273/1128
f 185/408/1129 187/388/1130 244/245/1131 259/265/1132
f 170/219/1133 172/291/1134 235/379/1135 239/220/1136
f 144/214/1137 146/303/1138 234/378/1139 238/215/1140
f 668/210/1141 669/409/1142 207/398/1143 205/211/1144
f 661/410/1145 670/411/1146 180/400/1147 181/399/1148
f 173/300/1149 171/201/1150 237/204/1151 233/377/1152
f 147/281/1153 145/197/1154 236/200/1155 232/376/1156
f 697/412/1157 695/189/1158 206/192/1159 208/401/1160
f 698/413/1161 696/185/1162 179/188/1163 182/402/1164
f 172/291/1165 174/290/1166 231/375/1167 235/379/1168
f 146/303/1169 148/302/1170 230/374/1171 234/378/1172
f 669/409/1173 671/414/1174 209/403/1175 207/398/1176
f 670/411/1177 672/415/1178 183/404/1179 180/400/1180
f 175/301/1181 173/300/1182 233/377/1183 229/373/1184
f 149/304/1185 147/281/1186 232/376/1187 228/371/1188
f 699/416/1189 697/412/1190 208/401/1191 210/405/1192
f 700/417/1193 698/413/1194 182/402/1195 184/406/1196
f 174/290/1197 176/309/1198 227/368/1199 231/375/1200
f 148/302/1201 150/318/1202 226/366/1203 230/374/1204
f 671/414/1205 673/418/1206 211/407/1207 209/403/1208
f 672/415/1209 674/419/1210 185/408/1211 183/404/1212
f 177/315/1213 175/301/1214 229/373/1215 273/372/1216
f 151/319/1217 149/304/1218 228/371/1219 260/370/1220
f 701/420/1221 699/416/1222 210/405/1223 212/391/1224
f 702/421/1225 700/417/1226 184/406/1227 186/390/1228
f 176/309/1229 130/322/1230 252/369/1231 227/368/1232
f 150/318/1233 152/326/1234 261/367/1235 226/366/1236
f 673/418/1237 675/422/1238 213/389/1239 211/407/1240
f 674/419/1241 676/423/1242 187/388/1243 185/408/1244
f 133/324/1245 177/315/1246 273/372/1247 255/392/1248
f 153/330/1249 151/319/1250 260/370/1251 262/393/1252
f 703/424/1253 701/420/1254 212/391/1255 214/387/1256
f 704/425/1257 702/421/1258 186/390/1259 188/386/1260
f 152/326/1261 154/287/1262 263/394/1263 261/367/1264
f 675/422/1265 677/426/1266 215/385/1267 213/389/1268
f 676/423/1269 678/427/1270 189/384/1271 187/388/1272
f 155/296/1273 153/330/1274 262/393/1275 264/395/1276
f 705/428/1277 703/424/1278 214/387/1279 216/383/1280
f 706/429/1281 704/425/1282 188/386/1283 190/382/1284
f 154/287/1285 156/286/1286 265/396/1287 263/394/1288
f 677/426/1289 679/430/1290 217/381/1291 215/385/1292
f 678/427/1293 680/431/1294 191/380/1295 189/384/1296
f 157/297/1297 155/296/1298 264/395/1299 266/365/1300
f 684/363/1301 705/428/1302 216/383/1303 218/364/1304
f 683/361/1305 706/429/1306 190/382/1307 192/362/1308
f 156/286/1309 158/307/1310 267/359/1311 265/396/1312
f 679/430/1313 682/357/1314 219/358/1315 217/381/1316
f 680/431/1317 681/355/1318 193/356/1319 191/380/1320
f 130/311/1321 131/310/1322 253/354/1323 252/397/1324
f 563/432/1325 562/433/1326 276/434/1327 277/435/1328
f 562/433/1329 564/436/1330 279/437/1331 276/434/1332
f 564/436/1333 565/438/1334 281/439/1335 279/437/1336
f 565/438/1337 566/440/1338 283/441/1339 281/439/1340
f 566/440/1341 567/442/1342 285/443/1343 283/441/1344
f 567/442/1345 568/444/1346 287/445/1347 285/443/1348
f 568/444/1349 569/446/1350 289/447/1351 287/445/1352
f 569/446/1353 570/448/1354 291/449/1355 289/447/1356
f 570/448/1357 571/450/1358 293/451/1359 291/449/1360
f 571/450/1361 572/452/1362 295/453/1363 293/451/1364
f 572/452/1365 573/454/1366 297/455/1367 295/453/1368
f 573/454/1369 574/456/1370 299/457/1371 297/455/1372
f 574/456/1373 575/458/1374 301/459/1375 299/457/1376
f 575/458/1377 576/460/1378 303/461/1379 301/459/1380
f 576/460/1381 577/462/1382 305/463/1383 303/461/1384
f 577/462/1385 578/464/1386 307/465/1387 305/463/1388
f 578/464/1389 579/466/1390 309/467/1391 307/465/1392
f 579/466/1393 580/468/1394 311/469/1395 309/467/1396
f 580/468/1397 581/470/1398 313/471/1399 311/469/1400
f 581/470/1401 582/472/1402 315/473/1403 313/471/1404
f 582/472/1405 583/474/1406 317/475/1407 315/473/1408
f 583/474/1409 584/476/1410 319/477/1411 317/475/1412
f 584/476/1413 585/478/1414 321/479/1415 319/477/1416
f 585/478/1417 563/432/1418 277/435/1419 321/479/1420
f 559/480/1421 419/481/1422 323/181/1423 416/99/1424
f 419/482/1425 427/483/1426 328/180/1427 323/484/1428
f 556/485/1429 422/486/1430 325/183/1431 414/83/1432
f 422/487/1433 424/488/1434 326/38/1435 325/92/1436
f 553/489/1437 559/480/1438 416/99/1439 412/98/1440
f 550/490/1441 556/485/1442 414/83/1443 410/79/1444
f 413/80/1445 417/84/1446 560/491/1447 554/492/1448
f 547/493/1449 553/489/1450 412/98/1451 408/104/1452
f 411/101/1453 415/93/1454 557/494/1455 551/495/1456
f 544/496/1457 550/490/1458 410/79/1459 406/77/1460
f 409/78/1461 413/80/1462 554/492/1463 548/497/1464
f 541/498/1465 547/493/1466 408/104/1467 404/108/1468
f 407/105/1469 411/101/1470 551/495/1471 545/499/1472
f 538/500/1473 544/496/1474 406/77/1475 402/75/1476
f 405/76/1477 409/78/1478 548/497/1479 542/501/1480
f 535/502/1481 541/498/1482 404/108/1483 400/112/1484
f 403/109/1485 407/105/1486 545/499/1487 539/503/1488
f 532/504/1489 538/500/1490 402/75/1491 398/73/1492
f 401/74/1493 405/76/1494 542/501/1495 536/505/1496
f 529/506/1497 535/502/1498 400/112/1499 396/116/1500
f 399/113/1501 403/109/1502 539/503/1503 533/507/1504
f 526/508/1505 532/504/1506 398/73/1507 394/71/1508
f 397/72/1509 401/74/1510 536/505/1511 530/509/1512
f 523/510/1513 529/506/1514 396/116/1515 392/120/1516
f 395/117/1517 399/113/1518 533/507/1519 527/511/1520
f 520/512/1521 526/508/1522 394/71/1523 390/69/1524
f 393/70/1525 397/72/1526 530/509/1527 524/513/1528
f 517/514/1529 523/510/1530 392/120/1531 388/124/1532
f 391/121/1533 395/117/1534 527/511/1535 521/515/1536
f 514/516/1537 520/512/1538 390/69/1539 386/67/1540
f 389/68/1541 393/70/1542 524/513/1543 518/517/1544
f 511/518/1545 517/514/1546 388/124/1547 384/128/1548
f 387/125/1549 391/121/1550 521/515/1551 515/519/1552
f 508/520/1553 514/516/1554 386/67/1555 382/65/1556
f 385/66/1557 389/68/1558 518/517/1559 512/521/1560
f 505/522/1561 511/518/1562 384/128/1563 380/132/1564
f 383/129/1565 387/125/1566 515/519/1567 509/523/1568
f 502/524/1569 508/520/1570 382/65/1571 378/63/1572
f 381/64/1573 385/66/1574 512/521/1575 506/525/1576
f 499/526/1577 505/522/1578 380/132/1579 376/136/1580
f 379/133/1581 383/129/1582 509/523/1583 503/527/1584
f 496/528/1585 502/524/1586 378/63/1587 374/61/1588
f 377/62/1589 381/64/1590 506/525/1591 500/529/1592
f 493/530/1593 499/526/1594 376/136/1595 372/140/1596
f 375/137/1597 379/133/1598 503/527/1599 497/531/1600
f 490/532/1601 496/528/1602 374/61/1603 370/59/1604
f 373/60/1605 377/62/1606 500/529/1607 494/533/1608
f 487/534/1609 493/530/1610 372/140/1611 368/143/1612
f 371/141/1613 375/137/1614 497/531/1615 491/535/1616
f 484/536/1617 490/532/1618 370/59/1619 366/57/1620
f 369/58/1621 373/60/1622 494/533/1623 488/537/1624
f 481/538/1625 487/534/1626 368/143/1627 364/146/1628
f 367/144/1629 371/141/1630 491/535/1631 485/539/1632
f 478/540/1633 484/536/1634 366/57/1635 362/55/1636
f 365/56/1637 369/58/1638 488/537/1639 482/541/1640
f 475/542/1641 481/538/1642 364/146/1643 360/150/1644
f 363/147/1645 367/144/1646 485/539/1647 479/543/1648
f 472/544/1649 478/540/1650 362/55/1651 358/53/1652
f 361/54/1653 365/56/1654 482/541/1655 476/545/1656
f 469/546/1657 475/542/1658 360/150/1659 356/154/1660
f 359/151/1661 363/147/1662 479/543/1663 473/547/1664
f 466/548/1665 472/544/1666 358/53/1667 354/51/1668
f 357/52/1669 361/54/1670 476/545/1671 470/549/1672
f 463/550/1673 469/546/1674 356/154/1675 352/158/1676
f 355/155/1677 359/151/1678 473/547/1679 467/551/1680
f 460/552/1681 466/548/1682 354/51/1683 350/49/1684
f 353/50/1685 357/52/1686 470/549/1687 464/553/1688
f 457/554/1689 463/550/1690 352/158/1691 348/162/1692
f 351/159/1693 355/155/1694 467/551/1695 461/555/1696
f 454/556/1697 460/552/1698 350/49/1699 346/47/1700
f 349/48/1701 353/50/1702 464/553/1703 458/557/1704
f 451/558/1705 457/554/1706 348/162/1707 344/166/1708
f 347/163/1709 351/159/1710 461/555/1711 455/559/1712
f 448/560/1713 454/556/1714 346/47/1715 342/45/1716
f 345/46/1717 349/48/1718 458/557/1719 452/561/1720
f 445/562/1721 451/558/1722 344/166/1723 340/170/1724
f 343/167/1725 347/163/1726 455/559/1727 449/563/1728
f 442/564/1729 448/560/1730 342/45/1731 338/43/1732
f 341/44/1733 345/46/1734 452/561/1735 446/565/1736
f 439/566/1737 445/562/1738 340/170/1739 336/174/1740
f 339/171/1741 343/167/1742 449/563/1743 443/567/1744
f 436/568/1745 442/564/1746 338/43/1747 334/41/1748
f 337/42/1749 341/44/1750 446/565/1751 440/569/1752
f 433/570/1753 439/566/1754 336/174/1755 332/178/1756
f 335/175/1757 339/171/1758 443/567/1759 437/571/1760
f 430/572/1761 436/568/1762 334/41/1763 330/39/1764
f 333/40/1765 337/42/1766 440/569/1767 434/573/1768
f 427/483/1769 433/570/1770 332/178/1771 328/180/1772
f 331/36/1773 335/175/1774 437/571/1775 431/574/1776
f 424/488/1777 430/572/1778 330/39/1779 326/38/1780
f 329/37/1781 333/40/1782 434/573/1783 428/575/1784
f 417/84/1785 322/184/1786 418/576/1787 560/491/1788
f 324/85/1789 327/33/1790 425/577/1791 421/578/1792
f 415/93/1793 324/96/1794 421/579/1795 557/494/1796
f 327/33/1797 331/36/1798 431/574/1799 425/577/1800
f 33/230/1801 323/484/1802 328/180/1803 35/179/1804
f 419/481/1805 559/480/1806 561/580/1807 420/581/1808
f 420/581/1809 561/580/1810 560/491/1811 418/576/1812
f 422/486/1813 556/485/1814 558/582/1815 423/583/1816
f 423/583/1817 558/582/1818 557/494/1819 421/579/1820
f 559/480/1821 553/489/1822 555/584/1823 561/580/1824
f 561/580/1825 555/584/1826 554/492/1827 560/491/1828
f 556/485/1829 550/490/1830 552/585/1831 558/582/1832
f 558/582/1833 552/585/1834 551/495/1835 557/494/1836
f 553/489/1837 547/493/1838 549/586/1839 555/584/1840
f 555/584/1841 549/586/1842 548/497/1843 554/492/1844
f 550/490/1845 544/496/1846 546/587/1847 552/585/1848
f 552/585/1849 546/587/1850 545/499/1851 551/495/1852
f 547/493/1853 541/498/1854 543/588/1855 549/586/1856
f 549/586/1857 543/588/1858 542/501/1859 548/497/1860
f 544/496/1861 538/500/1862 540/589/1863 546/587/1864
f 546/587/1865 540/589/1866 539/503/1867 545/499/1868
f 541/498/1869 535/502/1870 537/590/1871 543/588/1872
f 543/588/1873 537/590/1874 536/505/1875 542/501/1876
f 538/500/1877 532/504/1878 534/591/1879 540/589/1880
f 540/589/1881 534/591/1882 533/507/1883 539/503/1884
f 535/502/1885 529/506/1886 531/592/1887 537/590/1888
f 537/590/1889 531/592/1890 530/509/1891 536/505/1892
f 532/504/1893 526/508/1894 528/593/1895 534/591/1896
f 534/591/1897 528/593/1898 527/511/1899 533/507/1900
f 529/506/1901 523/510/1902 525/594/1903 531/592/1904
f 531/592/1905 525/594/1906 524/513/1907 530/509/1908
f 526/508/1909 520/512/1910 522/595/1911 528/593/1912
f 528/593/1913 522/595/1914 521/515/1915 527/511/1916
f 523/510/1917 517/514/1918 519/596/1919 525/594/1920
f 525/594/1921 519/596/1922 518/517/1923 524/513/1924
f 520/512/1925 514/516/1926 516/597/1927 522/595/1928
f 522/595/1929 516/597/1930 515/519/1931 521/515/1932
f 517/514/1933 511/518/1934 513/598/1935 519/596/1936
f 519/596/1937 513/598/1938 512/521/1939 518/517/1940
f 514/516/1941 508/520/1942 510/599/1943 516/597/1944
f 516/597/1945 510/599/1946 509/523/1947 515/519/1948
f 511/518/1949 505/522/1950 507/600/1951 513/598/1952
f 513/598/1953 507/600/1954 506/525/1955 512/521/1956
f 508/520/1957 502/524/1958 504/601/1959 510/599/1960
f 510/599/1961 504/601/1962 503/527/1963 509/523/1964
f 505/522/1965 499/526/1966 501/602/1967 507/600/1968
f 507/600/1969 501/602/1970 500/529/1971 506/525/1972
f 502/524/1973 496/528/1974 498/603/1975 504/601/1976
f 504/601/1977 498/603/1978 497/531/1979 503/527/1980
f 499/526/1981 493/530/1982 495/604/1983 501/602/1984
f 501/602/1985 495/604/1986 494/533/1987 500/529/1988
f 496/528/1989 490/532/1990 492/605/1991 498/603/1992
f 498/603/1993 492/605/1994 491/535/1995 497/531/1996
f 493/530/1997 487/534/1998 489/606/1999 495/604/2000
f 495/604/2001 489/606/2002 488/537/2003 494/533/2004
f 490/532/2005 484/536/2006 486/607/2007 492/605/2008
f 492/605/2009 486/607/2010 485/539/2011 491/535/2012
f 487/534/2013 481/538/2014 483/608/2015 489/606/2016
f 489/606/2017 483/608/2018 482/541/2019 488/537/2020
f 484/536/2021 478/540/2022 480/609/2023 486/607/2024
f 486/607/2025 480/609/2026 479/543/2027 485/539/2028
f 481/538/2029 475/542/2030 477/610/2031 483/608/2032
f 483/608/2033 477/610/2034 476/545/2035 482/541/2036
f 478/540/2037 472/544/2038 474/611/2039 480/609/2040
f 480/609/2041 474/611/2042 473/547/2043 479/543/2044
f 475/542/2045 469/546/2046 471/612/2047 477/610/2048
f 477/610/2049 471/612/2050 470/549/2051 476/545/2052
f 472/544/2053 466/548/2054 468/613/2055 474/611/2056
f 474/611/2057 468/613/2058 467/551/2059 473/547/2060
f 469/546/2061 463/550/2062 465/614/2063 471/612/2064
f 471/612/2065 465/614/2066 464/553/2067 470/549/2068
f 466/548/2069 460/552/2070 462/615/2071 468/613/2072
f 468/613/2073 462/615/2074 461/555/2075 467/551/2076
f 463/550/2077 457/554/2078 459/616/2079 465/614/2080
f 465/614/2081 459/616/2082 458/557/2083 464/553/2084
f 460/552/2085 454/556/2086 456/617/2087 462/615/2088
f 462/615/2089 456/617/2090 455/559/2091 461/555/2092
f 457/554/2093 451/558/2094 453/618/2095 459/616/2096
f 459/616/2097 453/618/2098 452/561/2099 458/557/2100
f 454/556/2101 448/560/2102 450/619/2103 456/617/2104
f 456/617/2105 450/619/2106 449/563/2107 455/559/2108
f 451/558/2109 445/562/2110 447/620/2111 453/618/2112
f 453/618/2113 447/620/2114 446/565/2115 452/561/2116
f 448/560/2117 442/564/2118 444/621/2119 450/619/2120
f 450/619/2121 444/621/2122 443/567/2123 449/563/2124
f 445/562/2125 439/566/2126 441/622/2127 447/620/2128
f 447/620/2129 441/622/2130 440/569/2131 446/565/2132
f 442/564/2133 436/568/2134 438/623/2135 444/621/2136
f 444/621/2137 438/623/2138 437/571/2139 443/567/2140
f 439/566/2141 433/570/2142 435/624/2143 441/622/2144
f 441/622/2145 435/624/2146 434/573/2147 440/569/2148
f 436/568/2149 430/572/2150 432/625/2151 438/623/2152
f 438/623/2153 432/625/2154 431/574/2155 437/571/2156
f 433/570/2157 427/483/2158 429/626/2159 435/624/2160
f 435/624/2161 429/626/2162 428/575/2163 434/573/2164
f 430/572/2165 424/488/2166 426/627/2167 432/625/2168
f 432/625/2169 426/627/2170 425/577/2171 431/574/2172
f 427/483/2173 419/482/2174 420/628/2175 429/626/2176
f 429/626/2177 420/628/2178 418/629/2179 428/575/2180
f 424/488/2181 422/487/2182 423/630/2183 426/627/2184
f 426/627/2185 423/630/2186 421/578/2187 425/577/2188
f 322/91/2189 329/37/2190 428/575/2191 418/629/2192
f 81/631/2193 562/433/2194 563/432/2195
f 81/631/2196 564/436/2197 562/433/2198
f 81/631/2199 565/438/2200 564/436/2201
f 81/631/2202 566/440/2203 565/438/2204
f 81/631/2205 567/442/2206 566/440/2207
f 81/631/2208 568/444/2209 567/442/2210
f 81/631/2211 569/446/2212 568/444/2213
f 81/631/2214 570/448/2215 569/446/2216
f 81/631/2217 571/450/2218 570/448/2219
f 81/631/2220 572/452/2221 571/450/2222
f 81/631/2223 573/454/2224 572/452/2225
f 81/631/2226 574/456/2227 573/454/2228
f 81/631/2229 575/458/2230 574/456/2231
f 81/631/2232 576/460/2233 575/458/2234
f 81/631/2235 577/462/2236 576/460/2237
f 81/631/2238 578/464/2239 577/462/2240
f 81/631/2241 579/466/2242 578/464/2243
f 81/631/2244 580/468/2245 579/466/2246
f 81/631/2247 581/470/2248 580/468/2249
f 81/631/2250 582/472/2251 581/470/2252
f 81/631/2253 583/474/2254 582/472/2255
f 81/631/2256 584/476/2257 583/474/2258
f 81/631/2259 585/478/2260 584/476/2261
f 81/631/2262 563/432/2263 585/478/2264
f 310/632/2265 312/633/2266 605/634/2267 604/635/2268
f 288/636/2269 290/637/2270 594/638/2271 593/639/2272
f 318/640/2273 320/641/2274 609/642/2275 608/643/2276
f 296/644/2277 298/645/2278 598/646/2279 597/647/2280
f 274/648/2281 275/649/2282 587/650/2283 586/651/2284
f 304/652/2285 306/653/2286 602/654/2287 601/655/2288
f 282/656/2289 284/657/2290 591/658/2291 590/659/2292
f 312/633/2293 314/660/2294 606/661/2295 605/634/2296
f 290/637/2297 292/662/2298 595/663/2299 594/638/2300
f 320/641/2301 274/648/2302 586/651/2303 609/642/2304
f 298/645/2305 300/664/2306 599/665/2307 598/646/2308
f 275/649/2309 278/666/2310 588/667/2311 587/650/2312
f 306/653/2313 308/668/2314 603/669/2315 602/654/2316
f 284/657/2317 286/670/2318 592/671/2319 591/658/2320
f 314/660/2321 316/672/2322 607/673/2323 606/661/2324
f 292/662/2325 294/674/2326 596/675/2327 595/663/2328
f 300/664/2329 302/676/2330 600/677/2331 599/665/2332
f 278/666/2333 280/678/2334 589/679/2335 588/667/2336
f 308/668/2337 310/632/2338 604/635/2339 603/669/2340
f 286/670/2341 288/636/2342 593/639/2343 592/671/2344
f 316/672/2345 318/640/2346 608/643/2347 607/673/2348
f 294/674/2349 296/644/2350 597/647/2351 596/675/2352
f 302/676/2353 304/652/2354 601/655/2355 600/677/2356
f 280/678/2357 282/656/2358 590/659/2359 589/679/2360
f 602/654/2361 603/669/2362 610/680/2363
f 595/663/2364 596/675/2365 610/680/2366
f 588/667/2367 589/679/2368 610/680/2369
f 603/669/2370 604/635/2371 610/680/2372
f 596/675/2373 597/647/2374 610/680/2375
f 589/679/2376 590/659/2377 610/680/2378
f 604/635/2379 605/634/2380 610/680/2381
f 597/647/2382 598/646/2383 610/680/2384
f 590/659/2385 591/658/2386 610/680/2387
f 605/634/2388 606/661/2389 610/680/2390
f 598/646/2391 599/665/2392 610/680/2393
f 591/658/2394 592/671/2395 610/680/2396
f 606/661/2397 607/673/2398 610/680/2399
f 599/665/2400 600/677/2401 610/680/2402
f 592/671/2403 593/639/2404 610/680/2405
f 607/673/2406 608/643/2407 610/680/2408
f 600/677/2409 601/655/2410 610/680/2411
f 593/639/2412 594/638/2413 610/680/2414
f 608/643/2415 609/642/2416 610/680/2417
f 586/651/2418 587/650/2419 610/680/2420
f 601/655/2421 602/654/2422 610/680/2423
f 594/638/2424 595/663/2425 610/680/2426
f 609/642/2427 586/651/2428 610/680/2429
f 587/650/2430 588/667/2431 610/680/2432
f 287/681/2433 289/682/2434 618/683/2435 634/684/2436
f 313/685/2437 315/686/2438 620/687/2439 633/688/2440
f 285/689/2441 287/681/2442 634/684/2443 632/690/2444
f 311/691/2445 313/685/2446 633/688/2447 631/692/2448
f 283/693/2449 285/689/2450 632/690/2451 630/694/2452
f 309/695/2453 311/691/2454 631/692/2455 629/696/2456
f 281/697/2457 283/693/2458 630/694/2459 628/698/2460
f 307/699/2461 309/695/2462 629/696/2463 627/700/2464
f 279/701/2465 281/697/2466 628/698/2467 626/702/2468
f 305/703/2469 307/699/2470 627/700/2471 625/704/2472
f 276/705/2473 279/701/2474 626/702/2475 624/706/2476
f 303/707/2477 305/703/2478 625/704/2479 623/708/2480
f 277/709/2481 276/705/2482 624/706/2483 613/710/2484
f 301/711/2485 303/707/2486 623/708/2487 622/712/2488
f 315/686/2489 317/713/2490 621/714/2491 620/687/2492
f 289/682/2493 291/715/2494 619/716/2495 618/683/2496
f 317/713/2497 319/717/2498 617/718/2499 621/714/2500
f 291/715/2501 293/719/2502 616/720/2503 619/716/2504
f 319/717/2505 321/721/2506 615/722/2507 617/718/2508
f 293/719/2509 295/723/2510 614/724/2511 616/720/2512
f 321/721/2513 277/725/2514 613/726/2515 615/722/2516
f 295/723/2517 297/727/2518 612/728/2519 614/724/2520
f 297/727/2521 299/729/2522 611/730/2523 612/728/2524
f 299/729/2525 301/711/2526 622/712/2527 611/730/2528
f 288/731/2529 286/732/2530 658/733/2531 643/734/2532
f 314/735/2533 312/736/2534 657/737/2535 645/738/2536
f 286/732/2537 284/739/2538 656/740/2539 658/733/2540
f 312/736/2541 310/741/2542 655/742/2543 657/737/2544
f 284/739/2545 282/743/2546 654/744/2547 656/740/2548
f 310/741/2549 308/745/2550 653/746/2551 655/742/2552
f 282/743/2553 280/747/2554 652/748/2555 654/744/2556
f 308/745/2557 306/749/2558 651/750/2559 653/746/2560
f 280/747/2561 278/751/2562 650/752/2563 652/748/2564
f 306/749/2565 304/753/2566 649/754/2567 651/750/2568
f 278/751/2569 275/755/2570 648/756/2571 650/752/2572
f 304/753/2573 302/757/2574 647/758/2575 649/754/2576
f 316/759/2577 314/735/2578 645/738/2579 644/760/2580
f 290/761/2581 288/731/2582 643/734/2583 642/762/2584
f 318/763/2585 316/759/2586 644/760/2587 641/764/2588
f 292/765/2589 290/761/2590 642/762/2591 640/766/2592
f 320/767/2593 318/763/2594 641/764/2595 639/768/2596
f 294/769/2597 292/765/2598 640/766/2599 638/770/2600
f 274/771/2601 320/767/2602 639/768/2603 637/772/2604
f 296/773/2605 294/769/2606 638/770/2607 636/774/2608
f 298/775/2609 296/773/2610 636/774/2611 635/776/2612
f 300/777/2613 298/775/2614 635/776/2615 646/778/2616
f 302/757/2617 300/777/2618 646/778/2619 647/758/2620
f 275/755/2621 274/779/2622 637/780/2623 648/756/2624
f 634/684/2625 618/683/2626 681/355/2627 680/431/2628
f 633/688/2629 620/687/2630 682/357/2631 679/430/2632
f 632/690/2633 634/684/2634 680/431/2635 678/427/2636
f 631/692/2637 633/688/2638 679/430/2639 677/426/2640
f 630/694/2641 632/690/2642 678/427/2643 676/423/2644
f 629/696/2645 631/692/2646 677/426/2647 675/422/2648
f 628/698/2649 630/694/2650 676/423/2651 674/419/2652
f 627/700/2653 629/696/2654 675/422/2655 673/418/2656
f 626/702/2657 628/698/2658 674/419/2659 672/415/2660
f 625/704/2661 627/700/2662 673/418/2663 671/414/2664
f 624/706/2665 626/702/2666 672/415/2667 670/411/2668
f 623/708/2669 625/704/2670 671/414/2671 669/409/2672
f 613/710/2673 624/706/2674 670/411/2675 661/410/2676
f 622/712/2677 623/708/2678 669/409/2679 668/210/2680
f 620/687/2681 621/714/2682 667/345/2683 682/357/2684
f 618/683/2685 619/716/2686 666/342/2687 681/355/2688
f 621/714/2689 617/718/2690 665/333/2691 667/345/2692
f 619/716/2693 616/720/2694 664/275/2695 666/342/2696
f 617/718/2697 615/722/2698 663/255/2699 665/333/2700
f 616/720/2701 614/724/2702 662/250/2703 664/275/2704
f 615/722/2705 613/726/2706 661/256/2707 663/255/2708
f 614/724/2709 612/728/2710 660/234/2711 662/250/2712
f 612/728/2713 611/730/2714 659/209/2715 660/234/2716
f 611/730/2717 622/712/2718 668/210/2719 659/209/2720
f 643/734/2721 658/733/2722 706/429/2723 683/361/2724
f 645/738/2725 657/737/2726 705/428/2727 684/363/2728
f 658/733/2729 656/740/2730 704/425/2731 706/429/2732
f 657/737/2733 655/742/2734 703/424/2735 705/428/2736
f 656/740/2737 654/744/2738 702/421/2739 704/425/2740
f 655/742/2741 653/746/2742 701/420/2743 703/424/2744
f 654/744/2745 652/748/2746 700/417/2747 702/421/2748
f 653/746/2749 651/750/2750 699/416/2751 701/420/2752
f 652/748/2753 650/752/2754 698/413/2755 700/417/2756
f 651/750/2757 649/754/2758 697/412/2759 699/416/2760
f 650/752/2761 648/756/2762 696/185/2763 698/413/2764
f 649/754/2765 647/758/2766 695/189/2767 697/412/2768
f 644/760/2769 645/738/2770 684/363/2771 693/351/2772
f 642/762/2773 643/734/2774 683/361/2775 692/348/2776
f 641/764/2777 644/760/2778 693/351/2779 691/339/2780
f 640/766/2781 642/762/2782 692/348/2783 690/336/2784
f 639/768/2785 641/764/2786 691/339/2787 689/269/2788
f 638/770/2789 640/766/2790 690/336/2791 688/262/2792
f 637/772/2793 639/768/2794 689/269/2795 687/268/2796
f 636/774/2797 638/770/2798 688/262/2799 686/241/2800
f 635/776/2801 636/774/2802 686/241/2803 685/222/2804
f 646/778/2805 635/776/2806 685/222/2807 694/190/2808
f 647/758/2809 646/778/2810 694/190/2811 695/189/2812
f 648/756/2813 637/780/2814 687/186/2815 696/185/2816
