# This file uses centimeters as units for non-parametric coordinates.

mtllib canister.mtl
g default
v -0.000023 236.411389 -54.337566
v 19.921303 236.411389 -50.374965
v 36.809730 236.411389 -39.090465
v 48.094215 236.411419 -22.202022
v 52.056801 236.411419 -2.280742
v 48.094215 236.411419 17.640538
v 36.809730 236.411419 34.528981
v 19.921303 236.411419 45.813481
v -0.000023 236.411419 49.776074
v -19.921288 236.411419 45.813481
v -36.809716 236.411419 34.528981
v -48.094200 236.411419 17.640538
v -52.056847 236.411419 -2.280742
v -48.094200 236.411419 -22.202022
v -36.809716 236.411389 -39.090465
v -19.921288 236.411389 -50.374965
v -0.000023 249.564740 -51.858623
v -0.000023 259.488751 -46.861705
v -0.000023 266.720532 -39.844615
v 14.375038 266.720532 -36.985240
v 17.060402 259.488751 -43.468181
v 18.972633 249.564740 -48.084728
v -49.577843 249.564740 -2.280742
v -44.580956 259.488751 -2.280742
v -37.563866 266.720532 -2.280742
v -34.704491 266.720532 -16.655818
v -41.187462 259.488751 -19.341136
v -45.803978 249.564740 -21.253368
v 45.803993 249.564740 16.691884
v 41.187416 259.488751 14.779645
v 34.704506 266.720532 12.094327
v 26.561683 266.720532 24.280919
v 31.523475 259.488751 29.242741
v 35.056862 249.564740 32.776097
v -35.056847 249.564740 32.776097
v -31.523522 259.488751 29.242741
v -26.561669 266.720532 24.280919
v -34.704491 266.720532 12.094327
v -41.187462 259.488751 14.779645
v -45.803978 249.564740 16.691884
v -18.972618 249.564740 -48.084728
v -17.060387 259.488751 -43.468181
v -14.375084 266.720532 -36.985240
v 45.803993 249.564740 -21.253368
v 41.187416 259.488751 -19.341136
v 34.704506 266.720532 -16.655818
v 37.563881 266.720532 -2.280742
v 44.580971 259.488751 -2.280742
v 49.577858 249.564740 -2.280742
v -0.000023 249.564740 47.297116
v -0.000023 259.488751 42.300206
v -0.000023 266.720532 35.283124
v -14.375084 266.720532 32.423741
v -17.060387 259.488751 38.906682
v -18.972618 249.564740 43.523213
v -26.561669 266.720532 -28.842418
v -31.523522 259.488751 -33.804241
v -35.056847 249.564740 -37.337596
v 26.561683 266.720532 -28.842418
v 31.523475 259.488751 -33.804241
v 35.056862 249.564740 -37.337596
v 14.375038 266.720532 32.423741
v 17.060402 259.488751 38.906682
v 18.972633 249.564740 43.523213
v -0.000023 -330.637531 -2.280650
v -0.000023 -322.421649 -54.256694
v -0.000023 -327.912067 -51.681270
v 19.890358 -322.421649 -50.300258
v 18.904823 -327.912067 -47.920879
v 36.752601 -322.421649 -39.033260
v 34.931495 -327.912067 -37.212169
v 48.019569 -322.421649 -22.171031
v 45.640236 -327.912067 -21.185451
v 51.976051 -322.421649 -2.280650
v 49.400612 -327.912067 -2.280650
v 48.019569 -322.421649 17.609715
v 45.640236 -327.912067 16.624142
v 36.752601 -322.421649 34.471951
v 34.931495 -327.912067 32.650853
v 19.890358 -322.421649 45.738942
v 18.904823 -327.912067 43.359563
v -0.000023 -322.421649 49.695386
v -0.000023 -327.912067 47.119961
v -19.890343 -322.421649 45.738942
v -18.904808 -327.912067 43.359563
v -36.752587 -322.421649 34.471951
v -34.931481 -327.912067 32.650853
v -48.019615 -322.421649 17.609715
v -45.640221 -327.912067 16.624142
v -51.976036 -322.421649 -2.280650
v -49.400597 -327.912067 -2.280650
v -48.019615 -322.421649 -22.171031
v -45.640221 -327.912067 -21.185451
v -36.752587 -322.421649 -39.033260
v -34.931481 -327.912067 -37.212169
v -19.890343 -322.421649 -50.300258
v -18.904808 -327.912067 -47.920879
v -0.000023 283.986615 -2.280757
v 5.642799 282.984601 -15.903636
v 6.379371 280.789807 -17.682002
v 6.163673 282.223523 -17.161144
v -0.000023 280.789807 -18.950954
v -0.000023 282.984601 -17.026058
v -0.000023 282.223523 -18.387157
v 10.426491 282.984601 -12.707256
v 11.787575 280.789807 -14.068370
v 11.388954 282.223523 -13.669704
v 13.622841 282.984601 -7.923534
v 15.401222 280.789807 -8.660167
v 14.880348 282.223523 -8.444408
v 14.745277 282.984601 -2.280757
v 16.670204 280.789807 -2.280757
v 16.106422 282.223523 -2.280757
v 13.622841 282.984601 3.362034
v 15.401222 280.789807 4.098652
v 14.880348 282.223553 3.882908
v 10.426491 282.984601 8.145741
v 11.787575 280.789807 9.506856
v 11.388954 282.223553 9.108204
v 5.642799 282.984601 11.342122
v 6.379371 280.789807 13.120503
v 6.163673 282.223553 12.599629
v -0.000023 282.984601 12.464551
v -0.000023 280.789807 14.389454
v -0.000023 282.223553 13.825657
v -5.642784 282.984601 11.342122
v -6.379418 280.789807 13.120503
v -6.163658 282.223553 12.599629
v -10.426537 282.984601 8.145741
v -11.787621 280.789807 9.506856
v -11.388939 282.223553 9.108204
v -13.622887 282.984601 3.362034
v -15.401268 280.789807 4.098652
v -14.880394 282.223553 3.882908
v -14.745323 282.984601 -2.280757
v -16.670250 280.789807 -2.280757
v -16.106407 282.223523 -2.280757
v -13.622887 282.984601 -7.923534
v -15.401268 280.789807 -8.660167
v -14.880394 282.223523 -8.444408
v -10.426537 282.984601 -12.707256
v -11.787621 280.789807 -14.068370
v -11.388939 282.223523 -13.669704
v -5.642784 282.984601 -15.903636
v -6.379418 280.789807 -17.682002
v -6.163658 282.223523 -17.161144
v -0.000023 272.645550 -31.130794
v -0.000023 278.536023 -20.254588
v -0.000023 275.327099 -23.190715
v 6.878273 278.536023 -18.886409
v 11.040443 272.645550 -28.934703
v 8.001869 275.327099 -21.599040
v 12.709388 278.536023 -14.990169
v 20.400062 272.645550 -22.680797
v 14.785560 275.327099 -17.066326
v 16.605629 278.536023 -9.159038
v 26.653969 272.645550 -13.321178
v 19.318275 275.327099 -10.282649
v 17.973793 278.536023 -2.280757
v 28.850013 272.645550 -2.280757
v 20.909950 275.327099 -2.280757
v 16.605629 278.536023 4.597539
v 26.653969 272.645550 8.759678
v 19.318275 275.327099 5.721150
v 12.709388 278.536023 10.428670
v 20.400062 272.645550 18.119305
v 14.785560 275.327099 12.504819
v 6.878273 278.536023 14.324910
v 11.040443 272.645550 24.373204
v 8.001869 275.327099 17.037533
v -0.000023 278.536023 15.693089
v -0.000023 272.645550 26.569287
v -0.000023 275.327099 18.629216
v -6.878319 278.536023 14.324910
v -11.040428 272.645550 24.373204
v -8.001915 275.327099 17.037533
v -12.709435 278.536023 10.428670
v -20.400048 272.645550 18.119305
v -14.785607 275.327099 12.504819
v -16.605675 278.536023 4.597539
v -26.653954 272.645550 8.759678
v -19.318321 275.327099 5.721150
v -17.973839 278.536023 -2.280757
v -28.850060 272.645550 -2.280757
v -20.909996 275.327099 -2.280757
v -16.605675 278.536023 -9.159038
v -26.653954 272.645550 -13.321178
v -19.318321 275.327099 -10.282649
v -12.709435 278.536023 -14.990169
v -20.400048 272.645550 -22.680797
v -14.785607 275.327099 -17.066326
v -6.878319 278.536023 -18.886409
v -11.040428 272.645550 -28.934703
v -8.001915 275.327099 -21.599040
v 16.750953 -330.637531 -42.721080
v -0.000023 -330.637531 -46.053066
v 30.951759 -330.637531 -33.232417
v 40.440407 -330.637531 -19.031627
v 43.772377 -330.637531 -2.280650
v 40.440407 -330.637531 14.470326
v 30.951759 -330.637531 28.671109
v 16.750953 -330.637531 38.159779
v -0.000023 -330.637531 41.491757
v -16.751000 -330.637531 38.159779
v -30.951744 -330.637531 28.671116
v -40.440453 -330.637531 14.470326
v -43.772423 -330.637531 -2.280650
v -40.440453 -330.637531 -19.031627
v -30.951744 -330.637531 -33.232417
v -16.751000 -330.637531 -42.721080
v -0.000023 282.834729 -12.242778
v -0.000023 290.979229 -10.114833
v 5.855507 282.834729 -10.340206
v 4.604774 290.979229 -8.618648
v 9.474464 282.834729 -5.359187
v 7.450660 290.979229 -4.701610
v 9.474464 282.834729 0.797688
v 7.450660 290.979229 0.140111
v 5.855507 282.834729 5.778691
v 4.604774 290.979229 4.057149
v -0.000023 282.834729 7.681279
v -0.000023 290.979229 5.553319
v -5.855553 282.834729 5.778691
v -4.604759 290.979229 4.057149
v -9.474449 282.834729 0.797688
v -7.450646 290.979229 0.140111
v -9.474449 282.834729 -5.359187
v -7.450646 290.979229 -4.701610
v -5.855553 282.834729 -10.340206
v -4.604759 290.979229 -8.618648
v 5.855507 290.944134 -10.340206
v -0.000023 290.944134 -12.242778
v 9.474464 290.944134 -5.359187
v 9.474464 290.944134 0.797688
v 5.855507 290.944134 5.778691
v -0.000023 290.944134 7.681264
v -5.855553 290.944134 5.778691
v -9.474449 290.944134 0.797688
v -9.474449 290.944134 -5.359187
v -5.855553 290.944134 -10.340206
v -0.000023 296.683026 -10.114833
v 4.604774 296.683026 -8.618648
v 7.450660 296.683026 -4.701610
v 7.450660 296.683026 0.140111
v 4.604774 296.683026 4.057149
v -0.000023 296.683026 5.553319
v -4.604759 296.683026 4.057149
v -7.450646 296.683026 0.140111
v -7.450646 296.683026 -4.701610
v -4.604759 296.683026 -8.618648
v -0.000023 296.718121 -12.227382
v 5.846473 296.718121 -10.327754
v 9.459816 296.718121 -5.354427
v 9.459816 296.718121 0.792927
v 5.846473 296.718121 5.766240
v -0.000023 296.718121 7.665883
v -5.846459 296.718121 5.766240
v -9.459801 296.718121 0.792927
v -9.459801 296.718121 -5.354427
v -5.846459 296.718121 -10.327754
v 3.346046 321.605572 -6.886196
v -0.000023 321.605572 -7.973384
v 5.414039 321.605572 -4.039882
v 5.414039 321.605572 -0.521633
v 3.346046 321.605572 2.324681
v -0.000023 321.605572 3.411870
v -3.346031 321.605572 2.324681
v -5.414025 321.605572 -0.521648
v -5.414025 321.605572 -4.039882
v -3.346031 321.605572 -6.886196
v 5.846473 321.605572 -10.327754
v -0.000023 321.605572 -12.227397
v 9.459816 321.605572 -5.354442
v 9.459816 321.605572 0.792912
v 5.846473 321.605572 5.766240
v -0.000023 321.605572 7.665867
v -5.846459 321.605572 5.766240
v -9.459801 321.605572 0.792912
v -9.459801 321.605572 -5.354442
v -5.846459 321.605572 -10.327754
v 3.346046 330.637524 -6.886196
v -0.000023 330.637524 -7.973384
v 5.414039 330.637524 -4.039882
v 5.414039 330.637524 -0.521648
v 3.346046 330.637524 2.324681
v -0.000023 330.637524 3.411870
v -3.346031 330.637524 2.324681
v -5.414025 330.637524 -0.521648
v -5.414025 330.637524 -4.039882
v -3.346031 330.637524 -6.886196
v -15.681359 315.730694 -2.280757
v -7.053612 315.730694 -2.280757
v -15.681359 314.556134 -5.895717
v -7.053612 314.556134 -5.895717
v -15.681359 311.481061 -8.129878
v -7.053612 311.481061 -8.129878
v -15.681359 307.680066 -8.129878
v -7.053612 307.680066 -8.129878
v -15.681359 304.605023 -5.895717
v -7.053612 304.605023 -5.895717
v -15.681359 303.430432 -2.280757
v -7.053612 303.430432 -2.280757
v -15.681359 304.605023 1.334202
v -7.053612 304.605023 1.334202
v -15.681359 307.680066 3.568364
v -7.053612 307.680066 3.568364
v -15.681359 311.481061 3.568364
v -7.053612 311.481061 3.568364
v -15.681359 314.556134 1.334202
v -7.053612 314.556134 1.334202
v -22.668053 315.730694 -2.280757
v -22.668053 314.556134 -5.895717
v -22.668053 311.481061 -8.129878
v -22.668053 307.680066 -8.129878
v -22.668053 304.605023 -5.895717
v -22.668053 303.430432 -2.280757
v -22.668053 304.605023 1.334202
v -22.668053 307.680066 3.568364
v -22.668053 311.481061 3.568364
v -22.668053 314.556134 1.334202
v -26.251000 313.878430 -2.280757
v -26.251000 313.057629 -4.806972
v -26.251000 310.908673 -6.368266
v -26.251000 308.252453 -6.368266
v -26.251000 306.103528 -4.806972
v -26.251000 305.282727 -2.280757
v -26.251000 306.103528 0.245457
v -26.251000 308.252453 1.806752
v -26.251000 310.908673 1.806752
v -26.251000 313.057629 0.245457
v -15.681359 317.556012 -2.280757
v -15.681359 316.032849 -6.968608
v -15.681359 312.045117 -9.865856
v -15.681359 307.116009 -9.865856
v -15.681359 303.128277 -6.968608
v -15.681359 301.605114 -2.280757
v -15.681359 303.128277 2.407094
v -15.681359 307.116009 5.304341
v -15.681359 312.045117 5.304341
v -15.681359 316.032849 2.407094
v -22.668053 317.556012 -2.280757
v -22.668053 316.032849 -6.968608
v -22.668053 312.045117 -9.865856
v -22.668053 307.116009 -9.865856
v -22.668053 303.128277 -6.968608
v -22.668053 301.605114 -2.280757
v -22.668053 303.128277 2.407094
v -22.668053 307.116009 5.304341
v -22.668053 312.045117 5.304341
v -22.668053 316.032849 2.407094
v -26.251000 315.730694 -2.280757
v -26.251000 314.556134 -5.895717
v -26.251000 311.481061 -8.129878
v -26.251000 307.680066 -8.129878
v -26.251000 304.605023 -5.895717
v -26.251000 303.430432 -2.280757
v -26.251000 304.605023 1.334202
v -26.251000 307.680066 3.568364
v -26.251000 311.481061 3.568364
v -26.251000 314.556134 1.334202
v -23.748375 309.580578 -2.280757
v -23.748375 313.878430 -2.280757
v -23.748375 313.057629 -4.806972
v -23.748375 310.908673 -6.368266
v -23.748375 308.252453 -6.368266
v -23.748375 306.103528 -4.806972
v -23.748375 305.282727 -2.280757
v -23.748375 306.103528 0.245457
v -23.748375 308.252453 1.806752
v -23.748375 310.908673 1.806752
v -23.748375 313.057629 0.245457
v 0.052711 314.406750 5.760991
v -2.779198 313.486615 5.760991
v -4.529442 311.077588 5.760991
v -4.529442 308.099926 5.760991
v -2.779198 305.690899 5.760991
v 0.052711 304.770764 5.760991
v 2.884681 305.690899 5.760991
v 4.634926 308.099926 5.760991
v 4.634926 311.077588 5.760991
v 2.884681 313.486615 5.760991
v 2.884681 313.486615 12.973080
v 4.634926 311.077588 12.973080
v 4.634926 308.099926 12.973080
v 2.884681 305.690899 12.973080
v 0.052711 304.770764 12.973080
v -2.779198 305.690899 12.973080
v -4.529442 308.099926 12.973088
v -4.529442 311.077588 12.973080
v -2.779198 313.486615 12.973080
v 0.052711 314.406750 12.973080
v -1.407006 311.597943 12.973080
v -2.309166 310.356183 12.973080
v -2.309166 308.821332 12.973080
v -1.407006 307.579602 12.973080
v 0.052711 307.105267 12.973080
v 1.512489 307.579602 12.973080
v 2.414650 308.821332 12.973080
v 2.414650 310.356183 12.973080
v 1.512489 311.597943 12.973080
v 0.052711 312.072247 12.973080
v -1.407006 311.597943 18.333417
v -2.309166 310.356183 18.333417
v -2.309166 308.821332 18.333417
v -1.407006 307.579602 18.333417
v 0.052711 307.105298 18.333417
v 1.512489 307.579602 18.333417
v 2.414650 308.821332 18.333417
v 2.414650 310.356183 18.333417
v 1.512489 311.597943 18.333417
v 0.052711 312.072247 18.333417
v -2.998986 306.359784 22.820317
v -2.998986 312.957867 22.820325
v -2.998986 306.359784 20.799840
v -2.998986 312.957867 20.799840
v 3.007911 306.359784 22.820317
v 3.007911 312.957867 22.820317
v 3.007911 306.359784 20.799840
v 3.007911 312.957867 20.799840
v 0.004432 312.761517 18.253323
v 0.004432 312.761517 20.886113
v 2.736000 311.184460 18.253323
v 2.736000 311.184460 20.886113
v 2.736000 308.030346 18.253323
v 2.736000 308.030346 20.886113
v 0.004432 306.453290 18.253323
v 0.004432 306.453290 20.886113
v -2.727135 308.030346 18.253323
v -2.727135 308.030346 20.886113
v -2.727135 311.184460 18.253323
v -2.727135 311.184460 20.886113
v -3.160668 313.007733 23.878239
v -3.160668 319.045788 26.805226
v -3.160668 323.215893 32.062153
v -3.160668 324.692181 38.607831
v -3.160668 323.182141 45.145802
v -3.160668 318.984936 50.381131
v -3.160668 312.931866 53.276921
v -3.160668 306.221844 53.259602
v -3.160668 300.183789 50.332615
v -3.160668 296.013714 45.075688
v -3.160668 294.537426 38.530018
v -3.160668 296.047436 31.992047
v -3.160668 300.244641 26.756711
v -3.160668 306.297680 23.860928
v 3.136146 319.045788 26.805226
v 3.136146 313.007733 23.878239
v 3.136146 323.215893 32.062153
v 3.136146 324.692181 38.607831
v 3.136146 323.182141 45.145802
v 3.136146 318.984936 50.381131
v 3.136146 312.931866 53.276921
v 3.136146 306.221844 53.259602
v 3.136146 300.183789 50.332615
v 3.136146 296.013714 45.075688
v 3.136146 294.537426 38.530018
v 3.136146 296.047436 31.992047
v 3.136146 300.244641 26.756711
v 3.136146 306.297680 23.860928
v 3.136146 309.614819 38.568928
v -3.160668 309.614819 38.568928
v -3.628685 313.252423 22.818837
v -3.628685 319.725903 25.956898
v -3.628685 324.196759 31.592923
v -3.628685 325.779461 38.610631
v -3.628685 324.160534 45.620076
v -3.628685 319.660687 51.232960
v -3.628685 313.171093 54.337575
v -3.628685 305.977154 54.319005
v -3.628685 299.503705 51.180943
v -3.628685 295.032849 45.544919
v -3.628685 293.450146 38.527211
v -3.628685 295.069043 31.517766
v -3.628685 299.568890 25.904881
v -3.628685 306.058484 22.800274
v -3.160668 313.007733 23.878239
v -3.160668 319.045788 26.805226
v -3.160668 323.215893 32.062153
v -3.160668 324.692181 38.607831
v -3.160668 323.182141 45.145802
v -3.160668 318.984936 50.381131
v -3.160668 312.931866 53.276921
v -3.160668 306.221844 53.259602
v -3.160668 300.183789 50.332615
v -3.160668 296.013714 45.075688
v -3.160668 294.537426 38.530018
v -3.160668 296.047436 31.992047
v -3.160668 300.244641 26.756711
v -3.160668 306.297680 23.860928
v 3.604164 319.725903 25.956898
v 3.604164 313.252423 22.818837
v 3.604164 324.196759 31.592923
v 3.604164 325.779461 38.610631
v 3.604164 324.160534 45.620076
v 3.604164 319.660687 51.232960
v 3.604164 313.171093 54.337575
v 3.604164 305.977154 54.319005
v 3.604164 299.503705 51.180943
v 3.604164 295.032849 45.544919
v 3.604164 293.450146 38.527211
v 3.604164 295.069043 31.517766
v 3.604164 299.568890 25.904881
v 3.604164 306.058484 22.800274
v 3.136146 319.045788 26.805226
v 3.136146 313.007733 23.878239
v 3.136146 323.215893 32.062153
v 3.136146 324.692181 38.607831
v 3.136146 323.182141 45.145802
v 3.136146 318.984936 50.381131
v 3.136146 312.931866 53.276921
v 3.136146 306.221844 53.259602
v 3.136146 300.183789 50.332615
v 3.136146 296.013714 45.075688
v 3.136146 294.537426 38.530018
v 3.136146 296.047436 31.992047
v 3.136146 300.244641 26.756711
v 3.136146 306.297680 23.860928
v -3.628685 319.045788 26.805226
v -3.628685 313.007733 23.878239
v -3.628685 323.215893 32.062153
v -3.628685 324.692181 38.607831
v -3.628685 323.182141 45.145802
v -3.628685 318.984936 50.381131
v -3.628685 312.931866 53.276921
v -3.628685 306.221844 53.259602
v -3.628685 300.183789 50.332615
v -3.628685 296.013714 45.075688
v -3.628685 294.537426 38.530018
v -3.628685 296.047436 31.992047
v -3.628685 300.244641 26.756711
v -3.628685 306.297680 23.860928
v 3.604164 319.045788 26.805226
v 3.604164 313.007733 23.878239
v 3.604164 323.215893 32.062153
v 3.604164 324.692181 38.607831
v 3.604164 323.182141 45.145802
v 3.604164 318.984936 50.381131
v 3.604164 312.931866 53.276921
v 3.604164 306.221844 53.259602
v 3.604164 300.183789 50.332615
v 3.604164 296.013714 45.075688
v 3.604164 294.537426 38.530018
v 3.604164 296.047436 31.992047
v 3.604164 300.244641 26.756711
v 3.604164 306.297680 23.860928
vt 0.678134 0.966478
vt 0.723536 0.125364
vt 0.732707 0.072921
vt 0.718808 0.028491
vt 0.686310 0.047943
vt 0.761864 0.079938
vt 0.676249 0.240995
vt 0.678134 0.900371
vt 0.710847 0.177162
vt 0.756812 0.109868
vt 0.455485 0.962000
vt 0.677159 0.085476
vt 0.703679 0.138826
vt 0.598023 0.188764
vt 0.778378 0.068626
vt 0.577214 0.009208
vt 0.250413 0.959831
vt 0.676675 0.155167
vt 0.792271 0.102493
vt 0.250357 0.982416
vt 0.719925 0.133939
vt 0.724888 0.137284
vt 0.659159 0.112011
vt 0.893704 0.177077
vt 0.713304 0.140469
vt 0.723213 0.155503
vt 0.661720 0.982892
vt 0.045721 0.976837
vt 0.627839 0.105547
vt 0.694557 0.091142
vt 0.689540 0.063825
vt 0.714089 0.193040
vt 0.717146 0.132074
vt 0.387358 0.971233
vt 0.595613 0.982892
vt 0.689969 0.104872
vt 0.911156 0.089341
vt 0.362419 0.005684
vt 0.651915 0.152022
vt 0.680260 0.133601
vt 0.683058 0.131747
vt 0.703949 0.102216
vt 0.628666 0.933424
vt 0.709601 0.106589
vt 0.772689 0.106631
vt 0.668667 0.072203
vt 0.519705 0.988527
vt 0.696333 0.100303
vt 0.720251 0.124706
vt 0.718239 0.212629
vt 0.686153 0.129694
vt 0.617060 0.991775
vt 0.820590 0.096576
vt 0.421067 0.983414
vt 0.714175 0.111324
vt 0.716920 0.095791
vt 0.720080 0.107413
vt 0.716623 0.123987
vt 0.216127 0.982432
vt 0.643759 0.108634
vt 0.250466 0.970553
vt 0.147553 0.960382
vt 0.038519 0.004366
vt 0.731709 0.168770
vt 0.741653 0.059409
vt 0.681903 0.123950
vt 0.893704 0.001605
vt 0.047543 0.988384
vt 0.595613 0.883957
vt 0.711454 0.137680
vt 0.621951 0.172429
vt 0.284705 0.959889
vt 0.506186 0.007847
vt 0.725089 0.104108
vt 0.470246 0.007222
vt 0.181946 0.982553
vt 0.715581 0.131030
vt 0.729406 0.126555
vt 0.683750 0.117033
vt 0.802287 0.052328
vt 0.706199 0.091235
vt 0.627631 0.134379
vt 0.697045 0.103934
vt 0.078841 0.962767
vt 0.002454 0.004518
vt 0.667660 0.168101
vt 0.704323 0.100374
vt 0.579676 0.096494
vt 0.686307 0.110989
vt 0.998892 0.071889
vt 0.715123 0.048171
vt 0.703584 0.103999
vt 0.680444 0.107054
vt 0.985535 0.139039
vt 0.680111 0.116302
vt 0.622281 0.068061
vt 0.181969 0.970721
vt 0.716605 0.145461
vt 0.985535 0.039642
vt 0.756579 0.132351
vt 0.665521 0.096951
vt 0.080482 0.985055
vt 0.684630 0.130701
vt 0.579668 0.144454
vt 0.680051 0.124317
vt 0.928608 0.001605
vt 0.792161 0.139096
vt 0.710409 0.136115
vt 0.659045 0.128365
vt 0.558287 0.974267
vt 0.387133 0.983022
vt 0.670869 0.126101
vt 0.579199 0.966478
vt 0.820590 0.144456
vt 0.687017 0.945031
vt 0.705818 0.149840
vt 0.181831 0.960016
vt 0.015383 0.995766
vt 0.010730 0.984345
vt 0.694171 0.149753
vt 0.718403 0.124342
vt 0.216204 0.970578
vt 0.998892 0.106793
vt 0.284600 0.982472
vt 0.928608 0.177077
vt 0.110569 0.004234
vt 0.608027 0.138524
vt 0.598044 0.052195
vt 0.703334 0.137040
vt 0.752586 0.042638
vt 0.691734 0.161534
vt 0.717277 0.109268
vt 0.398367 0.006138
vt 0.695374 0.143883
vt 0.218554 0.004485
vt 0.696043 0.140598
vt 0.687072 0.100515
vt 0.639067 0.078994
vt 0.318990 0.970734
vt 0.353210 0.970933
vt 0.043998 0.966125
vt 0.748430 0.089001
vt 0.353232 0.960238
vt 0.723686 0.085843
vt 0.768437 0.222595
vt 0.318984 0.960022
vt 0.661720 0.883957
vt 0.687017 0.921818
vt 0.007652 0.972956
vt 0.709407 0.134600
vt 0.778061 0.172877
vt 0.608144 0.101872
vt 0.554944 0.985181
vt 0.720301 0.116699
vt 0.681961 0.116671
vt 0.670947 0.114442
vt 0.676757 0.124960
vt 0.683695 0.123601
vt 0.729476 0.114906
vt 0.688924 0.103306
vt 0.579199 0.900371
vt 0.682180 0.028349
vt 0.113999 0.983543
vt 0.861458 0.014962
vt 0.182568 0.004340
vt 0.254532 0.004692
vt 0.696781 0.136965
vt 0.752108 0.198700
vt 0.741296 0.112640
vt 0.113696 0.971827
vt 0.550363 0.995766
vt 0.648282 0.042242
vt 0.147872 0.982858
vt 0.711677 0.103523
vt 0.704682 0.143962
vt 0.823420 0.106793
vt 0.960855 0.163720
vt 0.570315 0.921818
vt 0.960855 0.014962
vt 0.768449 0.018429
vt 0.079702 0.973440
vt 0.455160 0.972534
vt 0.690748 0.134387
vt 0.836777 0.139039
vt 0.489310 0.963712
vt 0.695693 0.097018
vt 0.326464 0.005292
vt 0.659601 0.058766
vt 0.640273 0.875074
vt 0.715703 0.110315
vt 0.676273 0.000000
vt 0.146573 0.004256
vt 0.631942 0.222667
vt 0.658718 0.181627
vt 0.113258 0.961157
vt 0.647791 0.198419
vt 0.454675 0.984099
vt 0.675255 0.136906
vt 0.434309 0.006651
vt 0.686798 0.140246
vt 0.523153 0.967164
vt 0.643522 0.131139
vt 0.692301 0.079335
vt 0.741187 0.128979
vt 0.716665 0.117424
vt 0.836777 0.039642
vt 0.802284 0.188703
vt 0.735151 0.097496
vt 0.683769 0.095522
vt 0.675478 0.103703
vt 0.353026 0.982766
vt 0.676822 0.115638
vt 0.740780 0.182195
vt 0.147789 0.971070
vt 0.652589 0.087938
vt 0.718453 0.117069
vt 0.689726 0.135898
vt 0.713557 0.100749
vt 0.421521 0.961093
vt 0.714075 0.130017
vt 0.696415 0.138750
vt 0.542138 0.008521
vt 0.387423 0.960568
vt 0.708076 0.161651
vt 0.318833 0.982588
vt 0.734839 0.144030
vt 0.640273 0.991775
vt 0.216118 0.959862
vt 0.761283 0.161964
vt 0.638475 0.161097
vt 0.690976 0.106389
vt 0.688355 0.176929
vt 0.724201 0.000047
vt 0.823420 0.071889
vt 0.712028 0.064078
vt 0.724182 0.240964
vt 0.290502 0.004961
vt 0.521570 0.977566
vt 0.723592 0.116050
vt 0.570315 0.945031
vt 0.696696 0.102148
vt 0.861458 0.163720
vt 0.488594 0.974151
vt 0.747766 0.153033
vt 0.708639 0.079464
vt 0.631968 0.018310
vt 0.421373 0.971705
vt 0.688674 0.137464
vt 0.685272 0.192843
vt 0.074553 0.004271
vt 0.704994 0.097096
vt 0.704043 0.140674
vt 0.683438 0.145211
vt 0.772485 0.135431
vt 0.710622 0.105084
vt 0.617060 0.875074
vt 0.681606 0.212534
vt 0.684794 0.109972
vt 0.284735 0.970609
vt 0.683227 0.108924
vt 0.487695 0.985482
vt 0.665196 0.143519
vt 0.611492 0.238212
vt 0.638611 0.248510
vt 0.630970 0.268516
vt 0.603673 0.258802
vt 0.625498 0.289991
vt 0.596253 0.281481
vt 0.620835 0.312894
vt 0.590017 0.305545
vt 0.616929 0.336677
vt 0.584961 0.330559
vt 0.613899 0.361094
vt 0.581018 0.356291
vt 0.611859 0.386016
vt 0.578165 0.382656
vt 0.610947 0.411328
vt 0.576472 0.409684
vt 0.611393 0.436879
vt 0.576175 0.437499
vt 0.638307 0.270928
vt 0.644140 0.252828
vt 0.664470 0.255529
vt 0.663605 0.276497
vt 0.613751 0.462618
vt 0.577825 0.466296
vt 0.620462 0.489296
vt 0.582272 0.496100
vt 0.633895 0.292151
vt 0.629703 0.314835
vt 0.626086 0.338326
vt 0.623278 0.362397
vt 0.621420 0.386926
vt 0.620641 0.411777
vt 0.621157 0.436699
vt 0.623620 0.461199
vt 0.629272 0.483584
vt 0.650404 0.437045
vt 0.649892 0.413317
vt 0.658943 0.413663
vt 0.659331 0.437167
vt 0.653884 0.343165
vt 0.651645 0.366213
vt 0.660413 0.298347
vt 0.651528 0.460058
vt 0.650296 0.389629
vt 0.656896 0.320535
vt 0.651051 0.480389
vt 0.660491 0.367231
vt 0.662573 0.344496
vt 0.742220 0.349811
vt 0.740820 0.369617
vt 0.672414 0.277622
vt 0.668883 0.300003
vt 0.659633 0.460447
vt 0.659276 0.390306
vt 0.665433 0.322117
vt 0.658073 0.483142
vt 0.673625 0.252956
vt 0.754282 0.291355
vt 0.748453 0.310804
vt 0.742967 0.431385
vt 0.746741 0.454060
vt 0.740428 0.389708
vt 0.744686 0.330230
vt 0.755495 0.480809
vt 0.741082 0.410201
vt 0.763565 0.271566
vt 0.759806 0.371902
vt 0.760792 0.353033
vt 0.806771 0.356949
vt 0.806327 0.373250
vt 0.775678 0.283200
vt 0.769625 0.298571
vt 0.765582 0.316143
vt 0.762714 0.334414
vt 0.759805 0.390998
vt 0.760899 0.410302
vt 0.763334 0.429745
vt 0.767683 0.448996
vt 0.774561 0.466740
vt 0.813581 0.309677
vt 0.810390 0.325123
vt 0.810356 0.422742
vt 0.813530 0.439056
vt 0.806770 0.389712
vt 0.808116 0.340884
vt 0.817543 0.455000
vt 0.808106 0.406246
vt 0.817542 0.293369
vt 0.725889 0.556452
vt 0.724206 0.495613
vt 0.751089 0.495386
vt 0.751145 0.555378
vt 0.778137 0.496083
vt 0.777473 0.558355
vt 0.804893 0.496666
vt 0.804191 0.562288
vt 0.832097 0.496376
vt 0.833053 0.563600
vt 0.861706 0.495386
vt 0.863953 0.562595
vt 0.600210 0.558686
vt 0.599956 0.502702
vt 0.623123 0.502118
vt 0.625606 0.561099
vt 0.647001 0.500457
vt 0.650954 0.559052
vt 0.671879 0.498384
vt 0.675848 0.556975
vt 0.697819 0.496600
vt 0.700900 0.554858
vt 0.750527 0.567229
vt 0.725708 0.565850
vt 0.635949 0.618994
vt 0.659573 0.611915
vt 0.664806 0.632977
vt 0.643866 0.639640
vt 0.682265 0.609167
vt 0.657901 0.603180
vt 0.680884 0.599772
vt 0.676196 0.567554
vt 0.651395 0.569639
vt 0.802946 0.572573
vt 0.776720 0.569438
vt 0.632921 0.608032
vt 0.701198 0.566339
vt 0.869377 0.577937
vt 0.831707 0.576883
vt 0.611784 0.630348
vt 0.602361 0.619599
vt 0.845210 0.642641
vt 0.820507 0.627664
vt 0.824984 0.617542
vt 0.855831 0.632259
vt 0.625599 0.571367
vt 0.763047 0.646795
vt 0.782648 0.654123
vt 0.775066 0.671338
vt 0.757013 0.664289
vt 0.794973 0.619256
vt 0.809359 0.651064
vt 0.787694 0.640968
vt 0.726122 0.607169
vt 0.748022 0.610475
vt 0.745056 0.630226
vt 0.725070 0.627942
vt 0.685215 0.629143
vt 0.830456 0.666407
vt 0.771017 0.613636
vt 0.765857 0.634469
vt 0.704312 0.608224
vt 0.705412 0.627535
vt 0.622562 0.651949
vt 0.595293 0.570706
vt 0.798395 0.609116
vt 0.749386 0.600107
vt 0.726529 0.598724
vt 0.773505 0.603769
vt 0.703957 0.598109
vt 0.743494 0.641877
vt 0.724285 0.638323
vt 0.802606 0.662122
vt 0.819876 0.673825
vt 0.648948 0.651493
vt 0.631964 0.660324
vt 0.667297 0.644774
vt 0.686163 0.640737
vt 0.705172 0.638825
vt 0.722350 0.656011
vt 0.705632 0.655782
vt 0.671678 0.661678
vt 0.655111 0.667622
vt 0.792729 0.679627
vt 0.739413 0.659106
vt 0.688580 0.657760
vt 0.810005 0.690104
vt 0.639087 0.675012
vt 0.848482 0.231439
vt 0.816673 0.187655
vt 0.848482 0.177321
vt 0.880290 0.187655
vt 0.899950 0.214714
vt 0.899950 0.248161
vt 0.880290 0.275220
vt 0.848482 0.285555
vt 0.816673 0.275220
vt 0.797012 0.248161
vt 0.797012 0.214714
vt 0.817285 0.345854
vt 0.819985 0.329935
vt 0.854325 0.337771
vt 0.851460 0.350117
vt 0.818925 0.408597
vt 0.816708 0.393026
vt 0.850144 0.388483
vt 0.852033 0.401175
vt 0.824070 0.313753
vt 0.858803 0.325262
vt 0.829661 0.297209
vt 0.867048 0.311251
vt 0.832741 0.454574
vt 0.827265 0.439685
vt 0.860107 0.426917
vt 0.868801 0.441312
vt 0.822437 0.424159
vt 0.855217 0.413913
vt 0.863135 0.376364
vt 0.865282 0.364802
vt 0.901366 0.367638
vt 0.901003 0.376438
vt 0.815705 0.377458
vt 0.849495 0.376064
vt 0.815873 0.361736
vt 0.849794 0.363244
vt 0.865765 0.353098
vt 0.867126 0.341553
vt 0.871631 0.331343
vt 0.876723 0.322562
vt 0.873618 0.420626
vt 0.878916 0.429478
vt 0.869471 0.410341
vt 0.866502 0.399339
vt 0.864499 0.387950
vt 0.901338 0.385148
vt 0.902395 0.393812
vt 0.906348 0.410726
vt 0.909031 0.418861
vt 0.903972 0.350138
vt 0.902334 0.358826
vt 0.904093 0.402360
vt 0.906252 0.341520
vt 0.909031 0.332268
vt 0.989350 0.832293
vt 0.989350 0.870497
vt 0.977651 0.870497
vt 0.977651 0.832293
vt 0.942870 0.870497
vt 0.942870 0.832293
vt 0.977651 0.943482
vt 0.977651 0.905278
vt 0.989350 0.905278
vt 0.989350 0.943482
vt 0.977651 0.978263
vt 0.989350 0.978263
vt 0.977725 0.753908
vt 0.992970 0.753908
vt 0.992970 0.772170
vt 0.977726 0.772170
vt 0.992970 0.790433
vt 0.977726 0.790433
vt 0.992970 0.808696
vt 0.977726 0.808696
vt 0.977726 0.699119
vt 0.992970 0.699119
vt 0.992970 0.717382
vt 0.977726 0.717382
vt 0.992970 0.735645
vt 0.977725 0.735645
vt 0.946093 0.717382
vt 0.946093 0.699119
vt 0.961909 0.689988
vt 0.961909 0.726513
vt 0.710929 0.893969
vt 0.758435 0.931853
vt 0.732071 0.877109
vt 0.827126 0.916927
vt 0.886364 0.930448
vt 0.838859 0.892564
vt 0.758434 0.871092
vt 0.827126 0.943968
vt 0.784797 0.877109
vt 0.838859 0.968331
vt 0.805939 0.893969
vt 0.860001 0.985192
vt 0.817672 0.918333
vt 0.886364 0.991209
vt 0.817672 0.945374
vt 0.912727 0.985192
vt 0.805939 0.969737
vt 0.933869 0.968331
vt 0.784797 0.986597
vt 0.945602 0.943968
vt 0.758434 0.992614
vt 0.945602 0.916927
vt 0.732071 0.986597
vt 0.710929 0.969736
vt 0.933869 0.892564
vt 0.912727 0.875703
vt 0.699196 0.945373
vt 0.886364 0.869686
vt 0.699196 0.918332
vt 0.860001 0.875703
vt 0.917133 0.591246
vt 0.919478 0.560723
vt 0.915000 0.560482
vt 0.912868 0.589923
vt 0.921637 0.390139
vt 0.921490 0.361872
vt 0.917473 0.361859
vt 0.916959 0.390137
vt 0.922983 0.218787
vt 0.920848 0.190346
vt 0.916881 0.191613
vt 0.918888 0.218950
vt 0.921608 0.418477
vt 0.917358 0.418434
vt 0.921484 0.445474
vt 0.917653 0.445447
vt 0.922928 0.246290
vt 0.918655 0.246289
vt 0.921274 0.472413
vt 0.917038 0.472385
vt 0.922350 0.274520
vt 0.917902 0.274487
vt 0.920685 0.500586
vt 0.916229 0.500540
vt 0.921916 0.304050
vt 0.917022 0.303993
vt 0.920195 0.530317
vt 0.915238 0.530212
vt 0.921652 0.333658
vt 0.917206 0.333590
vt 0.951697 0.591141
vt 0.956076 0.589774
vt 0.954052 0.559657
vt 0.949536 0.559834
vt 0.949660 0.389231
vt 0.954330 0.389297
vt 0.954277 0.361042
vt 0.950267 0.360979
vt 0.950598 0.217622
vt 0.954674 0.217764
vt 0.956171 0.190940
vt 0.952271 0.189801
vt 0.949346 0.417503
vt 0.953591 0.417505
vt 0.949237 0.444431
vt 0.953069 0.444449
vt 0.950681 0.245327
vt 0.954979 0.245354
vt 0.949182 0.471445
vt 0.953429 0.471473
vt 0.951013 0.273719
vt 0.955474 0.273749
vt 0.949417 0.499767
vt 0.953882 0.499794
vt 0.950932 0.303308
vt 0.955828 0.303345
vt 0.949366 0.529543
vt 0.954318 0.529531
vt 0.950597 0.332842
vt 0.955038 0.332861
vt 0.916781 0.246251
vt 0.917037 0.219003
vt 0.915953 0.274430
vt 0.915025 0.303973
vt 0.915262 0.333604
vt 0.915562 0.361851
vt 0.915049 0.390139
vt 0.915500 0.418456
vt 0.915831 0.445432
vt 0.915178 0.472332
vt 0.914276 0.500476
vt 0.913216 0.530164
vt 0.912917 0.560393
vt 0.910819 0.589777
vt 0.915101 0.191744
vt 0.956572 0.217810
vt 0.956860 0.245330
vt 0.957423 0.273718
vt 0.957825 0.303357
vt 0.956986 0.332914
vt 0.956185 0.361071
vt 0.956236 0.389321
vt 0.955453 0.417546
vt 0.954892 0.444458
vt 0.955287 0.471445
vt 0.955833 0.499759
vt 0.956337 0.529520
vt 0.956092 0.559600
vt 0.958038 0.589641
vt 0.958038 0.191043
vn -0.373977 -0.212089 -0.902862
vn -0.381065 0.091882 -0.919972
vn 0.000000 0.091882 -0.995770
vn 0.000000 -0.212089 -0.977250
vn 0.691020 -0.212090 -0.691020
vn 0.704116 0.091882 -0.704116
vn 0.919971 0.091882 -0.381065
vn 0.902861 -0.212090 -0.373978
vn 0.902861 -0.212090 -0.373978
vn 0.919971 0.091882 -0.381065
vn 0.995770 0.091882 -0.000000
vn 0.977250 -0.212089 0.000000
vn 0.977250 -0.212089 0.000000
vn 0.995770 0.091882 -0.000000
vn 0.919972 0.091882 0.381065
vn 0.902861 -0.212089 0.373978
vn 0.902861 -0.212089 0.373978
vn 0.919972 0.091882 0.381065
vn 0.704116 0.091882 0.704116
vn 0.691020 -0.212090 0.691020
vn 0.691020 -0.212090 0.691020
vn 0.704116 0.091882 0.704116
vn 0.381065 0.091882 0.919971
vn 0.373978 -0.212089 0.902861
vn 0.373978 -0.212089 0.902861
vn 0.381065 0.091882 0.919971
vn 0.000000 0.091882 0.995770
vn -0.000000 -0.212089 0.977250
vn -0.000000 -0.212089 0.977250
vn 0.000000 0.091882 0.995770
vn -0.381065 0.091882 0.919971
vn -0.373978 -0.212089 0.902861
vn -0.373978 -0.212089 0.902861
vn -0.381065 0.091882 0.919971
vn -0.704116 0.091882 0.704116
vn -0.691020 -0.212090 0.691021
vn -0.691020 -0.212090 0.691021
vn -0.704116 0.091882 0.704116
vn -0.919972 0.091882 0.381065
vn -0.902861 -0.212091 0.373979
vn -0.902861 -0.212091 0.373979
vn -0.919972 0.091882 0.381065
vn -0.995770 0.091882 -0.000000
vn -0.977250 -0.212090 0.000000
vn -0.977250 -0.212090 0.000000
vn -0.995770 0.091882 -0.000000
vn -0.919972 0.091882 -0.381065
vn -0.902861 -0.212090 -0.373978
vn -0.902861 -0.212090 -0.373978
vn -0.919972 0.091882 -0.381065
vn -0.704116 0.091881 -0.704116
vn -0.691020 -0.212090 -0.691020
vn -0.691020 -0.212090 -0.691020
vn -0.704116 0.091881 -0.704116
vn -0.381065 0.091882 -0.919972
vn -0.373977 -0.212089 -0.902862
vn 0.248974 0.759419 -0.601077
vn 0.175484 0.888662 -0.423657
vn 0.324253 0.888662 -0.324253
vn 0.460045 0.759419 -0.460045
vn 0.373978 -0.212090 -0.902861
vn 0.381065 0.091882 -0.919972
vn 0.704116 0.091882 -0.704116
vn 0.691020 -0.212090 -0.691020
vn 0.000000 -0.212089 -0.977250
vn 0.000000 0.091882 -0.995770
vn 0.381065 0.091882 -0.919972
vn 0.373978 -0.212090 -0.902861
vn -0.601078 0.759419 -0.248975
vn -0.423657 0.888662 -0.175485
vn -0.324253 0.888662 -0.324253
vn -0.460045 0.759419 -0.460045
vn 0.460045 0.759420 0.460045
vn 0.324253 0.888662 0.324253
vn 0.175484 0.888662 0.423657
vn 0.248974 0.759420 0.601077
vn -0.601077 0.759419 0.248974
vn -0.423657 0.888662 0.175484
vn -0.458563 0.888662 -0.000000
vn -0.650602 0.759419 -0.000000
vn 0.650601 0.759420 -0.000000
vn 0.458563 0.888662 -0.000000
vn 0.423657 0.888662 0.175484
vn 0.601077 0.759420 0.248974
vn -0.248975 0.759419 0.601077
vn -0.175484 0.888662 0.423657
vn -0.324253 0.888662 0.324253
vn -0.460045 0.759419 0.460045
vn -0.460045 0.759419 -0.460045
vn -0.324253 0.888662 -0.324253
vn -0.175484 0.888662 -0.423657
vn -0.248974 0.759419 -0.601078
vn 0.460045 0.759419 -0.460045
vn 0.324253 0.888662 -0.324253
vn 0.423657 0.888662 -0.175485
vn 0.601077 0.759420 -0.248975
vn 0.248974 0.759420 0.601077
vn 0.175484 0.888662 0.423657
vn -0.000000 0.888662 0.458563
vn -0.000000 0.759420 0.650601
vn -0.650602 0.759419 -0.000000
vn -0.458563 0.888662 -0.000000
vn -0.423657 0.888662 -0.175485
vn -0.601078 0.759419 -0.248975
vn 0.601077 0.759420 0.248974
vn 0.423657 0.888662 0.175484
vn 0.324253 0.888662 0.324253
vn 0.460045 0.759420 0.460045
vn -0.460045 0.759419 0.460045
vn -0.324253 0.888662 0.324253
vn -0.423657 0.888662 0.175484
vn -0.601077 0.759419 0.248974
vn -0.248974 0.759419 -0.601078
vn -0.175484 0.888662 -0.423657
vn -0.000000 0.888662 -0.458563
vn 0.000000 0.759419 -0.650602
vn 0.601077 0.759420 -0.248975
vn 0.423657 0.888662 -0.175485
vn 0.458563 0.888662 -0.000000
vn 0.650601 0.759420 -0.000000
vn -0.000000 0.759420 0.650601
vn -0.000000 0.888662 0.458563
vn -0.175484 0.888662 0.423657
vn -0.248975 0.759419 0.601077
vn 0.000000 0.091882 0.995770
vn 0.381065 0.091882 0.919971
vn 0.363144 0.315456 0.876706
vn -0.000000 0.315456 0.948940
vn -0.000000 0.315456 0.948940
vn 0.363144 0.315456 0.876706
vn 0.314166 0.570994 0.758463
vn -0.000000 0.570993 0.820955
vn -0.000000 0.570993 0.820955
vn 0.314166 0.570994 0.758463
vn 0.248974 0.759420 0.601077
vn -0.000000 0.759420 0.650601
vn 0.919971 0.091882 -0.381065
vn 0.704116 0.091882 -0.704116
vn 0.671002 0.315456 -0.671002
vn 0.876706 0.315456 -0.363144
vn 0.876706 0.315456 -0.363144
vn 0.671002 0.315456 -0.671002
vn 0.580503 0.570993 -0.580503
vn 0.758463 0.570994 -0.314166
vn 0.758463 0.570994 -0.314166
vn 0.580503 0.570993 -0.580503
vn 0.460045 0.759419 -0.460045
vn 0.601077 0.759420 -0.248975
vn -0.381065 0.091882 -0.919972
vn -0.704116 0.091881 -0.704116
vn -0.671002 0.315455 -0.671002
vn -0.363144 0.315455 -0.876707
vn -0.363144 0.315455 -0.876707
vn -0.671002 0.315455 -0.671002
vn -0.580503 0.570993 -0.580503
vn -0.314166 0.570993 -0.758463
vn -0.314166 0.570993 -0.758463
vn -0.580503 0.570993 -0.580503
vn -0.460045 0.759419 -0.460045
vn -0.248974 0.759419 -0.601078
vn -0.704116 0.091882 0.704116
vn -0.381065 0.091882 0.919971
vn -0.363144 0.315456 0.876707
vn -0.671002 0.315456 0.671002
vn -0.671002 0.315456 0.671002
vn -0.363144 0.315456 0.876707
vn -0.314166 0.570993 0.758463
vn -0.580503 0.570993 0.580503
vn -0.580503 0.570993 0.580503
vn -0.314166 0.570993 0.758463
vn -0.248975 0.759419 0.601077
vn -0.460045 0.759419 0.460045
vn 0.919972 0.091882 0.381065
vn 0.995770 0.091882 -0.000000
vn 0.948940 0.315456 -0.000000
vn 0.876707 0.315456 0.363144
vn 0.876707 0.315456 0.363144
vn 0.948940 0.315456 -0.000000
vn 0.820955 0.570994 -0.000000
vn 0.758463 0.570994 0.314166
vn 0.758463 0.570994 0.314166
vn 0.820955 0.570994 -0.000000
vn 0.650601 0.759420 -0.000000
vn 0.601077 0.759420 0.248974
vn -0.995770 0.091882 -0.000000
vn -0.919972 0.091882 0.381065
vn -0.876707 0.315456 0.363144
vn -0.948940 0.315455 -0.000000
vn -0.948940 0.315455 -0.000000
vn -0.876707 0.315456 0.363144
vn -0.758463 0.570993 0.314166
vn -0.820955 0.570993 -0.000000
vn -0.820955 0.570993 -0.000000
vn -0.758463 0.570993 0.314166
vn -0.601077 0.759419 0.248974
vn -0.650602 0.759419 -0.000000
vn 0.381065 0.091882 0.919971
vn 0.704116 0.091882 0.704116
vn 0.671002 0.315456 0.671002
vn 0.363144 0.315456 0.876706
vn 0.363144 0.315456 0.876706
vn 0.671002 0.315456 0.671002
vn 0.580503 0.570993 0.580503
vn 0.314166 0.570994 0.758463
vn 0.314166 0.570994 0.758463
vn 0.580503 0.570993 0.580503
vn 0.460045 0.759420 0.460045
vn 0.248974 0.759420 0.601077
vn 0.704116 0.091882 -0.704116
vn 0.381065 0.091882 -0.919972
vn 0.363144 0.315456 -0.876707
vn 0.671002 0.315456 -0.671002
vn 0.671002 0.315456 -0.671002
vn 0.363144 0.315456 -0.876707
vn 0.314166 0.570993 -0.758463
vn 0.580503 0.570993 -0.580503
vn 0.580503 0.570993 -0.580503
vn 0.314166 0.570993 -0.758463
vn 0.248974 0.759419 -0.601077
vn 0.460045 0.759419 -0.460045
vn -0.704116 0.091881 -0.704116
vn -0.919972 0.091882 -0.381065
vn -0.876707 0.315455 -0.363144
vn -0.671002 0.315455 -0.671002
vn -0.671002 0.315455 -0.671002
vn -0.876707 0.315455 -0.363144
vn -0.758463 0.570993 -0.314166
vn -0.580503 0.570993 -0.580503
vn -0.580503 0.570993 -0.580503
vn -0.758463 0.570993 -0.314166
vn -0.601078 0.759419 -0.248975
vn -0.460045 0.759419 -0.460045
vn -0.381065 0.091882 0.919971
vn 0.000000 0.091882 0.995770
vn -0.000000 0.315456 0.948940
vn -0.363144 0.315456 0.876707
vn -0.363144 0.315456 0.876707
vn -0.000000 0.315456 0.948940
vn -0.000000 0.570993 0.820955
vn -0.314166 0.570993 0.758463
vn -0.314166 0.570993 0.758463
vn -0.000000 0.570993 0.820955
vn -0.000000 0.759420 0.650601
vn -0.248975 0.759419 0.601077
vn 0.995770 0.091882 -0.000000
vn 0.919971 0.091882 -0.381065
vn 0.876706 0.315456 -0.363144
vn 0.948940 0.315456 -0.000000
vn 0.948940 0.315456 -0.000000
vn 0.876706 0.315456 -0.363144
vn 0.758463 0.570994 -0.314166
vn 0.820955 0.570994 -0.000000
vn 0.820955 0.570994 -0.000000
vn 0.758463 0.570994 -0.314166
vn 0.601077 0.759420 -0.248975
vn 0.650601 0.759420 -0.000000
vn 0.000000 0.091882 -0.995770
vn -0.381065 0.091882 -0.919972
vn -0.363144 0.315455 -0.876707
vn -0.000000 0.315456 -0.948940
vn -0.000000 0.315456 -0.948940
vn -0.363144 0.315455 -0.876707
vn -0.314166 0.570993 -0.758463
vn -0.000000 0.570994 -0.820955
vn -0.000000 0.570994 -0.820955
vn -0.314166 0.570993 -0.758463
vn -0.248974 0.759419 -0.601078
vn 0.000000 0.759419 -0.650602
vn -0.919972 0.091882 0.381065
vn -0.704116 0.091882 0.704116
vn -0.671002 0.315456 0.671002
vn -0.876707 0.315456 0.363144
vn -0.876707 0.315456 0.363144
vn -0.671002 0.315456 0.671002
vn -0.580503 0.570993 0.580503
vn -0.758463 0.570993 0.314166
vn -0.758463 0.570993 0.314166
vn -0.580503 0.570993 0.580503
vn -0.460045 0.759419 0.460045
vn -0.601077 0.759419 0.248974
vn 0.704116 0.091882 0.704116
vn 0.919972 0.091882 0.381065
vn 0.876707 0.315456 0.363144
vn 0.671002 0.315456 0.671002
vn 0.671002 0.315456 0.671002
vn 0.876707 0.315456 0.363144
vn 0.758463 0.570994 0.314166
vn 0.580503 0.570993 0.580503
vn 0.580503 0.570993 0.580503
vn 0.758463 0.570994 0.314166
vn 0.601077 0.759420 0.248974
vn 0.460045 0.759420 0.460045
vn -0.919972 0.091882 -0.381065
vn -0.995770 0.091882 -0.000000
vn -0.948940 0.315455 -0.000000
vn -0.876707 0.315455 -0.363144
vn -0.876707 0.315455 -0.363144
vn -0.948940 0.315455 -0.000000
vn -0.820955 0.570993 -0.000000
vn -0.758463 0.570993 -0.314166
vn -0.758463 0.570993 -0.314166
vn -0.820955 0.570993 -0.000000
vn -0.650602 0.759419 -0.000000
vn -0.601078 0.759419 -0.248975
vn 0.381065 0.091882 -0.919972
vn 0.000000 0.091882 -0.995770
vn -0.000000 0.315456 -0.948940
vn 0.363144 0.315456 -0.876707
vn 0.363144 0.315456 -0.876707
vn -0.000000 0.315456 -0.948940
vn -0.000000 0.570994 -0.820955
vn 0.314166 0.570993 -0.758463
vn 0.314166 0.570993 -0.758463
vn -0.000000 0.570994 -0.820955
vn 0.000000 0.759419 -0.650602
vn 0.248974 0.759419 -0.601077
vn 0.000000 -0.212089 -0.977250
vn 0.373978 -0.212090 -0.902861
vn 0.279691 -0.682519 -0.675234
vn 0.000001 -0.682519 -0.730868
vn 0.000001 -0.682519 -0.730868
vn 0.279691 -0.682519 -0.675234
vn 0.095586 -0.968303 -0.230765
vn 0.000000 -0.968303 -0.249778
vn 0.373978 -0.212090 -0.902861
vn 0.691020 -0.212090 -0.691020
vn 0.516802 -0.682519 -0.516801
vn 0.279691 -0.682519 -0.675234
vn 0.279691 -0.682519 -0.675234
vn 0.516802 -0.682519 -0.516801
vn 0.176620 -0.968303 -0.176620
vn 0.095586 -0.968303 -0.230765
vn 0.691020 -0.212090 -0.691020
vn 0.902861 -0.212090 -0.373978
vn 0.675233 -0.682520 -0.279691
vn 0.516802 -0.682519 -0.516801
vn 0.516802 -0.682519 -0.516801
vn 0.675233 -0.682520 -0.279691
vn 0.230765 -0.968303 -0.095586
vn 0.176620 -0.968303 -0.176620
vn 0.902861 -0.212090 -0.373978
vn 0.977250 -0.212089 0.000000
vn 0.730866 -0.682521 0.000000
vn 0.675233 -0.682520 -0.279691
vn 0.675233 -0.682520 -0.279691
vn 0.730866 -0.682521 0.000000
vn 0.249775 -0.968304 0.000000
vn 0.230765 -0.968303 -0.095586
vn 0.977250 -0.212089 0.000000
vn 0.902861 -0.212089 0.373978
vn 0.675232 -0.682520 0.279692
vn 0.730866 -0.682521 0.000000
vn 0.730866 -0.682521 0.000000
vn 0.675232 -0.682520 0.279692
vn 0.230763 -0.968304 0.095586
vn 0.249775 -0.968304 0.000000
vn 0.902861 -0.212089 0.373978
vn 0.691020 -0.212090 0.691020
vn 0.516801 -0.682519 0.516802
vn 0.675232 -0.682520 0.279692
vn 0.675232 -0.682520 0.279692
vn 0.516801 -0.682519 0.516802
vn 0.176619 -0.968303 0.176620
vn 0.230763 -0.968304 0.095586
vn 0.691020 -0.212090 0.691020
vn 0.373978 -0.212089 0.902861
vn 0.279691 -0.682519 0.675234
vn 0.516801 -0.682519 0.516802
vn 0.516801 -0.682519 0.516802
vn 0.279691 -0.682519 0.675234
vn 0.095586 -0.968303 0.230765
vn 0.176619 -0.968303 0.176620
vn 0.373978 -0.212089 0.902861
vn -0.000000 -0.212089 0.977250
vn 0.000000 -0.682519 0.730868
vn 0.279691 -0.682519 0.675234
vn 0.279691 -0.682519 0.675234
vn 0.000000 -0.682519 0.730868
vn 0.000000 -0.968303 0.249778
vn 0.095586 -0.968303 0.230765
vn -0.000000 -0.212089 0.977250
vn -0.373978 -0.212089 0.902861
vn -0.279691 -0.682519 0.675234
vn 0.000000 -0.682519 0.730868
vn 0.000000 -0.682519 0.730868
vn -0.279691 -0.682519 0.675234
vn -0.095585 -0.968303 0.230765
vn 0.000000 -0.968303 0.249778
vn -0.373978 -0.212089 0.902861
vn -0.691020 -0.212090 0.691021
vn -0.516802 -0.682518 0.516802
vn -0.279691 -0.682519 0.675234
vn -0.279691 -0.682519 0.675234
vn -0.516802 -0.682518 0.516802
vn -0.176622 -0.968303 0.176620
vn -0.095585 -0.968303 0.230765
vn -0.691020 -0.212090 0.691021
vn -0.902861 -0.212091 0.373979
vn -0.675234 -0.682518 0.279692
vn -0.516802 -0.682518 0.516802
vn -0.516802 -0.682518 0.516802
vn -0.675234 -0.682518 0.279692
vn -0.230769 -0.968302 0.095586
vn -0.176622 -0.968303 0.176620
vn -0.902861 -0.212091 0.373979
vn -0.977250 -0.212090 0.000000
vn -0.730867 -0.682520 0.000000
vn -0.675234 -0.682518 0.279692
vn -0.675234 -0.682518 0.279692
vn -0.730867 -0.682520 0.000000
vn -0.249778 -0.968303 0.000000
vn -0.230769 -0.968302 0.095586
vn -0.977250 -0.212090 0.000000
vn -0.902861 -0.212090 -0.373978
vn -0.675232 -0.682520 -0.279691
vn -0.730867 -0.682520 0.000000
vn -0.730867 -0.682520 0.000000
vn -0.675232 -0.682520 -0.279691
vn -0.230763 -0.968304 -0.095586
vn -0.249778 -0.968303 0.000000
vn -0.902861 -0.212090 -0.373978
vn -0.691020 -0.212090 -0.691020
vn -0.516801 -0.682519 -0.516802
vn -0.675232 -0.682520 -0.279691
vn -0.675232 -0.682520 -0.279691
vn -0.516801 -0.682519 -0.516802
vn -0.176619 -0.968303 -0.176620
vn -0.230763 -0.968304 -0.095586
vn -0.691020 -0.212090 -0.691020
vn -0.373977 -0.212089 -0.902862
vn -0.279691 -0.682519 -0.675234
vn -0.516801 -0.682519 -0.516802
vn -0.516801 -0.682519 -0.516802
vn -0.279691 -0.682519 -0.675234
vn -0.095586 -0.968303 -0.230765
vn -0.176619 -0.968303 -0.176620
vn -0.373977 -0.212089 -0.902862
vn 0.000000 -0.212089 -0.977250
vn 0.000001 -0.682519 -0.730868
vn -0.279691 -0.682519 -0.675234
vn -0.279691 -0.682519 -0.675234
vn 0.000001 -0.682519 -0.730868
vn 0.000000 -0.968303 -0.249778
vn -0.095586 -0.968303 -0.230765
vn 0.118482 0.950864 0.286041
vn 0.218927 0.950864 0.218926
vn -0.000000 1.000000 -0.000000
vn 0.740597 0.597839 -0.306766
vn 0.566828 0.597839 -0.566828
vn 0.635594 0.438223 -0.635594
vn 0.830444 0.438224 -0.343981
vn -0.740597 0.597839 0.306765
vn -0.566828 0.597839 0.566828
vn -0.635594 0.438224 0.635594
vn -0.830444 0.438224 0.343981
vn 0.801616 0.597839 -0.000000
vn 0.740597 0.597839 -0.306766
vn 0.830444 0.438224 -0.343981
vn 0.898866 0.438224 -0.000000
vn -0.801617 0.597839 -0.000000
vn -0.740597 0.597839 0.306765
vn -0.830444 0.438224 0.343981
vn -0.898866 0.438224 -0.000000
vn 0.740597 0.597839 0.306765
vn 0.801616 0.597839 -0.000000
vn 0.898866 0.438224 -0.000000
vn 0.830444 0.438224 0.343981
vn -0.740597 0.597839 -0.306766
vn -0.801617 0.597839 -0.000000
vn -0.898866 0.438224 -0.000000
vn -0.830444 0.438224 -0.343981
vn 0.566828 0.597839 0.566828
vn 0.740597 0.597839 0.306765
vn 0.830444 0.438224 0.343981
vn 0.635594 0.438224 0.635594
vn -0.566828 0.597839 -0.566828
vn -0.740597 0.597839 -0.306766
vn -0.830444 0.438224 -0.343981
vn -0.635594 0.438223 -0.635594
vn 0.306765 0.597839 0.740596
vn 0.566828 0.597839 0.566828
vn 0.635594 0.438224 0.635594
vn 0.343981 0.438224 0.830444
vn -0.306765 0.597839 -0.740597
vn -0.566828 0.597839 -0.566828
vn -0.635594 0.438223 -0.635594
vn -0.343981 0.438223 -0.830444
vn -0.000000 0.597839 0.801616
vn 0.306765 0.597839 0.740596
vn 0.343981 0.438224 0.830444
vn -0.000000 0.438224 0.898866
vn 0.000000 0.759419 -0.650602
vn -0.000000 0.888662 -0.458563
vn 0.175484 0.888662 -0.423657
vn 0.248974 0.759419 -0.601077
vn -0.000000 0.597839 -0.801616
vn -0.306765 0.597839 -0.740597
vn -0.343981 0.438223 -0.830444
vn 0.000000 0.438223 -0.898866
vn 0.218927 0.950864 0.218926
vn 0.286041 0.950864 0.118482
vn -0.000000 1.000000 -0.000000
vn 0.286041 0.950864 0.118482
vn 0.309609 0.950864 -0.000000
vn -0.000000 1.000000 -0.000000
vn 0.309609 0.950864 -0.000000
vn 0.286042 0.950864 -0.118482
vn -0.000000 1.000000 -0.000000
vn 0.286042 0.950864 -0.118482
vn 0.218926 0.950864 -0.218927
vn -0.000000 1.000000 -0.000000
vn 0.000000 0.950864 -0.309609
vn -0.118482 0.950864 -0.286042
vn -0.000000 1.000000 -0.000000
vn 0.218926 0.950864 -0.218927
vn 0.118482 0.950864 -0.286042
vn -0.000000 1.000000 -0.000000
vn -0.118482 0.950864 -0.286042
vn -0.218927 0.950864 -0.218927
vn -0.000000 1.000000 -0.000000
vn 0.118482 0.950864 -0.286042
vn 0.000000 0.950864 -0.309609
vn -0.000000 1.000000 -0.000000
vn -0.566828 0.597839 0.566828
vn -0.306765 0.597839 0.740597
vn -0.343981 0.438224 0.830444
vn -0.635594 0.438224 0.635594
vn 0.566828 0.597839 -0.566828
vn 0.306766 0.597839 -0.740597
vn 0.343981 0.438223 -0.830444
vn 0.635594 0.438223 -0.635594
vn -0.000000 0.950864 0.309609
vn 0.118482 0.950864 0.286041
vn -0.000000 1.000000 -0.000000
vn -0.118483 0.950864 0.286041
vn -0.000000 0.950864 0.309609
vn -0.000000 1.000000 -0.000000
vn -0.218927 0.950864 0.218927
vn -0.118483 0.950864 0.286041
vn -0.000000 1.000000 -0.000000
vn -0.286042 0.950864 0.118482
vn -0.218927 0.950864 0.218927
vn -0.000000 1.000000 -0.000000
vn -0.309609 0.950864 -0.000000
vn -0.286042 0.950864 0.118482
vn -0.000000 1.000000 -0.000000
vn -0.286042 0.950864 -0.118483
vn -0.309609 0.950864 -0.000000
vn -0.000000 1.000000 -0.000000
vn -0.218927 0.950864 -0.218927
vn -0.286042 0.950864 -0.118483
vn -0.000000 1.000000 -0.000000
vn 0.343981 0.438223 -0.830444
vn 0.000000 0.438223 -0.898866
vn 0.000000 0.637681 -0.770301
vn 0.294781 0.637681 -0.711665
vn 0.294781 0.637681 -0.711665
vn 0.000000 0.637681 -0.770301
vn 0.000000 0.950864 -0.309609
vn 0.118482 0.950864 -0.286042
vn 0.635594 0.438223 -0.635594
vn 0.343981 0.438223 -0.830444
vn 0.294781 0.637681 -0.711665
vn 0.544684 0.637682 -0.544684
vn 0.544684 0.637682 -0.544684
vn 0.294781 0.637681 -0.711665
vn 0.118482 0.950864 -0.286042
vn 0.218926 0.950864 -0.218927
vn 0.830444 0.438224 -0.343981
vn 0.635594 0.438223 -0.635594
vn 0.544684 0.637682 -0.544684
vn 0.711664 0.637682 -0.294781
vn 0.711664 0.637682 -0.294781
vn 0.544684 0.637682 -0.544684
vn 0.218926 0.950864 -0.218927
vn 0.286042 0.950864 -0.118482
vn 0.898866 0.438224 -0.000000
vn 0.830444 0.438224 -0.343981
vn 0.711664 0.637682 -0.294781
vn 0.770300 0.637682 -0.000000
vn 0.770300 0.637682 -0.000000
vn 0.711664 0.637682 -0.294781
vn 0.286042 0.950864 -0.118482
vn 0.309609 0.950864 -0.000000
vn 0.830444 0.438224 0.343981
vn 0.898866 0.438224 -0.000000
vn 0.770300 0.637682 -0.000000
vn 0.711664 0.637682 0.294781
vn 0.711664 0.637682 0.294781
vn 0.770300 0.637682 -0.000000
vn 0.309609 0.950864 -0.000000
vn 0.286041 0.950864 0.118482
vn 0.635594 0.438224 0.635594
vn 0.830444 0.438224 0.343981
vn 0.711664 0.637682 0.294781
vn 0.544684 0.637682 0.544684
vn 0.544684 0.637682 0.544684
vn 0.711664 0.637682 0.294781
vn 0.286041 0.950864 0.118482
vn 0.218927 0.950864 0.218926
vn 0.343981 0.438224 0.830444
vn 0.635594 0.438224 0.635594
vn 0.544684 0.637682 0.544684
vn 0.294781 0.637681 0.711664
vn 0.294781 0.637681 0.711664
vn 0.544684 0.637682 0.544684
vn 0.218927 0.950864 0.218926
vn 0.118482 0.950864 0.286041
vn -0.000000 0.438224 0.898866
vn 0.343981 0.438224 0.830444
vn 0.294781 0.637681 0.711664
vn -0.000000 0.637681 0.770300
vn -0.000000 0.637681 0.770300
vn 0.294781 0.637681 0.711664
vn 0.118482 0.950864 0.286041
vn -0.000000 0.950864 0.309609
vn -0.343981 0.438224 0.830444
vn -0.000000 0.438224 0.898866
vn -0.000000 0.637681 0.770300
vn -0.294781 0.637681 0.711664
vn -0.294781 0.637681 0.711664
vn -0.000000 0.637681 0.770300
vn -0.000000 0.950864 0.309609
vn -0.118483 0.950864 0.286041
vn -0.635594 0.438224 0.635594
vn -0.343981 0.438224 0.830444
vn -0.294781 0.637681 0.711664
vn -0.544685 0.637682 0.544684
vn -0.544685 0.637682 0.544684
vn -0.294781 0.637681 0.711664
vn -0.118483 0.950864 0.286041
vn -0.218927 0.950864 0.218927
vn -0.830444 0.438224 0.343981
vn -0.635594 0.438224 0.635594
vn -0.544685 0.637682 0.544684
vn -0.711664 0.637682 0.294781
vn -0.711664 0.637682 0.294781
vn -0.544685 0.637682 0.544684
vn -0.218927 0.950864 0.218927
vn -0.286042 0.950864 0.118482
vn -0.898866 0.438224 -0.000000
vn -0.830444 0.438224 0.343981
vn -0.711664 0.637682 0.294781
vn -0.770300 0.637682 -0.000000
vn -0.770300 0.637682 -0.000000
vn -0.711664 0.637682 0.294781
vn -0.286042 0.950864 0.118482
vn -0.309609 0.950864 -0.000000
vn -0.830444 0.438224 -0.343981
vn -0.898866 0.438224 -0.000000
vn -0.770300 0.637682 -0.000000
vn -0.711664 0.637682 -0.294781
vn -0.711664 0.637682 -0.294781
vn -0.770300 0.637682 -0.000000
vn -0.309609 0.950864 -0.000000
vn -0.286042 0.950864 -0.118483
vn -0.635594 0.438223 -0.635594
vn -0.830444 0.438224 -0.343981
vn -0.711664 0.637682 -0.294781
vn -0.544685 0.637681 -0.544684
vn -0.544685 0.637681 -0.544684
vn -0.711664 0.637682 -0.294781
vn -0.286042 0.950864 -0.118483
vn -0.218927 0.950864 -0.218927
vn -0.343981 0.438223 -0.830444
vn -0.635594 0.438223 -0.635594
vn -0.544685 0.637681 -0.544684
vn -0.294781 0.637681 -0.711665
vn -0.294781 0.637681 -0.711665
vn -0.544685 0.637681 -0.544684
vn -0.218927 0.950864 -0.218927
vn -0.118482 0.950864 -0.286042
vn 0.000000 0.438223 -0.898866
vn -0.343981 0.438223 -0.830444
vn -0.294781 0.637681 -0.711665
vn 0.000000 0.637681 -0.770301
vn 0.000000 0.637681 -0.770301
vn -0.294781 0.637681 -0.711665
vn -0.118482 0.950864 -0.286042
vn 0.000000 0.950864 -0.309609
vn -0.306765 0.597839 0.740597
vn -0.000000 0.597839 0.801616
vn -0.000000 0.438224 0.898866
vn -0.343981 0.438224 0.830444
vn 0.175484 0.888662 -0.423657
vn -0.000000 0.888662 -0.458563
vn -0.000000 0.851996 -0.523548
vn 0.200353 0.851996 -0.483696
vn 0.200353 0.851996 -0.483696
vn -0.000000 0.851996 -0.523548
vn -0.000000 0.597839 -0.801616
vn 0.306766 0.597839 -0.740597
vn 0.324253 0.888662 -0.324253
vn 0.175484 0.888662 -0.423657
vn 0.200353 0.851996 -0.483696
vn 0.370204 0.851996 -0.370205
vn 0.370204 0.851996 -0.370205
vn 0.200353 0.851996 -0.483696
vn 0.306766 0.597839 -0.740597
vn 0.566828 0.597839 -0.566828
vn 0.423657 0.888662 -0.175485
vn 0.324253 0.888662 -0.324253
vn 0.370204 0.851996 -0.370205
vn 0.483695 0.851996 -0.200353
vn 0.483695 0.851996 -0.200353
vn 0.370204 0.851996 -0.370205
vn 0.566828 0.597839 -0.566828
vn 0.740597 0.597839 -0.306766
vn 0.458563 0.888662 -0.000000
vn 0.423657 0.888662 -0.175485
vn 0.483695 0.851996 -0.200353
vn 0.523548 0.851996 -0.000000
vn 0.523548 0.851996 -0.000000
vn 0.483695 0.851996 -0.200353
vn 0.740597 0.597839 -0.306766
vn 0.801616 0.597839 -0.000000
vn 0.423657 0.888662 0.175484
vn 0.458563 0.888662 -0.000000
vn 0.523548 0.851996 -0.000000
vn 0.483695 0.851996 0.200353
vn 0.483695 0.851996 0.200353
vn 0.523548 0.851996 -0.000000
vn 0.801616 0.597839 -0.000000
vn 0.740597 0.597839 0.306765
vn 0.324253 0.888662 0.324253
vn 0.423657 0.888662 0.175484
vn 0.483695 0.851996 0.200353
vn 0.370204 0.851996 0.370204
vn 0.370204 0.851996 0.370204
vn 0.483695 0.851996 0.200353
vn 0.740597 0.597839 0.306765
vn 0.566828 0.597839 0.566828
vn 0.175484 0.888662 0.423657
vn 0.324253 0.888662 0.324253
vn 0.370204 0.851996 0.370204
vn 0.200353 0.851996 0.483695
vn 0.200353 0.851996 0.483695
vn 0.370204 0.851996 0.370204
vn 0.566828 0.597839 0.566828
vn 0.306765 0.597839 0.740596
vn -0.000000 0.888662 0.458563
vn 0.175484 0.888662 0.423657
vn 0.200353 0.851996 0.483695
vn -0.000000 0.851996 0.523548
vn -0.000000 0.851996 0.523548
vn 0.200353 0.851996 0.483695
vn 0.306765 0.597839 0.740596
vn -0.000000 0.597839 0.801616
vn -0.175484 0.888662 0.423657
vn -0.000000 0.888662 0.458563
vn -0.000000 0.851996 0.523548
vn -0.200353 0.851996 0.483695
vn -0.200353 0.851996 0.483695
vn -0.000000 0.851996 0.523548
vn -0.000000 0.597839 0.801616
vn -0.306765 0.597839 0.740597
vn -0.324253 0.888662 0.324253
vn -0.175484 0.888662 0.423657
vn -0.200353 0.851996 0.483695
vn -0.370204 0.851996 0.370204
vn -0.370204 0.851996 0.370204
vn -0.200353 0.851996 0.483695
vn -0.306765 0.597839 0.740597
vn -0.566828 0.597839 0.566828
vn -0.423657 0.888662 0.175484
vn -0.324253 0.888662 0.324253
vn -0.370204 0.851996 0.370204
vn -0.483696 0.851996 0.200353
vn -0.483696 0.851996 0.200353
vn -0.370204 0.851996 0.370204
vn -0.566828 0.597839 0.566828
vn -0.740597 0.597839 0.306765
vn -0.458563 0.888662 -0.000000
vn -0.423657 0.888662 0.175484
vn -0.483696 0.851996 0.200353
vn -0.523548 0.851996 -0.000000
vn -0.523548 0.851996 -0.000000
vn -0.483696 0.851996 0.200353
vn -0.740597 0.597839 0.306765
vn -0.801617 0.597839 -0.000000
vn -0.423657 0.888662 -0.175485
vn -0.458563 0.888662 -0.000000
vn -0.523548 0.851996 -0.000000
vn -0.483695 0.851996 -0.200353
vn -0.483695 0.851996 -0.200353
vn -0.523548 0.851996 -0.000000
vn -0.801617 0.597839 -0.000000
vn -0.740597 0.597839 -0.306766
vn -0.324253 0.888662 -0.324253
vn -0.423657 0.888662 -0.175485
vn -0.483695 0.851996 -0.200353
vn -0.370204 0.851996 -0.370205
vn -0.370204 0.851996 -0.370205
vn -0.483695 0.851996 -0.200353
vn -0.740597 0.597839 -0.306766
vn -0.566828 0.597839 -0.566828
vn -0.175484 0.888662 -0.423657
vn -0.324253 0.888662 -0.324253
vn -0.370204 0.851996 -0.370205
vn -0.200353 0.851996 -0.483696
vn -0.200353 0.851996 -0.483696
vn -0.370204 0.851996 -0.370205
vn -0.566828 0.597839 -0.566828
vn -0.306765 0.597839 -0.740597
vn -0.000000 0.888662 -0.458563
vn -0.175484 0.888662 -0.423657
vn -0.200353 0.851996 -0.483696
vn -0.000000 0.851996 -0.523548
vn -0.000000 0.851996 -0.523548
vn -0.200353 0.851996 -0.483696
vn -0.306765 0.597839 -0.740597
vn -0.000000 0.597839 -0.801616
vn 0.306766 0.597839 -0.740597
vn -0.000000 0.597839 -0.801616
vn 0.000000 0.438223 -0.898866
vn 0.343981 0.438223 -0.830444
vn -0.000000 -1.000000 0.000000
vn 0.000000 -0.968303 -0.249778
vn 0.095586 -0.968303 -0.230765
vn -0.000000 -1.000000 0.000000
vn 0.095586 -0.968303 -0.230765
vn 0.176620 -0.968303 -0.176620
vn -0.000000 -1.000000 0.000000
vn 0.176620 -0.968303 -0.176620
vn 0.230765 -0.968303 -0.095586
vn -0.000000 -1.000000 0.000000
vn 0.230765 -0.968303 -0.095586
vn 0.249775 -0.968304 0.000000
vn -0.000000 -1.000000 0.000000
vn 0.249775 -0.968304 0.000000
vn 0.230763 -0.968304 0.095586
vn -0.000000 -1.000000 0.000000
vn 0.230763 -0.968304 0.095586
vn 0.176619 -0.968303 0.176620
vn -0.000000 -1.000000 0.000000
vn 0.176619 -0.968303 0.176620
vn 0.095586 -0.968303 0.230765
vn -0.000000 -1.000000 0.000000
vn 0.095586 -0.968303 0.230765
vn 0.000000 -0.968303 0.249778
vn -0.000000 -1.000000 0.000000
vn 0.000000 -0.968303 0.249778
vn -0.095585 -0.968303 0.230765
vn -0.000000 -1.000000 0.000000
vn -0.095585 -0.968303 0.230765
vn -0.176622 -0.968303 0.176620
vn -0.000000 -1.000000 0.000000
vn -0.176622 -0.968303 0.176620
vn -0.230769 -0.968302 0.095586
vn -0.000000 -1.000000 0.000000
vn -0.230769 -0.968302 0.095586
vn -0.249778 -0.968303 0.000000
vn -0.000000 -1.000000 0.000000
vn -0.249778 -0.968303 0.000000
vn -0.230763 -0.968304 -0.095586
vn -0.000000 -1.000000 0.000000
vn -0.230763 -0.968304 -0.095586
vn -0.176619 -0.968303 -0.176620
vn -0.000000 -1.000000 0.000000
vn -0.176619 -0.968303 -0.176620
vn -0.095586 -0.968303 -0.230765
vn -0.000000 -1.000000 0.000000
vn -0.095586 -0.968303 -0.230765
vn 0.000000 -0.968303 -0.249778
vn 0.000000 -0.000000 -1.000000
vn -0.000000 0.638471 -0.769646
vn 0.452386 0.638471 -0.622656
vn 0.587785 -0.000000 -0.809017
vn 0.587785 -0.000000 -0.809017
vn 0.452386 0.638471 -0.622656
vn 0.731976 0.638471 -0.237834
vn 0.951057 -0.000000 -0.309017
vn 0.951057 -0.000000 -0.309017
vn 0.731976 0.638471 -0.237834
vn 0.731976 0.638472 0.237833
vn 0.951057 0.000000 0.309017
vn 0.951057 0.000000 0.309017
vn 0.731976 0.638472 0.237833
vn 0.452386 0.638471 0.622656
vn 0.587785 0.000000 0.809017
vn 0.587785 0.000000 0.809017
vn 0.452386 0.638471 0.622656
vn 0.000000 0.638472 0.769645
vn 0.000000 0.000000 1.000000
vn 0.000000 0.000000 1.000000
vn 0.000000 0.638472 0.769645
vn -0.452386 0.638472 0.622656
vn -0.587785 0.000000 0.809017
vn -0.587785 0.000000 0.809017
vn -0.452386 0.638472 0.622656
vn -0.731976 0.638472 0.237834
vn -0.951057 0.000000 0.309017
vn -0.951057 0.000000 0.309017
vn -0.731976 0.638472 0.237834
vn -0.731976 0.638472 -0.237834
vn -0.951057 -0.000000 -0.309017
vn 0.369738 0.777376 -0.508900
vn 0.000000 0.777377 -0.629035
vn -0.000000 -0.777330 -0.629093
vn 0.369771 -0.777330 -0.508947
vn -0.951057 -0.000000 -0.309017
vn -0.731976 0.638472 -0.237834
vn -0.452386 0.638471 -0.622656
vn -0.587785 -0.000000 -0.809017
vn -0.587785 -0.000000 -0.809017
vn -0.452386 0.638471 -0.622656
vn -0.000000 0.638471 -0.769646
vn 0.000000 -0.000000 -1.000000
vn 0.000000 0.777377 -0.629035
vn 0.369738 0.777376 -0.508900
vn 0.452386 0.638471 -0.622656
vn -0.000000 0.638471 -0.769646
vn 0.369738 0.777376 -0.508900
vn 0.598248 0.777377 -0.194383
vn 0.731976 0.638471 -0.237834
vn 0.452386 0.638471 -0.622656
vn 0.598248 0.777377 -0.194383
vn 0.598248 0.777377 0.194383
vn 0.731976 0.638472 0.237833
vn 0.731976 0.638471 -0.237834
vn 0.598248 0.777377 0.194383
vn 0.369738 0.777377 0.508900
vn 0.452386 0.638471 0.622656
vn 0.731976 0.638472 0.237833
vn 0.369738 0.777377 0.508900
vn 0.000000 0.777377 0.629035
vn 0.000000 0.638472 0.769645
vn 0.452386 0.638471 0.622656
vn 0.000000 0.777377 0.629035
vn -0.369738 0.777377 0.508900
vn -0.452386 0.638472 0.622656
vn 0.000000 0.638472 0.769645
vn -0.369738 0.777377 0.508900
vn -0.598248 0.777377 0.194383
vn -0.731976 0.638472 0.237834
vn -0.452386 0.638472 0.622656
vn -0.598248 0.777377 0.194383
vn -0.598248 0.777377 -0.194383
vn -0.731976 0.638472 -0.237834
vn -0.731976 0.638472 0.237834
vn -0.598248 0.777377 -0.194383
vn -0.369738 0.777377 -0.508900
vn -0.452386 0.638471 -0.622656
vn -0.731976 0.638472 -0.237834
vn -0.369738 0.777377 -0.508900
vn 0.000000 0.777377 -0.629035
vn -0.000000 0.638471 -0.769646
vn -0.452386 0.638471 -0.622656
vn -0.598303 -0.777330 -0.194400
vn -0.598303 -0.777330 0.194401
vn -0.732007 -0.638433 0.237844
vn -0.732007 -0.638433 -0.237843
vn -0.598248 0.777377 -0.194383
vn -0.598248 0.777377 0.194383
vn -0.598303 -0.777330 0.194401
vn -0.598303 -0.777330 -0.194400
vn 0.000000 0.777377 0.629035
vn 0.369738 0.777377 0.508900
vn 0.369772 -0.777330 0.508947
vn 0.000000 -0.777330 0.629093
vn 0.598248 0.777377 -0.194383
vn 0.369738 0.777376 -0.508900
vn 0.369771 -0.777330 -0.508947
vn 0.598303 -0.777330 -0.194400
vn -0.369738 0.777377 -0.508900
vn -0.598248 0.777377 -0.194383
vn -0.598303 -0.777330 -0.194400
vn -0.369772 -0.777330 -0.508947
vn -0.369738 0.777377 0.508900
vn 0.000000 0.777377 0.629035
vn 0.000000 -0.777330 0.629093
vn -0.369772 -0.777330 0.508947
vn 0.598248 0.777377 0.194383
vn 0.598248 0.777377 -0.194383
vn 0.598303 -0.777330 -0.194400
vn 0.598303 -0.777330 0.194401
vn 0.000000 0.777377 -0.629035
vn -0.369738 0.777377 -0.508900
vn -0.369772 -0.777330 -0.508947
vn -0.000000 -0.777330 -0.629093
vn -0.598248 0.777377 0.194383
vn -0.369738 0.777377 0.508900
vn -0.369772 -0.777330 0.508947
vn -0.598303 -0.777330 0.194401
vn 0.369738 0.777377 0.508900
vn 0.598248 0.777377 0.194383
vn 0.598303 -0.777330 0.194401
vn 0.369772 -0.777330 0.508947
vn 0.000000 -0.638433 0.769677
vn 0.452405 -0.638433 0.622682
vn 0.449811 0.643717 0.619111
vn -0.000000 0.643717 0.765264
vn 0.000000 -0.777330 0.629093
vn 0.369772 -0.777330 0.508947
vn 0.452405 -0.638433 0.622682
vn 0.000000 -0.638433 0.769677
vn 0.598303 -0.777330 -0.194400
vn 0.369771 -0.777330 -0.508947
vn 0.452405 -0.638433 -0.622682
vn 0.732006 -0.638433 -0.237843
vn -0.369772 -0.777330 -0.508947
vn -0.598303 -0.777330 -0.194400
vn -0.732007 -0.638433 -0.237843
vn -0.452405 -0.638433 -0.622682
vn -0.369772 -0.777330 0.508947
vn 0.000000 -0.777330 0.629093
vn 0.000000 -0.638433 0.769677
vn -0.452405 -0.638433 0.622682
vn 0.598303 -0.777330 0.194401
vn 0.598303 -0.777330 -0.194400
vn 0.732006 -0.638433 -0.237843
vn 0.732007 -0.638433 0.237844
vn -0.000000 -0.777330 -0.629093
vn -0.369772 -0.777330 -0.508947
vn -0.452405 -0.638433 -0.622682
vn -0.000000 -0.638433 -0.769677
vn -0.598303 -0.777330 0.194401
vn -0.369772 -0.777330 0.508947
vn -0.452405 -0.638433 0.622682
vn -0.732007 -0.638433 0.237844
vn 0.369772 -0.777330 0.508947
vn 0.598303 -0.777330 0.194401
vn 0.732007 -0.638433 0.237844
vn 0.452405 -0.638433 0.622682
vn 0.369771 -0.777330 -0.508947
vn -0.000000 -0.777330 -0.629093
vn -0.000000 -0.638433 -0.769677
vn 0.452405 -0.638433 -0.622682
vn 0.732006 -0.638433 -0.237843
vn 0.452405 -0.638433 -0.622682
vn 0.449810 0.643717 -0.619112
vn 0.727809 0.643717 -0.236480
vn -0.452405 -0.638433 -0.622682
vn -0.732007 -0.638433 -0.237843
vn -0.727809 0.643716 -0.236480
vn -0.449811 0.643717 -0.619112
vn -0.452405 -0.638433 0.622682
vn 0.000000 -0.638433 0.769677
vn -0.000000 0.643717 0.765264
vn -0.449811 0.643717 0.619111
vn 0.732007 -0.638433 0.237844
vn 0.732006 -0.638433 -0.237843
vn 0.727809 0.643717 -0.236480
vn 0.727810 0.643716 0.236479
vn -0.000000 -0.638433 -0.769677
vn -0.452405 -0.638433 -0.622682
vn -0.449811 0.643717 -0.619112
vn 0.000000 0.643717 -0.765264
vn -0.732007 -0.638433 0.237844
vn -0.452405 -0.638433 0.622682
vn -0.449811 0.643717 0.619111
vn -0.727809 0.643717 0.236479
vn 0.452405 -0.638433 0.622682
vn 0.732007 -0.638433 0.237844
vn 0.727810 0.643716 0.236479
vn 0.449811 0.643717 0.619111
vn 0.452405 -0.638433 -0.622682
vn -0.000000 -0.638433 -0.769677
vn 0.000000 0.643717 -0.765264
vn 0.449810 0.643717 -0.619112
vn -0.732007 -0.638433 -0.237843
vn -0.732007 -0.638433 0.237844
vn -0.727809 0.643717 0.236479
vn -0.727809 0.643716 -0.236480
vn -0.000000 0.783710 0.621127
vn 0.365090 0.783710 0.502502
vn 0.587785 0.000000 0.809017
vn 0.000000 0.000000 1.000000
vn 0.000000 0.783710 -0.621127
vn 0.365089 0.783710 -0.502503
vn 0.449810 0.643717 -0.619112
vn 0.000000 0.643717 -0.765264
vn 0.365089 0.783710 -0.502503
vn 0.590727 0.783710 -0.191939
vn 0.727809 0.643717 -0.236480
vn 0.449810 0.643717 -0.619112
vn 0.590727 0.783710 -0.191939
vn 0.590728 0.783709 0.191939
vn 0.727810 0.643716 0.236479
vn 0.727809 0.643717 -0.236480
vn 0.590728 0.783709 0.191939
vn 0.365090 0.783710 0.502502
vn 0.449811 0.643717 0.619111
vn 0.727810 0.643716 0.236479
vn 0.365090 0.783710 0.502502
vn -0.000000 0.783710 0.621127
vn -0.000000 0.643717 0.765264
vn 0.449811 0.643717 0.619111
vn -0.000000 0.783710 0.621127
vn -0.365090 0.783710 0.502502
vn -0.449811 0.643717 0.619111
vn -0.000000 0.643717 0.765264
vn -0.365090 0.783710 0.502502
vn -0.590727 0.783710 0.191939
vn -0.727809 0.643717 0.236479
vn -0.449811 0.643717 0.619111
vn -0.590727 0.783710 0.191939
vn -0.590727 0.783710 -0.191939
vn -0.727809 0.643716 -0.236480
vn -0.727809 0.643717 0.236479
vn -0.590727 0.783710 -0.191939
vn -0.365089 0.783710 -0.502503
vn -0.449811 0.643717 -0.619112
vn -0.727809 0.643716 -0.236480
vn -0.365089 0.783710 -0.502503
vn 0.000000 0.783710 -0.621127
vn 0.000000 0.643717 -0.765264
vn -0.449811 0.643717 -0.619112
vn 0.590727 0.783710 -0.191939
vn 0.365089 0.783710 -0.502503
vn 0.587785 -0.000000 -0.809017
vn 0.951057 -0.000000 -0.309017
vn -0.365089 0.783710 -0.502503
vn -0.590727 0.783710 -0.191939
vn -0.951057 0.000000 -0.309017
vn -0.587785 -0.000000 -0.809017
vn -0.365090 0.783710 0.502502
vn -0.000000 0.783710 0.621127
vn 0.000000 0.000000 1.000000
vn -0.587785 0.000000 0.809017
vn 0.590728 0.783709 0.191939
vn 0.590727 0.783710 -0.191939
vn 0.951057 -0.000000 -0.309017
vn 0.951056 -0.000000 0.309017
vn 0.000000 0.783710 -0.621127
vn -0.365089 0.783710 -0.502503
vn -0.587785 -0.000000 -0.809017
vn 0.000000 -0.000000 -1.000000
vn -0.590727 0.783710 0.191939
vn -0.365090 0.783710 0.502502
vn -0.587785 0.000000 0.809017
vn -0.951057 0.000000 0.309017
vn 0.365090 0.783710 0.502502
vn 0.590728 0.783709 0.191939
vn 0.951056 -0.000000 0.309017
vn 0.587785 0.000000 0.809017
vn 0.365089 0.783710 -0.502503
vn 0.000000 0.783710 -0.621127
vn 0.000000 -0.000000 -1.000000
vn 0.587785 -0.000000 -0.809017
vn -0.590727 0.783710 -0.191939
vn -0.590727 0.783710 0.191939
vn -0.951057 0.000000 0.309017
vn -0.951057 0.000000 -0.309017
vn 0.783710 0.621127 0.000000
vn 0.000000 1.000000 -0.000000
vn 0.000000 0.809017 -0.587786
vn 0.783710 0.502502 -0.365089
vn 0.783710 0.502502 -0.365089
vn 0.000000 0.809017 -0.587786
vn 0.000000 0.309016 -0.951057
vn 0.783710 0.191938 -0.590727
vn 0.783710 0.191938 -0.590727
vn 0.000000 0.309016 -0.951057
vn 0.000000 -0.309018 -0.951056
vn 0.783710 -0.191939 -0.590726
vn 0.783710 -0.191939 -0.590726
vn 0.000000 -0.309018 -0.951056
vn 0.000000 -0.809018 -0.587784
vn 0.783710 -0.502503 -0.365089
vn 0.783710 -0.502503 -0.365089
vn 0.000000 -0.809018 -0.587784
vn 0.000000 -1.000000 0.000000
vn 0.783710 -0.621127 0.000000
vn 0.783710 -0.621127 0.000000
vn 0.000000 -1.000000 0.000000
vn 0.000000 -0.809018 0.587784
vn 0.783710 -0.502503 0.365089
vn 0.783710 -0.502503 0.365089
vn 0.000000 -0.809018 0.587784
vn 0.000000 -0.309018 0.951056
vn 0.783710 -0.191939 0.590726
vn 0.783710 -0.191939 0.590726
vn 0.000000 -0.309018 0.951056
vn 0.000000 0.309017 0.951057
vn 0.783710 0.191938 0.590727
vn 0.783710 0.191938 0.590727
vn 0.000000 0.309017 0.951057
vn 0.000000 0.809017 0.587786
vn 0.783710 0.502502 0.365089
vn 0.783710 0.502502 0.365089
vn 0.000000 0.809017 0.587786
vn 0.000000 1.000000 -0.000000
vn 0.783710 0.621127 0.000000
vn 0.783710 0.621127 0.000000
vn 0.783710 0.502502 -0.365089
vn 0.643717 0.619112 -0.449810
vn 0.643717 0.765264 0.000000
vn -0.783710 -0.502503 0.365089
vn -0.783710 -0.191939 0.590726
vn -0.643717 -0.236480 0.727809
vn -0.643717 -0.619112 0.449810
vn -0.783710 0.191939 0.590727
vn -0.783710 -0.191939 0.590726
vn -0.643717 -0.236480 0.727809
vn -0.643717 0.236480 0.727809
vn 0.783710 -0.191939 0.590726
vn 0.783710 0.191938 0.590727
vn 0.643717 0.236480 0.727809
vn 0.643717 -0.236480 0.727809
vn 0.783710 0.191938 -0.590727
vn 0.783710 -0.191939 -0.590726
vn 0.643717 -0.236480 -0.727809
vn 0.643717 0.236479 -0.727809
vn -0.783710 -0.191939 0.590726
vn -0.783710 -0.502503 0.365089
vn -0.643717 -0.619111 0.449811
vn -0.643717 -0.236480 0.727809
vn 0.783710 0.502502 0.365089
vn 0.783710 0.621127 0.000000
vn 0.643717 0.765264 0.000000
vn 0.643717 0.619112 0.449810
vn 0.783710 -0.502503 -0.365089
vn 0.783710 -0.621127 0.000000
vn 0.643716 -0.765264 0.000000
vn 0.643717 -0.619111 -0.449811
vn -0.783710 -0.502503 0.365089
vn -0.783710 -0.621127 0.000000
vn -0.643716 -0.765264 0.000000
vn -0.643717 -0.619111 0.449811
vn -0.783710 -0.621127 0.000000
vn -0.783710 -0.502503 -0.365088
vn -0.643717 -0.619111 -0.449811
vn -0.643716 -0.765264 0.000000
vn 0.783710 -0.502503 0.365089
vn 0.783710 -0.191939 0.590726
vn 0.643717 -0.236480 0.727809
vn 0.643717 -0.619111 0.449811
vn -0.783710 -0.191938 0.590727
vn -0.783710 0.191939 0.590728
vn -0.643717 0.236479 0.727809
vn -0.643717 -0.236479 0.727809
vn -0.783711 -0.191940 -0.590726
vn -0.783710 -0.502503 -0.365088
vn -0.643717 -0.619112 -0.449810
vn -0.643717 -0.236481 -0.727809
vn -0.783709 0.621128 -0.000000
vn -0.783710 0.502502 -0.365089
vn -0.643717 0.619111 -0.449811
vn -0.643717 0.765264 0.000000
vn -0.783710 -0.191939 0.590726
vn -0.783710 0.191939 0.590727
vn -0.643717 0.236479 0.727809
vn -0.643717 -0.236480 0.727809
vn -0.783710 -0.502503 -0.365088
vn -0.783710 -0.621127 0.000000
vn -0.643717 -0.765264 -0.000000
vn -0.643717 -0.619112 -0.449810
vn -0.783710 0.502502 -0.365089
vn -0.783710 0.191939 -0.590727
vn -0.643717 0.236479 -0.727809
vn -0.643717 0.619111 -0.449811
vn -0.783710 0.191939 0.590727
vn -0.783710 0.502502 0.365089
vn -0.643717 0.619111 0.449811
vn -0.643717 0.236479 0.727809
vn -0.783710 -0.621127 0.000000
vn -0.783710 -0.502503 0.365089
vn -0.643717 -0.619112 0.449810
vn -0.643717 -0.765264 -0.000000
vn -0.783710 0.191939 -0.590727
vn -0.783711 -0.191940 -0.590726
vn -0.643717 -0.236481 -0.727809
vn -0.643717 0.236479 -0.727809
vn -0.783710 0.502502 0.365089
vn -0.783709 0.621128 -0.000000
vn -0.643717 0.765264 0.000000
vn -0.643717 0.619111 0.449811
vn 0.643717 -0.619111 0.449811
vn 0.643717 -0.236480 0.727809
vn -0.643717 -0.236480 0.727809
vn -0.643717 -0.619111 0.449811
vn 0.643716 -0.765264 0.000000
vn 0.643717 -0.619111 0.449811
vn -0.643717 -0.619111 0.449811
vn -0.643716 -0.765264 0.000000
vn 0.643717 -0.619111 -0.449811
vn 0.643716 -0.765264 0.000000
vn -0.643716 -0.765264 0.000000
vn -0.643717 -0.619111 -0.449811
vn 0.643717 -0.236480 -0.727809
vn 0.643717 -0.619111 -0.449811
vn -0.643717 -0.619111 -0.449811
vn -0.643717 -0.236480 -0.727809
vn 0.643717 0.765264 0.000000
vn 0.643717 0.619112 -0.449810
vn -0.643717 0.619112 -0.449810
vn -0.643717 0.765263 -0.000000
vn 0.643717 0.236479 -0.727809
vn 0.643717 -0.236480 -0.727809
vn -0.643717 -0.236480 -0.727809
vn -0.643717 0.236480 -0.727809
vn 0.643717 0.619112 -0.449810
vn 0.643717 0.236479 -0.727809
vn -0.643717 0.236480 -0.727809
vn -0.643717 0.619112 -0.449810
vn 0.643717 0.619112 0.449810
vn 0.643717 0.765264 0.000000
vn -0.643717 0.765263 -0.000000
vn -0.643717 0.619112 0.449810
vn 0.643717 0.236480 0.727809
vn 0.643717 0.619112 0.449810
vn -0.643717 0.619112 0.449810
vn -0.643717 0.236480 0.727809
vn 0.643717 -0.236480 0.727809
vn 0.643717 0.236480 0.727809
vn -0.643717 0.236480 0.727809
vn -0.643717 -0.236480 0.727809
vn -0.783710 0.502502 -0.365089
vn -0.783709 0.621128 -0.000000
vn -0.643717 0.765263 -0.000000
vn -0.643717 0.619112 -0.449810
vn -0.783710 0.502502 0.365089
vn -0.783710 0.191939 0.590727
vn -0.643717 0.236480 0.727809
vn -0.643717 0.619112 0.449810
vn 0.783710 -0.621127 0.000000
vn 0.783710 -0.502503 0.365089
vn 0.643717 -0.619111 0.449811
vn 0.643716 -0.765264 0.000000
vn -0.783710 0.191939 -0.590727
vn -0.783710 0.502502 -0.365089
vn -0.643717 0.619112 -0.449810
vn -0.643717 0.236480 -0.727809
vn -0.783709 0.621128 -0.000000
vn -0.783710 0.502502 0.365089
vn -0.643717 0.619112 0.449810
vn -0.643717 0.765263 -0.000000
vn -0.783711 -0.191940 -0.590726
vn -0.783710 0.191939 -0.590727
vn -0.643717 0.236480 -0.727809
vn -0.643717 -0.236480 -0.727809
vn 0.783710 -0.191939 -0.590726
vn 0.783710 -0.502503 -0.365089
vn 0.643717 -0.619111 -0.449811
vn 0.643717 -0.236480 -0.727809
vn 0.783710 0.191938 0.590727
vn 0.783710 0.502502 0.365089
vn 0.643717 0.619112 0.449810
vn 0.643717 0.236480 0.727809
vn -0.783710 -0.502503 -0.365088
vn -0.783711 -0.191940 -0.590726
vn -0.643717 -0.236480 -0.727809
vn -0.643717 -0.619111 -0.449811
vn 0.783710 0.502502 -0.365089
vn 0.783710 0.191938 -0.590727
vn 0.643717 0.236479 -0.727809
vn 0.643717 0.619112 -0.449810
vn -0.783711 -0.502502 0.365088
vn -0.783709 -0.621129 0.000000
vn -0.643717 0.765264 0.000000
vn -0.643717 0.619111 -0.449811
vn -0.783710 -0.191938 0.590727
vn -0.783711 -0.502502 0.365088
vn -0.643717 0.619111 -0.449811
vn -0.643717 0.236479 -0.727809
vn -0.783710 0.191939 0.590728
vn -0.783710 -0.191938 0.590727
vn -0.643717 0.236479 -0.727809
vn -0.643717 -0.236481 -0.727809
vn -0.783711 0.502502 0.365088
vn -0.783710 0.191939 0.590728
vn -0.643717 -0.236481 -0.727809
vn -0.643717 -0.619112 -0.449810
vn -0.783709 0.621129 -0.000000
vn -0.783711 0.502502 0.365088
vn -0.643717 -0.619112 -0.449810
vn -0.643717 -0.765264 -0.000000
vn -0.783711 0.502502 -0.365088
vn -0.783709 0.621129 -0.000000
vn -0.643717 -0.765264 -0.000000
vn -0.643717 -0.619112 0.449810
vn -0.783710 0.191938 -0.590727
vn -0.783711 0.502502 -0.365088
vn -0.643717 -0.619112 0.449810
vn -0.643717 -0.236480 0.727809
vn -0.783710 -0.191938 -0.590727
vn -0.783710 0.191938 -0.590727
vn -0.643717 -0.236480 0.727809
vn -0.643717 0.236479 0.727809
vn -0.783711 -0.502502 -0.365088
vn -0.783710 -0.191938 -0.590727
vn -0.643717 0.236479 0.727809
vn -0.643717 0.619111 0.449811
vn -0.783709 -0.621129 0.000000
vn -0.783711 -0.502502 -0.365088
vn -0.643717 0.619111 0.449811
vn -0.643717 0.765264 0.000000
vn -0.783711 -0.502502 -0.365088
vn -0.783709 -0.621129 0.000000
vn -0.643718 -0.765263 0.000000
vn -0.643716 -0.619113 -0.449810
vn -0.783711 0.502502 -0.365088
vn -0.783710 0.191938 -0.590727
vn -0.643717 0.236479 -0.727809
vn -0.643716 0.619113 -0.449810
vn -0.783710 0.191939 0.590728
vn -0.783711 0.502502 0.365088
vn -0.643716 0.619113 0.449810
vn -0.643717 0.236479 0.727809
vn -0.783709 -0.621129 0.000000
vn -0.783711 -0.502502 0.365088
vn -0.643716 -0.619113 0.449810
vn -0.643718 -0.765263 0.000000
vn -0.783710 0.191938 -0.590727
vn -0.783710 -0.191938 -0.590727
vn -0.643717 -0.236479 -0.727809
vn -0.643717 0.236479 -0.727809
vn -0.783711 0.502502 0.365088
vn -0.783709 0.621129 -0.000000
vn -0.643718 0.765263 -0.000000
vn -0.643716 0.619113 0.449810
vn -0.783711 -0.502502 0.365088
vn -0.783710 -0.191938 0.590727
vn -0.643717 -0.236479 0.727809
vn -0.643716 -0.619113 0.449810
vn -0.783710 -0.191938 -0.590727
vn -0.783711 -0.502502 -0.365088
vn -0.643716 -0.619113 -0.449810
vn -0.643717 -0.236479 -0.727809
vn -0.783709 0.621129 -0.000000
vn -0.783711 0.502502 -0.365088
vn -0.643716 0.619113 -0.449810
vn -0.643718 0.765263 -0.000000
vn -1.000000 -0.000000 -0.000000
vn -0.643718 -0.765263 0.000000
vn -0.643716 -0.619113 0.449810
vn -1.000000 -0.000000 -0.000000
vn -0.643716 -0.619113 0.449810
vn -0.643717 -0.236479 0.727809
vn -1.000000 -0.000000 -0.000000
vn -0.643717 -0.236479 0.727809
vn -0.643717 0.236479 0.727809
vn -1.000000 -0.000000 -0.000000
vn -0.643717 0.236479 0.727809
vn -0.643716 0.619113 0.449810
vn -1.000000 -0.000000 -0.000000
vn -0.643716 0.619113 0.449810
vn -0.643718 0.765263 -0.000000
vn -1.000000 -0.000000 -0.000000
vn -0.643718 0.765263 -0.000000
vn -0.643716 0.619113 -0.449810
vn -1.000000 -0.000000 -0.000000
vn -0.643716 0.619113 -0.449810
vn -0.643717 0.236479 -0.727809
vn -1.000000 -0.000000 -0.000000
vn -0.643717 0.236479 -0.727809
vn -0.643717 -0.236479 -0.727809
vn -1.000000 -0.000000 -0.000000
vn -0.643717 -0.236479 -0.727809
vn -0.643716 -0.619113 -0.449810
vn -1.000000 -0.000000 -0.000000
vn -0.643716 -0.619113 -0.449810
vn -0.643718 -0.765263 0.000000
vn -0.951057 0.309017 0.000000
vn -0.951057 -0.309016 0.000000
vn -0.727809 -0.236479 0.643717
vn -0.727809 0.236479 0.643717
vn 0.951057 0.309017 -0.000000
vn 0.587785 0.809017 -0.000000
vn 0.449811 0.619112 0.643716
vn 0.727809 0.236479 0.643717
vn -0.951057 -0.309016 0.000000
vn -0.587786 -0.809017 0.000000
vn -0.449811 -0.619111 0.643717
vn -0.727809 -0.236479 0.643717
vn -0.587786 -0.809017 0.000000
vn -0.000000 -1.000000 0.000000
vn 0.000000 -0.765263 0.643717
vn -0.449811 -0.619111 0.643717
vn -0.000000 -1.000000 0.000000
vn 0.587786 -0.809017 -0.000000
vn 0.449812 -0.619111 0.643716
vn 0.000000 -0.765263 0.643717
vn 0.587786 -0.809017 -0.000000
vn 0.951057 -0.309016 -0.000000
vn 0.727809 -0.236479 0.643717
vn 0.449812 -0.619111 0.643716
vn 0.951057 -0.309016 -0.000000
vn 0.951057 0.309017 -0.000000
vn 0.727809 0.236479 0.643717
vn 0.727809 -0.236479 0.643717
vn -0.000000 0.621130 0.783707
vn -0.365087 0.502501 0.783712
vn -0.587785 0.809017 0.000000
vn -0.000001 1.000000 -0.000000
vn 0.587785 0.809017 -0.000000
vn -0.000001 1.000000 -0.000000
vn -0.000000 0.765264 0.643717
vn 0.449811 0.619112 0.643716
vn -0.000001 1.000000 -0.000000
vn -0.587786 0.809017 0.000000
vn -0.449811 0.619112 0.643717
vn -0.000000 0.765264 0.643717
vn -0.587786 0.809017 0.000000
vn -0.951057 0.309017 0.000000
vn -0.727809 0.236479 0.643717
vn -0.449811 0.619112 0.643717
vn -0.449811 0.619112 0.643717
vn -0.727809 0.236479 0.643717
vn -0.590728 0.191937 0.783709
vn -0.365087 0.502501 0.783712
vn -0.727809 0.236479 0.643717
vn -0.727809 -0.236479 0.643717
vn -0.590726 -0.191939 0.783710
vn -0.590728 0.191937 0.783709
vn -0.727809 -0.236479 0.643717
vn -0.449811 -0.619111 0.643717
vn -0.365091 -0.502502 0.783709
vn -0.590726 -0.191939 0.783710
vn -0.449811 -0.619111 0.643717
vn 0.000000 -0.765263 0.643717
vn 0.000000 -0.621125 0.783712
vn -0.365091 -0.502502 0.783709
vn 0.000000 -0.765263 0.643717
vn 0.449812 -0.619111 0.643716
vn 0.365091 -0.502502 0.783709
vn 0.000000 -0.621125 0.783712
vn 0.449812 -0.619111 0.643716
vn 0.727809 -0.236479 0.643717
vn 0.590727 -0.191939 0.783710
vn 0.365091 -0.502502 0.783709
vn 0.727809 -0.236479 0.643717
vn 0.727809 0.236479 0.643717
vn 0.590729 0.191937 0.783709
vn 0.590727 -0.191939 0.783710
vn 0.727809 0.236479 0.643717
vn 0.449811 0.619112 0.643716
vn 0.365087 0.502501 0.783712
vn 0.590729 0.191937 0.783709
vn 0.449811 0.619112 0.643716
vn -0.000000 0.765264 0.643717
vn -0.000000 0.621130 0.783707
vn 0.365087 0.502501 0.783712
vn -0.000000 0.765264 0.643717
vn -0.449811 0.619112 0.643717
vn -0.365087 0.502501 0.783712
vn -0.000000 0.621130 0.783707
vn 0.590729 0.191937 0.783709
vn 0.365087 0.502501 0.783712
vn 0.587784 0.809018 -0.000000
vn 0.951058 0.309014 -0.000001
vn 0.000000 -0.621125 0.783712
vn 0.365091 -0.502502 0.783709
vn 0.587787 -0.809016 -0.000000
vn 0.000000 -1.000000 0.000000
vn -0.590728 0.191937 0.783709
vn -0.590726 -0.191939 0.783710
vn -0.951056 -0.309018 0.000001
vn -0.951058 0.309014 0.000001
vn 0.365087 0.502501 0.783712
vn -0.000000 0.621130 0.783707
vn -0.000001 1.000000 -0.000000
vn 0.587784 0.809018 -0.000000
vn 0.365091 -0.502502 0.783709
vn 0.590727 -0.191939 0.783710
vn 0.951056 -0.309018 -0.000001
vn 0.587787 -0.809016 -0.000000
vn -0.590726 -0.191939 0.783710
vn -0.365091 -0.502502 0.783709
vn -0.587787 -0.809016 0.000001
vn -0.951056 -0.309018 0.000001
vn -0.365087 0.502501 0.783712
vn -0.590728 0.191937 0.783709
vn -0.951058 0.309014 0.000001
vn -0.587785 0.809017 0.000000
vn 0.590727 -0.191939 0.783710
vn 0.590729 0.191937 0.783709
vn 0.951058 0.309014 -0.000001
vn 0.951056 -0.309018 -0.000001
vn -0.365091 -0.502502 0.783709
vn 0.000000 -0.621125 0.783712
vn 0.000000 -1.000000 0.000000
vn -0.587787 -0.809016 0.000001
vn -0.707107 -0.707107 0.000000
vn -0.707107 0.707107 -0.000000
vn -0.577350 0.577350 -0.577350
vn -0.577350 -0.577350 -0.577350
vn -0.577350 -0.577350 -0.577350
vn -0.577350 0.577350 -0.577350
vn 0.577350 0.577350 -0.577350
vn 0.577350 -0.577350 -0.577350
vn 0.577350 -0.577350 -0.577350
vn 0.577350 0.577350 -0.577350
vn 0.707107 0.707107 -0.000000
vn 0.707107 -0.707107 0.000000
vn -0.577350 -0.577350 -0.577350
vn 0.577350 -0.577350 -0.577350
vn 0.707107 -0.707107 0.000000
vn -0.707107 -0.707107 0.000000
vn 0.577350 0.577350 -0.577350
vn -0.577350 0.577350 -0.577350
vn -0.707107 0.707107 -0.000000
vn 0.707107 0.707107 -0.000000
vn -0.000000 0.792406 -0.609994
vn -0.000000 1.000000 -0.000000
vn 0.866025 0.500000 -0.000000
vn 0.686244 0.396203 -0.609994
vn 0.686244 0.396203 -0.609994
vn 0.866025 0.500000 -0.000000
vn 0.866025 -0.500000 -0.000000
vn 0.686244 -0.396203 -0.609994
vn 0.686244 -0.396203 -0.609994
vn 0.866025 -0.500000 -0.000000
vn -0.000000 -1.000000 0.000000
vn -0.000000 -0.792406 -0.609994
vn -0.000000 -0.792406 -0.609994
vn -0.000000 -1.000000 0.000000
vn -0.866026 -0.500000 0.000000
vn -0.686244 -0.396203 -0.609994
vn -0.686244 -0.396203 -0.609994
vn -0.866026 -0.500000 0.000000
vn -0.866026 0.500000 0.000000
vn -0.686244 0.396203 -0.609994
vn -0.686244 0.396203 -0.609994
vn -0.866026 0.500000 0.000000
vn -0.000000 1.000000 -0.000000
vn -0.000000 0.792406 -0.609994
vn -0.000000 0.792406 -0.609994
vn 0.686244 0.396203 -0.609994
vn 0.686244 -0.396203 -0.609994
vn -0.000000 -0.792406 -0.609994
vn -0.686244 -0.396203 -0.609994
vn -0.686244 0.396203 -0.609994
vn 1.000000 0.000000 -0.000000
vn 1.000000 0.000000 0.000000
vn 1.000000 0.000000 -0.000000
vn -1.000000 -0.000000 0.000000
vn -1.000000 -0.000000 -0.000000
vn -1.000000 -0.000000 -0.000000
vn 1.000000 0.000000 -0.000000
vn 1.000000 0.000000 0.000000
vn 1.000000 0.000000 -0.000000
vn -1.000000 -0.000000 0.000000
vn -1.000000 -0.000000 -0.000000
vn -1.000000 -0.000000 0.000000
vn 1.000000 0.000000 -0.000000
vn 1.000000 0.000000 0.000000
vn 1.000000 0.000000 -0.000000
vn -1.000000 -0.000000 0.000000
vn -1.000000 -0.000000 -0.000000
vn -1.000000 -0.000000 0.000000
vn 1.000000 0.000000 -0.000000
vn 1.000000 0.000000 0.000000
vn 1.000000 0.000000 0.000000
vn -1.000000 -0.000000 0.000000
vn -1.000000 -0.000000 -0.000000
vn -1.000000 -0.000000 0.000000
vn 1.000000 0.000000 0.000000
vn 1.000000 0.000000 0.000000
vn 1.000000 0.000000 0.000000
vn -1.000000 -0.000000 0.000000
vn -1.000000 -0.000000 -0.000000
vn -1.000000 -0.000000 0.000000
vn 1.000000 0.000000 0.000000
vn 1.000000 0.000000 0.000000
vn 1.000000 0.000000 -0.000000
vn -1.000000 -0.000000 0.000000
vn -1.000000 -0.000000 -0.000000
vn -1.000000 -0.000000 0.000000
vn 1.000000 0.000000 -0.000000
vn 1.000000 0.000000 0.000000
vn 1.000000 0.000000 0.000000
vn -1.000000 -0.000000 -0.000000
vn -1.000000 -0.000000 -0.000000
vn -1.000000 -0.000000 0.000000
vn 1.000000 0.000000 0.000000
vn 1.000000 0.000000 0.000000
vn 1.000000 0.000000 0.000000
vn -1.000000 -0.000000 -0.000000
vn -1.000000 -0.000000 -0.000000
vn -1.000000 -0.000000 -0.000000
vn 1.000000 0.000000 0.000000
vn 1.000000 0.000000 0.000000
vn 1.000000 0.000000 -0.000000
vn -1.000000 -0.000000 -0.000000
vn -1.000000 -0.000000 -0.000000
vn -1.000000 -0.000000 -0.000000
vn 1.000000 0.000000 -0.000000
vn 1.000000 0.000000 0.000000
vn 1.000000 0.000000 0.000000
vn 1.000000 0.000000 0.000000
vn 1.000000 0.000000 0.000000
vn 1.000000 0.000000 -0.000000
vn -1.000000 -0.000000 -0.000000
vn -1.000000 -0.000000 -0.000000
vn -1.000000 -0.000000 -0.000000
vn -1.000000 -0.000000 -0.000000
vn -1.000000 -0.000000 -0.000000
vn -1.000000 -0.000000 -0.000000
vn 1.000000 0.000000 -0.000000
vn 1.000000 0.000000 0.000000
vn 1.000000 0.000000 -0.000000
vn -1.000000 -0.000000 -0.000000
vn -1.000000 -0.000000 -0.000000
vn -1.000000 -0.000000 -0.000000
vn 1.000000 0.000000 -0.000000
vn 1.000000 0.000000 0.000000
vn 1.000000 0.000000 0.000000
vn -1.000000 -0.000000 -0.000000
vn -1.000000 -0.000000 -0.000000
vn -1.000000 -0.000000 -0.000000
vn 1.000000 0.000000 0.000000
vn 1.000000 0.000000 0.000000
vn 1.000000 0.000000 -0.000000
vn -1.000000 -0.000000 -0.000000
vn -1.000000 -0.000000 -0.000000
vn -1.000000 -0.000000 -0.000000
vn -0.660283 -0.165227 -0.732616
vn -0.660283 -0.466734 -0.588375
vn -0.760788 0.403334 0.508452
vn -0.760789 0.142783 0.633098
vn -0.660283 0.165226 0.732616
vn -0.660283 0.466734 0.588375
vn -0.760788 -0.403334 -0.508451
vn -0.760789 -0.142783 -0.633099
vn -0.660283 0.169005 -0.731754
vn -0.660283 -0.165227 -0.732616
vn -0.760789 0.142783 0.633098
vn -0.760788 -0.146048 0.632353
vn -0.660283 -0.169006 0.731753
vn -0.660283 0.165226 0.732616
vn -0.760789 -0.142783 -0.633099
vn -0.760789 0.146048 -0.632353
vn -0.660283 -0.469764 0.585959
vn -0.660283 -0.169006 0.731753
vn -0.760789 0.146048 -0.632353
vn -0.760789 0.405953 -0.506362
vn -0.660283 0.469764 -0.585958
vn -0.660283 0.169005 -0.731754
vn -0.760788 -0.146048 0.632353
vn -0.760789 -0.405953 0.506362
vn -0.660283 -0.677481 0.324107
vn -0.660283 -0.469764 0.585959
vn -0.760789 0.405953 -0.506362
vn -0.760788 0.585454 -0.280081
vn -0.660283 0.677481 -0.324107
vn -0.660283 0.469764 -0.585958
vn -0.760789 -0.405953 0.506362
vn -0.760788 -0.585453 0.280081
vn -0.660284 -0.751014 -0.001938
vn -0.660283 -0.677481 0.324107
vn -0.760788 0.585454 -0.280081
vn -0.760789 0.648997 0.001673
vn -0.660283 0.751014 0.001939
vn -0.660283 0.677481 -0.324107
vn -0.760788 -0.585453 0.280081
vn -0.760789 -0.648997 -0.001675
vn -0.660283 -0.675800 -0.327598
vn -0.660284 -0.751014 -0.001938
vn -0.760789 0.648997 0.001673
vn -0.760789 0.583999 0.283099
vn -0.660283 0.675799 0.327599
vn -0.660283 0.751014 0.001939
vn -0.760789 -0.648997 -0.001675
vn -0.760788 -0.584000 -0.283099
vn -0.660283 -0.466734 -0.588375
vn -0.660283 -0.675800 -0.327598
vn -0.760789 0.583999 0.283099
vn -0.760788 0.403334 0.508452
vn -0.660283 0.466734 0.588375
vn -0.660283 0.675799 0.327599
vn -0.760788 -0.584000 -0.283099
vn -0.760788 -0.403334 -0.508451
vn 0.660283 -0.165227 -0.732616
vn 0.760789 0.142783 0.633098
vn 0.760788 0.403334 0.508452
vn 0.660283 -0.466734 -0.588375
vn 0.660283 0.165226 0.732616
vn 0.760789 -0.142783 -0.633098
vn 0.760789 -0.403334 -0.508451
vn 0.660283 0.466734 0.588375
vn 0.660283 0.169006 -0.731754
vn 0.760788 -0.146048 0.632353
vn 0.760789 0.142783 0.633098
vn 0.660283 -0.165227 -0.732616
vn 0.660283 -0.169006 0.731753
vn 0.760789 0.146048 -0.632353
vn 0.760789 -0.142783 -0.633098
vn 0.660283 0.165226 0.732616
vn 0.660283 -0.469764 0.585959
vn 0.760789 0.405953 -0.506362
vn 0.760789 0.146048 -0.632353
vn 0.660283 -0.169006 0.731753
vn 0.660283 0.469765 -0.585958
vn 0.760789 -0.405953 0.506362
vn 0.760788 -0.146048 0.632353
vn 0.660283 0.169006 -0.731754
vn 0.660283 -0.677481 0.324107
vn 0.760788 0.585454 -0.280081
vn 0.760789 0.405953 -0.506362
vn 0.660283 -0.469764 0.585959
vn 0.660283 0.677482 -0.324107
vn 0.760788 -0.585453 0.280081
vn 0.760789 -0.405953 0.506362
vn 0.660283 0.469765 -0.585958
vn 0.660284 -0.751014 -0.001938
vn 0.760789 0.648997 0.001673
vn 0.760788 0.585454 -0.280081
vn 0.660283 -0.677481 0.324107
vn 0.660283 0.751014 0.001939
vn 0.760789 -0.648997 -0.001675
vn 0.760788 -0.585453 0.280081
vn 0.660283 0.677482 -0.324107
vn 0.660283 -0.675800 -0.327598
vn 0.760789 0.583999 0.283099
vn 0.760789 0.648997 0.001673
vn 0.660284 -0.751014 -0.001938
vn 0.660283 0.675799 0.327599
vn 0.760789 -0.584000 -0.283099
vn 0.760789 -0.648997 -0.001675
vn 0.660283 0.751014 0.001939
vn 0.660283 -0.466734 -0.588375
vn 0.760788 0.403334 0.508452
vn 0.760789 0.583999 0.283099
vn 0.660283 -0.675800 -0.327598
vn 0.660283 0.466734 0.588375
vn 0.760789 -0.403334 -0.508451
vn 0.760789 -0.584000 -0.283099
vn 0.660283 0.675799 0.327599
vn -0.660283 -0.675800 -0.327598
vn 0.660283 -0.675800 -0.327598
vn 0.660284 -0.751014 -0.001938
vn -0.660284 -0.751014 -0.001938
vn -0.660283 -0.466734 -0.588375
vn 0.660283 -0.466734 -0.588375
vn 0.660283 -0.675800 -0.327598
vn -0.660283 -0.675800 -0.327598
vn -0.660283 -0.165227 -0.732616
vn 0.660283 -0.165227 -0.732616
vn 0.660283 -0.466734 -0.588375
vn -0.660283 -0.466734 -0.588375
vn -0.660283 0.169005 -0.731754
vn 0.660283 0.169006 -0.731754
vn 0.660283 -0.165227 -0.732616
vn -0.660283 -0.165227 -0.732616
vn -0.660283 0.469764 -0.585958
vn 0.660283 0.469765 -0.585958
vn 0.660283 0.169006 -0.731754
vn -0.660283 0.169005 -0.731754
vn -0.660283 0.677481 -0.324107
vn 0.660283 0.677482 -0.324107
vn 0.660283 0.469765 -0.585958
vn -0.660283 0.469764 -0.585958
vn -0.660283 0.751014 0.001939
vn 0.660283 0.751014 0.001939
vn 0.660283 0.677482 -0.324107
vn -0.660283 0.677481 -0.324107
vn -0.660283 0.675799 0.327599
vn 0.660283 0.675799 0.327599
vn 0.660283 0.751014 0.001939
vn -0.660283 0.751014 0.001939
vn -0.660283 0.466734 0.588375
vn 0.660283 0.466734 0.588375
vn 0.660283 0.675799 0.327599
vn -0.660283 0.675799 0.327599
vn -0.660283 0.165226 0.732616
vn 0.660283 0.165226 0.732616
vn 0.660283 0.466734 0.588375
vn -0.660283 0.466734 0.588375
vn -0.660283 -0.169006 0.731753
vn 0.660283 -0.169006 0.731753
vn 0.660283 0.165226 0.732616
vn -0.660283 0.165226 0.732616
vn -0.660283 -0.469764 0.585959
vn 0.660283 -0.469764 0.585959
vn 0.660283 -0.169006 0.731753
vn -0.660283 -0.169006 0.731753
vn -0.660283 -0.677481 0.324107
vn 0.660283 -0.677481 0.324107
vn 0.660283 -0.469764 0.585959
vn -0.660283 -0.469764 0.585959
vn -0.660284 -0.751014 -0.001938
vn 0.660284 -0.751014 -0.001938
vn 0.660283 -0.677481 0.324107
vn -0.660283 -0.677481 0.324107
vn 0.000000 -0.625505 0.780220
vn -0.760789 -0.405953 0.506362
vn -0.760788 -0.146048 0.632353
vn 0.000000 -0.225036 0.974350
vn 0.000000 -0.902085 0.431558
vn -0.760788 -0.585453 0.280081
vn -0.760789 -0.405953 0.506362
vn 0.000000 -0.625505 0.780220
vn 0.000000 -0.999997 -0.002580
vn -0.760789 -0.648997 -0.001675
vn -0.760788 -0.585453 0.280081
vn 0.000000 -0.902085 0.431558
vn 0.000000 -0.899846 -0.436208
vn -0.760788 -0.584000 -0.283099
vn -0.760789 -0.648997 -0.001675
vn 0.000000 -0.999997 -0.002580
vn 0.000000 -0.621470 -0.783438
vn -0.760788 -0.403334 -0.508451
vn -0.760788 -0.584000 -0.283099
vn 0.000000 -0.899846 -0.436208
vn 0.000000 -0.220005 -0.975499
vn -0.760789 -0.142783 -0.633099
vn -0.760788 -0.403334 -0.508451
vn 0.000000 -0.621470 -0.783438
vn 0.000000 0.225036 -0.974351
vn -0.760789 0.146048 -0.632353
vn -0.760789 -0.142783 -0.633099
vn 0.000000 -0.220005 -0.975499
vn 0.000000 0.625506 -0.780219
vn -0.760789 0.405953 -0.506362
vn -0.760789 0.146048 -0.632353
vn 0.000000 0.225036 -0.974351
vn 0.000000 0.902086 -0.431557
vn -0.760788 0.585454 -0.280081
vn -0.760789 0.405953 -0.506362
vn 0.000000 0.625506 -0.780219
vn 0.000000 0.999997 0.002578
vn -0.760789 0.648997 0.001673
vn -0.760788 0.585454 -0.280081
vn 0.000000 0.902086 -0.431557
vn 0.000000 0.899846 0.436208
vn -0.760789 0.583999 0.283099
vn -0.760789 0.648997 0.001673
vn 0.000000 0.999997 0.002578
vn 0.000000 0.621470 0.783438
vn -0.760788 0.403334 0.508452
vn -0.760789 0.583999 0.283099
vn 0.000000 0.899846 0.436208
vn 0.000000 0.220005 0.975499
vn -0.760789 0.142783 0.633098
vn -0.760788 0.403334 0.508452
vn 0.000000 0.621470 0.783438
vn 0.000000 -0.225036 0.974350
vn -0.760788 -0.146048 0.632353
vn -0.760789 0.142783 0.633098
vn 0.000000 0.220005 0.975499
vn 0.000000 -0.225036 0.974350
vn 0.760788 -0.146048 0.632353
vn 0.760789 -0.405953 0.506362
vn 0.000000 -0.625505 0.780220
vn 0.000000 -0.625505 0.780220
vn 0.760789 -0.405953 0.506362
vn 0.760788 -0.585453 0.280081
vn 0.000000 -0.902085 0.431558
vn 0.000000 -0.902085 0.431558
vn 0.760788 -0.585453 0.280081
vn 0.760789 -0.648997 -0.001675
vn 0.000000 -0.999997 -0.002580
vn 0.000000 -0.999997 -0.002580
vn 0.760789 -0.648997 -0.001675
vn 0.760789 -0.584000 -0.283099
vn 0.000000 -0.899846 -0.436208
vn 0.000000 -0.899846 -0.436208
vn 0.760789 -0.584000 -0.283099
vn 0.760789 -0.403334 -0.508451
vn 0.000000 -0.621470 -0.783438
vn 0.000000 -0.621470 -0.783438
vn 0.760789 -0.403334 -0.508451
vn 0.760789 -0.142783 -0.633098
vn 0.000000 -0.220005 -0.975499
vn 0.000000 -0.220005 -0.975499
vn 0.760789 -0.142783 -0.633098
vn 0.760789 0.146048 -0.632353
vn 0.000000 0.225036 -0.974351
vn 0.000000 0.225036 -0.974351
vn 0.760789 0.146048 -0.632353
vn 0.760789 0.405953 -0.506362
vn 0.000000 0.625506 -0.780219
vn 0.000000 0.625506 -0.780219
vn 0.760789 0.405953 -0.506362
vn 0.760788 0.585454 -0.280081
vn 0.000000 0.902086 -0.431557
vn 0.000000 0.902086 -0.431557
vn 0.760788 0.585454 -0.280081
vn 0.760789 0.648997 0.001673
vn 0.000000 0.999997 0.002578
vn 0.000000 0.999997 0.002578
vn 0.760789 0.648997 0.001673
vn 0.760789 0.583999 0.283099
vn 0.000000 0.899846 0.436208
vn 0.000000 0.899846 0.436208
vn 0.760789 0.583999 0.283099
vn 0.760788 0.403334 0.508452
vn 0.000000 0.621470 0.783438
vn 0.000000 0.621470 0.783438
vn 0.760788 0.403334 0.508452
vn 0.760789 0.142783 0.633098
vn 0.000000 0.220005 0.975499
vn 0.000000 0.220005 0.975499
vn 0.760789 0.142783 0.633098
vn 0.760788 -0.146048 0.632353
vn 0.000000 -0.225036 0.974350
s off
g cylinder4
usemtl cylinder2SG
f 96/201/1 16/222/2 1/16/3 66/110/4
f 70/84/5 3/250/6 4/126/7 72/195/8
f 72/195/9 4/126/10 5/192/11 74/62/12
f 74/62/13 5/192/14 6/165/15 76/117/16
f 76/117/17 6/165/18 7/135/19 78/228/20
f 78/228/21 7/135/22 8/166/23 80/17/24
f 80/17/25 8/166/26 9/237/27 82/72/28
f 82/72/29 9/237/30 10/187/31 84/146/32
f 84/146/33 10/187/34 11/38/35 86/143/36
f 86/143/37 11/38/38 12/133/39 88/223/40
f 88/223/41 12/133/42 13/199/43 90/219/44
f 90/219/45 13/199/46 14/75/47 92/11/48
f 92/11/49 14/75/50 15/73/51 94/185/52
f 94/185/53 15/73/54 16/222/55 96/201/56
f 20/60/57 151/23/58 154/109/59 59/202/60
f 68/141/61 2/63/62 3/250/63 70/84/64
f 66/149/65 1/85/66 2/63/67 68/141/68
f 26/235/69 187/245/70 190/203/71 56/31/72
f 32/9/73 166/224/74 169/26/75 62/64/76
f 38/142/77 181/208/78 184/144/79 25/3/80
f 47/86/81 160/18/82 163/131/83 31/232/84
f 53/100/85 175/204/86 178/169/87 37/10/88
f 56/31/89 190/203/90 193/12/91 43/46/92
f 59/202/93 154/109/94 157/262/95 46/39/96
f 62/64/97 169/26/98 172/226/99 52/244/100
f 25/3/101 184/144/102 187/245/103 26/235/104
f 31/232/105 163/131/106 166/224/107 32/9/108
f 37/10/109 178/169/110 181/208/111 38/142/112
f 43/46/113 193/12/114 147/101/115 19/215/116
f 46/39/117 157/262/118 160/18/119 47/86/120
f 52/244/121 172/226/122 175/204/123 53/100/124
f 9/207/125 8/145/126 64/168/127 50/151/128
f 50/151/129 64/168/130 63/213/131 51/229/132
f 51/229/133 63/213/134 62/64/135 52/244/136
f 4/14/137 3/104/138 61/127/139 44/71/140
f 44/71/141 61/127/142 60/82/143 45/230/144
f 45/230/145 60/82/146 59/202/147 46/39/148
f 16/246/149 15/191/150 58/162/151 41/172/152
f 41/172/153 58/162/154 57/5/155 42/188/156
f 42/188/157 57/5/158 56/31/159 43/46/160
f 11/53/161 10/114/162 55/107/163 35/19/164
f 35/19/165 55/107/166 54/254/167 36/45/168
f 36/45/169 54/254/170 53/100/171 37/10/172
f 6/7/173 5/193/174 49/196/175 29/257/176
f 29/257/177 49/196/178 48/194/179 30/249/180
f 30/249/181 48/194/182 47/86/183 31/232/184
f 13/180/185 12/80/186 40/15/187 23/130/188
f 23/130/189 40/15/190 39/6/191 24/65/192
f 24/65/193 39/6/194 38/142/195 25/3/196
f 8/145/197 7/236/198 34/50/199 64/168/200
f 64/168/201 34/50/202 33/32/203 63/213/204
f 63/213/205 33/32/206 32/9/207 62/64/208
f 3/104/209 2/88/210 22/152/211 61/127/212
f 61/127/213 22/152/214 21/29/215 60/82/216
f 60/82/217 21/29/218 20/60/219 59/202/220
f 15/191/221 14/233/222 28/4/223 58/162/224
f 58/162/225 28/4/226 27/91/227 57/5/228
f 57/5/229 27/91/230 26/235/231 56/31/232
f 10/114/233 9/207/234 50/151/235 55/107/236
f 55/107/237 50/151/238 51/229/239 54/254/240
f 54/254/241 51/229/242 52/244/243 53/100/244
f 5/193/245 4/14/246 44/71/247 49/196/248
f 49/196/249 44/71/250 45/230/251 48/194/252
f 48/194/253 45/230/254 46/39/255 47/86/256
f 1/128/257 16/246/258 41/172/259 17/96/260
f 17/96/261 41/172/262 42/188/263 18/138/264
f 18/138/265 42/188/266 43/46/267 19/215/268
f 12/80/269 11/53/270 35/19/271 40/15/272
f 40/15/273 35/19/274 36/45/275 39/6/276
f 39/6/277 36/45/278 37/10/279 38/142/280
f 7/236/281 6/7/282 29/257/283 34/50/284
f 34/50/285 29/257/286 30/249/287 33/32/288
f 33/32/289 30/249/290 31/232/291 32/9/292
f 14/233/293 13/180/294 23/130/295 28/4/296
f 28/4/297 23/130/298 24/65/299 27/91/300
f 27/91/301 24/65/302 25/3/303 26/235/304
f 2/88/305 1/128/306 17/96/307 22/152/308
f 22/152/309 17/96/310 18/138/311 21/29/312
f 21/29/313 18/138/314 19/215/315 20/60/316
f 66/149/317 68/141/318 69/28/319 67/119/320
f 67/119/321 69/28/322 195/68/323 196/118/324
f 68/141/325 70/84/326 71/181/327 69/28/328
f 69/28/329 71/181/330 197/102/331 195/68/332
f 70/84/333 72/195/334 73/170/335 71/181/336
f 71/181/337 73/170/338 198/163/339 197/102/340
f 72/195/341 74/62/342 75/214/343 73/170/344
f 73/170/345 75/214/346 199/173/347 198/163/348
f 74/62/349 76/117/350 77/97/351 75/214/352
f 75/214/353 77/97/354 200/76/355 199/173/356
f 76/117/357 78/228/358 79/122/359 77/97/360
f 77/97/361 79/122/362 201/59/363 200/76/364
f 78/228/365 80/17/366 81/61/367 79/122/368
f 79/122/369 81/61/370 202/20/371 201/59/372
f 80/17/373 82/72/374 83/259/375 81/61/376
f 81/61/377 83/259/378 203/124/379 202/20/380
f 82/72/381 84/146/382 85/139/383 83/259/384
f 83/259/385 85/139/386 204/225/387 203/124/388
f 84/146/389 86/143/390 87/140/391 85/139/392
f 85/139/393 87/140/394 205/211/395 204/225/396
f 86/143/397 88/223/398 89/34/399 87/140/400
f 87/140/401 89/34/402 206/111/403 205/211/404
f 88/223/405 90/219/406 91/247/407 89/34/408
f 89/34/409 91/247/410 207/54/411 206/111/412
f 90/219/413 92/11/414 93/182/415 91/247/416
f 91/247/417 93/182/418 208/197/419 207/54/420
f 92/11/421 94/185/422 95/243/423 93/182/424
f 93/182/425 95/243/426 209/261/427 208/197/428
f 94/185/429 96/201/430 97/238/431 95/243/432
f 95/243/433 97/238/434 210/47/435 209/261/436
f 96/201/437 66/110/438 67/153/439 97/238/440
f 97/238/441 67/153/442 196/171/443 210/47/444
f 120/189/445 117/147/446 98/43/447
f 156/40/448 153/157/449 106/105/450 109/41/451
f 180/57/452 177/239/453 130/154/454 133/132/455
f 159/200/456 156/40/457 109/41/458 112/248/459
f 183/218/460 180/57/461 133/132/462 136/174/463
f 162/134/464 159/200/465 112/248/466 115/136/467
f 186/251/468 183/218/469 136/174/470 139/87/471
f 165/175/472 162/134/473 115/136/474 118/252/475
f 189/186/476 186/251/477 139/87/478 142/48/479
f 168/25/480 165/175/481 118/252/482 121/70/483
f 192/137/484 189/186/485 142/48/486 145/160/487
f 171/21/488 168/25/489 121/70/490 124/33/491
f 19/215/492 147/101/493 151/23/494 20/60/495
f 148/93/496 192/137/497 145/160/498 102/260/499
f 117/147/500 114/8/501 98/43/502
f 114/8/503 111/148/504 98/43/505
f 111/148/506 108/115/507 98/43/508
f 108/115/509 105/1/510 98/43/511
f 103/227/512 144/52/513 98/43/514
f 105/1/515 99/27/516 98/43/517
f 144/52/518 141/35/519 98/43/520
f 99/27/521 103/227/522 98/43/523
f 177/239/524 174/2/525 127/49/526 130/154/527
f 153/157/528 150/212/529 100/95/530 106/105/531
f 123/256/532 120/189/533 98/43/534
f 126/69/535 123/256/536 98/43/537
f 129/161/538 126/69/539 98/43/540
f 132/178/541 129/161/542 98/43/543
f 135/240/544 132/178/545 98/43/546
f 138/113/547 135/240/548 98/43/549
f 141/35/550 138/113/551 98/43/552
f 100/95/553 102/260/554 104/258/555 101/155/556
f 101/155/557 104/258/558 103/89/559 99/79/560
f 106/105/561 100/95/562 101/155/563 107/66/564
f 107/66/565 101/155/566 99/79/567 105/158/568
f 109/41/569 106/105/570 107/66/571 110/103/572
f 110/103/573 107/66/574 105/158/575 108/51/576
f 112/248/577 109/41/578 110/103/579 113/217/580
f 113/217/581 110/103/582 108/51/583 111/183/584
f 115/136/585 112/248/586 113/217/587 116/221/588
f 116/221/589 113/217/590 111/183/591 114/167/592
f 118/252/593 115/136/594 116/221/595 119/13/596
f 119/13/597 116/221/598 114/167/599 117/129/600
f 121/70/601 118/252/602 119/13/603 122/108/604
f 122/108/605 119/13/606 117/129/607 120/150/608
f 124/33/609 121/70/610 122/108/611 125/77/612
f 125/77/613 122/108/614 120/150/615 123/220/616
f 127/49/617 124/33/618 125/77/619 128/121/620
f 128/121/621 125/77/622 123/220/623 126/58/624
f 130/154/625 127/49/626 128/121/627 131/216/628
f 131/216/629 128/121/630 126/58/631 129/205/632
f 133/132/633 130/154/634 131/216/635 134/190/636
f 134/190/637 131/216/638 129/205/639 132/55/640
f 136/174/641 133/132/642 134/190/643 137/255/644
f 137/255/645 134/190/646 132/55/647 135/44/648
f 139/87/649 136/174/650 137/255/651 140/42/652
f 140/42/653 137/255/654 135/44/655 138/92/656
f 142/48/657 139/87/658 140/42/659 143/241/660
f 143/241/661 140/42/662 138/92/663 141/83/664
f 145/160/665 142/48/666 143/241/667 146/36/668
f 146/36/669 143/241/670 141/83/671 144/231/672
f 102/260/673 145/160/674 146/36/675 104/258/676
f 104/258/677 146/36/678 144/231/679 103/89/680
f 174/2/681 171/21/682 124/33/683 127/49/684
f 151/23/685 147/101/686 149/210/687 152/156/688
f 152/156/689 149/210/690 148/93/691 150/212/692
f 154/109/693 151/23/694 152/156/695 155/112/696
f 155/112/697 152/156/698 150/212/699 153/157/700
f 157/262/701 154/109/702 155/112/703 158/198/704
f 158/198/705 155/112/706 153/157/707 156/40/708
f 160/18/709 157/262/710 158/198/711 161/253/712
f 161/253/713 158/198/714 156/40/715 159/200/716
f 163/131/717 160/18/718 161/253/719 164/120/720
f 164/120/721 161/253/722 159/200/723 162/134/724
f 166/224/725 163/131/726 164/120/727 167/116/728
f 167/116/729 164/120/730 162/134/731 165/175/732
f 169/26/733 166/224/734 167/116/735 170/98/736
f 170/98/737 167/116/738 165/175/739 168/25/740
f 172/226/741 169/26/742 170/98/743 173/22/744
f 173/22/745 170/98/746 168/25/747 171/21/748
f 175/204/749 172/226/750 173/22/751 176/78/752
f 176/78/753 173/22/754 171/21/755 174/2/756
f 178/169/757 175/204/758 176/78/759 179/159/760
f 179/159/761 176/78/762 174/2/763 177/239/764
f 181/208/765 178/169/766 179/159/767 182/74/768
f 182/74/769 179/159/770 177/239/771 180/57/772
f 184/144/773 181/208/774 182/74/775 185/56/776
f 185/56/777 182/74/778 180/57/779 183/218/780
f 187/245/781 184/144/782 185/56/783 188/81/784
f 188/81/785 185/56/786 183/218/787 186/251/788
f 190/203/789 187/245/790 188/81/791 191/30/792
f 191/30/793 188/81/794 186/251/795 189/186/796
f 193/12/797 190/203/798 191/30/799 194/209/800
f 194/209/801 191/30/802 189/186/803 192/137/804
f 147/101/805 193/12/806 194/209/807 149/210/808
f 149/210/809 194/209/810 192/137/811 148/93/812
f 150/212/813 148/93/814 102/260/815 100/95/816
f 65/37/817 196/90/818 195/123/819
f 65/37/820 195/123/821 197/94/822
f 65/37/823 197/94/824 198/177/825
f 65/37/826 198/177/827 199/125/828
f 65/37/829 199/125/830 200/24/831
f 65/37/832 200/24/833 201/242/834
f 65/37/835 201/242/836 202/184/837
f 65/37/838 202/184/839 203/176/840
f 65/37/841 203/176/842 204/234/843
f 65/37/844 204/234/845 205/206/846
f 65/37/847 205/206/848 206/164/849
f 65/37/850 206/164/851 207/67/852
f 65/37/853 207/67/854 208/106/855
f 65/37/856 208/106/857 209/179/858
f 65/37/859 209/179/860 210/99/861
f 65/37/862 210/99/863 196/90/864
usemtl valve2SG
f 211/263/865 232/264/866 231/265/867 213/266/868
f 213/266/869 231/265/870 233/267/871 215/268/872
f 215/268/873 233/267/874 234/269/875 217/270/876
f 217/270/877 234/269/878 235/271/879 219/272/880
f 219/272/881 235/271/882 236/273/883 221/274/884
f 221/274/885 236/273/886 237/275/887 223/276/888
f 223/276/889 237/275/890 238/277/891 225/278/892
f 225/278/893 238/277/894 239/279/895 227/280/896
f 214/281/897 212/282/898 241/283/899 242/284/900
f 227/280/901 239/279/902 240/285/903 229/286/904
f 229/286/905 240/285/906 232/287/907 211/288/908
f 212/282/909 214/281/910 231/265/911 232/264/912
f 214/281/913 216/289/914 233/267/915 231/265/916
f 216/289/917 218/290/918 234/269/919 233/267/920
f 218/290/921 220/291/922 235/271/923 234/269/924
f 220/291/925 222/292/926 236/273/927 235/271/928
f 222/292/929 224/293/930 237/275/931 236/273/932
f 224/293/933 226/294/934 238/277/935 237/275/936
f 226/294/937 228/295/938 239/279/939 238/277/940
f 228/295/941 230/296/942 240/285/943 239/279/944
f 230/296/945 212/297/946 232/287/947 240/285/948
f 249/298/949 248/299/950 258/300/951 259/301/952
f 228/295/953 226/294/954 248/299/955 249/298/956
f 222/292/957 220/291/958 245/302/959 246/303/960
f 216/289/961 214/281/962 242/284/963 243/304/964
f 230/296/965 228/295/966 249/298/967 250/305/968
f 224/293/969 222/292/970 246/303/971 247/306/972
f 218/290/973 216/289/974 243/304/975 244/307/976
f 212/297/977 230/296/978 250/305/979 241/308/980
f 226/294/981 224/293/982 247/306/983 248/299/984
f 220/291/985 218/290/986 244/307/987 245/302/988
f 256/309/989 255/310/990 275/311/991 276/312/992
f 246/303/993 245/302/994 255/310/995 256/309/996
f 243/304/997 242/284/998 252/313/999 253/314/1000
f 250/305/1001 249/298/1002 259/301/1003 260/315/1004
f 247/306/1005 246/303/1006 256/309/1007 257/316/1008
f 244/307/1009 243/304/1010 253/314/1011 254/317/1012
f 241/308/1013 250/305/1014 260/315/1015 251/318/1016
f 248/299/1017 247/306/1018 257/316/1019 258/300/1020
f 245/302/1021 244/307/1022 254/317/1023 255/310/1024
f 242/284/1025 241/283/1026 251/319/1027 252/313/1028
f 253/314/1029 252/313/1030 271/320/1031 273/321/1032
f 260/315/1033 259/301/1034 279/322/1035 280/323/1036
f 257/316/1037 256/309/1038 276/312/1039 277/324/1040
f 254/317/1041 253/314/1042 273/321/1043 274/325/1044
f 251/318/1045 260/315/1046 280/323/1047 272/326/1048
f 258/300/1049 257/316/1050 277/324/1051 278/327/1052
f 255/310/1053 254/317/1054 274/325/1055 275/311/1056
f 252/313/1057 251/319/1058 272/328/1059 271/320/1060
f 259/301/1061 258/300/1062 278/327/1063 279/322/1064
f 266/329/1065 265/330/1066 285/331/1067 286/332/1068
f 262/333/1069 261/334/1070 271/320/1071 272/328/1072
f 261/334/1073 263/335/1074 273/321/1075 271/320/1076
f 263/335/1077 264/336/1078 274/325/1079 273/321/1080
f 264/336/1081 265/330/1082 275/311/1083 274/325/1084
f 265/330/1085 266/329/1086 276/312/1087 275/311/1088
f 266/329/1089 267/337/1090 277/324/1091 276/312/1092
f 267/337/1093 268/338/1094 278/327/1095 277/324/1096
f 268/338/1097 269/339/1098 279/322/1099 278/327/1100
f 269/339/1101 270/340/1102 280/323/1103 279/322/1104
f 270/340/1105 262/341/1106 272/326/1107 280/323/1108
f 263/335/1109 261/334/1110 281/342/1111 283/343/1112
f 270/340/1113 269/339/1114 289/344/1115 290/345/1116
f 267/337/1117 266/329/1118 286/332/1119 287/346/1120
f 264/336/1121 263/335/1122 283/343/1123 284/347/1124
f 262/341/1125 270/340/1126 290/345/1127 282/348/1128
f 268/338/1129 267/337/1130 287/346/1131 288/349/1132
f 265/330/1133 264/336/1134 284/347/1135 285/331/1136
f 261/334/1137 262/333/1138 282/350/1139 281/342/1140
f 269/339/1141 268/338/1142 288/349/1143 289/344/1144
f 291/351/1145 292/352/1146 294/353/1147 293/354/1148
f 293/354/1149 294/353/1150 296/355/1151 295/356/1152
f 295/356/1153 296/355/1154 298/357/1155 297/358/1156
f 297/358/1157 298/357/1158 300/359/1159 299/360/1160
f 299/360/1161 300/359/1162 302/361/1163 301/362/1164
f 301/363/1165 302/364/1166 304/365/1167 303/366/1168
f 303/366/1169 304/365/1170 306/367/1171 305/368/1172
f 305/368/1173 306/367/1174 308/369/1175 307/370/1176
f 307/370/1177 308/369/1178 310/371/1179 309/372/1180
f 309/372/1181 310/371/1182 292/352/1183 291/351/1184
f 291/351/1185 293/354/1186 332/373/1187 331/374/1188
f 317/375/1189 318/376/1190 358/377/1191 357/378/1192
f 319/379/1193 318/376/1194 348/380/1195 349/381/1196
f 305/368/1197 307/370/1198 339/382/1199 338/383/1200
f 295/356/1201 297/358/1202 334/384/1203 333/385/1204
f 318/376/1205 317/375/1206 347/386/1207 348/380/1208
f 309/372/1209 291/351/1210 331/374/1211 340/387/1212
f 299/360/1213 301/362/1214 336/388/1215 335/389/1216
f 317/375/1217 316/390/1218 346/391/1219 347/386/1220
f 316/392/1221 315/393/1222 345/394/1223 346/395/1224
f 303/366/1225 305/368/1226 338/383/1227 337/396/1228
f 323/397/1229 324/398/1230 365/399/1231 364/400/1232
f 314/401/1233 315/393/1234 355/402/1235 354/403/1236
f 311/404/1237 312/405/1238 352/406/1239 351/407/1240
f 318/376/1241 319/379/1242 359/408/1243 358/377/1244
f 315/393/1245 316/392/1246 356/409/1247 355/402/1248
f 312/405/1249 313/410/1250 353/411/1251 352/406/1252
f 319/379/1253 320/412/1254 360/413/1255 359/408/1256
f 316/390/1257 317/375/1258 357/378/1259 356/414/1260
f 313/410/1261 314/401/1262 354/403/1263 353/411/1264
f 320/412/1265 311/404/1266 351/407/1267 360/413/1268
f 337/396/1269 338/383/1270 348/380/1271 347/386/1272
f 336/415/1273 337/396/1274 347/386/1275 346/391/1276
f 335/389/1277 336/388/1278 346/395/1279 345/394/1280
f 334/384/1281 335/389/1282 345/394/1283 344/416/1284
f 331/374/1285 332/373/1286 342/417/1287 341/418/1288
f 333/385/1289 334/384/1290 344/416/1291 343/419/1292
f 332/373/1293 333/385/1294 343/419/1295 342/417/1296
f 340/387/1297 331/374/1298 341/418/1299 350/420/1300
f 339/382/1301 340/387/1302 350/420/1303 349/381/1304
f 338/383/1305 339/382/1306 349/381/1307 348/380/1308
f 312/405/1309 311/404/1310 341/418/1311 342/417/1312
f 320/412/1313 319/379/1314 349/381/1315 350/420/1316
f 301/363/1317 303/366/1318 337/396/1319 336/415/1320
f 313/410/1321 312/405/1322 342/417/1323 343/419/1324
f 311/404/1325 320/412/1326 350/420/1327 341/418/1328
f 314/401/1329 313/410/1330 343/419/1331 344/416/1332
f 297/358/1333 299/360/1334 335/389/1335 334/384/1336
f 307/370/1337 309/372/1338 340/387/1339 339/382/1340
f 315/393/1341 314/401/1342 344/416/1343 345/394/1344
f 293/354/1345 295/356/1346 333/385/1347 332/373/1348
f 322/421/1349 321/422/1350 351/407/1351 352/406/1352
f 323/397/1353 322/421/1354 352/406/1355 353/411/1356
f 324/398/1357 323/397/1358 353/411/1359 354/403/1360
f 325/423/1361 324/398/1362 354/403/1363 355/402/1364
f 326/424/1365 325/423/1366 355/402/1367 356/409/1368
f 327/425/1369 326/426/1370 356/414/1371 357/378/1372
f 328/427/1373 327/425/1374 357/378/1375 358/377/1376
f 329/428/1377 328/427/1378 358/377/1379 359/408/1380
f 330/429/1381 329/428/1382 359/408/1383 360/413/1384
f 321/422/1385 330/429/1386 360/413/1387 351/407/1388
f 330/429/1389 321/422/1390 362/430/1391 371/431/1392
f 327/425/1393 328/427/1394 369/432/1395 368/433/1396
f 324/398/1397 325/423/1398 366/434/1399 365/399/1400
f 321/422/1401 322/421/1402 363/435/1403 362/430/1404
f 328/427/1405 329/428/1406 370/436/1407 369/432/1408
f 325/423/1409 326/424/1410 367/437/1411 366/434/1412
f 322/421/1413 323/397/1414 364/400/1415 363/435/1416
f 329/428/1417 330/429/1418 371/431/1419 370/436/1420
f 326/426/1421 327/425/1422 368/433/1423 367/438/1424
f 361/439/1425 362/440/1426 363/441/1427
f 361/439/1428 363/441/1429 364/442/1430
f 361/439/1431 364/442/1432 365/443/1433
f 361/439/1434 365/443/1435 366/444/1436
f 361/439/1437 366/444/1438 367/445/1439
f 361/439/1440 367/445/1441 368/446/1442
f 361/439/1443 368/446/1444 369/447/1445
f 361/439/1446 369/447/1447 370/448/1448
f 361/439/1449 370/448/1450 371/449/1451
f 361/439/1452 371/449/1453 362/440/1454
f 374/450/1455 375/451/1456 388/452/1457 389/453/1458
f 380/454/1459 381/455/1460 382/456/1461 383/457/1462
f 375/451/1463 376/458/1464 387/459/1465 388/452/1466
f 376/458/1467 377/460/1468 386/461/1469 387/459/1470
f 377/462/1471 378/463/1472 385/464/1473 386/465/1474
f 378/463/1475 379/466/1476 384/467/1477 385/464/1478
f 379/466/1479 380/454/1480 383/457/1481 384/467/1482
f 401/468/1483 392/469/1484 402/470/1485 411/471/1486
f 381/455/1487 372/472/1488 391/473/1489 382/456/1490
f 372/472/1491 373/474/1492 390/475/1493 391/473/1494
f 373/474/1495 374/450/1496 389/453/1497 390/475/1498
f 390/475/1499 389/453/1500 393/476/1501 392/469/1502
f 389/453/1503 388/452/1504 394/477/1505 393/476/1506
f 388/452/1507 387/459/1508 395/478/1509 394/477/1510
f 387/459/1511 386/461/1512 396/479/1513 395/478/1514
f 386/465/1515 385/464/1516 397/480/1517 396/481/1518
f 385/464/1519 384/467/1520 398/482/1521 397/480/1522
f 384/467/1523 383/457/1524 399/483/1525 398/482/1526
f 383/457/1527 382/456/1528 400/484/1529 399/483/1530
f 382/456/1531 391/473/1532 401/468/1533 400/484/1534
f 391/473/1535 390/475/1536 392/469/1537 401/468/1538
f 399/483/1539 400/484/1540 410/485/1541 409/486/1542
f 396/481/1543 397/480/1544 407/487/1545 406/488/1546
f 393/476/1547 394/477/1548 404/489/1549 403/490/1550
f 400/484/1551 401/468/1552 411/471/1553 410/485/1554
f 397/480/1555 398/482/1556 408/491/1557 407/487/1558
f 394/477/1559 395/478/1560 405/492/1561 404/489/1562
f 392/469/1563 393/476/1564 403/490/1565 402/470/1566
f 398/482/1567 399/483/1568 409/486/1569 408/491/1570
f 395/478/1571 396/479/1572 406/493/1573 405/492/1574
f 412/494/1575 413/495/1576 415/496/1577 414/497/1578
f 414/497/1579 415/496/1580 419/498/1581 418/499/1582
f 418/500/1583 419/501/1584 417/502/1585 416/503/1586
f 414/504/1587 418/500/1588 416/503/1589 412/505/1590
f 419/501/1591 415/496/1592 413/495/1593 417/502/1594
f 420/506/1595 421/507/1596 423/508/1597 422/509/1598
f 422/509/1599 423/508/1600 425/510/1601 424/511/1602
f 424/511/1603 425/510/1604 427/512/1605 426/513/1606
f 426/514/1607 427/515/1608 429/516/1609 428/517/1610
f 428/517/1611 429/516/1612 431/518/1613 430/519/1614
f 430/519/1615 431/518/1616 421/507/1617 420/506/1618
f 420/520/1619 422/521/1620 424/522/1621 426/514/1622 428/517/1623 430/523/1624
usemtl dial2SG
f 456/524/1625 460/525/1626 455/526/1627
f 441/527/1628 461/528/1629 442/529/1630
f 455/526/1631 460/525/1632 454/530/1633
f 440/531/1634 461/528/1635 441/527/1636
f 454/530/1637 460/525/1638 453/532/1639
f 439/533/1640 461/528/1641 440/531/1642
f 453/532/1643 460/525/1644 452/534/1645
f 438/535/1646 461/528/1647 439/533/1648
f 452/534/1649 460/525/1650 451/536/1651
f 437/537/1652 461/528/1653 438/535/1654
f 451/536/1655 460/525/1656 450/538/1657
f 436/539/1658 461/528/1659 437/537/1660
f 450/538/1661 460/525/1662 449/540/1663
f 435/541/1664 461/528/1665 436/539/1666
f 449/540/1667 460/525/1668 448/542/1669
f 434/543/1670 461/528/1671 435/541/1672
f 448/542/1673 460/525/1674 446/544/1675
f 433/545/1676 461/528/1677 434/543/1678
f 446/544/1679 460/525/1680 447/546/1681
f 447/546/1682 460/525/1683 459/547/1684
f 432/548/1685 461/528/1686 433/545/1687
f 445/549/1688 461/528/1689 432/548/1690
f 459/547/1691 460/525/1692 458/550/1693
f 444/551/1694 461/528/1695 445/549/1696
f 458/550/1697 460/525/1698 457/552/1699
f 443/553/1700 461/528/1701 444/551/1702
f 457/552/1703 460/525/1704 456/524/1705
f 442/529/1706 461/528/1707 443/553/1708
usemtl dialFBXASC046rim2SG
f 475/554/1709 474/555/1710 530/556/1711 531/557/1712
f 468/558/1713 467/559/1714 523/560/1715 524/561/1716
f 462/562/1717 475/563/1718 531/564/1719 519/565/1720
f 469/566/1721 468/558/1722 524/561/1723 525/567/1724
f 470/568/1725 469/566/1726 525/567/1727 526/569/1728
f 463/570/1729 462/562/1730 519/565/1731 518/571/1732
f 471/572/1733 470/568/1734 526/569/1735 527/573/1736
f 464/574/1737 463/570/1738 518/571/1739 520/575/1740
f 472/576/1741 471/572/1742 527/573/1743 528/577/1744
f 465/578/1745 464/574/1746 520/575/1747 521/579/1748
f 473/580/1749 472/576/1750 528/577/1751 529/581/1752
f 466/582/1753 465/578/1754 521/579/1755 522/583/1756
f 474/555/1757 473/580/1758 529/581/1759 530/556/1760
f 467/559/1761 466/582/1762 522/583/1763 523/560/1764
f 503/584/1765 545/585/1766 544/586/1767 502/587/1768
f 496/588/1769 538/589/1770 537/590/1771 495/591/1772
f 491/592/1773 533/593/1774 545/594/1775 503/595/1776
f 497/596/1777 539/597/1778 538/589/1779 496/588/1780
f 498/598/1781 540/599/1782 539/597/1783 497/596/1784
f 490/600/1785 532/601/1786 533/593/1787 491/592/1788
f 499/602/1789 541/603/1790 540/599/1791 498/598/1792
f 492/604/1793 534/605/1794 532/601/1795 490/600/1796
f 500/606/1797 542/607/1798 541/603/1799 499/602/1800
f 493/608/1801 535/609/1802 534/605/1803 492/604/1804
f 501/610/1805 543/611/1806 542/607/1807 500/606/1808
f 494/612/1809 536/613/1810 535/609/1811 493/608/1812
f 502/587/1813 544/586/1814 543/611/1815 501/610/1816
f 495/591/1817 537/590/1818 536/613/1819 494/612/1820
f 473/580/1821 501/610/1822 500/606/1823 472/576/1824
f 474/555/1825 502/587/1826 501/610/1827 473/580/1828
f 475/554/1829 503/584/1830 502/587/1831 474/555/1832
f 462/562/1833 491/592/1834 503/595/1835 475/563/1836
f 463/570/1837 490/600/1838 491/592/1839 462/562/1840
f 464/574/1841 492/604/1842 490/600/1843 463/570/1844
f 465/578/1845 493/608/1846 492/604/1847 464/574/1848
f 466/582/1849 494/612/1850 493/608/1851 465/578/1852
f 467/559/1853 495/591/1854 494/612/1855 466/582/1856
f 468/558/1857 496/588/1858 495/591/1859 467/559/1860
f 469/566/1861 497/596/1862 496/588/1863 468/558/1864
f 470/568/1865 498/598/1866 497/596/1867 469/566/1868
f 471/572/1869 499/602/1870 498/598/1871 470/568/1872
f 472/576/1873 500/606/1874 499/602/1875 471/572/1876
f 477/614/1877 518/571/1878 519/565/1879 476/615/1880
f 478/616/1881 520/575/1882 518/571/1883 477/614/1884
f 479/617/1885 521/579/1886 520/575/1887 478/616/1888
f 480/618/1889 522/583/1890 521/579/1891 479/617/1892
f 481/619/1893 523/560/1894 522/583/1895 480/618/1896
f 482/620/1897 524/561/1898 523/560/1899 481/619/1900
f 483/621/1901 525/567/1902 524/561/1903 482/620/1904
f 484/622/1905 526/569/1906 525/567/1907 483/621/1908
f 485/623/1909 527/573/1910 526/569/1911 484/622/1912
f 486/624/1913 528/577/1914 527/573/1915 485/623/1916
f 487/625/1917 529/581/1918 528/577/1919 486/624/1920
f 488/626/1921 530/556/1922 529/581/1923 487/625/1924
f 489/627/1925 531/557/1926 530/556/1927 488/626/1928
f 476/615/1929 519/565/1930 531/564/1931 489/628/1932
f 505/629/1933 533/593/1934 532/601/1935 504/630/1936
f 504/630/1937 532/601/1938 534/605/1939 506/631/1940
f 506/631/1941 534/605/1942 535/609/1943 507/632/1944
f 507/632/1945 535/609/1946 536/613/1947 508/633/1948
f 508/633/1949 536/613/1950 537/590/1951 509/634/1952
f 509/634/1953 537/590/1954 538/589/1955 510/635/1956
f 510/635/1957 538/589/1958 539/597/1959 511/636/1960
f 511/636/1961 539/597/1962 540/599/1963 512/637/1964
f 512/637/1965 540/599/1966 541/603/1967 513/638/1968
f 513/638/1969 541/603/1970 542/607/1971 514/639/1972
f 514/639/1973 542/607/1974 543/611/1975 515/640/1976
f 515/640/1977 543/611/1978 544/586/1979 516/641/1980
f 516/641/1981 544/586/1982 545/585/1983 517/642/1984
f 517/643/1985 545/594/1986 533/593/1987 505/629/1988
