# This file uses centimeters as units for non-parametric coordinates.

mtllib door.mtl
g default
v -15.387089 -415.196009 340.702516
v -15.387089 415.196120 340.702381
v -15.387089 -415.196120 -340.701902
v -15.387089 415.196009 -340.702037
v 15.387089 -415.196009 340.702516
v 15.387089 415.196120 340.702381
v 15.387089 -415.196120 -340.701902
v 15.387089 415.196009 -340.702037
v -15.387089 -415.196013 312.734418
v -15.387089 415.196115 312.734282
v 15.387089 -415.196013 312.734418
v 15.387089 415.196115 312.734282
v -15.387089 415.196012 -320.440430
v 15.387089 -415.196116 -320.440295
v -15.387089 -415.196116 -320.440295
v 15.387089 415.196012 -320.440430
v -15.387089 399.019635 340.702384
v -15.387089 399.019524 -340.702035
v 15.387089 399.019524 -340.702035
v 15.387089 399.019635 340.702384
v 15.387089 399.019631 312.734285
v -15.387089 399.019631 312.734285
v 15.387089 399.019528 -320.440427
v -15.387089 399.019528 -320.440427
v -15.387089 -401.715716 -340.701904
v 15.387089 -401.715716 -340.701904
v 15.387089 -401.715605 340.702514
v 15.387089 -401.715610 312.734415
v -15.387089 -401.715610 312.734415
v 15.387089 -401.715713 -320.440297
v -15.387089 -401.715713 -320.440297
v -15.387089 -401.715605 340.702514
v 7.493774 399.019528 -320.440427
v 7.493774 399.019631 312.734285
v 7.493774 -401.715610 312.734415
v 7.493774 -401.715713 -320.440297
v -15.387089 -415.196022 258.462314
v 15.387089 415.196106 258.462179
v -15.387089 415.196106 258.462179
v 15.387089 -415.196022 258.462314
v -15.387089 399.019622 258.462181
v 15.387089 399.019622 258.462181
v 15.387089 -401.715619 258.462312
v -15.387089 -401.715619 258.462312
v 7.493774 399.019622 258.462181
v 7.493774 -401.715619 258.462312
v -15.387089 415.196020 -268.643861
v 15.387089 -415.196108 -268.643726
v -15.387089 399.019536 -268.643858
v -15.387089 -401.715704 -268.643728
v -15.387089 -415.196108 -268.643726
v 15.387089 415.196020 -268.643861
v 15.387089 399.019536 -268.643858
v 15.387089 -401.715704 -268.643728
v 7.493774 399.019536 -268.643858
v 7.493774 -401.715704 -268.643728
v -15.387089 353.633814 340.702391
v -15.387089 353.633703 -340.702027
v 15.387089 353.633703 -340.702027
v 15.387089 353.633814 340.702391
v 15.387089 353.633809 312.734292
v -15.387089 353.633809 312.734292
v 15.387089 353.633706 -320.440420
v -15.387089 353.633706 -320.440420
v 7.493774 353.633809 312.734292
v 7.493774 353.633706 -320.440420
v 7.493774 353.633801 258.462189
v -15.387089 353.633801 258.462189
v 7.493774 353.633715 -268.643851
v -15.387089 353.633715 -268.643851
v -15.387089 22.965717 -340.701973
v 15.387089 22.965717 -340.701973
v 15.387089 22.965828 340.702445
v 15.387089 22.965823 312.734346
v -15.387089 22.965823 312.734346
v 15.387089 22.965720 -320.440366
v -15.387089 22.965720 -320.440366
v 7.493774 22.965823 312.734346
v 7.493774 22.965720 -320.440366
v 7.493774 22.965815 258.462243
v -15.387089 22.965815 258.462243
v 7.493774 22.965729 -268.643797
v -15.387089 22.965729 -268.643797
v -15.387089 22.965828 340.702445
v 2.069859 353.633715 -268.643851
v 2.069859 353.633801 258.462189
v 2.069859 22.965815 258.462243
v 2.069859 22.965729 -268.643797
v -15.387089 -24.651969 -340.701966
v 15.387089 -24.651969 -340.701966
v 15.387089 -24.651858 340.702453
v 15.387089 -24.651862 312.734354
v -15.387089 -24.651862 312.734354
v 15.387089 -24.651965 -320.440358
v -15.387089 -24.651965 -320.440358
v 7.493774 -24.651862 312.734354
v 7.493774 -24.651965 -320.440358
v 7.493774 -24.651871 258.462250
v -15.387089 -24.651871 258.462250
v 7.493774 -24.651957 -268.643789
v -15.387089 -24.651957 -268.643789
v -15.387089 -24.651858 340.702453
v -15.387089 -354.125157 -340.701912
v 15.387089 -354.125157 -340.701912
v 15.387089 -354.125046 340.702506
v 15.387089 -354.125050 312.734408
v -15.387089 -354.125050 312.734408
v 15.387089 -354.125153 -320.440305
v -15.387089 -354.125153 -320.440305
v 7.493774 -354.125050 312.734408
v 7.493774 -354.125153 -320.440305
v 7.493774 -354.125059 258.462304
v -15.387089 -354.125059 258.462304
v 7.493774 -354.125145 -268.643735
v -15.387089 -354.125145 -268.643735
v -15.387089 -354.125046 340.702506
v 0.656717 -24.651957 -268.643789
v 0.656717 -24.651871 258.462250
v 0.656717 -354.125059 258.462304
v 0.656717 -354.125145 -268.643735
v -15.387089 -415.196026 232.957180
v 15.387089 415.196102 232.957045
v 15.387089 399.019618 232.957048
v 15.387089 -401.715623 232.957178
v 7.493774 399.019618 232.957048
v 7.493774 -401.715623 232.957178
v -15.387089 415.196102 232.957045
v 15.387089 -415.196026 232.957180
v -15.387089 399.019618 232.957048
v -15.387089 -401.715623 232.957178
v -15.387089 353.633796 232.957055
v 7.493774 353.633796 232.957055
v 7.493774 22.965810 232.957109
v -15.387089 22.965810 232.957109
v 2.069859 353.633796 232.957055
v 2.069859 22.965810 232.957109
v -15.387089 -24.651875 232.957117
v 7.493774 -24.651875 232.957117
v 7.493774 -354.125063 232.957170
v -15.387089 -354.125063 232.957170
v 0.656717 -24.651875 232.957117
v 0.656717 -354.125063 232.957170
v -15.387089 415.196101 224.393113
v 15.387089 -415.196027 224.393248
v -15.387089 399.019617 224.393116
v -15.387089 -401.715624 224.393246
v -15.387089 353.633795 224.393123
v -15.387089 22.965809 224.393177
v -15.387089 -24.651877 224.393185
v -15.387089 -354.125065 224.393238
v -15.387089 -415.196027 224.393248
v 15.387089 415.196101 224.393113
v 15.387089 399.019617 224.393116
v 15.387089 -401.715624 224.393246
v 7.493774 399.019617 224.393116
v 7.493774 -401.715624 224.393246
v 7.493774 353.633795 224.393123
v 7.493774 22.965809 224.393177
v 2.069859 353.633795 224.393123
v 2.069859 22.965809 224.393177
v 7.493774 -24.651877 224.393185
v 7.493774 -354.125065 224.393238
v 0.656717 -24.651877 224.393185
v 0.656717 -354.125065 224.393238
v -15.387089 415.196092 169.475624
v 15.387089 -415.196036 169.475760
v -15.387089 399.019608 169.475627
v -15.387089 -401.715633 169.475757
v -15.387089 353.633786 169.475634
v -15.387089 22.965800 169.475688
v -15.387089 -24.651886 169.475696
v -15.387089 -354.125073 169.475750
v -15.387089 -415.196036 169.475760
v 15.387089 415.196092 169.475624
v 15.387089 399.019608 169.475627
v 15.387089 -401.715633 169.475757
v 7.493774 399.019608 169.475627
v 7.493774 -401.715633 169.475757
v 7.493774 353.633786 169.475634
v 7.493774 22.965800 169.475688
v 2.069859 353.633786 169.475634
v 2.069859 22.965800 169.475688
v 7.493774 -24.651886 169.475696
v 7.493774 -354.125073 169.475750
v 0.656717 -24.651886 169.475696
v 0.656717 -354.125073 169.475750
v -15.387089 415.196090 159.685238
v 15.387089 -415.196038 159.685373
v -15.387089 399.019606 159.685241
v -15.387089 -401.715635 159.685371
v -15.387089 353.633784 159.685248
v -15.387089 22.965798 159.685302
v -15.387089 -24.651887 159.685310
v -15.387089 -354.125075 159.685363
v -15.387089 -415.196038 159.685373
v 15.387089 415.196090 159.685238
v 15.387089 399.019606 159.685241
v 15.387089 -401.715635 159.685371
v 7.493774 399.019606 159.685241
v 7.493774 -401.715635 159.685371
v 7.493774 353.633784 159.685248
v 7.493774 22.965798 159.685302
v 2.069859 353.633784 159.685248
v 2.069859 22.965798 159.685302
v 7.493774 -24.651887 159.685310
v 7.493774 -354.125075 159.685363
v 0.656717 -24.651887 159.685310
v 0.656717 -354.125075 159.685363
v -15.387089 415.196061 -21.436788
v 15.387089 -415.196068 -21.436652
v -15.387089 399.019576 -21.436785
v -15.387089 -401.715664 -21.436655
v -15.387089 353.633755 -21.436778
v -15.387089 22.965769 -21.436724
v -15.387089 -24.651917 -21.436716
v -15.387089 -354.125105 -21.436662
v -15.387089 -415.196068 -21.436637
v 15.387089 415.196061 -21.436773
v 15.387089 399.019576 -21.436770
v 15.387089 -401.715664 -21.436640
v 7.493774 399.019576 -21.436770
v 7.493774 -401.715664 -21.436640
v 7.493774 353.633755 -21.436763
v 7.493774 22.965769 -21.436709
v 2.069859 353.633755 -21.436763
v 2.069859 22.965769 -21.436709
v 7.493774 -24.651917 -21.436701
v 7.493774 -354.125105 -21.436647
v 0.656717 -24.651917 -21.436701
v 0.656717 -354.125105 -21.436647
v -15.387089 415.196059 -30.003368
v 15.387089 -415.196069 -30.003233
v -15.387089 399.019575 -30.003366
v -15.387089 -401.715666 -30.003235
v -15.387089 353.633754 -30.003358
v -15.387089 22.965768 -30.003304
v -15.387089 -24.651918 -30.003296
v -15.387089 -354.125106 -30.003243
v -15.387089 -415.196069 -30.003218
v 15.387089 415.196059 -30.003353
v 15.387089 399.019575 -30.003351
v 15.387089 -401.715666 -30.003220
v 7.493774 399.019575 -30.003351
v 7.493774 -401.715666 -30.003220
v 7.493774 353.633754 -30.003343
v 7.493774 22.965768 -30.003289
v 2.069859 353.633754 -30.003343
v 2.069859 22.965768 -30.003289
v 7.493774 -24.651918 -30.003282
v 7.493774 -354.125106 -30.003228
v 0.656717 -24.651918 -30.003282
v 0.656717 -354.125106 -30.003228
v -15.387089 -415.196057 40.144849
v 15.387089 415.196071 40.144713
v 15.387089 399.019587 40.144716
v 15.387089 -401.715654 40.144846
v 7.493774 399.019587 40.144716
v 7.493774 -401.715654 40.144846
v 7.493774 353.633765 40.144723
v 7.493774 22.965779 40.144777
v 2.069859 353.633765 40.144723
v 2.069859 22.965779 40.144777
v 7.493774 -24.651907 40.144785
v 7.493774 -354.125095 40.144839
v 0.656717 -24.651907 40.144785
v 0.656717 -354.125095 40.144839
v -15.387089 415.196071 40.144702
v 15.387089 -415.196057 40.144837
v -15.387089 399.019587 40.144705
v -15.387089 -401.715654 40.144835
v -15.387089 353.633765 40.144712
v -15.387089 22.965779 40.144766
v -15.387089 -24.651907 40.144774
v -15.387089 -354.125095 40.144827
v -15.387089 415.196069 32.754922
v 15.387089 -415.196059 32.755057
v -15.387089 399.019585 32.754924
v -15.387089 -401.715655 32.755055
v -15.387089 353.633764 32.754932
v -15.387089 22.965778 32.754985
v -15.387089 -24.651908 32.754993
v -15.387089 -354.125096 32.755047
v -15.387089 -415.196059 32.755072
v 15.387089 415.196069 32.754937
v 15.387089 399.019585 32.754939
v 15.387089 -401.715655 32.755070
v 7.493774 399.019585 32.754939
v 7.493774 -401.715655 32.755070
v 7.493774 353.633764 32.754947
v 7.493774 22.965778 32.755000
v 2.069859 353.633764 32.754947
v 2.069859 22.965778 32.755000
v 7.493774 -24.651908 32.755008
v 7.493774 -354.125096 32.755062
v 0.656717 -24.651908 32.755008
v 0.656717 -354.125096 32.755062
v -15.387089 -415.196049 95.133491
v 15.387089 415.196080 95.133356
v 15.387089 399.019595 95.133359
v 15.387089 -401.715645 95.133489
v 7.493774 399.019595 95.133359
v 7.493774 -401.715645 95.133489
v 7.493774 353.633774 95.133366
v 7.493774 22.965788 95.133420
v 2.069859 353.633774 95.133366
v 2.069859 22.965788 95.133420
v 7.493774 -24.651898 95.133428
v 7.493774 -354.125086 95.133481
v 0.656717 -24.651898 95.133428
v 0.656717 -354.125086 95.133481
v -15.387089 415.196080 95.133349
v 15.387089 -415.196049 95.133484
v -15.387089 399.019595 95.133351
v -15.387089 -401.715645 95.133482
v -15.387089 353.633774 95.133359
v -15.387089 22.965788 95.133413
v -15.387089 -24.651898 95.133420
v -15.387089 -354.125086 95.133474
v -15.387089 -415.196047 103.501327
v 15.387089 415.196081 103.501191
v 15.387089 399.019597 103.501194
v 15.387089 -401.715644 103.501325
v 7.493774 399.019597 103.501194
v 7.493774 -401.715644 103.501325
v 7.493774 353.633775 103.501201
v 7.493774 22.965789 103.501255
v 2.069859 353.633775 103.501201
v 2.069859 22.965789 103.501255
v 7.493774 -24.651896 103.501263
v 7.493774 -354.125084 103.501317
v 0.656717 -24.651896 103.501263
v 0.656717 -354.125084 103.501317
v -15.387089 415.196081 103.501191
v 15.387089 -415.196047 103.501327
v -15.387089 399.019597 103.501194
v -15.387089 -401.715644 103.501325
v -15.387089 353.633775 103.501201
v -15.387089 22.965789 103.501255
v -15.387089 -24.651896 103.501263
v -15.387089 -354.125084 103.501317
v -15.387089 415.196050 -85.358122
v 15.387089 -415.196078 -85.357986
v -15.387089 399.019566 -85.358119
v -15.387089 -401.715675 -85.357989
v -15.387089 353.633745 -85.358112
v -15.387089 22.965759 -85.358058
v -15.387089 -24.651927 -85.358050
v -15.387089 -354.125115 -85.357996
v -15.387089 -415.196078 -85.357979
v 15.387089 415.196050 -85.358114
v 15.387089 399.019566 -85.358111
v 15.387089 -401.715675 -85.357981
v 7.493774 399.019566 -85.358111
v 7.493774 -401.715675 -85.357981
v 7.493774 353.633745 -85.358104
v 7.493774 22.965759 -85.358050
v 2.069859 353.633745 -85.358104
v 2.069859 22.965759 -85.358050
v 7.493774 -24.651927 -85.358042
v 7.493774 -354.125115 -85.357989
v 0.656717 -24.651927 -85.358042
v 0.656717 -354.125115 -85.357989
v -15.387089 415.196049 -95.133364
v 15.387089 -415.196080 -95.133229
v -15.387089 399.019564 -95.133362
v -15.387089 -401.715676 -95.133231
v -15.387089 353.633743 -95.133354
v -15.387089 22.965757 -95.133300
v -15.387089 -24.651929 -95.133293
v -15.387089 -354.125117 -95.133239
v -15.387089 -415.196080 -95.133221
v 15.387089 415.196049 -95.133357
v 15.387089 399.019564 -95.133354
v 15.387089 -401.715676 -95.133224
v 7.493774 399.019564 -95.133354
v 7.493774 -401.715676 -95.133224
v 7.493774 353.633743 -95.133347
v 7.493774 22.965757 -95.133293
v 2.069859 353.633743 -95.133347
v 2.069859 22.965757 -95.133293
v 7.493774 -24.651929 -95.133285
v 7.493774 -354.125117 -95.133231
v 0.656717 -24.651929 -95.133285
v 0.656717 -354.125117 -95.133231
v -15.387089 415.196040 -146.453373
v 15.387089 -415.196088 -146.453238
v -15.387089 399.019556 -146.453370
v -15.387089 -401.715685 -146.453240
v -15.387089 353.633735 -146.453363
v -15.387089 22.965749 -146.453309
v -15.387089 -24.651937 -146.453301
v -15.387089 -354.125125 -146.453248
v -15.387089 -415.196088 -146.453238
v 15.387089 415.196040 -146.453373
v 15.387089 399.019556 -146.453370
v 15.387089 -401.715685 -146.453240
v 7.493774 399.019556 -146.453370
v 7.493774 -401.715685 -146.453240
v 7.493774 353.633735 -146.453363
v 7.493774 22.965749 -146.453309
v 2.069859 353.633735 -146.453363
v 2.069859 22.965749 -146.453309
v 7.493774 -24.651937 -146.453301
v 7.493774 -354.125125 -146.453248
v 0.656717 -24.651937 -146.453301
v 0.656717 -354.125125 -146.453248
v -15.387089 415.196038 -157.450521
v 15.387089 -415.196090 -157.450386
v -15.387089 399.019554 -157.450518
v -15.387089 -401.715686 -157.450388
v -15.387089 353.633733 -157.450511
v -15.387089 22.965747 -157.450457
v -15.387089 -24.651939 -157.450449
v -15.387089 -354.125127 -157.450396
v -15.387089 -415.196090 -157.450386
v 15.387089 415.196038 -157.450521
v 15.387089 399.019554 -157.450518
v 15.387089 -401.715686 -157.450388
v 7.493774 399.019554 -157.450518
v 7.493774 -401.715686 -157.450388
v 7.493774 353.633733 -157.450511
v 7.493774 22.965747 -157.450457
v 2.069859 353.633733 -157.450511
v 2.069859 22.965747 -157.450457
v 7.493774 -24.651939 -157.450449
v 7.493774 -354.125127 -157.450396
v 0.656717 -24.651939 -157.450449
v 0.656717 -354.125127 -157.450396
v -15.387089 415.196030 -210.576228
v 15.387089 -415.196098 -210.576093
v -15.387089 399.019546 -210.576225
v -15.387089 -401.715695 -210.576095
v -15.387089 353.633724 -210.576218
v -15.387089 22.965738 -210.576164
v -15.387089 -24.651947 -210.576156
v -15.387089 -354.125135 -210.576103
v -15.387089 -415.196098 -210.576093
v 15.387089 415.196030 -210.576228
v 15.387089 399.019546 -210.576225
v 15.387089 -401.715695 -210.576095
v 7.493774 399.019546 -210.576225
v 7.493774 -401.715695 -210.576095
v 7.493774 353.633724 -210.576218
v 7.493774 22.965738 -210.576164
v 2.069859 353.633724 -210.576218
v 2.069859 22.965738 -210.576164
v 7.493774 -24.651947 -210.576156
v 7.493774 -354.125135 -210.576103
v 0.656717 -24.651947 -210.576156
v 0.656717 -354.125135 -210.576103
v -15.387089 415.196028 -219.412610
v 15.387089 -415.196100 -219.412475
v -15.387089 399.019544 -219.412608
v -15.387089 -401.715696 -219.412477
v -15.387089 353.633723 -219.412600
v -15.387089 22.965737 -219.412547
v -15.387089 -24.651949 -219.412539
v -15.387089 -354.125137 -219.412485
v -15.387089 -415.196100 -219.412475
v 15.387089 415.196028 -219.412610
v 15.387089 399.019544 -219.412608
v 15.387089 -401.715696 -219.412477
v 7.493774 399.019544 -219.412608
v 7.493774 -401.715696 -219.412477
v 7.493774 353.633723 -219.412600
v 7.493774 22.965737 -219.412547
v 2.069859 353.633723 -219.412600
v 2.069859 22.965737 -219.412547
v 7.493774 -24.651949 -219.412539
v 7.493774 -354.125137 -219.412485
v 0.656717 -24.651949 -219.412539
v 0.656717 -354.125137 -219.412485
v -2.578280 -24.651877 224.393185
v -2.578280 -24.651875 232.957117
v -2.578280 -354.125065 224.393238
v -2.578280 -354.125063 232.957170
v -2.578280 -24.651887 159.685310
v -2.578280 -24.651886 169.475696
v -2.578280 -354.125075 159.685363
v -2.578280 -354.125073 169.475750
v -2.578280 -24.651918 -30.003282
v -2.578280 -24.651917 -21.436701
v -2.578280 -354.125106 -30.003228
v -2.578280 -354.125105 -21.436647
v -2.578280 -24.651908 32.755008
v -2.578280 -24.651907 40.144785
v -2.578280 -354.125096 32.755062
v -2.578280 -354.125095 40.144839
v -2.578280 -24.651898 95.133428
v -2.578280 -354.125086 95.133481
v -2.578280 -24.651896 103.501263
v -2.578280 -354.125084 103.501317
v -2.578280 -24.651929 -95.133285
v -2.578280 -24.651927 -85.358042
v -2.578280 -354.125117 -95.133231
v -2.578280 -354.125115 -85.357989
v -2.578280 -24.651939 -157.450449
v -2.578280 -24.651937 -146.453301
v -2.578280 -354.125127 -157.450396
v -2.578280 -354.125125 -146.453248
v -2.578280 -24.651949 -219.412539
v -2.578280 -24.651947 -210.576156
v -2.578280 -354.125137 -219.412485
v -2.578280 -354.125135 -210.576103
v -15.387089 235.070589 340.702410
v -15.387089 235.070478 -340.702008
v 15.387089 235.070478 -340.702008
v 15.387089 235.070589 340.702410
v 15.387089 235.070585 312.734312
v -15.387089 235.070585 312.734312
v 15.387089 235.070482 -320.440401
v -15.387089 235.070482 -320.440401
v 7.493774 235.070585 312.734312
v 7.493774 235.070482 -320.440401
v 7.493774 235.070576 258.462208
v -15.387089 235.070576 258.462208
v 7.493774 235.070490 -268.643831
v -15.387089 235.070490 -268.643831
v 2.069859 235.070576 258.462208
v 2.069859 235.070490 -268.643831
v 2.069859 235.070572 232.957074
v -15.387089 235.070572 232.957074
v 2.069859 235.070571 224.393142
v -15.387089 235.070571 224.393142
v 2.069859 235.070562 169.475654
v -15.387089 235.070562 169.475654
v 2.069859 235.070560 159.685268
v -15.387089 235.070560 159.685268
v 2.069859 235.070530 -21.436743
v -15.387089 235.070530 -21.436758
v 2.069859 235.070529 -30.003324
v -15.387089 235.070529 -30.003339
v -15.387089 235.070541 40.144732
v 2.069859 235.070541 40.144743
v 2.069859 235.070539 32.754966
v -15.387089 235.070539 32.754951
v -15.387089 235.070549 95.133378
v 2.069859 235.070549 95.133385
v -15.387089 235.070551 103.501221
v 2.069859 235.070551 103.501221
v 2.069859 235.070520 -85.358085
v -15.387089 235.070520 -85.358092
v 2.069859 235.070518 -95.133327
v -15.387089 235.070518 -95.133335
v 2.069859 235.070510 -146.453344
v -15.387089 235.070510 -146.453344
v 2.069859 235.070508 -157.450492
v -15.387089 235.070508 -157.450492
v 2.069859 235.070500 -210.576199
v -15.387089 235.070500 -210.576199
v 2.069859 235.070498 -219.412581
v -15.387089 235.070498 -219.412581
v -15.387089 -282.798720 340.702495
v -15.387089 -282.798831 -340.701924
v 15.387089 -282.798831 -340.701924
v 15.387089 -282.798720 340.702495
v 15.387089 -282.798725 312.734396
v -15.387089 -282.798725 312.734396
v 15.387089 -282.798828 -320.440316
v -15.387089 -282.798828 -320.440316
v 7.493774 -282.798725 312.734396
v 7.493774 -282.798828 -320.440316
v 7.493774 -282.798733 258.462292
v -15.387089 -282.798733 258.462292
v 7.493774 -282.798819 -268.643747
v -15.387089 -282.798819 -268.643747
v 0.656717 -282.798733 258.462292
v 0.656717 -282.798819 -268.643747
v 0.656717 -282.798738 232.957159
v -15.387089 -282.798738 232.957159
v 0.656717 -282.798739 224.393227
v -15.387089 -282.798739 224.393227
v 0.656717 -282.798748 169.475738
v -15.387089 -282.798748 169.475738
v 0.656717 -282.798749 159.685352
v -15.387089 -282.798749 159.685352
v 0.656717 -282.798779 -21.436659
v -15.387089 -282.798779 -21.436674
v 0.656717 -282.798780 -30.003239
v -15.387089 -282.798780 -30.003254
v -15.387089 -282.798769 40.144816
v 0.656717 -282.798769 40.144827
v 0.656717 -282.798770 32.755050
v -15.387089 -282.798770 32.755035
v -15.387089 -282.798760 95.133462
v 0.656717 -282.798760 95.133470
v -15.387089 -282.798759 103.501305
v 0.656717 -282.798759 103.501305
v 0.656717 -282.798789 -85.358000
v -15.387089 -282.798789 -85.358008
v 0.656717 -282.798791 -95.133243
v -15.387089 -282.798791 -95.133251
v 0.656717 -282.798799 -146.453259
v -15.387089 -282.798799 -146.453259
v 0.656717 -282.798801 -157.450407
v -15.387089 -282.798801 -157.450407
v 0.656717 -282.798810 -210.576114
v -15.387089 -282.798810 -210.576114
v 0.656717 -282.798811 -219.412497
v -15.387089 -282.798811 -219.412497
v -2.578280 -282.798738 232.957159
v -2.578280 -282.798739 224.393227
v -2.578280 -282.798748 169.475738
v -2.578280 -282.798749 159.685352
v -2.578280 -282.798779 -21.436659
v -2.578280 -282.798780 -30.003239
v -2.578280 -282.798769 40.144827
v -2.578280 -282.798770 32.755050
v -2.578280 -282.798760 95.133470
v -2.578280 -282.798759 103.501305
v -2.578280 -282.798789 -85.358000
v -2.578280 -282.798791 -95.133243
v -2.578280 -282.798799 -146.453259
v -2.578280 -282.798801 -157.450407
v -2.578280 -282.798810 -210.576114
v -2.578280 -282.798811 -219.412497
vt 0.465598 0.827043
vt 0.264650 0.175765
vt 0.288126 0.102775
vt 0.647472 0.054074
vt 0.546533 0.004653
vt 0.414984 0.040280
vt 0.845941 0.518592
vt 0.522280 0.175765
vt 0.296008 0.488662
vt 0.704504 0.488662
vt 0.188953 0.054074
vt 0.911664 0.245725
vt 0.407282 0.873487
vt 0.581115 0.175765
vt 0.346556 0.102775
vt 0.581115 0.439934
vt 0.637544 0.037528
vt 0.797494 0.873487
vt 0.594673 0.037528
vt 0.845941 0.637604
vt 0.581115 0.890041
vt 0.522280 0.488662
vt 0.637350 0.102775
vt 0.845941 0.571437
vt 0.816144 0.488662
vt 0.590113 0.827043
vt 0.522280 0.102775
vt 0.414984 0.705714
vt 0.797494 0.102775
vt 0.845941 0.677888
vt 0.637350 0.890041
vt 0.911664 0.554850
vt 0.465598 0.040280
vt 0.355568 0.175765
vt 0.749819 0.102775
vt 0.647472 0.827043
vt 0.465598 0.102775
vt 0.465598 0.175765
vt 0.296008 0.873487
vt 0.433753 0.004653
vt 0.704504 0.873488
vt 0.816144 0.890041
vt 0.845941 0.872261
vt 0.845941 0.805971
vt 0.564834 0.004653
vt 0.911664 0.518592
vt 0.414984 0.040280
vt 0.355568 0.827043
vt 0.704504 0.827043
vt 0.264650 0.873487
vt 0.423691 0.004653
vt 0.581115 0.890041
vt 0.911664 0.637604
vt 0.355568 0.873487
vt 0.452865 0.004653
vt 0.845941 0.734112
vt 0.264650 0.488662
vt 0.188953 0.705714
vt 0.581115 0.488662
vt 0.530165 0.827043
vt 0.590113 0.705714
vt 0.264650 0.827043
vt 0.637350 0.890041
vt 0.911664 0.677889
vt 0.530165 0.873487
vt 0.508891 0.004653
vt 0.696371 0.705714
vt 0.288126 0.054074
vt 0.431224 0.004653
vt 0.696371 0.054074
vt 0.472399 0.827043
vt 0.407282 0.175765
vt 0.288126 0.054074
vt 0.696371 0.890041
vt 0.845941 0.375111
vt 0.214696 0.040280
vt 0.911664 0.720170
vt 0.414984 0.439934
vt 0.637350 0.175765
vt 0.346556 0.054074
vt 0.288126 0.102775
vt 0.749819 0.890041
vt 0.845941 0.758458
vt 0.469459 0.037528
vt 0.407282 0.873487
vt 0.355568 0.102775
vt 0.522280 0.439934
vt 0.749819 0.873487
vt 0.579375 0.004653
vt 0.581115 0.439934
vt 0.522280 0.054074
vt 0.749819 0.705714
vt 0.911664 0.534916
vt 0.188953 0.439934
vt 0.637350 0.827043
vt 0.530165 0.102775
vt 0.214696 0.175765
vt 0.491994 0.037528
vt 0.797494 0.439934
vt 0.637350 0.439934
vt 0.490355 0.037528
vt 0.472400 0.054074
vt 0.264650 0.175765
vt 0.288126 0.827043
vt 0.696371 0.827043
vt 0.472400 0.102775
vt 0.296008 0.175765
vt 0.845941 0.469572
vt 0.346556 0.040280
vt 0.696371 0.439934
vt 0.797494 0.873488
vt 0.407282 0.102775
vt 0.346556 0.827043
vt 0.472399 0.102775
vt 0.214696 0.827043
vt 0.407282 0.488662
vt 0.845941 0.595455
vt 0.522280 0.040280
vt 0.346556 0.705714
vt 0.264650 0.827043
vt 0.590113 0.054074
vt 0.528127 0.037528
vt 0.465598 0.873487
vt 0.488172 0.004653
vt 0.530165 0.705714
vt 0.378805 0.004653
vt 0.214696 0.102775
vt 0.214696 0.185275
vt 0.647472 0.102775
vt 0.465598 0.827043
vt 0.288126 0.175765
vt 0.911664 0.433361
vt 0.296008 0.040280
vt 0.647472 0.054074
vt 0.546533 0.037528
vt 0.414984 0.873487
vt 0.471931 0.004653
vt 0.465598 0.175765
vt 0.296008 0.102775
vt 0.704504 0.102775
vt 0.214696 0.054074
vt 0.414984 0.827043
vt 0.637350 0.175765
vt 0.911664 0.476028
vt 0.355568 0.040280
vt 0.581115 0.102775
vt 0.362456 0.037528
vt 0.407661 0.037528
vt 0.214696 0.054074
vt 0.581115 0.873487
vt 0.355568 0.102775
vt 0.696371 0.439934
vt 0.911664 0.571437
vt 0.188953 0.488662
vt 0.590113 0.439934
vt 0.911664 0.601104
vt 0.530165 0.040280
vt 0.407282 0.705714
vt 0.378805 0.037528
vt 0.797494 0.102775
vt 0.637350 0.873488
vt 0.465598 0.054074
vt 0.637350 0.705714
vt 0.749819 0.439934
vt 0.647472 0.439934
vt 0.911664 0.559723
vt 0.472399 0.040280
vt 0.472400 0.175765
vt 0.296008 0.873487
vt 0.433753 0.037528
vt 0.704504 0.873487
vt 0.911664 0.872261
vt 0.188953 0.890041
vt 0.911664 0.356669
vt 0.564834 0.037528
vt 0.414984 0.054074
vt 0.296008 0.439934
vt 0.704504 0.439934
vt 0.264650 0.054074
vt 0.581115 0.054074
vt 0.525240 0.004653
vt 0.355568 0.873487
vt 0.452865 0.037528
vt 0.911664 0.734112
vt 0.749819 0.054074
vt 0.816144 0.705714
vt 0.581115 0.488662
vt 0.530165 0.439934
vt 0.214696 0.553214
vt 0.581220 0.037528
vt 0.749819 0.488662
vt 0.214696 0.705714
vt 0.637350 0.054074
vt 0.543285 0.004653
vt 0.530165 0.873488
vt 0.508891 0.037528
vt 0.704504 0.705714
vt 0.288126 0.054074
vt 0.431224 0.037528
vt 0.637350 0.488662
vt 0.472400 0.439934
vt 0.581115 0.175765
vt 0.288126 0.827043
vt 0.696371 0.054074
vt 0.911664 0.375111
vt 0.214696 0.040280
vt 0.562224 0.004653
vt 0.845941 0.513074
vt 0.407282 0.040280
vt 0.647472 0.175765
vt 0.346556 0.488662
vt 0.346556 0.439934
vt 0.845941 0.859854
vt 0.188953 0.873487
vt 0.407282 0.827043
vt 0.355568 0.102775
vt 0.522280 0.102775
vt 0.749819 0.873487
vt 0.579375 0.037528
vt 0.845941 0.644049
vt 0.590113 0.890041
vt 0.522280 0.488662
vt 0.288126 0.705714
vt 0.214696 0.439934
vt 0.590113 0.439934
vt 0.530165 0.102775
vt 0.797494 0.175765
vt 0.264650 0.439934
vt 0.845941 0.685140
vt 0.647472 0.890041
vt 0.488172 0.037528
vt 0.465598 0.054074
vt 0.749819 0.175765
vt 0.288126 0.439934
vt 0.696371 0.827043
vt 0.472399 0.102775
vt 0.355568 0.175765
vt 0.449973 0.004653
vt 0.346556 0.873487
vt 0.704504 0.890041
vt 0.911664 0.245725
vt 0.816144 0.054074
vt 0.845941 0.725996
vt 0.407282 0.040280
vt 0.911664 0.513074
vt 0.407282 0.175765
vt 0.346556 0.827043
vt 0.414984 0.439934
vt 0.797494 0.827043
vt 0.407282 0.102775
vt 0.522280 0.873487
vt 0.506361 0.004653
vt 0.355568 0.705714
vt 0.749819 0.827043
vt 0.590113 0.488662
vt 0.522280 0.827043
vt 0.465598 0.705714
vt 0.797494 0.102775
vt 0.378805 0.004653
vt 0.911664 0.685140
vt 0.647472 0.890041
vt 0.465598 0.439934
vt 0.296008 0.175765
vt 0.749819 0.102775
vt 0.647472 0.488662
vt 0.414984 0.873487
vt 0.471931 0.037528
vt 0.522280 0.175765
vt 0.911664 0.433361
vt 0.296008 0.890041
vt 0.911664 0.725996
vt 0.797494 0.054074
vt 0.704504 0.890041
vt 0.414984 0.439934
vt 0.696371 0.175765
vt 0.355568 0.054074
vt 0.704504 0.488662
vt 0.845941 0.410897
vt 0.264650 0.040280
vt 0.581115 0.827043
vt 0.911664 0.476028
vt 0.355568 0.890041
vt 0.696371 0.102775
vt 0.214696 0.488662
vt 0.590113 0.439934
vt 0.530165 0.054074
vt 0.581115 0.705714
vt 0.264650 0.488662
vt 0.637350 0.827043
vt 0.465598 0.488662
vt 0.647472 0.705714
vt 0.264650 0.102775
vt 0.647472 0.439934
vt 0.472399 0.054074
vt 0.414984 0.175765
vt 0.296008 0.827043
vt 0.696371 0.827043
vt 0.911664 0.872261
vt 0.816144 0.890041
vt 0.911664 0.805971
vt 0.414984 0.488662
vt 0.296008 0.439934
vt 0.704504 0.439934
vt 0.423691 0.037528
vt 0.264650 0.054074
vt 0.407282 0.054074
vt 0.469459 0.004653
vt 0.355568 0.827043
vt 0.214696 0.553214
vt 0.911664 0.758458
vt 0.749819 0.890041
vt 0.581220 0.004653
vt 0.214696 0.705714
vt 0.581115 0.102775
vt 0.845941 0.601104
vt 0.530165 0.040280
vt 0.264650 0.705714
vt 0.264650 0.553214
vt 0.816144 0.439934
vt 0.911664 0.534916
vt 0.637350 0.054074
vt 0.543285 0.037528
vt 0.530165 0.827043
vt 0.845941 0.336929
vt 0.288126 0.040280
vt 0.911664 0.427714
vt 0.188953 0.175765
vt 0.637350 0.102775
vt 0.472399 0.040280
vt 0.845941 0.559723
vt 0.590113 0.175765
vt 0.288126 0.488662
vt 0.696371 0.054074
vt 0.797494 0.890041
vt 0.845941 0.792611
vt 0.562224 0.037528
vt 0.472399 0.827043
vt 0.696371 0.175765
vt 0.346556 0.102775
vt 0.346556 0.102775
vt 0.911664 0.859854
vt 0.816144 0.873487
vt 0.407282 0.827043
vt 0.346556 0.054074
vt 0.449973 0.037528
vt 0.465598 0.439934
vt 0.188953 0.827043
vt 0.845941 0.825045
vt 0.590113 0.873487
vt 0.522280 0.102775
vt 0.296008 0.705714
vt 0.797494 0.439934
vt 0.845941 0.644049
vt 0.590113 0.040280
vt 0.911664 0.554850
vt 0.465598 0.890041
vt 0.522280 0.705714
vt 0.749819 0.439934
vt 0.647472 0.873488
vt 0.465598 0.488662
vt 0.749819 0.175765
vt 0.288126 0.102775
vt 0.696371 0.439934
vt 0.911664 0.518592
vt 0.414984 0.890041
vt 0.530165 0.175765
vt 0.296008 0.873487
vt 0.704504 0.873488
vt 0.214696 0.054074
vt 0.362456 0.004653
vt 0.407661 0.004653
vt 0.407282 0.054074
vt 0.590113 0.175765
vt 0.346556 0.439934
vt 0.407282 0.439934
vt 0.214696 0.873487
vt 0.407661 0.037528
vt 0.637544 0.037528
vt 0.581115 0.040280
vt 0.911664 0.637604
vt 0.522280 0.873488
vt 0.506361 0.037528
vt 0.647472 0.439934
vt 0.816144 0.488662
vt 0.911664 0.571437
vt 0.590113 0.488662
vt 0.522280 0.439934
vt 0.472399 0.705714
vt 0.378805 0.037528
vt 0.214696 0.102775
vt 0.214696 0.185275
vt 0.637350 0.040280
vt 0.911664 0.677888
vt 0.465598 0.439934
vt 0.346556 0.175765
vt 0.188953 0.102775
vt 0.845941 0.282225
vt 0.647472 0.488662
vt 0.414984 0.827043
vt 0.530165 0.175765
vt 0.296008 0.054074
vt 0.433753 0.004653
vt 0.564834 0.004653
vt 0.845941 0.356669
vt 0.845941 0.235386
vt 0.188953 0.040280
vt 0.704504 0.054074
vt 0.414984 0.439934
vt 0.355568 0.488662
vt 0.704504 0.488662
vt 0.845941 0.410897
vt 0.264650 0.890041
vt 0.581115 0.439934
vt 0.355568 0.054074
vt 0.452865 0.004653
vt 0.816144 0.705714
vt 0.845941 0.734112
vt 0.797494 0.488662
vt 0.525240 0.037528
vt 0.581115 0.873488
vt 0.530165 0.488662
vt 0.590113 0.705714
vt 0.749819 0.488662
vt 0.637350 0.439934
vt 0.530165 0.054074
vt 0.508891 0.004653
vt 0.696371 0.705714
vt 0.845941 0.427714
vt 0.288126 0.040280
vt 0.845941 0.720170
vt 0.696371 0.890041
vt 0.472399 0.488662
vt 0.407282 0.175765
vt 0.296008 0.827043
vt 0.696371 0.439934
vt 0.845941 0.375111
vt 0.214696 0.890041
vt 0.414984 0.102775
vt 0.637350 0.175765
vt 0.845941 0.469572
vt 0.816144 0.102775
vt 0.346556 0.890041
vt 0.296008 0.439934
vt 0.911664 0.758458
vt 0.749819 0.040280
vt 0.407282 0.054074
vt 0.469459 0.037528
vt 0.355568 0.827043
vt 0.581220 0.004653
vt 0.579375 0.004653
vt 0.749819 0.054074
vt 0.797494 0.705714
vt 0.581115 0.102775
vt 0.845941 0.595455
vt 0.522280 0.890041
vt 0.749819 0.705714
vt 0.214696 0.439934
vt 0.491994 0.004653
vt 0.637350 0.488662
vt 0.530165 0.827043
vt 0.911664 0.336929
vt 0.264650 0.439934
vt 0.816144 0.175765
vt 0.637350 0.102775
vt 0.472399 0.873487
vt 0.490355 0.004653
vt 0.214696 0.175765
vt 0.403309 0.037528
vt 0.288126 0.488662
vt 0.214696 0.258265
vt 0.696371 0.488662
vt 0.845941 0.792611
vt 0.797494 0.040280
vt 0.472399 0.827043
vt 0.704504 0.175765
vt 0.346556 0.890041
vt 0.911664 0.469572
vt 0.696371 0.102775
vt 0.214696 0.873487
vt 0.407661 0.004653
vt 0.637544 0.004653
vt 0.407282 0.439934
vt 0.346556 0.488662
vt 0.465598 0.102775
vt 0.911664 0.825045
vt 0.816144 0.827043
vt 0.590113 0.827043
vt 0.911664 0.595455
vt 0.522280 0.890041
vt 0.346556 0.705714
vt 0.214696 0.827043
vt 0.621952 0.037528
vt 0.214696 0.674543
vt 0.590113 0.873487
vt 0.528127 0.004653
vt 0.488172 0.004653
vt 0.465598 0.054074
vt 0.530165 0.705714
vt 0.845941 0.282225
vt 0.816144 0.102775
vt 0.647472 0.827043
vt 0.465598 0.488662
vt 0.288126 0.175765
vt 0.288126 0.439934
vt 0.647472 0.873487
vt 0.546533 0.004653
vt 0.471931 0.004653
vt 0.414984 0.054074
vt 0.472399 0.175765
vt 0.296008 0.827043
vt 0.704504 0.827043
vt 0.797494 0.054074
vt 0.594673 0.004653
vt 0.362456 0.004653
vt 0.414984 0.488662
vt 0.647472 0.175765
vt 0.346556 0.439934
vt 0.590113 0.439934
vt 0.594673 0.037528
vt 0.362456 0.037528
vt 0.797494 0.054074
vt 0.581115 0.054074
vt 0.522280 0.827043
vt 0.647472 0.102775
vt 0.214696 0.488662
vt 0.508353 0.004653
vt 0.590113 0.102775
vt 0.522280 0.439934
vt 0.414984 0.705714
vt 0.264650 0.102775
vt 0.264650 0.185275
vt 0.637350 0.054074
vt 0.465598 0.890041
vt 0.845941 0.554850
vt 0.355568 0.175765
vt 0.264650 0.439934
vt 0.647472 0.102775
vt 0.465598 0.439934
vt 0.465598 0.175765
vt 0.296008 0.054074
vt 0.433753 0.037528
vt 0.564834 0.037528
vt 0.845941 0.805971
vt 0.816144 0.040280
vt 0.845941 0.235386
vt 0.704504 0.054074
vt 0.414984 0.890041
vt 0.845941 0.518592
vt 0.296008 0.102775
vt 0.704504 0.102775
vt 0.264650 0.873487
vt 0.845941 0.637604
vt 0.581115 0.040280
vt 0.355568 0.054074
vt 0.452865 0.037528
vt 0.188953 0.553214
vt 0.911664 0.734112
vt 0.508353 0.037528
vt 0.797494 0.488662
vt 0.188953 0.705714
vt 0.581115 0.827043
vt 0.530165 0.102775
vt 0.797494 0.705714
vt 0.581220 0.037528
vt 0.749819 0.827043
vt 0.845941 0.677889
vt 0.637350 0.040280
vt 0.530165 0.054074
vt 0.508891 0.037528
vt 0.704504 0.705714
vt 0.431224 0.004653
vt 0.288126 0.873487
vt 0.696371 0.873488
vt 0.472400 0.102775
vt 0.581115 0.175765
vt 0.288126 0.873487
vt 0.845941 0.720170
vt 0.214696 0.890041
vt 0.911664 0.375111
vt 0.696371 0.040280
vt 0.407282 0.890041
vt 0.911664 0.513074
vt 0.647472 0.175765
vt 0.346556 0.873487
vt 0.296008 0.102775
vt 0.816144 0.873487
vt 0.845941 0.859854
vt 0.407282 0.488662
vt 0.355568 0.439934
vt 0.530165 0.439934
vt 0.579375 0.037528
vt 0.749819 0.054074
vt 0.911664 0.644049
vt 0.590113 0.040280
vt 0.522280 0.873487
vt 0.264650 0.705714
vt 0.797494 0.439934
vt 0.491994 0.004653
vt 0.590113 0.102775
vt 0.530165 0.439934
vt 0.214696 0.175765
vt 0.749819 0.439934
vt 0.403309 0.004653
vt 0.214696 0.258265
vt 0.911664 0.685140
vt 0.647472 0.040280
vt 0.472399 0.873487
vt 0.490355 0.037528
vt 0.264650 0.175765
vt 0.288126 0.439934
vt 0.264650 0.258265
vt 0.696371 0.488662
vt 0.472400 0.439934
vt 0.288126 0.175765
vt 0.346556 0.054074
vt 0.449973 0.004653
vt 0.911664 0.725996
vt 0.797494 0.873487
vt 0.637544 0.004653
vt 0.594673 0.004653
vt 0.704504 0.040280
vt 0.407282 0.439934
vt 0.346556 0.488662
vt 0.414984 0.102775
vt 0.214696 0.827043
vt 0.621952 0.004653
vt 0.214696 0.674543
vt 0.407282 0.827043
vt 0.522280 0.054074
vt 0.506361 0.004653
vt 0.355568 0.705714
vt 0.264650 0.827043
vt 0.264650 0.674543
vt 0.590113 0.873488
vt 0.528127 0.037528
vt 0.522280 0.488662
vt 0.465598 0.705714
vt 0.911664 0.282225
vt 0.188953 0.102775
vt 0.188953 0.185275
vt 0.647472 0.439934
vt 0.465598 0.102775
vt 0.296008 0.175765
vt 0.845941 0.433361
vt 0.296008 0.890041
vt 0.647472 0.873487
vt 0.546533 0.037528
vt 0.471931 0.037528
vt 0.414984 0.054074
vt 0.522280 0.175765
vt 0.296008 0.439934
vt 0.704504 0.439934
vt 0.845941 0.245725
vt 0.188953 0.054074
vt 0.414984 0.102775
vt 0.704504 0.175765
vt 0.845941 0.476028
vt 0.355568 0.890041
vt 0.590113 0.102775
vt 0.911664 0.410897
vt 0.264650 0.890041
vt 0.581115 0.488662
vt 0.355568 0.439934
vt 0.704504 0.439934
vt 0.797494 0.488662
vt 0.508353 0.004653
vt 0.590113 0.102775
vt 0.845941 0.601104
vt 0.530165 0.890041
vt 0.407282 0.705714
vt 0.749819 0.488662
vt 0.637350 0.488662
vt 0.465598 0.873487
vt 0.637350 0.705714
vt 0.749819 0.102775
vt 0.647472 0.102775
vt 0.472399 0.890041
vt 0.845941 0.559723
vt 0.472399 0.175765
vt 0.296008 0.488662
vt 0.696371 0.488662
vt 0.911664 0.356669
vt 0.188953 0.040280
vt 0.911664 0.235386
vt 0.414984 0.873487
vt 0.296008 0.102775
vt 0.704504 0.102775
vt 0.264650 0.054074
vt 0.423691 0.004653
vt 0.525240 0.004653
vt 0.581115 0.873487
vt 0.355568 0.488662
vt 0.214696 0.705714
vt 0.749819 0.873488
vt 0.581115 0.827043
vt 0.911664 0.601104
vt 0.530165 0.890041
vt 0.264650 0.705714
vt 0.264650 0.488662
vt 0.543285 0.004653
vt 0.637350 0.873487
vt 0.530165 0.488662
vt 0.816144 0.175765
vt 0.431224 0.037528
vt 0.288126 0.873487
vt 0.845941 0.336929
vt 0.637350 0.827043
vt 0.911664 0.559723
vt 0.472399 0.890041
vt 0.590113 0.175765
vt 0.288126 0.827043
vt 0.562224 0.004653
vt 0.911664 0.792611
vt 0.797494 0.040280
vt 0.696371 0.873487
vt 0.472400 0.488662
vt 0.696371 0.175765
vt 0.346556 0.827043
vt 0.355568 0.439934
vt 0.188953 0.873487
vt 0.911664 0.859854
vt 0.407282 0.488662
vt 0.355568 0.439934
vt 0.530165 0.102775
vt 0.845941 0.825045
vt 0.816144 0.827043
vt 0.590113 0.054074
vt 0.522280 0.827043
vt 0.288126 0.705714
vt 0.214696 0.439934
vt 0.491994 0.037528
vt 0.911664 0.644049
vt 0.590113 0.890041
vt 0.530165 0.439934
vt 0.403309 0.004653
vt 0.188953 0.439933
vt 0.845941 0.534916
vt 0.797494 0.175765
vt 0.647472 0.054074
vt 0.465598 0.873487
vt 0.488172 0.037528
vt 0.749819 0.175765
vt 0.288126 0.102775
vt 0.696371 0.102775
vt 0.472400 0.439934
vt 0.346556 0.175765
vt 0.296008 0.054074
vt 0.704504 0.054074
vt 0.816144 0.054074
vt 0.845941 0.245725
vt 0.845941 0.513074
vt 0.407282 0.890041
vt 0.414984 0.175765
vt 0.346556 0.102775
vt 0.407282 0.102775
vt 0.797494 0.827043
vt 0.621952 0.004653
vt 0.407282 0.439934
vt 0.522280 0.054074
vt 0.506361 0.037528
vt 0.637350 0.439934
vt 0.749819 0.827043
vt 0.590113 0.827043
vt 0.522280 0.102775
vt 0.472399 0.705714
vt 0.214696 0.102775
vt 0.845941 0.685140
vt 0.647472 0.040280
vt 0.465598 0.102775
vt 0.346556 0.175765
vt 0.264650 0.102775
vt 0.647472 0.827043
vt 0.414984 0.488662
vt 0.530165 0.175765
vt 0.845941 0.433361
vt 0.296008 0.040280
vt 0.704504 0.040280
vt 0.845941 0.872261
vt 0.845941 0.356669
vt 0.188953 0.890041
vt 0.845941 0.725996
vt 0.414984 0.102775
vt 0.355568 0.873487
vt 0.704504 0.827043
vt 0.911664 0.410897
vt 0.264650 0.040280
vt 0.581115 0.102775
vt 0.845941 0.476028
vt 0.355568 0.040280
vt 0.704504 0.102775
vt 0.214696 0.488662
vt 0.508353 0.037528
vt 0.581115 0.054074
vt 0.525240 0.037528
vt 0.530165 0.873487
vt 0.581115 0.705714
vt 0.188953 0.488662
vt 0.845941 0.571437
vt 0.637350 0.102775
vt 0.465598 0.827043
vt 0.647472 0.705714
vt 0.288126 0.890041
vt 0.911664 0.427714
vt 0.696371 0.040280
vt 0.911664 0.720170
vt 0.472399 0.873487
vt 0.414984 0.175765
vt 0.296008 0.488662
vt 0.696371 0.102775
vt 0.911664 0.805971
vt 0.911664 0.235386
vt 0.816144 0.040280
vt 0.414984 0.827043
vt 0.346556 0.040280
vt 0.911664 0.469572
vt 0.288126 0.439934
vt 0.264650 0.873487
vt 0.423691 0.037528
vt 0.469459 0.004653
vt 0.407282 0.873487
vt 0.355568 0.488662
vt 0.797494 0.705714
vt 0.749819 0.040280
vt 0.845941 0.758458
vt 0.581115 0.439934
vt 0.911664 0.595455
vt 0.522280 0.040280
vt 0.749819 0.705714
vt 0.845941 0.534916
vt 0.816144 0.439934
vt 0.543285 0.037528
vt 0.637350 0.873488
vt 0.530165 0.488662
vt 0.188953 0.175765
vt 0.845941 0.427714
vt 0.911664 0.336929
vt 0.288126 0.890041
vt 0.188953 0.258265
vt 0.637350 0.439934
vt 0.490355 0.004653
vt 0.472400 0.054074
vt 0.797494 0.175765
vt 0.288126 0.488662
vt 0.403309 0.037528
vt 0.562224 0.037528
vt 0.797494 0.890041
vt 0.911664 0.792611
vt 0.696371 0.873487
vt 0.472400 0.488662
vt 0.704504 0.175765
vt 0.346556 0.439934
vt 0.355568 0.102775
vt 0.214696 0.873487
vt 0.407282 0.102775
vt 0.449973 0.037528
vt 0.346556 0.873487
vt 0.472400 0.439934
vt 0.911664 0.825045
vt 0.188953 0.827043
vt 0.188953 0.674543
vt 0.590113 0.488662
vt 0.522280 0.439934
vt 0.296008 0.705714
vt 0.621952 0.037528
vt 0.797494 0.827043
vt 0.590113 0.054074
vt 0.528127 0.004653
vt 0.465598 0.040280
vt 0.845941 0.554850
vt 0.522280 0.705714
vt 0.911664 0.282225
vt 0.647472 0.488662
vn -1.000000 0.000000 -0.000000
vn -1.000000 0.000000 -0.000000
vn -1.000000 0.000000 -0.000000
vn -1.000000 0.000000 -0.000000
vn 0.000000 -0.000000 -1.000000
vn 0.000000 -0.000000 -1.000000
vn 0.000000 -0.000000 -1.000000
vn 0.000000 -0.000000 -1.000000
vn 1.000000 0.000000 0.000000
vn 1.000000 0.000000 0.000000
vn 1.000000 0.000000 0.000000
vn 1.000000 0.000000 0.000000
vn 0.000000 0.000000 1.000000
vn 0.000000 0.000000 1.000000
vn 0.000000 0.000000 1.000000
vn 0.000000 0.000000 1.000000
vn 0.000000 -1.000000 0.000000
vn 0.000000 -1.000000 0.000000
vn 0.000000 -1.000000 0.000000
vn 0.000000 -1.000000 0.000000
vn 0.000000 1.000000 -0.000000
vn 0.000000 1.000000 -0.000000
vn 0.000000 1.000000 -0.000000
vn 0.000000 1.000000 -0.000000
vn 0.000000 1.000000 -0.000000
vn 0.000000 1.000000 -0.000000
vn 0.000000 1.000000 -0.000000
vn 0.000000 1.000000 -0.000000
vn 0.000000 -1.000000 0.000000
vn 0.000000 -1.000000 0.000000
vn 0.000000 -1.000000 0.000000
vn 0.000000 -1.000000 0.000000
vn 1.000000 0.000000 0.000000
vn 1.000000 0.000000 0.000000
vn 1.000000 0.000000 0.000000
vn 1.000000 0.000000 0.000000
vn -1.000000 0.000000 -0.000000
vn -1.000000 0.000000 -0.000000
vn -1.000000 0.000000 -0.000000
vn -1.000000 0.000000 -0.000000
vn 1.000000 0.000000 0.000000
vn 1.000000 0.000000 0.000000
vn 1.000000 0.000000 0.000000
vn 1.000000 0.000000 0.000000
vn 0.000000 -1.000000 0.000000
vn 0.000000 -1.000000 0.000000
vn 0.000000 -1.000000 0.000000
vn 0.000000 -1.000000 0.000000
vn 0.000000 1.000000 -0.000000
vn 0.000000 1.000000 -0.000000
vn 0.000000 1.000000 -0.000000
vn 0.000000 1.000000 -0.000000
vn -1.000000 0.000000 -0.000000
vn -1.000000 0.000000 -0.000000
vn -1.000000 0.000000 -0.000000
vn -1.000000 0.000000 -0.000000
vn -1.000000 0.000000 -0.000000
vn -1.000000 0.000000 -0.000000
vn -1.000000 0.000000 -0.000000
vn -1.000000 0.000000 -0.000000
vn 1.000000 0.000000 0.000000
vn 1.000000 0.000000 0.000000
vn 1.000000 0.000000 0.000000
vn 1.000000 0.000000 0.000000
vn -1.000000 0.000000 -0.000000
vn -1.000000 0.000000 -0.000000
vn -1.000000 0.000000 -0.000000
vn -1.000000 0.000000 -0.000000
vn 0.000000 0.000000 1.000000
vn 0.000000 0.000000 1.000000
vn 0.000000 0.000000 1.000000
vn 0.000000 0.000000 1.000000
vn 0.000000 0.000000 1.000000
vn 0.000000 0.000000 1.000000
vn 0.000000 0.000000 1.000000
vn 0.000000 0.000000 1.000000
vn 1.000000 0.000000 0.000000
vn 1.000000 0.000000 0.000000
vn 1.000000 0.000000 0.000000
vn 1.000000 0.000000 0.000000
vn 0.000000 -0.000000 -1.000000
vn 0.000000 -0.000000 -1.000000
vn 0.000000 -0.000000 -1.000000
vn 0.000000 -0.000000 -1.000000
vn -1.000000 0.000000 -0.000000
vn -1.000000 0.000000 -0.000000
vn -1.000000 0.000000 -0.000000
vn -1.000000 0.000000 -0.000000
vn -1.000000 0.000000 -0.000000
vn -1.000000 0.000000 -0.000000
vn -1.000000 0.000000 -0.000000
vn -1.000000 0.000000 -0.000000
vn 0.000000 -0.000000 -1.000000
vn 0.000000 -0.000000 -1.000000
vn 0.000000 -0.000000 -1.000000
vn 0.000000 -0.000000 -1.000000
vn 1.000000 0.000000 0.000000
vn 1.000000 0.000000 0.000000
vn 1.000000 0.000000 0.000000
vn 1.000000 0.000000 0.000000
vn 0.000000 0.000000 1.000000
vn 0.000000 0.000000 1.000000
vn 0.000000 0.000000 1.000000
vn 0.000000 0.000000 1.000000
vn 1.000000 0.000000 0.000000
vn 1.000000 0.000000 0.000000
vn 1.000000 0.000000 0.000000
vn 1.000000 0.000000 0.000000
vn -1.000000 0.000000 -0.000000
vn -1.000000 0.000000 -0.000000
vn -1.000000 0.000000 -0.000000
vn -1.000000 0.000000 -0.000000
vn 1.000000 0.000000 0.000000
vn 1.000000 0.000000 0.000000
vn 1.000000 0.000000 0.000000
vn 1.000000 0.000000 0.000000
vn -1.000000 0.000000 -0.000000
vn -1.000000 0.000000 -0.000000
vn -1.000000 0.000000 -0.000000
vn -1.000000 0.000000 -0.000000
vn 1.000000 0.000000 0.000000
vn 1.000000 0.000000 0.000000
vn 1.000000 0.000000 0.000000
vn 1.000000 0.000000 0.000000
vn 0.000000 -0.000000 -1.000000
vn 0.000000 -0.000000 -1.000000
vn 0.000000 -0.000000 -1.000000
vn 0.000000 -0.000000 -1.000000
vn 0.000000 1.000000 -0.000000
vn 0.000000 1.000000 -0.000000
vn 0.000000 1.000000 -0.000000
vn 0.000000 1.000000 -0.000000
vn 0.000000 -1.000000 0.000000
vn 0.000000 -1.000000 0.000000
vn 0.000000 -1.000000 0.000000
vn 0.000000 -1.000000 0.000000
vn 0.000000 -1.000000 0.000000
vn 0.000000 -1.000000 0.000000
vn 0.000000 -1.000000 0.000000
vn 0.000000 -1.000000 0.000000
vn 0.000000 1.000000 -0.000000
vn 0.000000 1.000000 -0.000000
vn 0.000000 1.000000 -0.000000
vn 0.000000 1.000000 -0.000000
vn 1.000000 0.000000 0.000000
vn 1.000000 0.000000 0.000000
vn 1.000000 0.000000 0.000000
vn 1.000000 0.000000 0.000000
vn -1.000000 0.000000 -0.000000
vn -1.000000 0.000000 -0.000000
vn -1.000000 0.000000 -0.000000
vn -1.000000 0.000000 -0.000000
vn 1.000000 0.000000 0.000000
vn 1.000000 0.000000 0.000000
vn 1.000000 0.000000 0.000000
vn 1.000000 0.000000 0.000000
vn -1.000000 0.000000 -0.000000
vn -1.000000 0.000000 -0.000000
vn -1.000000 0.000000 -0.000000
vn -1.000000 0.000000 -0.000000
vn -1.000000 0.000000 -0.000000
vn -1.000000 0.000000 -0.000000
vn -1.000000 0.000000 -0.000000
vn -1.000000 0.000000 -0.000000
vn 1.000000 0.000000 0.000000
vn 1.000000 0.000000 0.000000
vn 1.000000 0.000000 0.000000
vn 1.000000 0.000000 0.000000
vn 0.000000 -1.000000 0.000000
vn 0.000000 -1.000000 0.000000
vn 0.000000 -1.000000 0.000000
vn 0.000000 -1.000000 0.000000
vn 0.000000 1.000000 -0.000000
vn 0.000000 1.000000 -0.000000
vn 0.000000 1.000000 -0.000000
vn 0.000000 1.000000 -0.000000
vn 0.000000 1.000000 -0.000000
vn 0.000000 1.000000 -0.000000
vn 0.000000 1.000000 -0.000000
vn 0.000000 1.000000 -0.000000
vn 0.000000 -1.000000 0.000000
vn 0.000000 -1.000000 0.000000
vn 0.000000 -1.000000 0.000000
vn 0.000000 -1.000000 0.000000
vn 1.000000 0.000000 0.000000
vn 1.000000 0.000000 0.000000
vn 1.000000 0.000000 0.000000
vn 1.000000 0.000000 0.000000
vn 1.000000 0.000000 0.000000
vn 1.000000 0.000000 0.000000
vn 1.000000 0.000000 0.000000
vn 1.000000 0.000000 0.000000
vn 1.000000 0.000000 0.000000
vn 1.000000 0.000000 0.000000
vn 1.000000 0.000000 0.000000
vn 1.000000 0.000000 0.000000
vn 0.000000 -1.000000 0.000000
vn 0.000000 -1.000000 0.000000
vn 0.000000 -1.000000 0.000000
vn 0.000000 -1.000000 0.000000
vn 0.000000 1.000000 -0.000000
vn 0.000000 1.000000 -0.000000
vn 0.000000 1.000000 -0.000000
vn 0.000000 1.000000 -0.000000
vn -1.000000 0.000000 -0.000000
vn -1.000000 0.000000 -0.000000
vn -1.000000 0.000000 -0.000000
vn -1.000000 0.000000 -0.000000
vn -1.000000 0.000000 -0.000000
vn -1.000000 0.000000 -0.000000
vn -1.000000 0.000000 -0.000000
vn -1.000000 0.000000 -0.000000
vn -1.000000 0.000000 -0.000000
vn -1.000000 0.000000 -0.000000
vn -1.000000 0.000000 -0.000000
vn -1.000000 0.000000 -0.000000
vn -1.000000 0.000000 -0.000000
vn -1.000000 0.000000 -0.000000
vn -1.000000 0.000000 -0.000000
vn -1.000000 0.000000 -0.000000
vn 1.000000 0.000000 0.000000
vn 1.000000 0.000000 0.000000
vn 1.000000 0.000000 0.000000
vn 1.000000 0.000000 0.000000
vn -1.000000 0.000000 -0.000000
vn -1.000000 0.000000 -0.000000
vn -1.000000 0.000000 -0.000000
vn -1.000000 0.000000 -0.000000
vn 0.000000 -0.000000 -1.000000
vn 0.000000 -0.000000 -1.000000
vn 0.000000 -0.000000 -1.000000
vn 0.000000 -0.000000 -1.000000
vn 0.000000 -0.000000 -1.000000
vn 0.000000 -0.000000 -1.000000
vn 0.000000 -0.000000 -1.000000
vn 0.000000 -0.000000 -1.000000
vn 1.000000 0.000000 0.000000
vn 1.000000 0.000000 0.000000
vn 1.000000 0.000000 0.000000
vn 1.000000 0.000000 0.000000
vn -1.000000 0.000000 -0.000000
vn -1.000000 0.000000 -0.000000
vn -1.000000 0.000000 -0.000000
vn -1.000000 0.000000 -0.000000
vn 0.000000 -0.000000 -1.000000
vn 0.000000 -0.000000 -1.000000
vn 0.000000 -0.000000 -1.000000
vn 0.000000 -0.000000 -1.000000
vn 1.000000 0.000000 0.000000
vn 1.000000 0.000000 0.000000
vn 1.000000 0.000000 0.000000
vn 1.000000 0.000000 0.000000
vn 0.000000 0.000000 1.000000
vn 0.000000 0.000000 1.000000
vn 0.000000 0.000000 1.000000
vn 0.000000 0.000000 1.000000
vn 0.000000 0.000000 1.000000
vn 0.000000 0.000000 1.000000
vn 0.000000 0.000000 1.000000
vn 0.000000 0.000000 1.000000
vn -1.000000 0.000000 -0.000000
vn -1.000000 0.000000 -0.000000
vn -1.000000 0.000000 -0.000000
vn -1.000000 0.000000 -0.000000
vn 1.000000 0.000000 0.000000
vn 1.000000 0.000000 0.000000
vn 1.000000 0.000000 0.000000
vn 1.000000 0.000000 0.000000
vn -1.000000 0.000000 -0.000000
vn -1.000000 0.000000 -0.000000
vn -1.000000 0.000000 -0.000000
vn -1.000000 0.000000 -0.000000
vn -1.000000 0.000000 -0.000000
vn -1.000000 0.000000 -0.000000
vn -1.000000 0.000000 -0.000000
vn -1.000000 0.000000 -0.000000
vn 1.000000 0.000000 0.000000
vn 1.000000 0.000000 0.000000
vn 1.000000 0.000000 0.000000
vn 1.000000 0.000000 0.000000
vn -1.000000 0.000000 -0.000000
vn -1.000000 0.000000 -0.000000
vn -1.000000 0.000000 -0.000000
vn -1.000000 0.000000 -0.000000
vn 0.000000 0.000000 1.000000
vn 0.000000 0.000000 1.000000
vn 0.000000 0.000000 1.000000
vn 0.000000 0.000000 1.000000
vn 0.000000 0.000000 1.000000
vn 0.000000 0.000000 1.000000
vn 0.000000 0.000000 1.000000
vn 0.000000 0.000000 1.000000
vn 1.000000 0.000000 0.000000
vn 1.000000 0.000000 0.000000
vn 1.000000 0.000000 0.000000
vn 1.000000 0.000000 0.000000
vn 0.000000 -0.000000 -1.000000
vn 0.000000 -0.000000 -1.000000
vn 0.000000 -0.000000 -1.000000
vn 0.000000 -0.000000 -1.000000
vn -1.000000 0.000000 -0.000000
vn -1.000000 0.000000 -0.000000
vn -1.000000 0.000000 -0.000000
vn -1.000000 0.000000 -0.000000
vn 1.000000 0.000000 0.000000
vn 1.000000 0.000000 0.000000
vn 1.000000 0.000000 0.000000
vn 1.000000 0.000000 0.000000
vn 1.000000 0.000000 0.000000
vn 1.000000 0.000000 0.000000
vn 1.000000 0.000000 0.000000
vn 1.000000 0.000000 0.000000
vn -1.000000 0.000000 -0.000000
vn -1.000000 0.000000 -0.000000
vn -1.000000 0.000000 -0.000000
vn -1.000000 0.000000 -0.000000
vn 1.000000 0.000000 0.000000
vn 1.000000 0.000000 0.000000
vn 1.000000 0.000000 0.000000
vn 1.000000 0.000000 0.000000
vn -1.000000 0.000000 -0.000000
vn -1.000000 0.000000 -0.000000
vn -1.000000 0.000000 -0.000000
vn -1.000000 0.000000 -0.000000
vn 0.000000 -0.000000 -1.000000
vn 0.000000 -0.000000 -1.000000
vn 0.000000 -0.000000 -1.000000
vn 0.000000 -0.000000 -1.000000
vn 1.000000 0.000000 0.000000
vn 1.000000 0.000000 0.000000
vn 1.000000 0.000000 0.000000
vn 1.000000 0.000000 0.000000
vn 0.000000 1.000000 -0.000000
vn 0.000000 1.000000 -0.000000
vn 0.000000 1.000000 -0.000000
vn 0.000000 1.000000 -0.000000
vn 0.000000 -1.000000 0.000000
vn 0.000000 -1.000000 0.000000
vn 0.000000 -1.000000 0.000000
vn 0.000000 -1.000000 0.000000
vn 0.000000 0.000000 1.000000
vn 0.000000 0.000000 1.000000
vn 0.000000 0.000000 1.000000
vn 0.000000 0.000000 1.000000
vn -1.000000 0.000000 -0.000000
vn -1.000000 0.000000 -0.000000
vn -1.000000 0.000000 -0.000000
vn -1.000000 0.000000 -0.000000
vn 1.000000 0.000000 0.000000
vn 1.000000 0.000000 0.000000
vn 1.000000 0.000000 0.000000
vn 1.000000 0.000000 0.000000
vn -1.000000 0.000000 -0.000000
vn -1.000000 0.000000 -0.000000
vn -1.000000 0.000000 -0.000000
vn -1.000000 0.000000 -0.000000
vn 0.000000 -1.000000 0.000000
vn 0.000000 -1.000000 0.000000
vn 0.000000 -1.000000 0.000000
vn 0.000000 -1.000000 0.000000
vn 1.000000 0.000000 0.000000
vn 1.000000 0.000000 0.000000
vn 1.000000 0.000000 0.000000
vn 1.000000 0.000000 0.000000
vn -1.000000 0.000000 -0.000000
vn -1.000000 0.000000 -0.000000
vn -1.000000 0.000000 -0.000000
vn -1.000000 0.000000 -0.000000
vn 0.000000 -0.000000 -1.000000
vn 0.000000 -0.000000 -1.000000
vn 0.000000 -0.000000 -1.000000
vn 0.000000 -0.000000 -1.000000
vn 1.000000 0.000000 0.000000
vn 1.000000 0.000000 0.000000
vn 1.000000 0.000000 0.000000
vn 1.000000 0.000000 0.000000
vn 0.000000 0.000000 1.000000
vn 0.000000 0.000000 1.000000
vn 0.000000 0.000000 1.000000
vn 0.000000 0.000000 1.000000
vn 0.000000 0.000000 1.000000
vn 0.000000 0.000000 1.000000
vn 0.000000 0.000000 1.000000
vn 0.000000 0.000000 1.000000
vn -1.000000 0.000000 -0.000000
vn -1.000000 0.000000 -0.000000
vn -1.000000 0.000000 -0.000000
vn -1.000000 0.000000 -0.000000
vn 1.000000 0.000000 0.000000
vn 1.000000 0.000000 0.000000
vn 1.000000 0.000000 0.000000
vn 1.000000 0.000000 0.000000
vn -1.000000 0.000000 -0.000000
vn -1.000000 0.000000 -0.000000
vn -1.000000 0.000000 -0.000000
vn -1.000000 0.000000 -0.000000
vn 0.000000 -0.000000 -1.000000
vn 0.000000 -0.000000 -1.000000
vn 0.000000 -0.000000 -1.000000
vn 0.000000 -0.000000 -1.000000
vn -1.000000 0.000000 -0.000000
vn -1.000000 0.000000 -0.000000
vn -1.000000 0.000000 -0.000000
vn -1.000000 0.000000 -0.000000
vn 1.000000 0.000000 0.000000
vn 1.000000 0.000000 0.000000
vn 1.000000 0.000000 0.000000
vn 1.000000 0.000000 0.000000
vn -1.000000 0.000000 -0.000000
vn -1.000000 0.000000 -0.000000
vn -1.000000 0.000000 -0.000000
vn -1.000000 0.000000 -0.000000
vn 0.000000 0.000000 1.000000
vn 0.000000 0.000000 1.000000
vn 0.000000 0.000000 1.000000
vn 0.000000 0.000000 1.000000
vn 0.000000 0.000000 1.000000
vn 0.000000 0.000000 1.000000
vn 0.000000 0.000000 1.000000
vn 0.000000 0.000000 1.000000
vn 1.000000 0.000000 0.000000
vn 1.000000 0.000000 0.000000
vn 1.000000 0.000000 0.000000
vn 1.000000 0.000000 0.000000
vn 0.000000 -0.000000 -1.000000
vn 0.000000 -0.000000 -1.000000
vn 0.000000 -0.000000 -1.000000
vn 0.000000 -0.000000 -1.000000
vn -1.000000 0.000000 -0.000000
vn -1.000000 0.000000 -0.000000
vn -1.000000 0.000000 -0.000000
vn -1.000000 0.000000 -0.000000
vn 1.000000 0.000000 0.000000
vn 1.000000 0.000000 0.000000
vn 1.000000 0.000000 0.000000
vn 1.000000 0.000000 0.000000
vn 1.000000 0.000000 0.000000
vn 1.000000 0.000000 0.000000
vn 1.000000 0.000000 0.000000
vn 1.000000 0.000000 0.000000
vn -1.000000 0.000000 -0.000000
vn -1.000000 0.000000 -0.000000
vn -1.000000 0.000000 -0.000000
vn -1.000000 0.000000 -0.000000
vn 1.000000 0.000000 0.000000
vn 1.000000 0.000000 0.000000
vn 1.000000 0.000000 0.000000
vn 1.000000 0.000000 0.000000
vn -1.000000 0.000000 -0.000000
vn -1.000000 0.000000 -0.000000
vn -1.000000 0.000000 -0.000000
vn -1.000000 0.000000 -0.000000
vn 0.000000 -0.000000 -1.000000
vn 0.000000 -0.000000 -1.000000
vn 0.000000 -0.000000 -1.000000
vn 0.000000 -0.000000 -1.000000
vn 1.000000 0.000000 0.000000
vn 1.000000 0.000000 0.000000
vn 1.000000 0.000000 0.000000
vn 1.000000 0.000000 0.000000
vn 0.000000 0.000000 1.000000
vn 0.000000 0.000000 1.000000
vn 0.000000 0.000000 1.000000
vn 0.000000 0.000000 1.000000
vn 0.000000 -0.000000 -1.000000
vn 0.000000 -0.000000 -1.000000
vn 0.000000 -0.000000 -1.000000
vn 0.000000 -0.000000 -1.000000
vn 0.000000 1.000000 -0.000000
vn 0.000000 1.000000 -0.000000
vn 0.000000 1.000000 -0.000000
vn 0.000000 1.000000 -0.000000
vn 0.000000 1.000000 -0.000000
vn 0.000000 1.000000 -0.000000
vn 0.000000 1.000000 -0.000000
vn 0.000000 1.000000 -0.000000
vn 0.000000 1.000000 -0.000000
vn 0.000000 1.000000 -0.000000
vn 0.000000 1.000000 -0.000000
vn 0.000000 1.000000 -0.000000
vn -1.000000 0.000000 -0.000000
vn -1.000000 0.000000 -0.000000
vn -1.000000 0.000000 -0.000000
vn -1.000000 0.000000 -0.000000
vn 1.000000 0.000000 0.000000
vn 1.000000 0.000000 0.000000
vn 1.000000 0.000000 0.000000
vn 1.000000 0.000000 0.000000
vn 0.000000 -1.000000 0.000000
vn 0.000000 -1.000000 0.000000
vn 0.000000 -1.000000 0.000000
vn 0.000000 -1.000000 0.000000
vn -1.000000 0.000000 -0.000000
vn -1.000000 0.000000 -0.000000
vn -1.000000 0.000000 -0.000000
vn -1.000000 0.000000 -0.000000
vn 0.000000 -1.000000 0.000000
vn 0.000000 -1.000000 0.000000
vn 0.000000 -1.000000 0.000000
vn 0.000000 -1.000000 0.000000
vn 0.000000 1.000000 -0.000000
vn 0.000000 1.000000 -0.000000
vn 0.000000 1.000000 -0.000000
vn 0.000000 1.000000 -0.000000
vn 1.000000 0.000000 0.000000
vn 1.000000 0.000000 0.000000
vn 1.000000 0.000000 0.000000
vn 1.000000 0.000000 0.000000
vn -1.000000 0.000000 -0.000000
vn -1.000000 0.000000 -0.000000
vn -1.000000 0.000000 -0.000000
vn -1.000000 0.000000 -0.000000
vn 1.000000 0.000000 0.000000
vn 1.000000 0.000000 0.000000
vn 1.000000 0.000000 0.000000
vn 1.000000 0.000000 0.000000
vn -1.000000 0.000000 -0.000000
vn -1.000000 0.000000 -0.000000
vn -1.000000 0.000000 -0.000000
vn -1.000000 0.000000 -0.000000
vn -1.000000 0.000000 -0.000000
vn -1.000000 0.000000 -0.000000
vn -1.000000 0.000000 -0.000000
vn -1.000000 0.000000 -0.000000
vn -1.000000 0.000000 -0.000000
vn -1.000000 0.000000 -0.000000
vn -1.000000 0.000000 -0.000000
vn -1.000000 0.000000 -0.000000
vn -1.000000 0.000000 -0.000000
vn -1.000000 0.000000 -0.000000
vn -1.000000 0.000000 -0.000000
vn -1.000000 0.000000 -0.000000
vn 0.000000 1.000000 -0.000000
vn 0.000000 1.000000 -0.000000
vn 0.000000 1.000000 -0.000000
vn 0.000000 1.000000 -0.000000
vn 0.000000 1.000000 -0.000000
vn 0.000000 1.000000 -0.000000
vn 0.000000 1.000000 -0.000000
vn 0.000000 1.000000 -0.000000
vn 0.000000 -1.000000 0.000000
vn 0.000000 -1.000000 0.000000
vn 0.000000 -1.000000 0.000000
vn 0.000000 -1.000000 0.000000
vn 1.000000 0.000000 0.000000
vn 1.000000 0.000000 0.000000
vn 1.000000 0.000000 0.000000
vn 1.000000 0.000000 0.000000
vn 1.000000 0.000000 0.000000
vn 1.000000 0.000000 0.000000
vn 1.000000 0.000000 0.000000
vn 1.000000 0.000000 0.000000
vn 1.000000 0.000000 0.000000
vn 1.000000 0.000000 0.000000
vn 1.000000 0.000000 0.000000
vn 1.000000 0.000000 0.000000
vn 0.000000 -1.000000 0.000000
vn 0.000000 -1.000000 0.000000
vn 0.000000 -1.000000 0.000000
vn 0.000000 -1.000000 0.000000
vn 0.000000 -1.000000 0.000000
vn 0.000000 -1.000000 0.000000
vn 0.000000 -1.000000 0.000000
vn 0.000000 -1.000000 0.000000
vn 1.000000 0.000000 0.000000
vn 1.000000 0.000000 0.000000
vn 1.000000 0.000000 0.000000
vn 1.000000 0.000000 0.000000
vn 1.000000 0.000000 0.000000
vn 1.000000 0.000000 0.000000
vn 1.000000 0.000000 0.000000
vn 1.000000 0.000000 0.000000
vn 1.000000 0.000000 0.000000
vn 1.000000 0.000000 0.000000
vn 1.000000 0.000000 0.000000
vn 1.000000 0.000000 0.000000
vn 0.000000 -1.000000 0.000000
vn 0.000000 -1.000000 0.000000
vn 0.000000 -1.000000 0.000000
vn 0.000000 -1.000000 0.000000
vn 0.000000 1.000000 -0.000000
vn 0.000000 1.000000 -0.000000
vn 0.000000 1.000000 -0.000000
vn 0.000000 1.000000 -0.000000
vn 1.000000 0.000000 0.000000
vn 1.000000 0.000000 0.000000
vn 1.000000 0.000000 0.000000
vn 1.000000 0.000000 0.000000
vn 1.000000 0.000000 0.000000
vn 1.000000 0.000000 0.000000
vn 1.000000 0.000000 0.000000
vn 1.000000 0.000000 0.000000
vn 0.000000 -1.000000 0.000000
vn 0.000000 -1.000000 0.000000
vn 0.000000 -1.000000 0.000000
vn 0.000000 -1.000000 0.000000
vn 0.000000 -1.000000 0.000000
vn 0.000000 -1.000000 0.000000
vn 0.000000 -1.000000 0.000000
vn 0.000000 -1.000000 0.000000
vn 1.000000 0.000000 0.000000
vn 1.000000 0.000000 0.000000
vn 1.000000 0.000000 0.000000
vn 1.000000 0.000000 0.000000
vn 1.000000 0.000000 0.000000
vn 1.000000 0.000000 0.000000
vn 1.000000 0.000000 0.000000
vn 1.000000 0.000000 0.000000
vn 0.000000 1.000000 -0.000000
vn 0.000000 1.000000 -0.000000
vn 0.000000 1.000000 -0.000000
vn 0.000000 1.000000 -0.000000
vn -1.000000 0.000000 -0.000000
vn -1.000000 0.000000 -0.000000
vn -1.000000 0.000000 -0.000000
vn -1.000000 0.000000 -0.000000
vn -1.000000 0.000000 -0.000000
vn -1.000000 0.000000 -0.000000
vn -1.000000 0.000000 -0.000000
vn -1.000000 0.000000 -0.000000
vn 0.000000 1.000000 -0.000000
vn 0.000000 1.000000 -0.000000
vn 0.000000 1.000000 -0.000000
vn 0.000000 1.000000 -0.000000
vn -1.000000 0.000000 -0.000000
vn -1.000000 0.000000 -0.000000
vn -1.000000 0.000000 -0.000000
vn -1.000000 0.000000 -0.000000
vn -1.000000 0.000000 -0.000000
vn -1.000000 0.000000 -0.000000
vn -1.000000 0.000000 -0.000000
vn -1.000000 0.000000 -0.000000
vn -1.000000 0.000000 -0.000000
vn -1.000000 0.000000 -0.000000
vn -1.000000 0.000000 -0.000000
vn -1.000000 0.000000 -0.000000
vn -1.000000 0.000000 -0.000000
vn -1.000000 0.000000 -0.000000
vn -1.000000 0.000000 -0.000000
vn -1.000000 0.000000 -0.000000
vn -1.000000 0.000000 -0.000000
vn -1.000000 0.000000 -0.000000
vn -1.000000 0.000000 -0.000000
vn -1.000000 0.000000 -0.000000
vn 0.000000 1.000000 -0.000000
vn 0.000000 1.000000 -0.000000
vn 0.000000 1.000000 -0.000000
vn 0.000000 1.000000 -0.000000
vn 0.000000 -0.000000 -1.000000
vn 0.000000 -0.000000 -1.000000
vn 0.000000 -0.000000 -1.000000
vn 0.000000 -0.000000 -1.000000
vn 1.000000 0.000000 0.000000
vn 1.000000 0.000000 0.000000
vn 1.000000 0.000000 0.000000
vn 1.000000 0.000000 0.000000
vn 0.000000 -1.000000 0.000000
vn 0.000000 -1.000000 0.000000
vn 0.000000 -1.000000 0.000000
vn 0.000000 -1.000000 0.000000
vn 0.000000 -1.000000 0.000000
vn 0.000000 -1.000000 0.000000
vn 0.000000 -1.000000 0.000000
vn 0.000000 -1.000000 0.000000
vn 1.000000 0.000000 0.000000
vn 1.000000 0.000000 0.000000
vn 1.000000 0.000000 0.000000
vn 1.000000 0.000000 0.000000
vn 1.000000 0.000000 0.000000
vn 1.000000 0.000000 0.000000
vn 1.000000 0.000000 0.000000
vn 1.000000 0.000000 0.000000
vn 0.000000 1.000000 -0.000000
vn 0.000000 1.000000 -0.000000
vn 0.000000 1.000000 -0.000000
vn 0.000000 1.000000 -0.000000
vn 0.000000 -1.000000 0.000000
vn 0.000000 -1.000000 0.000000
vn 0.000000 -1.000000 0.000000
vn 0.000000 -1.000000 0.000000
vn 1.000000 0.000000 0.000000
vn 1.000000 0.000000 0.000000
vn 1.000000 0.000000 0.000000
vn 1.000000 0.000000 0.000000
vn 1.000000 0.000000 0.000000
vn 1.000000 0.000000 0.000000
vn 1.000000 0.000000 0.000000
vn 1.000000 0.000000 0.000000
vn 1.000000 0.000000 0.000000
vn 1.000000 0.000000 0.000000
vn 1.000000 0.000000 0.000000
vn 1.000000 0.000000 0.000000
vn 0.000000 -1.000000 0.000000
vn 0.000000 -1.000000 0.000000
vn 0.000000 -1.000000 0.000000
vn 0.000000 -1.000000 0.000000
vn 0.000000 1.000000 -0.000000
vn 0.000000 1.000000 -0.000000
vn 0.000000 1.000000 -0.000000
vn 0.000000 1.000000 -0.000000
vn -1.000000 0.000000 -0.000000
vn -1.000000 0.000000 -0.000000
vn -1.000000 0.000000 -0.000000
vn -1.000000 0.000000 -0.000000
vn -1.000000 0.000000 -0.000000
vn -1.000000 0.000000 -0.000000
vn -1.000000 0.000000 -0.000000
vn -1.000000 0.000000 -0.000000
vn 0.000000 1.000000 -0.000000
vn 0.000000 1.000000 -0.000000
vn 0.000000 1.000000 -0.000000
vn 0.000000 1.000000 -0.000000
vn -1.000000 0.000000 -0.000000
vn -1.000000 0.000000 -0.000000
vn -1.000000 0.000000 -0.000000
vn -1.000000 0.000000 -0.000000
vn -1.000000 0.000000 -0.000000
vn -1.000000 0.000000 -0.000000
vn -1.000000 0.000000 -0.000000
vn -1.000000 0.000000 -0.000000
vn -1.000000 0.000000 -0.000000
vn -1.000000 0.000000 -0.000000
vn -1.000000 0.000000 -0.000000
vn -1.000000 0.000000 -0.000000
vn -1.000000 0.000000 -0.000000
vn -1.000000 0.000000 -0.000000
vn -1.000000 0.000000 -0.000000
vn -1.000000 0.000000 -0.000000
vn -1.000000 0.000000 -0.000000
vn -1.000000 0.000000 -0.000000
vn -1.000000 0.000000 -0.000000
vn -1.000000 0.000000 -0.000000
vn 0.000000 1.000000 -0.000000
vn 0.000000 1.000000 -0.000000
vn 0.000000 1.000000 -0.000000
vn 0.000000 1.000000 -0.000000
vn 0.000000 -1.000000 0.000000
vn 0.000000 -1.000000 0.000000
vn 0.000000 -1.000000 0.000000
vn 0.000000 -1.000000 0.000000
vn 1.000000 0.000000 0.000000
vn 1.000000 0.000000 0.000000
vn 1.000000 0.000000 0.000000
vn 1.000000 0.000000 0.000000
vn 1.000000 0.000000 0.000000
vn 1.000000 0.000000 0.000000
vn 1.000000 0.000000 0.000000
vn 1.000000 0.000000 0.000000
vn 1.000000 0.000000 0.000000
vn 1.000000 0.000000 0.000000
vn 1.000000 0.000000 0.000000
vn 1.000000 0.000000 0.000000
vn 0.000000 -1.000000 0.000000
vn 0.000000 -1.000000 0.000000
vn 0.000000 -1.000000 0.000000
vn 0.000000 -1.000000 0.000000
vn 0.000000 1.000000 -0.000000
vn 0.000000 1.000000 -0.000000
vn 0.000000 1.000000 -0.000000
vn 0.000000 1.000000 -0.000000
vn 1.000000 0.000000 0.000000
vn 1.000000 0.000000 0.000000
vn 1.000000 0.000000 0.000000
vn 1.000000 0.000000 0.000000
vn 1.000000 0.000000 0.000000
vn 1.000000 0.000000 0.000000
vn 1.000000 0.000000 0.000000
vn 1.000000 0.000000 0.000000
vn 0.000000 -1.000000 0.000000
vn 0.000000 -1.000000 0.000000
vn 0.000000 -1.000000 0.000000
vn 0.000000 -1.000000 0.000000
vn 0.000000 -1.000000 0.000000
vn 0.000000 -1.000000 0.000000
vn 0.000000 -1.000000 0.000000
vn 0.000000 -1.000000 0.000000
vn 1.000000 0.000000 0.000000
vn 1.000000 0.000000 0.000000
vn 1.000000 0.000000 0.000000
vn 1.000000 0.000000 0.000000
vn 1.000000 0.000000 0.000000
vn 1.000000 0.000000 0.000000
vn 1.000000 0.000000 0.000000
vn 1.000000 0.000000 0.000000
vn 0.000000 1.000000 -0.000000
vn 0.000000 1.000000 -0.000000
vn 0.000000 1.000000 -0.000000
vn 0.000000 1.000000 -0.000000
vn -1.000000 0.000000 -0.000000
vn -1.000000 0.000000 -0.000000
vn -1.000000 0.000000 -0.000000
vn -1.000000 0.000000 -0.000000
vn -1.000000 0.000000 -0.000000
vn -1.000000 0.000000 -0.000000
vn -1.000000 0.000000 -0.000000
vn -1.000000 0.000000 -0.000000
vn 0.000000 1.000000 -0.000000
vn 0.000000 1.000000 -0.000000
vn 0.000000 1.000000 -0.000000
vn 0.000000 1.000000 -0.000000
vn -1.000000 0.000000 -0.000000
vn -1.000000 0.000000 -0.000000
vn -1.000000 0.000000 -0.000000
vn -1.000000 0.000000 -0.000000
vn -1.000000 0.000000 -0.000000
vn -1.000000 0.000000 -0.000000
vn -1.000000 0.000000 -0.000000
vn -1.000000 0.000000 -0.000000
vn -1.000000 0.000000 -0.000000
vn -1.000000 0.000000 -0.000000
vn -1.000000 0.000000 -0.000000
vn -1.000000 0.000000 -0.000000
vn -1.000000 0.000000 -0.000000
vn -1.000000 0.000000 -0.000000
vn -1.000000 0.000000 -0.000000
vn -1.000000 0.000000 -0.000000
vn -1.000000 0.000000 -0.000000
vn -1.000000 0.000000 -0.000000
vn -1.000000 0.000000 -0.000000
vn -1.000000 0.000000 -0.000000
vn 0.000000 1.000000 -0.000000
vn 0.000000 1.000000 -0.000000
vn 0.000000 1.000000 -0.000000
vn 0.000000 1.000000 -0.000000
vn 0.000000 -1.000000 0.000000
vn 0.000000 -1.000000 0.000000
vn 0.000000 -1.000000 0.000000
vn 0.000000 -1.000000 0.000000
vn 1.000000 0.000000 0.000000
vn 1.000000 0.000000 0.000000
vn 1.000000 0.000000 0.000000
vn 1.000000 0.000000 0.000000
vn 0.000000 -1.000000 0.000000
vn 0.000000 -1.000000 0.000000
vn 0.000000 -1.000000 0.000000
vn 0.000000 -1.000000 0.000000
vn 0.000000 -1.000000 0.000000
vn 0.000000 -1.000000 0.000000
vn 0.000000 -1.000000 0.000000
vn 0.000000 -1.000000 0.000000
vn 1.000000 0.000000 0.000000
vn 1.000000 0.000000 0.000000
vn 1.000000 0.000000 0.000000
vn 1.000000 0.000000 0.000000
vn 1.000000 0.000000 0.000000
vn 1.000000 0.000000 0.000000
vn 1.000000 0.000000 0.000000
vn 1.000000 0.000000 0.000000
vn 0.000001 1.000000 -0.000000
vn 0.000001 1.000000 -0.000000
vn 0.000001 1.000000 -0.000000
vn 0.000001 1.000000 -0.000000
vn -0.000001 -1.000000 0.000000
vn -0.000001 -1.000000 0.000000
vn -0.000001 -1.000000 0.000000
vn -0.000001 -1.000000 0.000000
vn 1.000000 0.000000 0.000000
vn 1.000000 0.000000 0.000000
vn 1.000000 0.000000 0.000000
vn 1.000000 0.000000 0.000000
vn 1.000000 0.000000 0.000000
vn 1.000000 0.000000 0.000000
vn 1.000000 0.000000 0.000000
vn 1.000000 0.000000 0.000000
vn 1.000000 0.000000 0.000000
vn 1.000000 0.000000 0.000000
vn 1.000000 0.000000 0.000000
vn 1.000000 0.000000 0.000000
vn 0.000000 -1.000000 0.000000
vn 0.000000 -1.000000 0.000000
vn 0.000000 -1.000000 0.000000
vn 0.000000 -1.000000 0.000000
vn 0.000000 1.000000 -0.000000
vn 0.000000 1.000000 -0.000000
vn 0.000000 1.000000 -0.000000
vn 0.000000 1.000000 -0.000000
vn -1.000000 0.000000 -0.000000
vn -1.000000 0.000000 -0.000000
vn -1.000000 0.000000 -0.000000
vn -1.000000 0.000000 -0.000000
vn -1.000000 0.000000 -0.000000
vn -1.000000 0.000000 -0.000000
vn -1.000000 0.000000 -0.000000
vn -1.000000 0.000000 -0.000000
vn 0.000000 1.000000 -0.000000
vn 0.000000 1.000000 -0.000000
vn 0.000000 1.000000 -0.000000
vn 0.000000 1.000000 -0.000000
vn -1.000000 0.000000 -0.000000
vn -1.000000 0.000000 -0.000000
vn -1.000000 0.000000 -0.000000
vn -1.000000 0.000000 -0.000000
vn -1.000000 0.000000 -0.000000
vn -1.000000 0.000000 -0.000000
vn -1.000000 0.000000 -0.000000
vn -1.000000 0.000000 -0.000000
vn -1.000000 0.000000 -0.000000
vn -1.000000 0.000000 -0.000000
vn -1.000000 0.000000 -0.000000
vn -1.000000 0.000000 -0.000000
vn -1.000000 0.000000 -0.000000
vn -1.000000 0.000000 -0.000000
vn -1.000000 0.000000 -0.000000
vn -1.000000 0.000000 -0.000000
vn -1.000000 0.000000 -0.000000
vn -1.000000 0.000000 -0.000000
vn -1.000000 0.000000 -0.000000
vn -1.000000 0.000000 -0.000000
vn 0.000000 1.000000 -0.000000
vn 0.000000 1.000000 -0.000000
vn 0.000000 1.000000 -0.000000
vn 0.000000 1.000000 -0.000000
vn 0.000000 -1.000000 0.000000
vn 0.000000 -1.000000 0.000000
vn 0.000000 -1.000000 0.000000
vn 0.000000 -1.000000 0.000000
vn 1.000000 0.000000 0.000000
vn 1.000000 0.000000 0.000000
vn 1.000000 0.000000 0.000000
vn 1.000000 0.000000 0.000000
vn 1.000000 0.000000 0.000000
vn 1.000000 0.000000 0.000000
vn 1.000000 0.000000 0.000000
vn 1.000000 0.000000 0.000000
vn 1.000000 0.000000 0.000000
vn 1.000000 0.000000 0.000000
vn 1.000000 0.000000 0.000000
vn 1.000000 0.000000 0.000000
vn 0.000000 -1.000000 0.000000
vn 0.000000 -1.000000 0.000000
vn 0.000000 -1.000000 0.000000
vn 0.000000 -1.000000 0.000000
vn -0.000000 1.000000 -0.000000
vn -0.000000 1.000000 -0.000000
vn -0.000000 1.000000 -0.000000
vn -0.000000 1.000000 -0.000000
vn 1.000000 0.000000 0.000000
vn 1.000000 0.000000 0.000000
vn 1.000000 0.000000 0.000000
vn 1.000000 0.000000 0.000000
vn 1.000000 0.000000 0.000000
vn 1.000000 0.000000 0.000000
vn 1.000000 0.000000 0.000000
vn 1.000000 0.000000 0.000000
vn 0.000000 -1.000000 0.000000
vn 0.000000 -1.000000 0.000000
vn 0.000000 -1.000000 0.000000
vn 0.000000 -1.000000 0.000000
vn 0.000000 -1.000000 0.000000
vn 0.000000 -1.000000 0.000000
vn 0.000000 -1.000000 0.000000
vn 0.000000 -1.000000 0.000000
vn 1.000000 0.000000 0.000000
vn 1.000000 0.000000 0.000000
vn 1.000000 0.000000 0.000000
vn 1.000000 0.000000 0.000000
vn 1.000000 0.000000 0.000000
vn 1.000000 0.000000 0.000000
vn 1.000000 0.000000 0.000000
vn 1.000000 0.000000 0.000000
vn 0.000000 1.000000 -0.000000
vn 0.000000 1.000000 -0.000000
vn 0.000000 1.000000 -0.000000
vn 0.000000 1.000000 -0.000000
vn -1.000000 0.000000 -0.000000
vn -1.000000 0.000000 -0.000000
vn -1.000000 0.000000 -0.000000
vn -1.000000 0.000000 -0.000000
vn -1.000000 0.000000 -0.000000
vn -1.000000 0.000000 -0.000000
vn -1.000000 0.000000 -0.000000
vn -1.000000 0.000000 -0.000000
vn 0.000000 1.000000 -0.000000
vn 0.000000 1.000000 -0.000000
vn 0.000000 1.000000 -0.000000
vn 0.000000 1.000000 -0.000000
vn -1.000000 0.000000 -0.000000
vn -1.000000 0.000000 -0.000000
vn -1.000000 0.000000 -0.000000
vn -1.000000 0.000000 -0.000000
vn -1.000000 0.000000 -0.000000
vn -1.000000 0.000000 -0.000000
vn -1.000000 0.000000 -0.000000
vn -1.000000 0.000000 -0.000000
vn -1.000000 0.000000 -0.000000
vn -1.000000 0.000000 -0.000000
vn -1.000000 0.000000 -0.000000
vn -1.000000 0.000000 -0.000000
vn -1.000000 0.000000 -0.000000
vn -1.000000 0.000000 -0.000000
vn -1.000000 0.000000 -0.000000
vn -1.000000 0.000000 -0.000000
vn -1.000000 0.000000 -0.000000
vn -1.000000 0.000000 -0.000000
vn -1.000000 0.000000 -0.000000
vn -1.000000 0.000000 -0.000000
vn 0.000000 1.000000 -0.000000
vn 0.000000 1.000000 -0.000000
vn 0.000000 1.000000 -0.000000
vn 0.000000 1.000000 -0.000000
vn 0.000000 1.000000 -0.000000
vn 0.000000 1.000000 -0.000000
vn 0.000000 1.000000 -0.000000
vn 0.000000 1.000000 -0.000000
vn -1.000000 0.000000 -0.000000
vn -1.000000 0.000000 -0.000000
vn -1.000000 0.000000 -0.000000
vn -1.000000 0.000000 -0.000000
vn -1.000000 0.000000 -0.000000
vn -1.000000 0.000000 -0.000000
vn -1.000000 0.000000 -0.000000
vn -1.000000 0.000000 -0.000000
vn -1.000000 0.000000 -0.000000
vn -1.000000 0.000000 -0.000000
vn -1.000000 0.000000 -0.000000
vn -1.000000 0.000000 -0.000000
vn -1.000000 0.000000 -0.000000
vn -1.000000 0.000000 -0.000000
vn -1.000000 0.000000 -0.000000
vn -1.000000 0.000000 -0.000000
vn -1.000000 0.000000 -0.000000
vn -1.000000 0.000000 -0.000000
vn -1.000000 0.000000 -0.000000
vn -1.000000 0.000000 -0.000000
vn 0.000000 1.000000 -0.000000
vn 0.000000 1.000000 -0.000000
vn 0.000000 1.000000 -0.000000
vn 0.000000 1.000000 -0.000000
vn -1.000000 0.000000 -0.000000
vn -1.000000 0.000000 -0.000000
vn -1.000000 0.000000 -0.000000
vn -1.000000 0.000000 -0.000000
vn -1.000000 0.000000 -0.000000
vn -1.000000 0.000000 -0.000000
vn -1.000000 0.000000 -0.000000
vn -1.000000 0.000000 -0.000000
vn 0.000000 1.000000 -0.000000
vn 0.000000 1.000000 -0.000000
vn 0.000000 1.000000 -0.000000
vn 0.000000 1.000000 -0.000000
vn 0.000000 0.000000 1.000000
vn 0.000000 0.000000 1.000000
vn 0.000000 0.000000 1.000000
vn 0.000000 0.000000 1.000000
vn 1.000000 0.000000 0.000000
vn 1.000000 0.000000 0.000000
vn 1.000000 0.000000 0.000000
vn 1.000000 0.000000 0.000000
vn 0.000000 -1.000000 0.000000
vn 0.000000 -1.000000 0.000000
vn 0.000000 -1.000000 0.000000
vn 0.000000 -1.000000 0.000000
vn 0.000000 -1.000000 0.000000
vn 0.000000 -1.000000 0.000000
vn 0.000000 -1.000000 0.000000
vn 0.000000 -1.000000 0.000000
vn 1.000000 0.000000 0.000000
vn 1.000000 0.000000 0.000000
vn 1.000000 0.000000 0.000000
vn 1.000000 0.000000 0.000000
vn 1.000000 0.000000 0.000000
vn 1.000000 0.000000 0.000000
vn 1.000000 0.000000 0.000000
vn 1.000000 0.000000 0.000000
vn -0.000001 1.000000 -0.000000
vn -0.000001 1.000000 -0.000000
vn -0.000001 1.000000 -0.000000
vn -0.000001 1.000000 -0.000000
vn 0.000001 -1.000000 0.000000
vn 0.000001 -1.000000 0.000000
vn 0.000001 -1.000000 0.000000
vn 0.000001 -1.000000 0.000000
vn 1.000000 0.000000 0.000000
vn 1.000000 0.000000 0.000000
vn 1.000000 0.000000 0.000000
vn 1.000000 0.000000 0.000000
vn 1.000000 0.000000 0.000000
vn 1.000000 0.000000 0.000000
vn 1.000000 0.000000 0.000000
vn 1.000000 0.000000 0.000000
vn 1.000000 0.000000 0.000000
vn 1.000000 0.000000 0.000000
vn 1.000000 0.000000 0.000000
vn 1.000000 0.000000 0.000000
vn 0.000000 -1.000000 0.000000
vn 0.000000 -1.000000 0.000000
vn 0.000000 -1.000000 0.000000
vn 0.000000 -1.000000 0.000000
vn 0.000000 -1.000000 0.000000
vn 0.000000 -1.000000 0.000000
vn 0.000000 -1.000000 0.000000
vn 0.000000 -1.000000 0.000000
vn 1.000000 0.000000 0.000000
vn 1.000000 0.000000 0.000000
vn 1.000000 0.000000 0.000000
vn 1.000000 0.000000 0.000000
vn 1.000000 0.000000 0.000000
vn 1.000000 0.000000 0.000000
vn 1.000000 0.000000 0.000000
vn 1.000000 0.000000 0.000000
vn 1.000000 0.000000 0.000000
vn 1.000000 0.000000 0.000000
vn 1.000000 0.000000 0.000000
vn 1.000000 0.000000 0.000000
vn 0.000000 -1.000000 0.000000
vn 0.000000 -1.000000 0.000000
vn 0.000000 -1.000000 0.000000
vn 0.000000 -1.000000 0.000000
vn -0.000000 1.000000 -0.000000
vn -0.000000 1.000000 -0.000000
vn -0.000000 1.000000 -0.000000
vn -0.000000 1.000000 -0.000000
vn 1.000000 0.000000 0.000000
vn 1.000000 0.000000 0.000000
vn 1.000000 0.000000 0.000000
vn 1.000000 0.000000 0.000000
vn 1.000000 0.000000 0.000000
vn 1.000000 0.000000 0.000000
vn 1.000000 0.000000 0.000000
vn 1.000000 0.000000 0.000000
vn 0.000000 -1.000000 0.000000
vn 0.000000 -1.000000 0.000000
vn 0.000000 -1.000000 0.000000
vn 0.000000 -1.000000 0.000000
vn 0.000000 -1.000000 0.000000
vn 0.000000 -1.000000 0.000000
vn 0.000000 -1.000000 0.000000
vn 0.000000 -1.000000 0.000000
vn 1.000000 0.000000 0.000000
vn 1.000000 0.000000 0.000000
vn 1.000000 0.000000 0.000000
vn 1.000000 0.000000 0.000000
vn 1.000000 0.000000 0.000000
vn 1.000000 0.000000 0.000000
vn 1.000000 0.000000 0.000000
vn 1.000000 0.000000 0.000000
vn 0.000000 1.000000 -0.000000
vn 0.000000 1.000000 -0.000000
vn 0.000000 1.000000 -0.000000
vn 0.000000 1.000000 -0.000000
vn -1.000000 0.000000 -0.000000
vn -1.000000 0.000000 -0.000000
vn -1.000000 0.000000 -0.000000
vn -1.000000 0.000000 -0.000000
vn -1.000000 0.000000 -0.000000
vn -1.000000 0.000000 -0.000000
vn -1.000000 0.000000 -0.000000
vn -1.000000 0.000000 -0.000000
vn -1.000000 0.000000 -0.000000
vn -1.000000 0.000000 -0.000000
vn -1.000000 0.000000 -0.000000
vn -1.000000 0.000000 -0.000000
vn -1.000000 0.000000 -0.000000
vn -1.000000 0.000000 -0.000000
vn -1.000000 0.000000 -0.000000
vn -1.000000 0.000000 -0.000000
vn -1.000000 0.000000 -0.000000
vn -1.000000 0.000000 -0.000000
vn -1.000000 0.000000 -0.000000
vn -1.000000 0.000000 -0.000000
vn 0.000000 1.000000 -0.000000
vn 0.000000 1.000000 -0.000000
vn 0.000000 1.000000 -0.000000
vn 0.000000 1.000000 -0.000000
vn -1.000000 0.000000 -0.000000
vn -1.000000 0.000000 -0.000000
vn -1.000000 0.000000 -0.000000
vn -1.000000 0.000000 -0.000000
vn -1.000000 0.000000 -0.000000
vn -1.000000 0.000000 -0.000000
vn -1.000000 0.000000 -0.000000
vn -1.000000 0.000000 -0.000000
vn 0.000000 1.000000 -0.000000
vn 0.000000 1.000000 -0.000000
vn 0.000000 1.000000 -0.000000
vn 0.000000 1.000000 -0.000000
vn 0.000000 1.000000 -0.000000
vn 0.000000 1.000000 -0.000000
vn 0.000000 1.000000 -0.000000
vn 0.000000 1.000000 -0.000000
vn -1.000000 0.000000 -0.000000
vn -1.000000 0.000000 -0.000000
vn -1.000000 0.000000 -0.000000
vn -1.000000 0.000000 -0.000000
vn -1.000000 0.000000 -0.000000
vn -1.000000 0.000000 -0.000000
vn -1.000000 0.000000 -0.000000
vn -1.000000 0.000000 -0.000000
vn 0.000000 1.000000 -0.000000
vn 0.000000 1.000000 -0.000000
vn 0.000000 1.000000 -0.000000
vn 0.000000 1.000000 -0.000000
vn -1.000000 0.000000 -0.000000
vn -1.000000 0.000000 -0.000000
vn -1.000000 0.000000 -0.000000
vn -1.000000 0.000000 -0.000000
vn -1.000000 0.000000 -0.000000
vn -1.000000 0.000000 -0.000000
vn -1.000000 0.000000 -0.000000
vn -1.000000 0.000000 -0.000000
vn -1.000000 0.000000 -0.000000
vn -1.000000 0.000000 -0.000000
vn -1.000000 0.000000 -0.000000
vn -1.000000 0.000000 -0.000000
vn -1.000000 0.000000 -0.000000
vn -1.000000 0.000000 -0.000000
vn -1.000000 0.000000 -0.000000
vn -1.000000 0.000000 -0.000000
vn -1.000000 0.000000 -0.000000
vn -1.000000 0.000000 -0.000000
vn -1.000000 0.000000 -0.000000
vn -1.000000 0.000000 -0.000000
vn 0.000000 1.000000 -0.000000
vn 0.000000 1.000000 -0.000000
vn 0.000000 1.000000 -0.000000
vn 0.000000 1.000000 -0.000000
vn 1.000000 0.000000 0.000000
vn 1.000000 0.000000 0.000000
vn 1.000000 0.000000 0.000000
vn 1.000000 0.000000 0.000000
vn 1.000000 0.000000 0.000000
vn 1.000000 0.000000 0.000000
vn 1.000000 0.000000 0.000000
vn 1.000000 0.000000 0.000000
vn 0.000000 -1.000000 0.000000
vn 0.000000 -1.000000 0.000000
vn 0.000000 -1.000000 0.000000
vn 0.000000 -1.000000 0.000000
vn 0.000000 -1.000000 0.000000
vn 0.000000 -1.000000 0.000000
vn 0.000000 -1.000000 0.000000
vn 0.000000 -1.000000 0.000000
vn 1.000000 0.000000 0.000000
vn 1.000000 0.000000 0.000000
vn 1.000000 0.000000 0.000000
vn 1.000000 0.000000 0.000000
vn 1.000000 0.000000 0.000000
vn 1.000000 0.000000 0.000000
vn 1.000000 0.000000 0.000000
vn 1.000000 0.000000 0.000000
vn -0.000000 1.000000 -0.000000
vn -0.000000 1.000000 -0.000000
vn -0.000000 1.000000 -0.000000
vn -0.000000 1.000000 -0.000000
vn 0.000000 -1.000000 0.000000
vn 0.000000 -1.000000 0.000000
vn 0.000000 -1.000000 0.000000
vn 0.000000 -1.000000 0.000000
vn 1.000000 0.000000 0.000000
vn 1.000000 0.000000 0.000000
vn 1.000000 0.000000 0.000000
vn 1.000000 0.000000 0.000000
vn 1.000000 0.000000 0.000000
vn 1.000000 0.000000 0.000000
vn 1.000000 0.000000 0.000000
vn 1.000000 0.000000 0.000000
vn 1.000000 0.000000 0.000000
vn 1.000000 0.000000 0.000000
vn 1.000000 0.000000 0.000000
vn 1.000000 0.000000 0.000000
vn 0.000000 -1.000000 0.000000
vn 0.000000 -1.000000 0.000000
vn 0.000000 -1.000000 0.000000
vn 0.000000 -1.000000 0.000000
vn 0.000000 1.000000 -0.000000
vn 0.000000 1.000000 -0.000000
vn 0.000000 1.000000 -0.000000
vn 0.000000 1.000000 -0.000000
vn -1.000000 0.000000 -0.000000
vn -1.000000 0.000000 -0.000000
vn -1.000000 0.000000 -0.000000
vn -1.000000 0.000000 -0.000000
vn -1.000000 0.000000 -0.000000
vn -1.000000 0.000000 -0.000000
vn -1.000000 0.000000 -0.000000
vn -1.000000 0.000000 -0.000000
vn -1.000000 0.000000 -0.000000
vn -1.000000 0.000000 -0.000000
vn -1.000000 0.000000 -0.000000
vn -1.000000 0.000000 -0.000000
vn -1.000000 0.000000 -0.000000
vn -1.000000 0.000000 -0.000000
vn -1.000000 0.000000 -0.000000
vn -1.000000 0.000000 -0.000000
vn -1.000000 0.000000 -0.000000
vn -1.000000 0.000000 -0.000000
vn -1.000000 0.000000 -0.000000
vn -1.000000 0.000000 -0.000000
vn 0.000000 1.000000 -0.000000
vn 0.000000 1.000000 -0.000000
vn 0.000000 1.000000 -0.000000
vn 0.000000 1.000000 -0.000000
vn -1.000000 0.000000 -0.000000
vn -1.000000 0.000000 -0.000000
vn -1.000000 0.000000 -0.000000
vn -1.000000 0.000000 -0.000000
vn -1.000000 0.000000 -0.000000
vn -1.000000 0.000000 -0.000000
vn -1.000000 0.000000 -0.000000
vn -1.000000 0.000000 -0.000000
vn 0.000000 1.000000 -0.000000
vn 0.000000 1.000000 -0.000000
vn 0.000000 1.000000 -0.000000
vn 0.000000 1.000000 -0.000000
vn 0.000000 -0.000000 -1.000000
vn 0.000000 -0.000000 -1.000000
vn 0.000000 -0.000000 -1.000000
vn 0.000000 -0.000000 -1.000000
vn 1.000000 0.000000 0.000000
vn 1.000000 0.000000 0.000000
vn 1.000000 0.000000 0.000000
vn 1.000000 0.000000 0.000000
vn 0.000000 -1.000000 0.000000
vn 0.000000 -1.000000 0.000000
vn 0.000000 -1.000000 0.000000
vn 0.000000 -1.000000 0.000000
vn 0.000000 -1.000000 0.000000
vn 0.000000 -1.000000 0.000000
vn 0.000000 -1.000000 0.000000
vn 0.000000 -1.000000 0.000000
vn 1.000000 0.000000 0.000000
vn 1.000000 0.000000 0.000000
vn 1.000000 0.000000 0.000000
vn 1.000000 0.000000 0.000000
vn 1.000000 0.000000 0.000000
vn 1.000000 0.000000 0.000000
vn 1.000000 0.000000 0.000000
vn 1.000000 0.000000 0.000000
vn -0.000002 1.000000 -0.000000
vn -0.000002 1.000000 -0.000000
vn -0.000002 1.000000 -0.000000
vn -0.000002 1.000000 -0.000000
vn 0.000002 -1.000000 0.000000
vn 0.000002 -1.000000 0.000000
vn 0.000002 -1.000000 0.000000
vn 0.000002 -1.000000 0.000000
vn 1.000000 0.000000 0.000000
vn 1.000000 0.000000 0.000000
vn 1.000000 0.000000 0.000000
vn 1.000000 0.000000 0.000000
vn 1.000000 0.000000 0.000000
vn 1.000000 0.000000 0.000000
vn 1.000000 0.000000 0.000000
vn 1.000000 0.000000 0.000000
vn 1.000000 0.000000 0.000000
vn 1.000000 0.000000 0.000000
vn 1.000000 0.000000 0.000000
vn 1.000000 0.000000 0.000000
vn 0.000000 -1.000000 0.000000
vn 0.000000 -1.000000 0.000000
vn 0.000000 -1.000000 0.000000
vn 0.000000 -1.000000 0.000000
vn 0.000000 0.000000 1.000000
vn 0.000000 0.000000 1.000000
vn 0.000000 0.000000 1.000000
vn 0.000000 0.000000 1.000000
vn 1.000000 0.000000 0.000000
vn 1.000000 0.000000 0.000000
vn 1.000000 0.000000 0.000000
vn 1.000000 0.000000 0.000000
vn 0.000000 -1.000000 0.000000
vn 0.000000 -1.000000 0.000000
vn 0.000000 -1.000000 0.000000
vn 0.000000 -1.000000 0.000000
vn 0.000000 -1.000000 0.000000
vn 0.000000 -1.000000 0.000000
vn 0.000000 -1.000000 0.000000
vn 0.000000 -1.000000 0.000000
vn 1.000000 0.000000 0.000000
vn 1.000000 0.000000 0.000000
vn 1.000000 0.000000 0.000000
vn 1.000000 0.000000 0.000000
vn 1.000000 0.000000 0.000000
vn 1.000000 0.000000 0.000000
vn 1.000000 0.000000 0.000000
vn 1.000000 0.000000 0.000000
vn -0.000000 1.000000 -0.000000
vn -0.000000 1.000000 -0.000000
vn -0.000000 1.000000 -0.000000
vn -0.000000 1.000000 -0.000000
vn 0.000000 -1.000000 0.000000
vn 0.000000 -1.000000 0.000000
vn 0.000000 -1.000000 0.000000
vn 0.000000 -1.000000 0.000000
vn 1.000000 0.000000 0.000000
vn 1.000000 0.000000 0.000000
vn 1.000000 0.000000 0.000000
vn 1.000000 0.000000 0.000000
vn 1.000000 0.000000 0.000000
vn 1.000000 0.000000 0.000000
vn 1.000000 0.000000 0.000000
vn 1.000000 0.000000 0.000000
vn 1.000000 0.000000 0.000000
vn 1.000000 0.000000 0.000000
vn 1.000000 0.000000 0.000000
vn 1.000000 0.000000 0.000000
vn 0.000000 -1.000000 0.000000
vn 0.000000 -1.000000 0.000000
vn 0.000000 -1.000000 0.000000
vn 0.000000 -1.000000 0.000000
vn 0.000000 1.000000 -0.000000
vn 0.000000 1.000000 -0.000000
vn 0.000000 1.000000 -0.000000
vn 0.000000 1.000000 -0.000000
vn -1.000000 0.000000 -0.000000
vn -1.000000 0.000000 -0.000000
vn -1.000000 0.000000 -0.000000
vn -1.000000 0.000000 -0.000000
vn -1.000000 0.000000 -0.000000
vn -1.000000 0.000000 -0.000000
vn -1.000000 0.000000 -0.000000
vn -1.000000 0.000000 -0.000000
vn 0.000000 1.000000 -0.000000
vn 0.000000 1.000000 -0.000000
vn 0.000000 1.000000 -0.000000
vn 0.000000 1.000000 -0.000000
vn -1.000000 0.000000 -0.000000
vn -1.000000 0.000000 -0.000000
vn -1.000000 0.000000 -0.000000
vn -1.000000 0.000000 -0.000000
vn -1.000000 0.000000 -0.000000
vn -1.000000 0.000000 -0.000000
vn -1.000000 0.000000 -0.000000
vn -1.000000 0.000000 -0.000000
vn -1.000000 0.000000 -0.000000
vn -1.000000 0.000000 -0.000000
vn -1.000000 0.000000 -0.000000
vn -1.000000 0.000000 -0.000000
vn -1.000000 0.000000 -0.000000
vn -1.000000 0.000000 -0.000000
vn -1.000000 0.000000 -0.000000
vn -1.000000 0.000000 -0.000000
vn -1.000000 0.000000 -0.000000
vn -1.000000 0.000000 -0.000000
vn -1.000000 0.000000 -0.000000
vn -1.000000 0.000000 -0.000000
vn 0.000000 1.000000 -0.000000
vn 0.000000 1.000000 -0.000000
vn 0.000000 1.000000 -0.000000
vn 0.000000 1.000000 -0.000000
vn 0.000000 -1.000000 0.000000
vn 0.000000 -1.000000 0.000000
vn 0.000000 -1.000000 0.000000
vn 0.000000 -1.000000 0.000000
vn 1.000000 0.000000 0.000000
vn 1.000000 0.000000 0.000000
vn 1.000000 0.000000 0.000000
vn 1.000000 0.000000 0.000000
vn 1.000000 0.000000 0.000000
vn 1.000000 0.000000 0.000000
vn 1.000000 0.000000 0.000000
vn 1.000000 0.000000 0.000000
vn 1.000000 0.000000 0.000000
vn 1.000000 0.000000 0.000000
vn 1.000000 0.000000 0.000000
vn 1.000000 0.000000 0.000000
vn 0.000000 -1.000000 0.000000
vn 0.000000 -1.000000 0.000000
vn 0.000000 -1.000000 0.000000
vn 0.000000 -1.000000 0.000000
vn -0.000000 1.000000 -0.000000
vn -0.000000 1.000000 -0.000000
vn -0.000000 1.000000 -0.000000
vn -0.000000 1.000000 -0.000000
vn 1.000000 0.000000 0.000000
vn 1.000000 0.000000 0.000000
vn 1.000000 0.000000 0.000000
vn 1.000000 0.000000 0.000000
vn 1.000000 0.000000 0.000000
vn 1.000000 0.000000 0.000000
vn 1.000000 0.000000 0.000000
vn 1.000000 0.000000 0.000000
vn 0.000000 -1.000000 0.000000
vn 0.000000 -1.000000 0.000000
vn 0.000000 -1.000000 0.000000
vn 0.000000 -1.000000 0.000000
vn 0.000000 -1.000000 0.000000
vn 0.000000 -1.000000 0.000000
vn 0.000000 -1.000000 0.000000
vn 0.000000 -1.000000 0.000000
vn 1.000000 0.000000 0.000000
vn 1.000000 0.000000 0.000000
vn 1.000000 0.000000 0.000000
vn 1.000000 0.000000 0.000000
vn 1.000000 0.000000 0.000000
vn 1.000000 0.000000 0.000000
vn 1.000000 0.000000 0.000000
vn 1.000000 0.000000 0.000000
vn 0.000000 1.000000 -0.000000
vn 0.000000 1.000000 -0.000000
vn 0.000000 1.000000 -0.000000
vn 0.000000 1.000000 -0.000000
vn -1.000000 0.000000 -0.000000
vn -1.000000 0.000000 -0.000000
vn -1.000000 0.000000 -0.000000
vn -1.000000 0.000000 -0.000000
vn -1.000000 0.000000 -0.000000
vn -1.000000 0.000000 -0.000000
vn -1.000000 0.000000 -0.000000
vn -1.000000 0.000000 -0.000000
vn 0.000000 1.000000 -0.000000
vn 0.000000 1.000000 -0.000000
vn 0.000000 1.000000 -0.000000
vn 0.000000 1.000000 -0.000000
vn -1.000000 0.000000 -0.000000
vn -1.000000 0.000000 -0.000000
vn -1.000000 0.000000 -0.000000
vn -1.000000 0.000000 -0.000000
vn -1.000000 0.000000 -0.000000
vn -1.000000 0.000000 -0.000000
vn -1.000000 0.000000 -0.000000
vn -1.000000 0.000000 -0.000000
vn -1.000000 0.000000 -0.000000
vn -1.000000 0.000000 -0.000000
vn -1.000000 0.000000 -0.000000
vn -1.000000 0.000000 -0.000000
vn -1.000000 0.000000 -0.000000
vn -1.000000 0.000000 -0.000000
vn -1.000000 0.000000 -0.000000
vn -1.000000 0.000000 -0.000000
vn -1.000000 0.000000 -0.000000
vn -1.000000 0.000000 -0.000000
vn -1.000000 0.000000 -0.000000
vn -1.000000 0.000000 -0.000000
vn 0.000000 1.000000 -0.000000
vn 0.000000 1.000000 -0.000000
vn 0.000000 1.000000 -0.000000
vn 0.000000 1.000000 -0.000000
vn 0.000000 -0.000000 -1.000000
vn 0.000000 -0.000000 -1.000000
vn 0.000000 -0.000000 -1.000000
vn 0.000000 -0.000000 -1.000000
vn 1.000000 0.000000 0.000000
vn 1.000000 0.000000 0.000000
vn 1.000000 0.000000 0.000000
vn 1.000000 0.000000 0.000000
vn 0.000000 -1.000000 0.000000
vn 0.000000 -1.000000 0.000000
vn 0.000000 -1.000000 0.000000
vn 0.000000 -1.000000 0.000000
vn 0.000000 -1.000000 0.000000
vn 0.000000 -1.000000 0.000000
vn 0.000000 -1.000000 0.000000
vn 0.000000 -1.000000 0.000000
vn 1.000000 0.000000 0.000000
vn 1.000000 0.000000 0.000000
vn 1.000000 0.000000 0.000000
vn 1.000000 0.000000 0.000000
vn 1.000000 0.000000 0.000000
vn 1.000000 0.000000 0.000000
vn 1.000000 0.000000 0.000000
vn 1.000000 0.000000 0.000000
vn 0.000000 1.000000 -0.000000
vn 0.000000 1.000000 -0.000000
vn 0.000000 1.000000 -0.000000
vn 0.000000 1.000000 -0.000000
vn 0.000000 -1.000000 0.000000
vn 0.000000 -1.000000 0.000000
vn 0.000000 -1.000000 0.000000
vn 0.000000 -1.000000 0.000000
vn 1.000000 0.000000 0.000000
vn 1.000000 0.000000 0.000000
vn 1.000000 0.000000 0.000000
vn 1.000000 0.000000 0.000000
vn 1.000000 0.000000 0.000000
vn 1.000000 0.000000 0.000000
vn 1.000000 0.000000 0.000000
vn 1.000000 0.000000 0.000000
vn 1.000000 0.000000 0.000000
vn 1.000000 0.000000 0.000000
vn 1.000000 0.000000 0.000000
vn 1.000000 0.000000 0.000000
vn 0.000000 -1.000000 0.000000
vn 0.000000 -1.000000 0.000000
vn 0.000000 -1.000000 0.000000
vn 0.000000 -1.000000 0.000000
vn 0.000000 1.000000 -0.000000
vn 0.000000 1.000000 -0.000000
vn 0.000000 1.000000 -0.000000
vn 0.000000 1.000000 -0.000000
vn -1.000000 0.000000 -0.000000
vn -1.000000 0.000000 -0.000000
vn -1.000000 0.000000 -0.000000
vn -1.000000 0.000000 -0.000000
vn -1.000000 0.000000 -0.000000
vn -1.000000 0.000000 -0.000000
vn -1.000000 0.000000 -0.000000
vn -1.000000 0.000000 -0.000000
vn 0.000000 1.000000 -0.000000
vn 0.000000 1.000000 -0.000000
vn 0.000000 1.000000 -0.000000
vn 0.000000 1.000000 -0.000000
vn -1.000000 0.000000 -0.000000
vn -1.000000 0.000000 -0.000000
vn -1.000000 0.000000 -0.000000
vn -1.000000 0.000000 -0.000000
vn -1.000000 0.000000 -0.000000
vn -1.000000 0.000000 -0.000000
vn -1.000000 0.000000 -0.000000
vn -1.000000 0.000000 -0.000000
vn -1.000000 0.000000 -0.000000
vn -1.000000 0.000000 -0.000000
vn -1.000000 0.000000 -0.000000
vn -1.000000 0.000000 -0.000000
vn -1.000000 0.000000 -0.000000
vn -1.000000 0.000000 -0.000000
vn -1.000000 0.000000 -0.000000
vn -1.000000 0.000000 -0.000000
vn -1.000000 0.000000 -0.000000
vn -1.000000 0.000000 -0.000000
vn -1.000000 0.000000 -0.000000
vn -1.000000 0.000000 -0.000000
vn 0.000000 1.000000 -0.000000
vn 0.000000 1.000000 -0.000000
vn 0.000000 1.000000 -0.000000
vn 0.000000 1.000000 -0.000000
vn 0.000000 -1.000000 0.000000
vn 0.000000 -1.000000 0.000000
vn 0.000000 -1.000000 0.000000
vn 0.000000 -1.000000 0.000000
vn 1.000000 0.000000 0.000000
vn 1.000000 0.000000 0.000000
vn 1.000000 0.000000 0.000000
vn 1.000000 0.000000 0.000000
vn 1.000000 0.000000 0.000000
vn 1.000000 0.000000 0.000000
vn 1.000000 0.000000 0.000000
vn 1.000000 0.000000 0.000000
vn 1.000000 0.000000 0.000000
vn 1.000000 0.000000 0.000000
vn 1.000000 0.000000 0.000000
vn 1.000000 0.000000 0.000000
vn 0.000000 -1.000000 0.000000
vn 0.000000 -1.000000 0.000000
vn 0.000000 -1.000000 0.000000
vn 0.000000 -1.000000 0.000000
vn 0.000000 1.000000 -0.000000
vn 0.000000 1.000000 -0.000000
vn 0.000000 1.000000 -0.000000
vn 0.000000 1.000000 -0.000000
vn 1.000000 0.000000 0.000000
vn 1.000000 0.000000 0.000000
vn 1.000000 0.000000 0.000000
vn 1.000000 0.000000 0.000000
vn 1.000000 0.000000 0.000000
vn 1.000000 0.000000 0.000000
vn 1.000000 0.000000 0.000000
vn 1.000000 0.000000 0.000000
vn 0.000000 -1.000000 0.000000
vn 0.000000 -1.000000 0.000000
vn 0.000000 -1.000000 0.000000
vn 0.000000 -1.000000 0.000000
vn 0.000000 -1.000000 0.000000
vn 0.000000 -1.000000 0.000000
vn 0.000000 -1.000000 0.000000
vn 0.000000 -1.000000 0.000000
vn 1.000000 0.000000 0.000000
vn 1.000000 0.000000 0.000000
vn 1.000000 0.000000 0.000000
vn 1.000000 0.000000 0.000000
vn 1.000000 0.000000 0.000000
vn 1.000000 0.000000 0.000000
vn 1.000000 0.000000 0.000000
vn 1.000000 0.000000 0.000000
vn 0.000000 1.000000 -0.000000
vn 0.000000 1.000000 -0.000000
vn 0.000000 1.000000 -0.000000
vn 0.000000 1.000000 -0.000000
vn -1.000000 0.000000 -0.000000
vn -1.000000 0.000000 -0.000000
vn -1.000000 0.000000 -0.000000
vn -1.000000 0.000000 -0.000000
vn -1.000000 0.000000 -0.000000
vn -1.000000 0.000000 -0.000000
vn -1.000000 0.000000 -0.000000
vn -1.000000 0.000000 -0.000000
vn 0.000000 1.000000 -0.000000
vn 0.000000 1.000000 -0.000000
vn 0.000000 1.000000 -0.000000
vn 0.000000 1.000000 -0.000000
vn -1.000000 0.000000 -0.000000
vn -1.000000 0.000000 -0.000000
vn -1.000000 0.000000 -0.000000
vn -1.000000 0.000000 -0.000000
vn -1.000000 0.000000 -0.000000
vn -1.000000 0.000000 -0.000000
vn -1.000000 0.000000 -0.000000
vn -1.000000 0.000000 -0.000000
vn -1.000000 0.000000 -0.000000
vn -1.000000 0.000000 -0.000000
vn -1.000000 0.000000 -0.000000
vn -1.000000 0.000000 -0.000000
vn -1.000000 0.000000 -0.000000
vn -1.000000 0.000000 -0.000000
vn -1.000000 0.000000 -0.000000
vn -1.000000 0.000000 -0.000000
vn -1.000000 0.000000 -0.000000
vn -1.000000 0.000000 -0.000000
vn -1.000000 0.000000 -0.000000
vn -1.000000 0.000000 -0.000000
vn 0.000000 1.000000 -0.000000
vn 0.000000 1.000000 -0.000000
vn 0.000000 1.000000 -0.000000
vn 0.000000 1.000000 -0.000000
vn 0.000000 0.000000 1.000000
vn 0.000000 0.000000 1.000000
vn 0.000000 0.000000 1.000000
vn 0.000000 0.000000 1.000000
vn 1.000000 0.000000 0.000000
vn 1.000000 0.000000 0.000000
vn 1.000000 0.000000 0.000000
vn 1.000000 0.000000 0.000000
vn 0.000000 -1.000000 0.000000
vn 0.000000 -1.000000 0.000000
vn 0.000000 -1.000000 0.000000
vn 0.000000 -1.000000 0.000000
vn 0.000000 -1.000000 0.000000
vn 0.000000 -1.000000 0.000000
vn 0.000000 -1.000000 0.000000
vn 0.000000 -1.000000 0.000000
vn 1.000000 0.000000 0.000000
vn 1.000000 0.000000 0.000000
vn 1.000000 0.000000 0.000000
vn 1.000000 0.000000 0.000000
vn 1.000000 0.000000 0.000000
vn 1.000000 0.000000 0.000000
vn 1.000000 0.000000 0.000000
vn 1.000000 0.000000 0.000000
vn 0.000000 1.000000 -0.000000
vn 0.000000 1.000000 -0.000000
vn 0.000000 1.000000 -0.000000
vn 0.000000 1.000000 -0.000000
vn 0.000000 -1.000000 0.000000
vn 0.000000 -1.000000 0.000000
vn 0.000000 -1.000000 0.000000
vn 0.000000 -1.000000 0.000000
vn 1.000000 0.000000 0.000000
vn 1.000000 0.000000 0.000000
vn 1.000000 0.000000 0.000000
vn 1.000000 0.000000 0.000000
vn 1.000000 0.000000 0.000000
vn 1.000000 0.000000 0.000000
vn 1.000000 0.000000 0.000000
vn 1.000000 0.000000 0.000000
vn 1.000000 0.000000 0.000000
vn 1.000000 0.000000 0.000000
vn 1.000000 0.000000 0.000000
vn 1.000000 0.000000 0.000000
vn 0.000000 -1.000000 0.000000
vn 0.000000 -1.000000 0.000000
vn 0.000000 -1.000000 0.000000
vn 0.000000 -1.000000 0.000000
vn 0.000000 1.000000 -0.000000
vn 0.000000 1.000000 -0.000000
vn 0.000000 1.000000 -0.000000
vn 0.000000 1.000000 -0.000000
vn -1.000000 0.000000 -0.000000
vn -1.000000 0.000000 -0.000000
vn -1.000000 0.000000 -0.000000
vn -1.000000 0.000000 -0.000000
vn -1.000000 0.000000 -0.000000
vn -1.000000 0.000000 -0.000000
vn -1.000000 0.000000 -0.000000
vn -1.000000 0.000000 -0.000000
vn 0.000000 1.000000 -0.000000
vn 0.000000 1.000000 -0.000000
vn 0.000000 1.000000 -0.000000
vn 0.000000 1.000000 -0.000000
vn -1.000000 0.000000 -0.000000
vn -1.000000 0.000000 -0.000000
vn -1.000000 0.000000 -0.000000
vn -1.000000 0.000000 -0.000000
vn -1.000000 0.000000 -0.000000
vn -1.000000 0.000000 -0.000000
vn -1.000000 0.000000 -0.000000
vn -1.000000 0.000000 -0.000000
vn -1.000000 0.000000 -0.000000
vn -1.000000 0.000000 -0.000000
vn -1.000000 0.000000 -0.000000
vn -1.000000 0.000000 -0.000000
vn -1.000000 0.000000 -0.000000
vn -1.000000 0.000000 -0.000000
vn -1.000000 0.000000 -0.000000
vn -1.000000 0.000000 -0.000000
vn -1.000000 0.000000 -0.000000
vn -1.000000 0.000000 -0.000000
vn -1.000000 0.000000 -0.000000
vn -1.000000 0.000000 -0.000000
vn 0.000000 1.000000 -0.000000
vn 0.000000 1.000000 -0.000000
vn 0.000000 1.000000 -0.000000
vn 0.000000 1.000000 -0.000000
vn 0.000000 -1.000000 0.000000
vn 0.000000 -1.000000 0.000000
vn 0.000000 -1.000000 0.000000
vn 0.000000 -1.000000 0.000000
vn 1.000000 0.000000 0.000000
vn 1.000000 0.000000 0.000000
vn 1.000000 0.000000 0.000000
vn 1.000000 0.000000 0.000000
vn 1.000000 0.000000 0.000000
vn 1.000000 0.000000 0.000000
vn 1.000000 0.000000 0.000000
vn 1.000000 0.000000 0.000000
vn 1.000000 0.000000 0.000000
vn 1.000000 0.000000 0.000000
vn 1.000000 0.000000 0.000000
vn 1.000000 0.000000 0.000000
vn 0.000000 -1.000000 0.000000
vn 0.000000 -1.000000 0.000000
vn 0.000000 -1.000000 0.000000
vn 0.000000 -1.000000 0.000000
vn 0.000000 1.000000 -0.000000
vn 0.000000 1.000000 -0.000000
vn 0.000000 1.000000 -0.000000
vn 0.000000 1.000000 -0.000000
vn 1.000000 0.000000 0.000000
vn 1.000000 0.000000 0.000000
vn 1.000000 0.000000 0.000000
vn 1.000000 0.000000 0.000000
vn 1.000000 0.000000 0.000000
vn 1.000000 0.000000 0.000000
vn 1.000000 0.000000 0.000000
vn 1.000000 0.000000 0.000000
vn 0.000000 -1.000000 0.000000
vn 0.000000 -1.000000 0.000000
vn 0.000000 -1.000000 0.000000
vn 0.000000 -1.000000 0.000000
vn 0.000000 -1.000000 0.000000
vn 0.000000 -1.000000 0.000000
vn 0.000000 -1.000000 0.000000
vn 0.000000 -1.000000 0.000000
vn 1.000000 0.000000 0.000000
vn 1.000000 0.000000 0.000000
vn 1.000000 0.000000 0.000000
vn 1.000000 0.000000 0.000000
vn 1.000000 0.000000 0.000000
vn 1.000000 0.000000 0.000000
vn 1.000000 0.000000 0.000000
vn 1.000000 0.000000 0.000000
vn 0.000000 1.000000 -0.000000
vn 0.000000 1.000000 -0.000000
vn 0.000000 1.000000 -0.000000
vn 0.000000 1.000000 -0.000000
vn -1.000000 0.000000 -0.000000
vn -1.000000 0.000000 -0.000000
vn -1.000000 0.000000 -0.000000
vn -1.000000 0.000000 -0.000000
vn -1.000000 0.000000 -0.000000
vn -1.000000 0.000000 -0.000000
vn -1.000000 0.000000 -0.000000
vn -1.000000 0.000000 -0.000000
vn 0.000000 1.000000 -0.000000
vn 0.000000 1.000000 -0.000000
vn 0.000000 1.000000 -0.000000
vn 0.000000 1.000000 -0.000000
vn -1.000000 0.000000 -0.000000
vn -1.000000 0.000000 -0.000000
vn -1.000000 0.000000 -0.000000
vn -1.000000 0.000000 -0.000000
vn -1.000000 0.000000 -0.000000
vn -1.000000 0.000000 -0.000000
vn -1.000000 0.000000 -0.000000
vn -1.000000 0.000000 -0.000000
vn -1.000000 0.000000 -0.000000
vn -1.000000 0.000000 -0.000000
vn -1.000000 0.000000 -0.000000
vn -1.000000 0.000000 -0.000000
vn -1.000000 0.000000 -0.000000
vn -1.000000 0.000000 -0.000000
vn -1.000000 0.000000 -0.000000
vn -1.000000 0.000000 -0.000000
vn -1.000000 0.000000 -0.000000
vn -1.000000 0.000000 -0.000000
vn -1.000000 0.000000 -0.000000
vn -1.000000 0.000000 -0.000000
vn 0.000000 1.000000 -0.000000
vn 0.000000 1.000000 -0.000000
vn 0.000000 1.000000 -0.000000
vn 0.000000 1.000000 -0.000000
vn 1.000000 0.000000 0.000000
vn 1.000000 0.000000 0.000000
vn 1.000000 0.000000 0.000000
vn 1.000000 0.000000 0.000000
vn 1.000000 0.000000 0.000000
vn 1.000000 0.000000 0.000000
vn 1.000000 0.000000 0.000000
vn 1.000000 0.000000 0.000000
vn 1.000000 0.000000 0.000000
vn 1.000000 0.000000 0.000000
vn 1.000000 0.000000 0.000000
vn 1.000000 0.000000 0.000000
vn 1.000000 0.000000 0.000000
vn 1.000000 0.000000 0.000000
vn 1.000000 0.000000 0.000000
vn 1.000000 0.000000 0.000000
vn 1.000000 0.000000 0.000000
vn 1.000000 0.000000 0.000000
vn 1.000000 0.000000 0.000000
vn 1.000000 0.000000 0.000000
vn 1.000000 0.000000 0.000000
vn 1.000000 0.000000 0.000000
vn 1.000000 0.000000 0.000000
vn 1.000000 0.000000 0.000000
vn 1.000000 0.000000 0.000000
vn 1.000000 0.000000 0.000000
vn 1.000000 0.000000 0.000000
vn 1.000000 0.000000 0.000000
vn 1.000000 0.000000 0.000000
vn 1.000000 0.000000 0.000000
vn 1.000000 0.000000 0.000000
vn 1.000000 0.000000 0.000000
vn 0.000000 -0.000000 -1.000000
vn 0.000000 -0.000000 -1.000000
vn 0.000000 -0.000000 -1.000000
vn 0.000000 -0.000000 -1.000000
vn 0.000000 -1.000000 0.000000
vn 0.000000 -1.000000 0.000000
vn 0.000000 -1.000000 0.000000
vn 0.000000 -1.000000 0.000000
vn 0.000000 -0.000000 -1.000000
vn 0.000000 -0.000000 -1.000000
vn 0.000000 -0.000000 -1.000000
vn 0.000000 -0.000000 -1.000000
vn 0.000000 1.000000 -0.000000
vn 0.000000 1.000000 -0.000000
vn 0.000000 1.000000 -0.000000
vn 0.000000 1.000000 -0.000000
vn 0.000000 0.000000 1.000000
vn 0.000000 0.000000 1.000000
vn 0.000000 0.000000 1.000000
vn 0.000000 0.000000 1.000000
vn 0.000000 -0.000000 -1.000000
vn 0.000000 -0.000000 -1.000000
vn 0.000000 -0.000000 -1.000000
vn 0.000000 -0.000000 -1.000000
vn 0.000000 0.000000 1.000000
vn 0.000000 0.000000 1.000000
vn 0.000000 0.000000 1.000000
vn 0.000000 0.000000 1.000000
vn 0.000000 -1.000000 0.000000
vn 0.000000 -1.000000 0.000000
vn 0.000000 -1.000000 0.000000
vn 0.000000 -1.000000 0.000000
vn 0.000000 1.000000 -0.000000
vn 0.000000 1.000000 -0.000000
vn 0.000000 1.000000 -0.000000
vn 0.000000 1.000000 -0.000000
vn 0.000000 -1.000000 0.000000
vn 0.000000 -1.000000 0.000000
vn 0.000000 -1.000000 0.000000
vn 0.000000 -1.000000 0.000000
vn 0.000000 0.000000 1.000000
vn 0.000000 0.000000 1.000000
vn 0.000000 0.000000 1.000000
vn 0.000000 0.000000 1.000000
vn 0.000000 -1.000000 0.000000
vn 0.000000 -1.000000 0.000000
vn 0.000000 -1.000000 0.000000
vn 0.000000 -1.000000 0.000000
vn 0.000000 -0.000000 -1.000000
vn 0.000000 -0.000000 -1.000000
vn 0.000000 -0.000000 -1.000000
vn 0.000000 -0.000000 -1.000000
vn 0.000000 -1.000000 0.000000
vn 0.000000 -1.000000 0.000000
vn 0.000000 -1.000000 0.000000
vn 0.000000 -1.000000 0.000000
vn 0.000000 1.000000 -0.000000
vn 0.000000 1.000000 -0.000000
vn 0.000000 1.000000 -0.000000
vn 0.000000 1.000000 -0.000000
vn 0.000000 1.000000 -0.000000
vn 0.000000 1.000000 -0.000000
vn 0.000000 1.000000 -0.000000
vn 0.000000 1.000000 -0.000000
vn 0.000000 1.000000 -0.000000
vn 0.000000 1.000000 -0.000000
vn 0.000000 1.000000 -0.000000
vn 0.000000 1.000000 -0.000000
vn 0.000000 0.000000 1.000000
vn 0.000000 0.000000 1.000000
vn 0.000000 0.000000 1.000000
vn 0.000000 0.000000 1.000000
vn 0.000000 -1.000000 0.000000
vn 0.000000 -1.000000 0.000000
vn 0.000000 -1.000000 0.000000
vn 0.000000 -1.000000 0.000000
vn 0.000000 -0.000000 -1.000000
vn 0.000000 -0.000000 -1.000000
vn 0.000000 -0.000000 -1.000000
vn 0.000000 -0.000000 -1.000000
vn 0.000000 -1.000000 0.000000
vn 0.000000 -1.000000 0.000000
vn 0.000000 -1.000000 0.000000
vn 0.000000 -1.000000 0.000000
vn 0.000000 0.000000 1.000000
vn 0.000000 0.000000 1.000000
vn 0.000000 0.000000 1.000000
vn 0.000000 0.000000 1.000000
vn 0.000000 1.000000 -0.000000
vn 0.000000 1.000000 -0.000000
vn 0.000000 1.000000 -0.000000
vn 0.000000 1.000000 -0.000000
vn 0.000000 1.000000 -0.000000
vn 0.000000 1.000000 -0.000000
vn 0.000000 1.000000 -0.000000
vn 0.000000 1.000000 -0.000000
vn -1.000000 0.000000 -0.000000
vn -1.000000 0.000000 -0.000000
vn -1.000000 0.000000 -0.000000
vn -1.000000 0.000000 -0.000000
vn 1.000000 0.000000 0.000000
vn 1.000000 0.000000 0.000000
vn 1.000000 0.000000 0.000000
vn 1.000000 0.000000 0.000000
vn -1.000000 0.000000 -0.000000
vn -1.000000 0.000000 -0.000000
vn -1.000000 0.000000 -0.000000
vn -1.000000 0.000000 -0.000000
vn 1.000000 0.000000 0.000000
vn 1.000000 0.000000 0.000000
vn 1.000000 0.000000 0.000000
vn 1.000000 0.000000 0.000000
vn -1.000000 0.000000 -0.000000
vn -1.000000 0.000000 -0.000000
vn -1.000000 0.000000 -0.000000
vn -1.000000 0.000000 -0.000000
vn 1.000000 0.000000 0.000000
vn 1.000000 0.000000 0.000000
vn 1.000000 0.000000 0.000000
vn 1.000000 0.000000 0.000000
vn -1.000000 0.000000 -0.000000
vn -1.000000 0.000000 -0.000000
vn -1.000000 0.000000 -0.000000
vn -1.000000 0.000000 -0.000000
vn 1.000000 0.000000 0.000000
vn 1.000000 0.000000 0.000000
vn 1.000000 0.000000 0.000000
vn 1.000000 0.000000 0.000000
vn -1.000000 0.000000 -0.000000
vn -1.000000 0.000000 -0.000000
vn -1.000000 0.000000 -0.000000
vn -1.000000 0.000000 -0.000000
vn 1.000000 0.000000 0.000000
vn 1.000000 0.000000 0.000000
vn 1.000000 0.000000 0.000000
vn 1.000000 0.000000 0.000000
vn -1.000000 0.000000 -0.000000
vn -1.000000 0.000000 -0.000000
vn -1.000000 0.000000 -0.000000
vn -1.000000 0.000000 -0.000000
vn 1.000000 0.000000 0.000000
vn 1.000000 0.000000 0.000000
vn 1.000000 0.000000 0.000000
vn 1.000000 0.000000 0.000000
vn 1.000000 0.000000 0.000000
vn 1.000000 0.000000 0.000000
vn 1.000000 0.000000 0.000000
vn 1.000000 0.000000 0.000000
vn -1.000000 0.000000 -0.000000
vn -1.000000 0.000000 -0.000000
vn -1.000000 0.000000 -0.000000
vn -1.000000 0.000000 -0.000000
vn 1.000000 0.000000 0.000000
vn 1.000000 0.000000 0.000000
vn 1.000000 0.000000 0.000000
vn 1.000000 0.000000 0.000000
vn -1.000000 0.000000 -0.000000
vn -1.000000 0.000000 -0.000000
vn -1.000000 0.000000 -0.000000
vn -1.000000 0.000000 -0.000000
vn -1.000000 0.000000 -0.000000
vn -1.000000 0.000000 -0.000000
vn -1.000000 0.000000 -0.000000
vn -1.000000 0.000000 -0.000000
vn 1.000000 0.000000 0.000000
vn 1.000000 0.000000 0.000000
vn 1.000000 0.000000 0.000000
vn 1.000000 0.000000 0.000000
vn 1.000000 0.000000 0.000000
vn 1.000000 0.000000 0.000000
vn 1.000000 0.000000 0.000000
vn 1.000000 0.000000 0.000000
vn -1.000000 0.000000 -0.000000
vn -1.000000 0.000000 -0.000000
vn -1.000000 0.000000 -0.000000
vn -1.000000 0.000000 -0.000000
vn -1.000000 0.000000 -0.000000
vn -1.000000 0.000000 -0.000000
vn -1.000000 0.000000 -0.000000
vn -1.000000 0.000000 -0.000000
vn 1.000000 0.000000 0.000000
vn 1.000000 0.000000 0.000000
vn 1.000000 0.000000 0.000000
vn 1.000000 0.000000 0.000000
vn -1.000000 0.000000 -0.000000
vn -1.000000 0.000000 -0.000000
vn -1.000000 0.000000 -0.000000
vn -1.000000 0.000000 -0.000000
vn 1.000000 0.000000 0.000000
vn 1.000000 0.000000 0.000000
vn 1.000000 0.000000 0.000000
vn 1.000000 0.000000 0.000000
vn -1.000000 0.000000 -0.000000
vn -1.000000 0.000000 -0.000000
vn -1.000000 0.000000 -0.000000
vn -1.000000 0.000000 -0.000000
vn 1.000000 0.000000 0.000000
vn 1.000000 0.000000 0.000000
vn 1.000000 0.000000 0.000000
vn 1.000000 0.000000 0.000000
vn -1.000000 0.000000 -0.000000
vn -1.000000 0.000000 -0.000000
vn -1.000000 0.000000 -0.000000
vn -1.000000 0.000000 -0.000000
vn 1.000000 0.000000 0.000000
vn 1.000000 0.000000 0.000000
vn 1.000000 0.000000 0.000000
vn 1.000000 0.000000 0.000000
vn -1.000000 0.000000 -0.000000
vn -1.000000 0.000000 -0.000000
vn -1.000000 0.000000 -0.000000
vn -1.000000 0.000000 -0.000000
vn 1.000000 0.000000 0.000000
vn 1.000000 0.000000 0.000000
vn 1.000000 0.000000 0.000000
vn 1.000000 0.000000 0.000000
vn -1.000000 0.000000 -0.000000
vn -1.000000 0.000000 -0.000000
vn -1.000000 0.000000 -0.000000
vn -1.000000 0.000000 -0.000000
vn 1.000000 0.000000 0.000000
vn 1.000000 0.000000 0.000000
vn 1.000000 0.000000 0.000000
vn 1.000000 0.000000 0.000000
vn 0.000000 0.000000 1.000000
vn 0.000000 0.000000 1.000000
vn 0.000000 0.000000 1.000000
vn 0.000000 0.000000 1.000000
vn 1.000000 0.000000 0.000000
vn 1.000000 0.000000 0.000000
vn 1.000000 0.000000 0.000000
vn 1.000000 0.000000 0.000000
vn 0.000000 -0.000000 -1.000000
vn 0.000000 -0.000000 -1.000000
vn 0.000000 -0.000000 -1.000000
vn 0.000000 -0.000000 -1.000000
vn -1.000000 0.000000 -0.000000
vn -1.000000 0.000000 -0.000000
vn -1.000000 0.000000 -0.000000
vn -1.000000 0.000000 -0.000000
vn 1.000000 0.000000 0.000000
vn 1.000000 0.000000 0.000000
vn 1.000000 0.000000 0.000000
vn 1.000000 0.000000 0.000000
vn -1.000000 0.000000 -0.000000
vn -1.000000 0.000000 -0.000000
vn -1.000000 0.000000 -0.000000
vn -1.000000 0.000000 -0.000000
vn 0.000000 0.000000 1.000000
vn 0.000000 0.000000 1.000000
vn 0.000000 0.000000 1.000000
vn 0.000000 0.000000 1.000000
vn 0.000000 0.000000 1.000000
vn 0.000000 0.000000 1.000000
vn 0.000000 0.000000 1.000000
vn 0.000000 0.000000 1.000000
vn 1.000000 0.000000 0.000000
vn 1.000000 0.000000 0.000000
vn 1.000000 0.000000 0.000000
vn 1.000000 0.000000 0.000000
vn 0.000000 -0.000000 -1.000000
vn 0.000000 -0.000000 -1.000000
vn 0.000000 -0.000000 -1.000000
vn 0.000000 -0.000000 -1.000000
vn -1.000000 0.000000 -0.000000
vn -1.000000 0.000000 -0.000000
vn -1.000000 0.000000 -0.000000
vn -1.000000 0.000000 -0.000000
vn 1.000000 0.000000 0.000000
vn 1.000000 0.000000 0.000000
vn 1.000000 0.000000 0.000000
vn 1.000000 0.000000 0.000000
vn 0.000000 -0.000000 -1.000000
vn 0.000000 -0.000000 -1.000000
vn 0.000000 -0.000000 -1.000000
vn 0.000000 -0.000000 -1.000000
vn -1.000000 0.000000 -0.000000
vn -1.000000 0.000000 -0.000000
vn -1.000000 0.000000 -0.000000
vn -1.000000 0.000000 -0.000000
vn 1.000000 0.000000 0.000000
vn 1.000000 0.000000 0.000000
vn 1.000000 0.000000 0.000000
vn 1.000000 0.000000 0.000000
vn -1.000000 0.000000 -0.000000
vn -1.000000 0.000000 -0.000000
vn -1.000000 0.000000 -0.000000
vn -1.000000 0.000000 -0.000000
vn 0.000000 0.000000 1.000000
vn 0.000000 0.000000 1.000000
vn 0.000000 0.000000 1.000000
vn 0.000000 0.000000 1.000000
vn 0.000000 -0.000000 -1.000000
vn 0.000000 -0.000000 -1.000000
vn 0.000000 -0.000000 -1.000000
vn 0.000000 -0.000000 -1.000000
vn 0.000000 0.000000 1.000000
vn 0.000000 0.000000 1.000000
vn 0.000000 0.000000 1.000000
vn 0.000000 0.000000 1.000000
vn 0.000000 -0.000000 -1.000000
vn 0.000000 -0.000000 -1.000000
vn 0.000000 -0.000000 -1.000000
vn 0.000000 -0.000000 -1.000000
vn 0.000000 0.000000 1.000000
vn 0.000000 0.000000 1.000000
vn 0.000000 0.000000 1.000000
vn 0.000000 0.000000 1.000000
vn 0.000000 0.000000 1.000000
vn 0.000000 0.000000 1.000000
vn 0.000000 0.000000 1.000000
vn 0.000000 0.000000 1.000000
vn 0.000000 -0.000000 -1.000000
vn 0.000000 -0.000000 -1.000000
vn 0.000000 -0.000000 -1.000000
vn 0.000000 -0.000000 -1.000000
vn 0.000000 0.000000 1.000000
vn 0.000000 0.000000 1.000000
vn 0.000000 0.000000 1.000000
vn 0.000000 0.000000 1.000000
vn 0.000000 -0.000000 -1.000000
vn 0.000000 -0.000000 -1.000000
vn 0.000000 -0.000000 -1.000000
vn 0.000000 -0.000000 -1.000000
vn 0.000000 -0.000000 -1.000000
vn 0.000000 -0.000000 -1.000000
vn 0.000000 -0.000000 -1.000000
vn 0.000000 -0.000000 -1.000000
vn 1.000000 0.000000 0.000000
vn 1.000000 0.000000 0.000000
vn 1.000000 0.000000 0.000000
vn 1.000000 0.000000 0.000000
vn 1.000000 0.000000 0.000000
vn 1.000000 0.000000 0.000000
vn 1.000000 0.000000 0.000000
vn 1.000000 0.000000 0.000000
vn 1.000000 0.000000 0.000000
vn 1.000000 0.000000 0.000000
vn 1.000000 0.000000 0.000000
vn 1.000000 0.000000 0.000000
vn 1.000000 0.000000 0.000000
vn 1.000000 0.000000 0.000000
vn 1.000000 0.000000 0.000000
vn 1.000000 0.000000 0.000000
vn 1.000000 0.000000 0.000000
vn 1.000000 0.000000 0.000000
vn 1.000000 0.000000 0.000000
vn 1.000000 0.000000 0.000000
vn 1.000000 0.000000 0.000000
vn 1.000000 0.000000 0.000000
vn 1.000000 0.000000 0.000000
vn 1.000000 0.000000 0.000000
vn 1.000000 0.000000 0.000000
vn 1.000000 0.000000 0.000000
vn 1.000000 0.000000 0.000000
vn 1.000000 0.000000 0.000000
vn 1.000000 0.000000 0.000000
vn 1.000000 0.000000 0.000000
vn 1.000000 0.000000 0.000000
vn 1.000000 0.000000 0.000000
vn -1.000000 0.000000 -0.000000
vn -1.000000 0.000000 -0.000000
vn -1.000000 0.000000 -0.000000
vn -1.000000 0.000000 -0.000000
vn 1.000000 0.000000 0.000000
vn 1.000000 0.000000 0.000000
vn 1.000000 0.000000 0.000000
vn 1.000000 0.000000 0.000000
vn -1.000000 0.000000 -0.000000
vn -1.000000 0.000000 -0.000000
vn -1.000000 0.000000 -0.000000
vn -1.000000 0.000000 -0.000000
vn 0.000000 0.000000 1.000000
vn 0.000000 0.000000 1.000000
vn 0.000000 0.000000 1.000000
vn 0.000000 0.000000 1.000000
vn -1.000000 0.000000 -0.000000
vn -1.000000 0.000000 -0.000000
vn -1.000000 0.000000 -0.000000
vn -1.000000 0.000000 -0.000000
vn 1.000000 0.000000 0.000000
vn 1.000000 0.000000 0.000000
vn 1.000000 0.000000 0.000000
vn 1.000000 0.000000 0.000000
vn -1.000000 0.000000 -0.000000
vn -1.000000 0.000000 -0.000000
vn -1.000000 0.000000 -0.000000
vn -1.000000 0.000000 -0.000000
vn 0.000000 -0.000000 -1.000000
vn 0.000000 -0.000000 -1.000000
vn 0.000000 -0.000000 -1.000000
vn 0.000000 -0.000000 -1.000000
vn -1.000000 0.000000 -0.000000
vn -1.000000 0.000000 -0.000000
vn -1.000000 0.000000 -0.000000
vn -1.000000 0.000000 -0.000000
vn 1.000000 0.000000 0.000000
vn 1.000000 0.000000 0.000000
vn 1.000000 0.000000 0.000000
vn 1.000000 0.000000 0.000000
vn -1.000000 0.000000 -0.000000
vn -1.000000 0.000000 -0.000000
vn -1.000000 0.000000 -0.000000
vn -1.000000 0.000000 -0.000000
vn 0.000000 0.000000 1.000000
vn 0.000000 0.000000 1.000000
vn 0.000000 0.000000 1.000000
vn 0.000000 0.000000 1.000000
vn 0.000000 -0.000000 -1.000000
vn 0.000000 -0.000000 -1.000000
vn 0.000000 -0.000000 -1.000000
vn 0.000000 -0.000000 -1.000000
vn -1.000000 0.000000 -0.000000
vn -1.000000 0.000000 -0.000000
vn -1.000000 0.000000 -0.000000
vn -1.000000 0.000000 -0.000000
vn 1.000000 0.000000 0.000000
vn 1.000000 0.000000 0.000000
vn 1.000000 0.000000 0.000000
vn 1.000000 0.000000 0.000000
vn -1.000000 0.000000 -0.000000
vn -1.000000 0.000000 -0.000000
vn -1.000000 0.000000 -0.000000
vn -1.000000 0.000000 -0.000000
vn -1.000000 0.000000 -0.000000
vn -1.000000 0.000000 -0.000000
vn -1.000000 0.000000 -0.000000
vn -1.000000 0.000000 -0.000000
vn 1.000000 0.000000 0.000000
vn 1.000000 0.000000 0.000000
vn 1.000000 0.000000 0.000000
vn 1.000000 0.000000 0.000000
vn 0.000000 0.000000 1.000000
vn 0.000000 0.000000 1.000000
vn 0.000000 0.000000 1.000000
vn 0.000000 0.000000 1.000000
vn -1.000000 0.000000 -0.000000
vn -1.000000 0.000000 -0.000000
vn -1.000000 0.000000 -0.000000
vn -1.000000 0.000000 -0.000000
vn -1.000000 0.000000 -0.000000
vn -1.000000 0.000000 -0.000000
vn -1.000000 0.000000 -0.000000
vn -1.000000 0.000000 -0.000000
vn 1.000000 0.000000 0.000000
vn 1.000000 0.000000 0.000000
vn 1.000000 0.000000 0.000000
vn 1.000000 0.000000 0.000000
vn -1.000000 0.000000 -0.000000
vn -1.000000 0.000000 -0.000000
vn -1.000000 0.000000 -0.000000
vn -1.000000 0.000000 -0.000000
vn -1.000000 0.000000 -0.000000
vn -1.000000 0.000000 -0.000000
vn -1.000000 0.000000 -0.000000
vn -1.000000 0.000000 -0.000000
vn 1.000000 0.000000 0.000000
vn 1.000000 0.000000 0.000000
vn 1.000000 0.000000 0.000000
vn 1.000000 0.000000 0.000000
vn -1.000000 0.000000 -0.000000
vn -1.000000 0.000000 -0.000000
vn -1.000000 0.000000 -0.000000
vn -1.000000 0.000000 -0.000000
vn 0.000000 -0.000000 -1.000000
vn 0.000000 -0.000000 -1.000000
vn 0.000000 -0.000000 -1.000000
vn 0.000000 -0.000000 -1.000000
vn -1.000000 0.000000 -0.000000
vn -1.000000 0.000000 -0.000000
vn -1.000000 0.000000 -0.000000
vn -1.000000 0.000000 -0.000000
vn 1.000000 0.000000 0.000000
vn 1.000000 0.000000 0.000000
vn 1.000000 0.000000 0.000000
vn 1.000000 0.000000 0.000000
vn -1.000000 0.000000 -0.000000
vn -1.000000 0.000000 -0.000000
vn -1.000000 0.000000 -0.000000
vn -1.000000 0.000000 -0.000000
vn 0.000000 -0.000000 -1.000000
vn 0.000000 -0.000000 -1.000000
vn 0.000000 -0.000000 -1.000000
vn 0.000000 -0.000000 -1.000000
vn 0.000000 0.000000 1.000000
vn 0.000000 0.000000 1.000000
vn 0.000000 0.000000 1.000000
vn 0.000000 0.000000 1.000000
vn 1.000000 0.000000 0.000000
vn 1.000000 0.000000 0.000000
vn 1.000000 0.000000 0.000000
vn 1.000000 0.000000 0.000000
vn 0.000000 -0.000000 -1.000000
vn 0.000000 -0.000000 -1.000000
vn 0.000000 -0.000000 -1.000000
vn 0.000000 -0.000000 -1.000000
vn -1.000000 0.000000 -0.000000
vn -1.000000 0.000000 -0.000000
vn -1.000000 0.000000 -0.000000
vn -1.000000 0.000000 -0.000000
vn 1.000000 0.000000 0.000000
vn 1.000000 0.000000 0.000000
vn 1.000000 0.000000 0.000000
vn 1.000000 0.000000 0.000000
vn -1.000000 0.000000 -0.000000
vn -1.000000 0.000000 -0.000000
vn -1.000000 0.000000 -0.000000
vn -1.000000 0.000000 -0.000000
vn 0.000000 0.000000 1.000000
vn 0.000000 0.000000 1.000000
vn 0.000000 0.000000 1.000000
vn 0.000000 0.000000 1.000000
vn 0.000000 0.000000 1.000000
vn 0.000000 0.000000 1.000000
vn 0.000000 0.000000 1.000000
vn 0.000000 0.000000 1.000000
vn 1.000000 0.000000 0.000000
vn 1.000000 0.000000 0.000000
vn 1.000000 0.000000 0.000000
vn 1.000000 0.000000 0.000000
vn 0.000000 -0.000000 -1.000000
vn 0.000000 -0.000000 -1.000000
vn 0.000000 -0.000000 -1.000000
vn 0.000000 -0.000000 -1.000000
vn -1.000000 0.000000 -0.000000
vn -1.000000 0.000000 -0.000000
vn -1.000000 0.000000 -0.000000
vn -1.000000 0.000000 -0.000000
vn 1.000000 0.000000 0.000000
vn 1.000000 0.000000 0.000000
vn 1.000000 0.000000 0.000000
vn 1.000000 0.000000 0.000000
vn -1.000000 0.000000 -0.000000
vn -1.000000 0.000000 -0.000000
vn -1.000000 0.000000 -0.000000
vn -1.000000 0.000000 -0.000000
vn 1.000000 0.000000 0.000000
vn 1.000000 0.000000 0.000000
vn 1.000000 0.000000 0.000000
vn 1.000000 0.000000 0.000000
vn -1.000000 0.000000 -0.000000
vn -1.000000 0.000000 -0.000000
vn -1.000000 0.000000 -0.000000
vn -1.000000 0.000000 -0.000000
s off
g CubeFBXASC046008
usemtl lambert2SG
f 24/111/1 13/334/2 4/42/3 18/586/4
f 18/587/5 4/43/6 8/298/7 19/341/8
f 21/479/9 12/578/10 6/173/11 20/720/12
f 20/721/13 6/172/14 2/778/15 17/213/16
f 9/75/17 11/205/18 5/682/19 1/404/20
f 12/579/21 10/436/22 2/779/23 6/174/24
f 38/660/25 39/411/26 10/436/27 12/579/28
f 37/278/29 40/785/30 11/205/31 9/75/32
f 42/50/33 38/661/34 12/578/35 21/479/36
f 17/214/37 2/780/38 10/437/39 22/853/40
f 19/342/41 8/299/42 16/846/43 23/618/44
f 3/543/45 7/810/46 14/713/47 15/472/48
f 8/300/49 4/44/50 13/335/51 16/847/52
f 49/694/53 47/82/54 13/334/55 24/111/56
f 70/254/57 49/694/58 24/111/59 64/249/60
f 59/486/61 19/342/62 23/618/63 63/756/64
f 57/347/65 17/214/66 22/853/67 62/115/68
f 63/757/69 23/619/70 33/17/71 66/864/72
f 60/858/73 20/721/74 17/213/75 57/348/76
f 61/625/77 21/479/78 20/720/79 60/859/80
f 58/725/81 18/587/82 19/341/83 59/485/84
f 64/249/85 24/111/86 18/586/87 58/726/88
f 15/473/89 31/272/90 25/749/91 3/544/92
f 3/545/93 25/750/94 26/241/95 7/811/96
f 11/206/97 28/369/98 27/11/99 5/683/100
f 5/684/101 27/12/102 32/653/103 1/405/104
f 40/786/105 43/688/106 28/369/107 11/206/108
f 1/406/109 32/654/110 29/141/111 9/76/112
f 7/812/113 26/242/114 30/512/115 14/714/116
f 51/823/117 50/185/118 31/272/119 15/473/120
f 67/632/121 45/817/122 34/376/123 65/491/124
f 106/126/125 28/370/126 35/147/127 110/389/128
f 54/450/129 30/513/130 36/519/131 56/591/132
f 42/51/133 21/480/134 34/377/135 45/818/136
f 123/571/137 42/51/138 45/818/139 125/704/140
f 28/371/141 43/689/142 46/304/143 35/148/144
f 132/203/145 125/705/146 45/817/147 67/632/148
f 9/76/149 29/141/150 44/179/151 37/279/152
f 128/325/153 124/68/154 43/688/155 40/786/156
f 62/115/157 22/853/158 41/551/159 68/120/160
f 22/853/161 10/437/162 39/412/163 41/551/164
f 123/572/165 122/802/166 38/661/167 42/50/168
f 121/428/169 128/326/170 40/785/171 37/278/172
f 122/803/173 127/835/174 39/411/175 38/660/176
f 16/847/177 13/335/178 47/83/179 52/310/180
f 15/472/181 14/713/182 48/444/183 51/824/184
f 23/618/185 16/846/186 52/311/187 53/88/188
f 14/714/189 30/512/190 54/451/191 48/445/192
f 66/865/193 33/18/194 55/218/195 69/762/196
f 23/620/197 53/89/198 55/219/199 33/19/200
f 462/403/201 54/450/202 56/591/203 464/542/204
f 459/777/205 454/748/206 50/185/207 51/823/208
f 455/511/209 453/368/210 49/694/211 70/254/212
f 453/368/213 451/240/214 47/82/215 49/694/216
f 552/570/217 455/511/218 70/254/219 518/828/220
f 514/563/221 66/865/222 69/762/223 517/456/224
f 510/693/225 62/115/226 68/120/227 516/698/228
f 515/317/229 80/57/230 87/699/231 519/596/232
f 21/481/233 61/626/234 65/492/235 34/378/236
f 515/318/237 67/633/238 65/493/239 513/189/240
f 512/822/241 64/249/242 58/726/243 506/416/244
f 506/417/245 58/725/246 59/485/247 507/184/248
f 509/309/249 61/627/250 60/860/251 508/556/252
f 508/557/253 60/858/254 57/348/255 505/56/256
f 511/449/257 63/757/258 66/864/259 514/564/260
f 505/58/261 57/347/262 62/115/263 510/693/264
f 507/186/265 59/486/266 63/756/267 511/452/268
f 518/828/269 70/254/270 64/249/271 512/822/272
f 101/358/273 83/423/274 77/418/275 95/352/276
f 90/319/277 72/384/278 76/665/279 94/597/280
f 102/736/281 84/797/282 75/284/283 93/224/284
f 94/598/285 76/666/286 79/558/287 97/98/288
f 91/93/289 73/153/290 84/798/291 102/737/292
f 92/457/293 74/525/294 73/154/295 91/94/296
f 89/829/297 71/24/298 72/385/299 90/320/300
f 95/352/301 77/418/302 71/25/303 89/830/304
f 98/462/305 80/57/306 78/791/307 96/730/308
f 138/610/309 133/843/310 80/57/311 98/462/312
f 93/224/313 75/284/314 81/288/315 99/228/316
f 97/99/317 79/559/318 82/671/319 100/602/320
f 457/652/321 456/10/322 83/423/323 101/358/324
f 509/312/325 74/526/326 78/792/327 513/190/328
f 521/729/329 135/104/330 86/62/331 519/596/332
f 466/277/333 82/671/334 88/191/335 468/410/336
f 132/203/337 67/632/338 86/62/339 135/104/340
f 517/456/341 69/762/342 85/565/343 520/92/344
f 600/850/345 457/652/346 101/358/347 566/233/348
f 562/842/349 97/99/350 100/602/351 565/742/352
f 558/97/353 93/224/354 99/228/355 564/103/356
f 138/610/357 98/462/358 118/536/359 141/504/360
f 563/609/361 98/462/362 96/730/363 561/467/364
f 560/227/365 95/352/366 89/830/367 554/703/368
f 554/706/369 89/829/370 90/320/371 555/461/372
f 557/601/373 92/457/374 91/94/375 556/834/376
f 556/836/377 91/93/378 102/737/379 553/324/380
f 559/735/381 94/598/382 97/98/383 562/844/384
f 553/327/385 102/736/386 93/224/387 558/97/388
f 555/463/389 90/319/390 94/597/391 559/738/392
f 566/233/393 101/358/394 95/352/395 560/227/396
f 74/526/397 92/458/398 96/731/399 78/792/400
f 50/185/401 115/35/402 109/29/403 31/272/404
f 26/242/405 104/441/406 108/258/407 30/512/408
f 32/654/409 116/396/410 107/766/411 29/141/412
f 30/514/413 108/259/414 111/159/415 36/520/416
f 27/12/417 105/638/418 116/397/419 32/653/420
f 28/369/421 106/127/422 105/639/423 27/11/424
f 25/750/425 103/499/426 104/871/427 26/241/428
f 31/272/429 109/29/430 103/500/431 25/749/432
f 46/305/433 112/530/434 110/390/435 35/149/436
f 126/198/437 139/362/438 112/530/439 46/305/440
f 29/141/441 107/766/442 113/771/443 44/179/444
f 36/521/445 111/160/446 114/264/447 56/592/448
f 454/748/449 458/140/450 115/35/451 50/185/452
f 557/603/453 106/126/454 110/389/455 561/468/456
f 569/131/457 141/504/458 118/536/459 567/2/460
f 565/742/461 100/602/462 117/164/463 568/361/464
f 563/609/465 112/530/466 119/292/467 567/2/468
f 470/550/469 114/264/470 120/675/471 472/687/472
f 112/530/473 139/362/474 142/3/475 119/292/476
f 406/464/477 428/676/478 499/524/479 500/23/480
f 44/179/481 113/771/482 140/743/483 130/73/484
f 156/540/485 162/549/486 139/362/487 126/198/488
f 161/177/489 138/610/490 141/504/491 163/302/492
f 564/103/493 99/228/494 137/234/495 570/503/496
f 157/296/497 132/203/498 135/104/499 159/434/500
f 80/57/501 133/843/502 136/469/503 87/699/504
f 523/863/505 159/434/506 135/104/507 521/729/508
f 99/228/509 81/288/510 134/332/511 137/234/512
f 161/177/513 158/680/514 133/843/515 138/610/516
f 516/698/517 68/120/518 131/711/519 522/223/520
f 41/551/521 39/412/522 127/837/523 129/576/524
f 68/120/525 41/551/526 129/576/527 131/711/528
f 37/279/529 44/179/530 130/73/531 121/429/532
f 43/689/533 124/69/534 126/199/535 46/304/536
f 152/269/537 143/644/538 127/835/539 122/803/540
f 151/775/541 144/132/542 128/326/543 121/428/544
f 153/39/545 152/270/546 122/802/547 123/572/548
f 144/133/549 154/401/550 124/68/551 128/325/552
f 157/296/553 155/169/554 125/705/555 132/203/556
f 153/40/557 123/571/558 125/704/559 155/170/560
f 175/238/561 153/40/562 155/170/563 177/855/564
f 179/113/565 177/856/566 155/169/567 157/296/568
f 166/814/569 176/615/570 154/401/571 144/133/572
f 175/239/573 174/476/574 152/270/575 153/39/576
f 173/108/577 166/815/578 144/132/579 151/775/580
f 174/477/581 165/440/582 143/644/583 152/269/584
f 183/374/585 180/483/586 158/680/587 161/177/588
f 525/119/589 181/247/590 159/434/591 523/863/592
f 179/113/593 157/296/594 159/434/595 181/247/596
f 183/374/597 161/177/598 163/302/599 185/517/600
f 178/344/601 184/754/602 162/549/603 156/540/604
f 573/395/605 185/517/606 163/302/607 571/263/608
f 139/362/609 162/549/610 164/686/611 142/3/612
f 130/73/613 140/743/614 150/139/615 146/747/616
f 570/503/617 137/234/618 149/651/619 572/643/620
f 133/843/621 158/680/622 160/808/623 136/469/624
f 137/234/625 134/332/626 148/9/627 149/651/628
f 522/223/629 131/711/630 147/510/631 524/351/632
f 129/576/633 127/837/634 143/645/635 145/367/636
f 131/711/637 129/576/638 145/367/639 147/510/640
f 121/429/641 130/73/642 146/747/643 151/776/644
f 124/69/645 154/402/646 156/541/647 126/199/648
f 588/433/649 332/112/650 492/755/651 610/246/652
f 200/554/653 206/86/654 184/754/655 178/344/656
f 205/589/657 183/374/658 185/517/659 207/723/660
f 201/308/661 179/113/662 181/247/663 203/448/664
f 527/253/665 203/448/666 181/247/667 525/119/668
f 205/589/669 202/692/670 180/483/671 183/374/672
f 196/281/673 187/657/674 165/440/675 174/477/676
f 195/788/677 188/144/678 166/815/679 173/108/680
f 197/54/681 196/282/682 174/476/683 175/239/684
f 188/145/685 198/414/686 176/615/687 166/814/688
f 201/308/689 199/182/690 177/856/691 179/113/692
f 197/55/693 175/238/694 177/855/695 199/183/696
f 162/549/697 184/754/698 186/15/699 164/686/700
f 146/747/701 150/139/702 172/339/703 168/80/704
f 572/643/705 149/651/706 171/851/707 574/770/708
f 158/680/709 180/483/710 182/623/711 160/808/712
f 149/651/713 148/9/714 170/211/715 171/851/716
f 524/351/717 147/510/718 169/718/719 526/490/720
f 145/367/721 143/645/722 165/442/723 167/584/724
f 147/510/725 145/367/726 167/584/727 169/718/728
f 151/776/729 146/747/730 168/80/731 173/109/732
f 154/402/733 176/616/734 178/345/735 156/541/736
f 321/819/737 197/55/738 199/183/739 323/84/740
f 325/215/741 323/85/742 199/182/743 201/308/744
f 334/244/745 322/306/746 198/414/747 188/145/748
f 321/820/749 320/581/750 196/282/751 197/54/752
f 319/208/753 334/245/754 188/144/755 195/788/756
f 320/582/757 333/751/758 187/657/759 196/281/760
f 329/482/761 326/588/762 202/692/763 205/589/764
f 540/158/765 327/343/766 203/448/767 527/253/768
f 325/215/769 201/308/770 203/448/771 327/343/772
f 329/482/773 205/589/774 207/723/775 331/622/776
f 324/446/777 330/854/778 206/86/779 200/554/780
f 588/433/781 331/622/782 207/723/783 575/535/784
f 184/754/785 206/86/786 208/216/787 186/15/788
f 168/80/789 172/339/790 194/151/791 190/276/792
f 574/770/793 171/851/794 193/663/795 576/34/796
f 180/483/797 202/692/798 204/821/799 182/623/800
f 171/851/801 170/211/802 192/409/803 193/663/804
f 526/490/805 169/718/806 191/48/807 528/631/808
f 167/584/809 165/442/810 187/658/811 189/783/812
f 169/718/813 167/584/814 189/783/815 191/48/816
f 173/109/817 168/80/818 190/276/819 195/789/820
f 176/616/821 198/415/822 200/555/823 178/345/824
f 427/293/825 405/100/826 498/761/827 497/383/828
f 244/568/829 250/96/830 228/764/831 222/759/832
f 249/600/833 227/387/834 229/528/835 251/734/836
f 245/323/837 223/523/838 225/256/839 247/460/840
f 531/125/841 247/460/842 225/256/843 529/870/844
f 249/600/845 246/702/846 224/22/847 227/387/848
f 240/696/849 231/668/850 209/454/851 218/488/852
f 239/315/853 232/156/854 210/826/855 217/117/856
f 241/65/857 240/697/858 218/489/859 219/251/860
f 232/157/861 242/425/862 220/629/863 210/827/864
f 245/323/865 243/195/866 221/381/867 223/523/868
f 241/66/869 219/252/870 221/382/871 243/196/872
f 294/106/873 228/764/874 230/27/875 296/236/876
f 278/294/877 282/574/878 216/350/879 212/91/880
f 584/168/881 281/201/882 215/862/883 578/650/884
f 290/716/885 224/22/886 226/636/887 292/849/888
f 281/201/889 280/432/890 214/222/891 215/862/892
f 536/765/893 279/71/894 213/728/895 530/357/896
f 277/806/897 275/677/898 209/455/899 211/595/900
f 279/71/901 277/806/902 211/595/903 213/728/904
f 283/329/905 278/294/906 212/91/907 217/118/908
f 286/840/909 220/630/910 222/760/911 288/101/912
f 351/690/913 241/66/914 243/196/915 353/419/916
f 355/561/917 353/420/918 243/195/919 245/323/920
f 342/379/921 352/180/922 242/425/923 232/157/924
f 351/691/925 350/52/926 240/697/927 241/65/928
f 349/552/929 342/380/930 232/156/931 239/315/932
f 350/53/933 341/20/934 231/668/935 240/696/936
f 359/825/937 356/59/938 246/702/939 249/600/940
f 541/796/941 357/695/942 247/460/943 531/125/944
f 355/561/945 245/323/946 247/460/947 357/695/948
f 359/825/949 249/600/950 251/734/951 361/90/952
f 354/793/953 360/314/954 250/96/955 244/568/956
f 589/202/957 361/90/958 251/734/959 579/400/960
f 228/764/961 250/96/962 252/226/963 230/27/964
f 212/91/965 216/350/966 238/562/967 234/286/968
f 578/650/969 215/862/970 237/188/971 580/774/972
f 224/22/973 246/702/974 248/833/975 226/636/976
f 215/862/977 214/222/978 236/421/979 237/188/980
f 530/357/981 213/728/982 235/60/983 532/498/984
f 211/595/985 209/455/986 231/669/987 233/795/988
f 213/728/989 211/595/990 233/795/991 235/60/992
f 217/118/993 212/91/994 234/286/995 239/316/996
f 220/630/997 242/426/998 244/569/999 222/760/1000
f 300/507/1001 256/496/1002 258/231/1003 302/648/1004
f 297/6/1005 314/176/1006 270/162/1007 253/868/1008
f 315/813/1009 313/685/1010 269/673/1011 271/800/1012
f 313/685/1013 311/547/1014 267/533/1015 269/673/1016
f 537/529/1017 315/813/1018 271/800/1019 533/257/1020
f 317/78/1021 316/301/1022 272/290/1023 273/538/1024
f 304/773/1025 260/360/1026 262/502/1027 306/515/1028
f 585/807/1029 317/78/1030 273/538/1031 581/539/1032
f 314/176/1033 318/438/1034 274/37/1035 270/162/1036
f 308/655/1037 264/642/1038 266/769/1039 310/782/1040
f 579/400/1041 251/734/1042 481/590/1043 606/366/1044
f 288/102/1045 294/106/1046 264/642/1047 258/232/1048
f 293/613/1049 263/262/1050 265/394/1051 295/745/1052
f 289/337/1053 259/1/1054 261/130/1055 291/474/1056
f 535/388/1057 291/474/1058 261/130/1059 534/637/1060
f 293/613/1061 290/716/1062 260/360/1063 263/262/1064
f 284/708/1065 275/678/1066 267/534/1067 254/355/1068
f 283/330/1069 276/166/1070 268/32/1071 253/869/1072
f 285/465/1073 284/709/1074 254/356/1075 255/123/1076
f 276/167/1077 286/841/1078 256/497/1079 268/33/1080
f 289/337/1081 287/607/1082 257/740/1083 259/1/1084
f 285/466/1085 255/124/1086 257/741/1087 287/608/1088
f 219/252/1089 285/466/1090 287/608/1091 221/382/1092
f 223/523/1093 221/381/1094 287/607/1095 289/337/1096
f 210/827/1097 220/629/1098 286/841/1099 276/167/1100
f 219/251/1101 218/489/1102 284/709/1103 285/465/1104
f 217/117/1105 210/826/1106 276/166/1107 283/330/1108
f 218/488/1109 209/454/1110 275/678/1111 284/708/1112
f 227/387/1113 224/22/1114 290/716/1115 293/613/1116
f 529/870/1117 225/256/1118 291/474/1119 535/388/1120
f 223/523/1121 289/337/1122 291/474/1123 225/256/1124
f 227/387/1125 293/613/1126 295/745/1127 229/528/1128
f 222/759/1129 228/764/1130 294/106/1131 288/102/1132
f 577/268/1133 229/528/1134 295/745/1135 583/679/1136
f 256/496/1137 286/840/1138 288/101/1139 258/231/1140
f 253/868/1141 270/162/1142 278/294/1143 283/329/1144
f 271/800/1145 269/673/1146 277/806/1147 279/71/1148
f 269/673/1149 267/533/1150 275/677/1151 277/806/1152
f 533/257/1153 271/800/1154 279/71/1155 536/765/1156
f 273/538/1157 272/290/1158 280/432/1159 281/201/1160
f 260/360/1161 290/716/1162 292/849/1163 262/502/1164
f 581/539/1165 273/538/1166 281/201/1167 584/168/1168
f 270/162/1169 274/37/1170 282/574/1171 278/294/1172
f 264/642/1173 294/106/1174 296/236/1175 266/769/1176
f 330/854/1177 308/655/1178 310/782/1179 332/112/1180
f 336/372/1181 340/250/1182 318/438/1183 314/176/1184
f 587/72/1185 339/758/1186 317/78/1187 585/807/1188
f 326/588/1189 304/773/1190 306/515/1191 328/722/1192
f 339/758/1193 338/116/1194 316/301/1195 317/78/1196
f 539/670/1197 337/628/1198 315/813/1199 537/529/1200
f 335/13/1201 333/752/1202 311/547/1203 313/685/1204
f 337/628/1205 335/13/1206 313/685/1207 315/813/1208
f 319/209/1209 336/372/1210 314/176/1211 297/6/1212
f 322/307/1213 300/507/1214 302/648/1215 324/447/1216
f 582/38/1217 265/394/1218 309/408/1219 586/295/1220
f 258/232/1221 264/642/1222 308/655/1223 302/649/1224
f 263/262/1225 307/274/1226 309/408/1227 265/394/1228
f 259/1/1229 303/399/1230 305/142/1231 261/130/1232
f 534/637/1233 261/130/1234 305/142/1235 538/28/1236
f 263/262/1237 260/360/1238 304/773/1239 307/274/1240
f 254/355/1241 267/534/1242 311/548/1243 298/364/1244
f 253/869/1245 268/32/1246 312/46/1247 297/7/1248
f 255/123/1249 254/356/1250 298/365/1251 299/136/1252
f 268/33/1253 256/497/1254 300/508/1255 312/47/1256
f 259/1/1257 257/740/1258 301/266/1259 303/399/1260
f 255/124/1261 299/137/1262 301/267/1263 257/741/1264
f 198/415/1265 322/307/1266 324/447/1267 200/555/1268
f 195/789/1269 190/276/1270 336/372/1271 319/209/1272
f 191/48/1273 189/783/1274 335/13/1275 337/628/1276
f 189/783/1277 187/658/1278 333/752/1279 335/13/1280
f 528/631/1281 191/48/1282 337/628/1283 539/670/1284
f 193/663/1285 192/409/1286 338/116/1287 339/758/1288
f 202/692/1289 326/588/1290 328/722/1291 204/821/1292
f 576/34/1293 193/663/1294 339/758/1295 587/72/1296
f 190/276/1297 194/151/1298 340/250/1299 336/372/1300
f 206/86/1301 330/854/1302 332/112/1303 208/216/1304
f 577/268/1305 230/27/1306 484/217/1307 605/8/1308
f 302/649/1309 308/655/1310 330/854/1311 324/446/1312
f 307/274/1313 329/482/1314 331/622/1315 309/408/1316
f 303/399/1317 325/215/1318 327/343/1319 305/142/1320
f 538/28/1321 305/142/1322 327/343/1323 540/158/1324
f 307/274/1325 304/773/1326 326/588/1327 329/482/1328
f 298/364/1329 311/548/1330 333/751/1331 320/582/1332
f 297/7/1333 312/46/1334 334/245/1335 319/208/1336
f 299/136/1337 298/365/1338 320/581/1339 321/820/1340
f 312/47/1341 300/508/1342 322/306/1343 334/244/1344
f 303/399/1345 301/266/1346 323/85/1347 325/215/1348
f 299/137/1349 321/819/1350 323/84/1351 301/267/1352
f 571/263/1353 163/302/1354 473/443/1355 602/107/1356
f 376/121/1357 382/527/1358 360/314/1359 354/793/1360
f 381/155/1361 359/825/1362 361/90/1363 383/285/1364
f 377/763/1365 355/561/1366 357/695/1367 379/26/1368
f 543/61/1369 379/26/1370 357/695/1371 541/796/1372
f 381/155/1373 378/255/1374 356/59/1375 359/825/1376
f 372/732/1377 363/220/1378 341/20/1379 350/53/1380
f 371/353/1381 364/593/1382 342/380/1383 349/552/1384
f 373/494/1385 372/733/1386 350/52/1387 351/691/1388
f 364/594/1389 374/866/1390 352/180/1391 342/379/1392
f 377/763/1393 375/634/1394 353/420/1395 355/561/1396
f 373/495/1397 351/690/1398 353/419/1399 375/635/1400
f 250/96/1401 360/314/1402 362/453/1403 252/226/1404
f 234/286/1405 238/562/1406 348/787/1407 344/522/1408
f 580/774/1409 237/188/1410 347/413/1411 590/575/1412
f 246/702/1413 356/59/1414 358/187/1415 248/833/1416
f 237/188/1417 236/421/1418 346/662/1419 347/413/1420
f 532/498/1421 235/60/1422 345/280/1423 542/287/1424
f 233/795/1425 231/669/1426 341/21/1427 343/150/1428
f 235/60/1429 233/795/1430 343/150/1431 345/280/1432
f 239/316/1433 234/286/1434 344/522/1435 349/553/1436
f 242/426/1437 352/181/1438 354/794/1439 244/569/1440
f 395/700/1441 373/495/1442 375/635/1443 397/831/1444
f 399/95/1445 397/832/1446 375/634/1447 377/763/1448
f 386/392/1449 396/193/1450 374/866/1451 364/594/1452
f 395/701/1453 394/63/1454 372/733/1455 373/494/1456
f 393/566/1457 386/393/1458 364/593/1459 371/353/1460
f 394/64/1461 385/30/1462 363/220/1463 372/732/1464
f 403/839/1465 400/459/1466 378/255/1467 381/155/1468
f 545/674/1469 401/707/1470 379/26/1471 543/61/1472
f 399/95/1473 377/763/1474 379/26/1475 401/707/1476
f 403/839/1477 381/155/1478 383/285/1479 405/100/1480
f 398/321/1481 404/328/1482 382/527/1483 376/121/1484
f 593/79/1485 405/100/1486 383/285/1487 591/331/1488
f 360/314/1489 382/527/1490 384/667/1491 362/453/1492
f 344/522/1493 348/787/1494 370/599/1495 366/727/1496
f 590/575/1497 347/413/1498 369/225/1499 592/710/1500
f 356/59/1501 378/255/1502 380/386/1503 358/187/1504
f 347/413/1505 346/662/1506 368/861/1507 369/225/1508
f 542/287/1509 345/280/1510 367/487/1511 544/422/1512
f 343/150/1513 341/21/1514 363/221/1515 365/349/1516
f 345/280/1517 343/150/1518 365/349/1519 367/487/1520
f 349/553/1521 344/522/1522 366/727/1523 371/354/1524
f 352/181/1525 374/867/1526 376/122/1527 354/794/1528
f 569/131/1529 142/3/1530 476/81/1531 601/614/1532
f 420/134/1533 426/537/1534 404/328/1535 398/321/1536
f 425/165/1537 403/839/1538 405/100/1539 427/293/1540
f 421/772/1541 399/95/1542 401/707/1543 423/36/1544
f 547/801/1545 423/36/1546 401/707/1547 545/674/1548
f 425/165/1549 422/265/1550 400/459/1551 403/839/1552
f 416/260/1553 407/229/1554 385/30/1555 394/64/1556
f 415/767/1557 408/605/1558 386/393/1559 393/566/1560
f 417/505/1561 416/261/1562 394/63/1563 395/701/1564
f 408/606/1565 418/4/1566 396/193/1567 386/392/1568
f 421/772/1569 419/646/1570 397/832/1571 399/95/1572
f 417/506/1573 395/700/1574 397/831/1575 419/647/1576
f 382/527/1577 404/328/1578 406/464/1579 384/667/1580
f 366/727/1581 370/599/1582 392/799/1583 388/532/1584
f 592/710/1585 369/225/1586 391/424/1587 594/439/1588
f 378/255/1589 400/459/1590 402/200/1591 380/386/1592
f 369/225/1593 368/861/1594 390/672/1595 391/424/1596
f 544/422/1597 367/487/1598 389/289/1599 546/163/1600
f 365/349/1601 363/221/1602 385/31/1603 387/161/1604
f 367/487/1605 365/349/1606 387/161/1607 389/289/1608
f 371/354/1609 366/727/1610 388/532/1611 393/567/1612
f 374/867/1613 396/194/1614 398/322/1615 376/122/1616
f 439/712/1617 417/506/1618 419/647/1619 441/845/1620
f 443/105/1621 441/848/1622 419/646/1623 421/772/1624
f 430/804/1625 440/204/1626 418/4/1627 408/606/1628
f 439/715/1629 438/74/1630 416/261/1631 417/505/1632
f 437/577/1633 430/805/1634 408/605/1635 415/767/1636
f 438/77/1637 429/430/1638 407/229/1639 416/260/1640
f 447/363/1641 444/471/1642 422/265/1643 425/165/1644
f 549/67/1645 445/235/1646 423/36/1647 547/801/1648
f 443/105/1649 421/772/1650 423/36/1651 445/235/1652
f 447/363/1653 425/165/1654 427/293/1655 449/110/1656
f 442/333/1657 448/744/1658 426/537/1659 420/134/1660
f 597/338/1661 449/110/1662 427/293/1663 595/210/1664
f 404/328/1665 426/537/1666 428/676/1667 406/464/1668
f 388/532/1669 392/799/1670 414/129/1671 410/739/1672
f 594/439/1673 391/424/1674 413/641/1675 596/583/1676
f 400/459/1677 422/265/1678 424/398/1679 402/200/1680
f 391/424/1681 390/672/1682 412/872/1683 413/641/1684
f 546/163/1685 389/289/1686 411/501/1687 548/291/1688
f 387/161/1689 385/31/1690 407/230/1691 409/359/1692
f 389/289/1693 387/161/1694 409/359/1695 411/501/1696
f 393/567/1697 388/532/1698 410/739/1699 415/768/1700
f 396/194/1701 418/5/1702 420/135/1703 398/322/1704
f 599/475/1705 471/303/1706 501/664/1707 616/656/1708
f 464/546/1709 470/550/1710 448/744/1711 442/333/1712
f 469/178/1713 447/363/1714 449/110/1715 471/303/1716
f 465/784/1717 443/105/1718 445/235/1719 467/49/1720
f 551/197/1721 467/49/1722 445/235/1723 549/67/1724
f 469/178/1725 466/277/1726 444/471/1727 447/363/1728
f 460/271/1729 451/243/1730 429/430/1731 438/77/1732
f 459/781/1733 452/617/1734 430/805/1735 437/577/1736
f 461/41/1737 460/273/1738 438/74/1739 439/715/1740
f 452/621/1741 462/407/1742 440/204/1743 430/804/1744
f 465/784/1745 463/171/1746 441/848/1747 443/105/1748
f 461/45/1749 439/712/1750 441/845/1751 463/175/1752
f 426/537/1753 448/744/1754 450/478/1755 428/676/1756
f 410/739/1757 414/129/1758 436/809/1759 432/70/1760
f 596/583/1761 413/641/1762 435/435/1763 598/717/1764
f 422/265/1765 444/471/1766 446/612/1767 424/398/1768
f 413/641/1769 412/872/1770 434/681/1771 435/435/1772
f 548/291/1773 411/501/1774 433/297/1775 550/427/1776
f 409/359/1777 407/230/1778 429/431/1779 431/573/1780
f 411/501/1781 409/359/1782 431/573/1783 433/297/1784
f 415/768/1785 410/739/1786 432/70/1787 437/580/1788
f 418/5/1789 440/207/1790 442/336/1791 420/135/1792
f 53/89/1793 461/45/1794 463/175/1795 55/219/1796
f 69/762/1797 55/218/1798 463/171/1799 465/784/1800
f 48/445/1801 54/451/1802 462/407/1803 452/621/1804
f 53/88/1805 52/311/1806 460/273/1807 461/41/1808
f 51/824/1809 48/444/1810 452/617/1811 459/781/1812
f 52/310/1813 47/83/1814 451/243/1815 460/271/1816
f 100/602/1817 82/671/1818 466/277/1819 469/178/1820
f 520/92/1821 85/565/1822 467/49/1823 551/197/1824
f 69/762/1825 465/784/1826 467/49/1827 85/565/1828
f 100/602/1829 469/178/1830 471/303/1831 117/164/1832
f 56/592/1833 114/264/1834 470/550/1835 464/546/1836
f 568/361/1837 117/164/1838 471/303/1839 599/475/1840
f 448/744/1841 470/550/1842 472/687/1843 450/478/1844
f 432/70/1845 436/809/1846 458/140/1847 454/748/1848
f 598/717/1849 435/435/1850 457/652/1851 600/850/1852
f 444/471/1853 466/277/1854 468/410/1855 446/612/1856
f 435/435/1857 434/681/1858 456/10/1859 457/652/1860
f 550/427/1861 433/297/1862 455/511/1863 552/570/1864
f 431/573/1865 429/431/1866 451/240/1867 453/368/1868
f 433/297/1869 431/573/1870 453/368/1871 455/511/1872
f 437/580/1873 432/70/1874 454/748/1875 459/777/1876
f 440/207/1877 462/403/1878 464/542/1879 442/336/1880
f 602/107/1881 473/443/1882 474/816/1883 601/614/1884
f 604/237/1885 477/719/1886 478/212/1887 603/746/1888
f 606/366/1889 481/590/1890 482/87/1891 605/8/1892
f 608/509/1893 485/857/1894 486/346/1895 607/138/1896
f 609/753/1897 489/248/1898 491/375/1899 610/246/1900
f 612/373/1901 493/518/1902 494/16/1903 611/14/1904
f 614/516/1905 497/383/1906 498/761/1907 613/143/1908
f 616/656/1909 501/664/1910 502/152/1911 615/275/1912
f 593/79/1913 406/464/1914 500/23/1915 613/143/1916
f 207/723/1917 185/517/1918 478/212/1919 477/719/1920
f 582/38/1921 266/769/1922 488/484/1923 607/138/1924
f 186/15/1925 208/216/1926 479/852/1927 480/340/1928
f 595/210/1929 427/293/1930 497/383/1931 614/516/1932
f 573/395/1933 186/15/1934 480/340/1935 603/746/1936
f 575/535/1937 207/723/1938 477/719/1939 604/237/1940
f 383/285/1941 361/90/1942 494/16/1943 493/518/1944
f 362/453/1945 384/667/1946 495/659/1947 496/146/1948
f 309/408/1949 331/622/1950 491/375/1951 489/248/1952
f 583/679/1953 295/745/1954 485/857/1955 608/509/1956
f 471/303/1957 449/110/1958 502/152/1959 501/664/1960
f 589/202/1961 362/453/1962 496/146/1963 611/14/1964
f 163/302/1965 141/504/1966 474/816/1967 473/443/1968
f 332/112/1969 310/782/1970 490/624/1971 492/755/1972
f 450/478/1973 472/687/1974 503/790/1975 504/283/1976
f 142/3/1977 164/686/1978 475/585/1979 476/81/1980
f 591/331/1981 383/285/1982 493/518/1983 612/373/1984
f 295/745/1985 265/394/1986 486/346/1987 485/857/1988
f 597/338/1989 450/478/1990 504/283/1991 615/275/1992
f 251/734/1993 229/528/1994 482/87/1995 481/590/1996
f 586/295/1997 309/408/1998 489/248/1999 609/753/2000
f 266/769/2001 296/236/2002 487/114/2003 488/484/2004
f 230/27/2005 252/226/2006 483/724/2007 484/217/2008
f 434/681/2009 550/427/2010 552/570/2011 456/10/2012
f 88/191/2013 520/92/2014 551/197/2015 468/410/2016
f 412/872/2017 548/291/2018 550/427/2019 434/681/2020
f 468/410/2021 551/197/2022 549/67/2023 446/612/2024
f 390/672/2025 546/163/2026 548/291/2027 412/872/2028
f 446/612/2029 549/67/2030 547/801/2031 424/398/2032
f 368/861/2033 544/422/2034 546/163/2035 390/672/2036
f 424/398/2037 547/801/2038 545/674/2039 402/200/2040
f 346/662/2041 542/287/2042 544/422/2043 368/861/2044
f 402/200/2045 545/674/2046 543/61/2047 380/386/2048
f 236/421/2049 532/498/2050 542/287/2051 346/662/2052
f 380/386/2053 543/61/2054 541/796/2055 358/187/2056
f 306/515/2057 538/28/2058 540/158/2059 328/722/2060
f 192/409/2061 528/631/2062 539/670/2063 338/116/2064
f 262/502/2065 534/637/2066 538/28/2067 306/515/2068
f 338/116/2069 539/670/2070 537/529/2071 316/301/2072
f 272/290/2073 533/257/2074 536/765/2075 280/432/2076
f 226/636/2077 529/870/2078 535/388/2079 292/849/2080
f 292/849/2081 535/388/2082 534/637/2083 262/502/2084
f 316/301/2085 537/529/2086 533/257/2087 272/290/2088
f 214/222/2089 530/357/2090 532/498/2091 236/421/2092
f 358/187/2093 541/796/2094 531/125/2095 248/833/2096
f 280/432/2097 536/765/2098 530/357/2099 214/222/2100
f 248/833/2101 531/125/2102 529/870/2103 226/636/2104
f 170/211/2105 526/490/2106 528/631/2107 192/409/2108
f 328/722/2109 540/158/2110 527/253/2111 204/821/2112
f 148/9/2113 524/351/2114 526/490/2115 170/211/2116
f 204/821/2117 527/253/2118 525/119/2119 182/623/2120
f 134/332/2121 522/223/2122 524/351/2123 148/9/2124
f 182/623/2125 525/119/2126 523/863/2127 160/808/2128
f 81/288/2129 516/698/2130 522/223/2131 134/332/2132
f 160/808/2133 523/863/2134 521/729/2135 136/469/2136
f 82/671/2137 517/456/2138 520/92/2139 88/191/2140
f 136/469/2141 521/729/2142 519/596/2143 87/699/2144
f 61/626/2145 509/312/2146 513/190/2147 65/492/2148
f 83/423/2149 518/828/2150 512/822/2151 77/418/2152
f 72/384/2153 507/186/2154 511/452/2155 76/665/2156
f 84/797/2157 505/58/2158 510/693/2159 75/284/2160
f 76/666/2161 511/449/2162 514/564/2163 79/558/2164
f 73/153/2165 508/557/2166 505/56/2167 84/798/2168
f 74/525/2169 509/313/2170 508/560/2171 73/154/2172
f 71/24/2173 506/417/2174 507/184/2175 72/385/2176
f 77/418/2177 512/822/2178 506/416/2179 71/25/2180
f 80/57/2181 515/317/2182 513/192/2183 78/791/2184
f 67/632/2185 515/317/2186 519/596/2187 86/62/2188
f 75/284/2189 510/693/2190 516/698/2191 81/288/2192
f 79/559/2193 514/563/2194 517/456/2195 82/671/2196
f 456/10/2197 552/570/2198 518/828/2199 83/423/2200
f 310/782/2201 586/295/2202 609/753/2203 490/624/2204
f 449/110/2205 597/338/2206 615/275/2207 502/152/2208
f 384/667/2209 591/331/2210 612/373/2211 495/659/2212
f 361/90/2213 589/202/2214 611/14/2215 494/16/2216
f 296/236/2217 583/679/2218 608/509/2219 487/114/2220
f 208/216/2221 575/535/2222 604/237/2223 479/852/2224
f 185/517/2225 573/395/2226 603/746/2227 478/212/2228
f 428/676/2229 595/210/2230 614/516/2231 499/524/2232
f 265/394/2233 582/38/2234 607/138/2235 486/346/2236
f 405/100/2237 593/79/2238 613/143/2239 498/761/2240
f 503/790/2241 616/656/2242 615/275/2243 504/283/2244
f 499/524/2245 614/516/2246 613/143/2247 500/23/2248
f 495/659/2249 612/373/2250 611/14/2251 496/146/2252
f 490/624/2253 609/753/2254 610/246/2255 492/755/2256
f 487/114/2257 608/509/2258 607/138/2259 488/484/2260
f 483/724/2261 606/366/2262 605/8/2263 484/217/2264
f 479/852/2265 604/237/2266 603/746/2267 480/340/2268
f 475/585/2269 602/107/2270 601/614/2271 476/81/2272
f 436/809/2273 598/717/2274 600/850/2275 458/140/2276
f 120/675/2277 568/361/2278 599/475/2279 472/687/2280
f 414/129/2281 596/583/2282 598/717/2283 436/809/2284
f 472/687/2285 599/475/2286 616/656/2287 503/790/2288
f 392/799/2289 594/439/2290 596/583/2291 414/129/2292
f 450/478/2293 597/338/2294 595/210/2295 428/676/2296
f 370/599/2297 592/710/2298 594/439/2299 392/799/2300
f 141/504/2301 569/131/2302 601/614/2303 474/816/2304
f 348/787/2305 590/575/2306 592/710/2307 370/599/2308
f 406/464/2309 593/79/2310 591/331/2311 384/667/2312
f 238/562/2313 580/774/2314 590/575/2315 348/787/2316
f 164/686/2317 571/263/2318 602/107/2319 475/585/2320
f 229/528/2321 577/268/2322 605/8/2323 482/87/2324
f 194/151/2325 576/34/2326 587/72/2327 340/250/2328
f 266/769/2329 582/38/2330 586/295/2331 310/782/2332
f 340/250/2333 587/72/2334 585/807/2335 318/438/2336
f 274/37/2337 581/539/2338 584/168/2339 282/574/2340
f 230/27/2341 577/268/2342 583/679/2343 296/236/2344
f 252/226/2345 579/400/2346 606/366/2347 483/724/2348
f 318/438/2349 585/807/2350 581/539/2351 274/37/2352
f 216/350/2353 578/650/2354 580/774/2355 238/562/2356
f 362/453/2357 589/202/2358 579/400/2359 252/226/2360
f 282/574/2361 584/168/2362 578/650/2363 216/350/2364
f 172/339/2365 574/770/2366 576/34/2367 194/151/2368
f 332/112/2369 588/433/2370 575/535/2371 208/216/2372
f 150/139/2373 572/643/2374 574/770/2375 172/339/2376
f 331/622/2377 588/433/2378 610/246/2379 491/375/2380
f 140/743/2381 570/503/2382 572/643/2383 150/139/2384
f 186/15/2385 573/395/2386 571/263/2387 164/686/2388
f 113/771/2389 564/103/2390 570/503/2391 140/743/2392
f 98/462/2393 563/609/2394 567/2/2395 118/536/2396
f 114/264/2397 565/742/2398 568/361/2399 120/675/2400
f 142/3/2401 569/131/2402 567/2/2403 119/292/2404
f 92/458/2405 557/603/2406 561/468/2407 96/731/2408
f 115/35/2409 566/233/2410 560/227/2411 109/29/2412
f 104/441/2413 555/463/2414 559/738/2415 108/258/2416
f 116/396/2417 553/327/2418 558/97/2419 107/766/2420
f 108/259/2421 559/735/2422 562/844/2423 111/159/2424
f 105/638/2425 556/836/2426 553/324/2427 116/397/2428
f 106/128/2429 557/604/2430 556/838/2431 105/640/2432
f 103/499/2433 554/706/2434 555/461/2435 104/871/2436
f 109/29/2437 560/227/2438 554/703/2439 103/500/2440
f 112/531/2441 563/611/2442 561/470/2443 110/391/2444
f 107/766/2445 558/97/2446 564/103/2447 113/771/2448
f 111/160/2449 562/842/2450 565/742/2451 114/264/2452
f 458/140/2453 600/850/2454 566/233/2455 115/35/2456
