# This file uses centimeters as units for non-parametric coordinates.

mtllib doorwhandle.mtl
g default
v -4.699109 -56.542450 -278.867974
v -4.699109 24.397827 -278.867974
v -4.699109 -56.542450 -305.456108
v -4.699109 24.397827 -305.456108
v 2.220431 -56.542450 -278.867974
v 2.220431 24.397827 -278.867974
v 2.220431 -56.542450 -305.456108
v 2.220431 24.397827 -305.456108
v 2.220431 -24.023102 -293.156060
v -4.699109 -24.023102 -293.156060
v 2.220431 -23.879578 -291.698784
v -4.699109 -23.879578 -291.698784
v 2.220431 -24.023102 -290.241509
v -4.699109 -24.023102 -290.241509
v 2.220431 -24.448181 -288.840142
v -4.699109 -24.448181 -288.840142
v 2.220431 -24.448181 -294.557427
v -4.699109 -24.448181 -294.557427
v 2.220431 -25.138458 -287.548882
v -4.699109 -25.138458 -287.548882
v 2.220431 -25.138458 -295.848931
v -4.699109 -25.138458 -295.848931
v 2.220431 -26.067413 -286.416802
v -4.699109 -26.067413 -286.416802
v 2.220431 -26.067444 -296.980767
v -4.699109 -26.067444 -296.980767
v 2.220431 -27.199371 -285.487847
v -4.699109 -27.199371 -285.487847
v 2.220431 -27.199402 -297.909722
v -4.699109 -27.199402 -297.909722
v 2.220431 -29.892090 -284.372612
v -4.699109 -29.892090 -284.372612
v 2.220431 -28.490814 -284.797661
v -4.699109 -28.490814 -284.797661
v 2.220431 -28.490814 -298.600151
v -4.699109 -28.490814 -298.600151
v 2.220431 -29.892120 -299.025200
v -4.699109 -29.892120 -299.025200
v 2.220431 -31.349396 -284.229058
v -4.699109 -31.349396 -284.229058
v 2.220431 -32.806671 -299.025200
v -4.699109 -32.806671 -299.025200
v 2.220431 -31.349396 -299.168755
v -4.699109 -31.349396 -299.168755
v 2.220431 -32.806671 -284.372612
v -4.699109 -32.806671 -284.372612
v 2.220431 -34.207977 -298.600151
v -4.699109 -34.207977 -298.600151
v 2.220431 -34.207977 -284.797661
v -4.699109 -34.207977 -284.797661
v 2.220431 -35.499405 -285.487847
v -4.699109 -35.499405 -285.487847
v 2.220431 -35.499405 -297.909722
v -4.699109 -35.499405 -297.909722
v 2.220431 -36.631348 -286.416802
v -4.699109 -36.631348 -286.416802
v 2.220431 -36.631348 -296.980767
v -4.699109 -36.631348 -296.980767
v 2.220431 -37.560333 -295.848931
v -4.699109 -37.560333 -295.848931
v 2.220431 -37.560333 -287.548882
v -4.699109 -37.560333 -287.548882
v 2.220431 -48.558411 -288.840142
v -4.699109 -48.558411 -288.840142
v 2.220431 -48.558411 -294.557427
v -4.699109 -48.558411 -294.557427
v 2.220431 -48.983490 -290.241509
v -4.699109 -48.983490 -290.241509
v 2.220431 -49.127014 -291.698784
v -4.699109 -49.127014 -291.698784
v 2.220431 -48.983490 -293.156060
v -4.699109 -48.983490 -293.156060
v -10.463758 3.977966 -302.678765
v 7.151492 3.977966 -302.678765
v -10.463758 2.259674 -302.509575
v 7.151492 2.259674 -302.509575
v -10.463758 0.607422 -302.008355
v 7.151492 0.607422 -302.008355
v -10.463758 -0.915283 -301.194390
v 7.151492 -0.915283 -301.194390
v -10.463758 -2.249969 -300.098931
v 7.151492 -2.249969 -300.098931
v -10.463758 -3.345306 -298.764458
v 7.151492 -3.345306 -298.764458
v -10.463758 -4.159210 -297.241509
v 7.151492 -4.159210 -297.241509
v -10.463758 -4.660431 -295.589409
v 7.151492 -4.660431 -295.589409
v -10.463758 -4.829651 -293.871147
v 7.151492 -4.829651 -293.871147
v -10.463758 -4.660431 -292.152886
v 7.151492 -4.660431 -292.152886
v -10.463758 -4.159210 -290.500542
v 7.151492 -4.159210 -290.500542
v -10.463758 -3.345306 -288.977837
v 7.151492 -3.345306 -288.977837
v -10.463758 -2.249969 -287.643120
v 7.151492 -2.249969 -287.643120
v -10.463758 -0.915283 -286.547905
v 7.151492 -0.915283 -286.547905
v -10.463758 0.607422 -285.733940
v 7.151492 0.607422 -285.733940
v -10.463758 2.259674 -285.232720
v 7.151492 2.259674 -285.232720
v -10.463758 3.977966 -285.063286
v 7.151492 3.977966 -285.063286
v -10.463758 5.696259 -285.232720
v 7.151492 5.696259 -285.232720
v -10.463758 7.348511 -285.733940
v 7.151492 7.348511 -285.733940
v -10.463758 8.871216 -286.547905
v 7.151492 8.871216 -286.547905
v -10.463758 10.205902 -287.643120
v 7.151492 10.205902 -287.643120
v -10.463758 11.301239 -288.977837
v 7.151492 11.301239 -288.977837
v -10.463758 12.115143 -290.500542
v 7.151492 12.115143 -290.500542
v -10.463758 12.616364 -292.152886
v 7.151492 12.616364 -292.152886
v -10.463758 12.785583 -293.871147
v 7.151492 12.785583 -293.871147
v -10.463758 12.616333 -295.589409
v 7.151492 12.616333 -295.589409
v -10.463758 12.115143 -297.241509
v 7.151492 12.115143 -297.241509
v -10.463758 11.301239 -298.764458
v 7.151492 11.301239 -298.764458
v -10.463758 10.205872 -300.098931
v 7.151492 10.205872 -300.098931
v -10.463758 8.871216 -301.194390
v 7.151492 8.871216 -301.194390
v -10.463758 7.348480 -302.008355
v 7.151492 7.348480 -302.008355
v -10.463758 5.696228 -302.509575
v 7.151492 5.696228 -302.509575
v 24.524554 5.696228 -302.509575
v 24.524554 3.977966 -302.678765
v 24.524554 -4.660431 -292.152886
v 24.524554 -4.159210 -290.500542
v 24.524554 7.348511 -285.733940
v 24.524554 8.871216 -286.547905
v 24.524554 11.301239 -298.764458
v 24.524554 10.205872 -300.098931
v 24.524554 -3.345306 -298.764458
v 24.524554 -4.159210 -297.241509
v 24.524554 0.607422 -285.733940
v 24.524554 2.259674 -285.232720
v 24.524554 12.616364 -292.152886
v 24.524554 12.785583 -293.871147
v 24.524554 2.259674 -302.509575
v 24.524554 0.607422 -302.008355
v 24.524554 -3.345306 -288.977837
v 24.524554 10.205902 -287.643120
v 24.524554 8.871216 -301.194390
v 24.524554 -4.660431 -295.589409
v 24.524554 3.977966 -285.063286
v 24.524554 12.616333 -295.589409
v 24.524554 -0.915283 -301.194390
v 24.524554 -2.249969 -287.643120
v 24.524554 11.301239 -288.977837
v 24.524554 7.348480 -302.008355
v 24.524554 -4.829651 -293.871147
v 24.524554 5.696259 -285.232720
v 24.524554 12.115143 -297.241509
v 24.524554 -2.249969 -300.098931
v 24.524554 -0.915283 -286.547905
v 24.524554 12.115143 -290.500542
v 12.115588 3.977966 -302.678765
v 7.151492 -4.159210 -290.500542
v 7.151492 8.871216 -286.547905
v 12.115588 10.205872 -300.098931
v 7.151492 -4.159210 -297.241509
v 7.151492 2.259674 -285.232720
v 7.151492 12.785583 -293.871147
v 12.115588 0.607422 -302.008355
v 7.151492 -3.345306 -288.977837
v 7.151492 10.205902 -287.643120
v 12.115588 8.871216 -301.194390
v 7.151492 -4.660431 -295.589409
v 7.151492 3.977966 -285.063286
v 7.151492 12.616333 -295.589409
v 7.151492 -0.915283 -301.194390
v 7.151492 -2.249969 -287.643120
v 7.151492 11.301239 -288.977837
v 12.115588 7.348480 -302.008355
v 7.151492 -4.829651 -293.871147
v 7.151492 5.696259 -285.232720
v 7.151492 12.115143 -297.241509
v 7.151492 -2.249969 -300.098931
v 7.151492 -0.915283 -286.547905
v 7.151492 12.115143 -290.500542
v 12.115588 5.696228 -302.509575
v 7.151492 -4.660431 -292.152886
v 7.151492 7.348511 -285.733940
v 12.115588 11.301239 -298.764458
v 7.151492 -3.345306 -298.764458
v 7.151492 0.607422 -285.733940
v 7.151492 12.616364 -292.152886
v 12.115588 2.259674 -302.509575
v 12.115588 5.696228 -340.565972
v 24.524554 5.696228 -340.565972
v 12.115588 11.301208 -336.820855
v 24.524554 11.301208 -336.820855
v 12.115588 2.259674 -340.565972
v 24.524554 2.259674 -340.565972
v 24.524554 3.977966 -340.735161
v 24.524554 7.348480 -340.064751
v 24.524554 8.871185 -339.250908
v 24.524554 10.205872 -338.155571
v 24.524554 0.607422 -340.064751
v 12.115588 3.977966 -340.735161
v 12.115588 10.205872 -338.155571
v 12.115588 0.607422 -340.064751
v 12.115588 8.871185 -339.250908
v 12.115588 7.348480 -340.064751
v 28.725344 2.952789 -299.024956
v 25.189685 2.259674 -302.509575
v 28.604876 2.773407 -299.926812
v 28.251666 2.606232 -300.767144
v 27.689776 2.462677 -301.488823
v 26.957507 2.352539 -302.042534
v 26.104785 2.283295 -302.390679
v 25.189685 3.977966 -302.678765
v 28.725344 3.977966 -299.126030
v 26.104785 3.977966 -302.557671
v 26.957507 3.977966 -302.202690
v 27.689776 3.977966 -301.638237
v 28.251666 3.977966 -300.902397
v 28.604876 3.977966 -300.045464
v 28.725344 1.967010 -298.725884
v 25.189685 0.607422 -302.008355
v 28.604876 1.615112 -299.575493
v 28.251666 1.287231 -300.366997
v 27.689776 1.005646 -301.046929
v 26.957507 0.789581 -301.568413
v 26.104785 0.653748 -301.896294
v 28.725344 1.058502 -298.240288
v 25.189685 -0.915283 -301.194390
v 28.604876 0.547668 -299.004937
v 28.251666 0.071625 -299.717339
v 27.689776 -0.337189 -300.329155
v 26.957507 -0.650848 -300.798638
v 26.104785 -0.848022 -301.093560
v 28.725344 0.262207 -297.586968
v 25.189685 -2.249969 -300.098931
v 28.604876 -0.388000 -298.237114
v 28.251666 -0.993866 -298.842827
v 27.689776 -1.514160 -299.363091
v 26.957507 -1.913391 -299.762261
v 26.104785 -2.164368 -300.013237
v 28.725344 -0.391296 -296.790581
v 25.189685 -3.345306 -298.764458
v 28.604876 -1.155853 -297.301323
v 28.251666 -1.868317 -297.777397
v 27.689776 -2.480103 -298.186333
v 26.957507 -2.949554 -298.500054
v 26.104785 -3.244659 -298.697075
v 28.725344 -0.876892 -295.881890
v 25.189685 -4.159210 -297.241509
v 28.604876 -1.726410 -296.233940
v 28.251666 -2.518066 -296.561821
v 27.689776 -3.197845 -296.843315
v 26.957507 -3.719482 -297.059380
v 26.104785 -4.047394 -297.195366
v 28.725344 -1.175934 -294.896294
v 25.189685 -4.660431 -295.589409
v 28.604876 -2.077789 -295.075737
v 28.251666 -2.918182 -295.242730
v 27.689776 -3.639832 -295.386284
v 26.957507 -4.193604 -295.496392
v 26.104785 -4.541687 -295.565728
v 28.725344 -1.276886 -293.871147
v 25.189685 -4.829651 -293.871147
v 28.604876 -2.196411 -293.871147
v 28.251666 -3.053284 -293.871147
v 27.689776 -3.789093 -293.871147
v 26.957507 -4.353668 -293.871147
v 26.104785 -4.708618 -293.871147
v 28.725344 -1.175934 -292.846001
v 25.189685 -4.660431 -292.152886
v 28.604876 -2.077789 -292.666558
v 28.251666 -2.918182 -292.499321
v 27.689776 -3.639832 -292.355767
v 26.957507 -4.193604 -292.245659
v 26.104785 -4.541687 -292.176323
v 28.725344 -0.876892 -291.860161
v 25.189685 -4.159210 -290.500542
v 28.604876 -1.726440 -291.508355
v 28.251666 -2.518066 -291.180230
v 27.689776 -3.197845 -290.898735
v 26.957507 -3.719482 -290.682671
v 26.104785 -4.047394 -290.546929
v 28.725344 -0.391296 -290.951714
v 25.189685 -3.345306 -288.977837
v 28.604876 -1.155853 -290.440728
v 28.251666 -1.868317 -289.964653
v 27.689776 -2.480103 -289.555962
v 26.957507 -2.949554 -289.242241
v 26.104785 -3.244659 -289.044976
v 28.725344 0.262207 -290.155327
v 25.189685 -2.249969 -287.643120
v 28.604876 -0.388000 -289.505181
v 28.251666 -0.993866 -288.899224
v 27.689776 -1.514160 -288.378960
v 26.957507 -1.913391 -287.979546
v 26.104785 -2.164368 -287.728569
v 28.725344 1.058533 -289.501763
v 25.189685 -0.915283 -286.547905
v 28.604876 0.547668 -288.737358
v 28.251666 0.071625 -288.024956
v 27.689776 -0.337158 -287.413140
v 26.957507 -0.650848 -286.943413
v 26.104785 -0.848022 -286.648491
v 28.725344 1.967010 -289.016167
v 25.189685 0.607422 -285.733940
v 28.604876 1.615112 -288.166558
v 28.251666 1.287231 -287.375054
v 27.689776 1.005646 -286.695122
v 26.957507 0.789581 -286.173638
v 26.104785 0.653748 -285.845757
v 28.725344 2.952789 -288.717095
v 25.189685 2.259674 -285.232720
v 28.604876 2.773407 -287.815239
v 28.251666 2.606232 -286.974907
v 27.689776 2.462708 -286.253228
v 26.957507 2.352539 -285.699517
v 26.104785 2.283295 -285.351372
v 28.725344 3.977966 -288.616265
v 25.189685 3.977966 -285.063286
v 28.604876 3.977966 -287.696587
v 28.251666 3.977966 -286.839897
v 27.689776 3.977966 -286.104058
v 26.957507 3.977966 -285.539605
v 26.104785 3.977966 -285.184624
v 28.725344 5.003143 -288.717095
v 25.189685 5.696259 -285.232720
v 28.604876 5.182526 -287.815239
v 28.251666 5.349701 -286.974907
v 27.689776 5.493256 -286.253228
v 26.957507 5.603394 -285.699517
v 26.104785 5.672638 -285.351372
v 28.725344 5.988922 -289.016167
v 25.189685 7.348511 -285.733940
v 28.604876 6.340790 -288.166558
v 28.251666 6.668701 -287.375054
v 27.689776 6.950287 -286.695122
v 26.957507 7.166351 -286.173638
v 26.104785 7.302185 -285.845757
v 28.725344 6.897400 -289.501763
v 25.189685 8.871216 -286.547905
v 28.604876 7.408264 -288.737358
v 28.251666 7.884308 -288.024956
v 27.689776 8.293121 -287.413140
v 26.957507 8.606781 -286.943413
v 26.104785 8.803955 -286.648491
v 28.725344 7.693726 -290.155327
v 25.189685 10.205902 -287.643120
v 28.604876 8.343933 -289.505181
v 28.251666 8.949799 -288.899224
v 27.689776 9.470093 -288.378960
v 26.957507 9.869324 -287.979546
v 26.104785 10.120300 -287.728569
v 28.725344 8.347229 -290.951714
v 25.189685 11.301239 -288.977837
v 28.604876 9.111786 -290.440728
v 28.251666 9.824249 -289.964653
v 27.689776 10.436035 -289.555962
v 26.957507 10.905487 -289.242241
v 26.104785 11.200592 -289.044976
v 28.725344 8.832825 -291.860161
v 25.189685 12.115143 -290.500542
v 28.604876 9.682343 -291.508355
v 28.251666 10.473999 -291.180474
v 27.689776 11.153778 -290.898735
v 26.957507 11.675415 -290.682671
v 26.104785 12.003326 -290.546929
v 28.725344 9.131866 -292.846001
v 25.189685 12.616364 -292.152886
v 28.604876 10.033722 -292.666558
v 28.251666 10.874115 -292.499321
v 27.689776 11.595764 -292.355767
v 26.957507 12.149506 -292.245659
v 26.104785 12.497620 -292.176323
v 28.725344 9.232819 -293.871147
v 25.189685 12.785583 -293.871147
v 28.604876 10.152344 -293.871147
v 28.251666 11.009216 -293.871147
v 27.689776 11.745026 -293.871147
v 26.957507 12.309601 -293.871147
v 26.104785 12.664520 -293.871147
v 28.725344 9.131836 -294.896294
v 25.189685 12.616333 -295.589409
v 28.604876 10.033722 -295.075737
v 28.251666 10.874115 -295.242730
v 27.689776 11.595764 -295.386284
v 26.957507 12.149506 -295.496392
v 26.104785 12.497620 -295.565728
v 28.725344 8.832825 -295.881890
v 25.189685 12.115143 -297.241509
v 28.604876 9.682343 -296.233940
v 28.251666 10.473969 -296.561821
v 27.689776 11.153778 -296.843315
v 26.957507 11.675385 -297.059380
v 26.104785 12.003296 -297.195366
v 28.725344 8.347229 -296.790581
v 25.189685 11.301239 -298.764458
v 28.604876 9.111755 -297.301323
v 28.251666 9.824219 -297.777397
v 27.689776 10.436005 -298.186333
v 26.957507 10.905457 -298.500054
v 26.104785 11.200562 -298.697075
v 28.725344 7.693695 -297.586968
v 25.189685 10.205872 -300.098931
v 28.604876 8.343903 -298.237114
v 28.251666 8.949799 -298.842827
v 27.689776 9.470093 -299.363091
v 26.957507 9.869324 -299.762261
v 26.104785 10.120300 -300.013237
v 28.725344 6.897400 -298.240288
v 25.189685 8.871216 -301.194390
v 28.604876 7.408264 -299.004937
v 28.251666 7.884308 -299.717339
v 27.689776 8.293091 -300.329155
v 26.957507 8.606781 -300.798638
v 26.104785 8.803955 -301.093560
v 28.725344 5.988892 -298.725884
v 25.189685 7.348480 -302.008355
v 28.604876 6.340790 -299.575493
v 28.251666 6.668701 -300.366997
v 27.689776 6.950287 -301.046929
v 26.957507 7.166321 -301.568413
v 26.104785 7.302155 -301.896294
v 28.725344 5.003113 -299.024956
v 25.189685 5.696228 -302.509575
v 28.604876 5.182495 -299.926812
v 28.251666 5.349670 -300.767144
v 27.689776 5.493225 -301.488823
v 26.957507 5.603363 -302.042534
v 26.104785 5.672607 -302.390679
v -28.725339 -415.196014 340.735298
v -28.725339 415.196167 340.735054
v -28.725339 -415.196136 -340.669243
v -28.725339 415.196045 -340.669365
v 2.048831 -415.196014 340.735298
v 2.048831 415.196167 340.735054
v 2.048831 -415.196136 -340.669243
v 2.048831 415.196045 -340.669365
v -28.725339 -415.196014 312.767036
v -28.725339 415.196167 312.767036
v 2.048831 -415.196014 312.767036
v 2.048831 415.196167 312.767036
v -28.725339 415.196045 -320.407769
v 2.048831 -415.196136 -320.407769
v -28.725339 -415.196136 -320.407769
v 2.048831 415.196045 -320.407769
v -28.725339 399.019653 340.735054
v -28.725339 399.019531 -340.669365
v 2.048831 399.019531 -340.669365
v 2.048831 399.019653 340.735054
v 2.048831 399.019653 312.767036
v -28.725339 399.019653 312.767036
v 2.048831 399.019531 -320.407769
v -28.725339 399.019531 -320.407769
v -28.725339 -401.715729 -340.669243
v 2.048831 -401.715729 -340.669243
v 2.048831 -401.715607 340.735298
v 2.048831 -401.715607 312.767036
v -28.725339 -401.715607 312.767036
v 2.048831 -401.715729 -320.407769
v -28.725339 -401.715729 -320.407769
v -28.725339 -401.715607 340.735298
v -5.844480 399.019531 -320.407769
v -5.844480 399.019653 312.767036
v -5.844480 -401.715607 312.767036
v -5.844480 -401.715729 -320.407769
v -28.725339 -415.196045 258.495063
v 2.048831 415.196106 258.494819
v -28.725339 415.196106 258.494819
v 2.048831 -415.196045 258.495063
v -28.725339 399.019653 258.494819
v 2.048831 399.019653 258.494819
v 2.048831 -401.715637 258.495063
v -28.725339 -401.715637 258.495063
v -5.844480 399.019653 258.494819
v -5.844480 -401.715637 258.495063
v -28.725339 415.196045 -268.611138
v 2.048831 -415.196106 -268.611138
v -28.725339 399.019531 -268.611138
v -28.725339 -401.715698 -268.611138
v -28.725339 -415.196106 -268.611138
v 2.048831 415.196045 -268.611138
v 2.048831 399.019531 -268.611138
v 2.048831 -401.715698 -268.611138
v -5.844480 399.019531 -268.611138
v -5.844480 -401.715698 -268.611138
v -28.725339 353.633789 340.735054
v -28.725339 353.633667 -340.669365
v 2.048831 353.633667 -340.669365
v 2.048831 353.633789 340.735054
v 2.048831 353.633789 312.767036
v -28.725339 353.633789 312.767036
v 2.048831 353.633667 -320.407769
v -28.725339 353.633667 -320.407769
v -5.844480 353.633789 312.767036
v -5.844480 353.633667 -320.407769
v -5.844480 353.633789 258.494819
v -28.725339 353.633789 258.494819
v -5.844480 353.633728 -268.611138
v -28.725339 353.633728 -268.611138
v -28.725339 22.965729 -340.669243
v 2.048831 22.965729 -340.669243
v 2.048831 22.965820 340.735054
v 2.048831 22.965820 312.767036
v -28.725339 22.965820 312.767036
v 2.048831 22.965729 -320.407769
v -28.725339 22.965729 -320.407769
v -5.844480 22.965820 312.767036
v -5.844480 22.965729 -320.407769
v -5.844480 22.965820 258.494819
v -28.725339 22.965820 258.494819
v -5.844480 22.965729 -268.611138
v -28.725339 22.965729 -268.611138
v -28.725339 22.965820 340.735054
v -11.268399 353.633728 -268.611138
v -11.268399 353.633789 258.494819
v -11.268399 22.965820 258.494819
v -11.268399 22.965729 -268.611138
v -28.725339 -24.651978 -340.669243
v 2.048831 -24.651978 -340.669243
v 2.048831 -24.651855 340.735054
v 2.048831 -24.651855 312.767036
v -28.725339 -24.651855 312.767036
v 2.048831 -24.651978 -320.407769
v -28.725339 -24.651978 -320.407769
v -5.844480 -24.651855 312.767036
v -5.844480 -24.651978 -320.407769
v -5.844480 -24.651855 258.494819
v -28.725339 -24.651855 258.494819
v -5.844480 -24.651947 -268.611138
v -28.725339 -24.651947 -268.611138
v -28.725339 -24.651855 340.735054
v -28.725339 -354.125153 -340.669243
v 2.048831 -354.125153 -340.669243
v 2.048831 -354.125031 340.735298
v 2.048831 -354.125031 312.767036
v -28.725339 -354.125031 312.767036
v 2.048831 -354.125153 -320.407769
v -28.725339 -354.125153 -320.407769
v -5.844480 -354.125031 312.767036
v -5.844480 -354.125153 -320.407769
v -5.844480 -354.125061 258.495063
v -28.725339 -354.125061 258.495063
v -5.844480 -354.125122 -268.611138
v -28.725339 -354.125122 -268.611138
v -28.725339 -354.125031 340.735298
v -12.681531 -24.651947 -268.611138
v -12.681531 -24.651855 258.494819
v -12.681531 -354.125061 258.495063
v -12.681531 -354.125122 -268.611138
v -28.725339 -415.196045 232.989937
v 2.048831 415.196106 232.989692
v 2.048831 399.019653 232.989692
v 2.048831 -401.715637 232.989937
v -5.844480 399.019653 232.989692
v -5.844480 -401.715637 232.989937
v -28.725339 415.196106 232.989692
v 2.048831 -415.196045 232.989937
v -28.725339 399.019653 232.989692
v -28.725339 -401.715637 232.989937
v -28.725339 353.633789 232.989692
v -5.844480 353.633789 232.989692
v -5.844480 22.965820 232.989692
v -28.725339 22.965820 232.989692
v -11.268399 353.633789 232.989692
v -11.268399 22.965820 232.989692
v -28.725339 -24.651886 232.989692
v -5.844480 -24.651886 232.989692
v -5.844480 -354.125061 232.989937
v -28.725339 -354.125061 232.989937
v -12.681531 -24.651886 232.989692
v -12.681531 -354.125061 232.989937
v -28.725339 415.196106 224.425728
v 2.048831 -415.196045 224.425972
v -28.725339 399.019653 224.425728
v -28.725339 -401.715637 224.425972
v -28.725339 353.633789 224.425728
v -28.725339 22.965820 224.425728
v -28.725339 -24.651886 224.425728
v -28.725339 -354.125061 224.425972
v -28.725339 -415.196045 224.425972
v 2.048831 415.196106 224.425728
v 2.048831 399.019653 224.425728
v 2.048831 -401.715637 224.425972
v -5.844480 399.019653 224.425728
v -5.844480 -401.715637 224.425972
v -5.844480 353.633789 224.425728
v -5.844480 22.965820 224.425728
v -11.268399 353.633789 224.425728
v -11.268399 22.965820 224.425728
v -5.844480 -24.651886 224.425728
v -5.844480 -354.125061 224.425972
v -12.681531 -24.651886 224.425728
v -12.681531 -354.125061 224.425972
v -28.725339 415.196106 169.508247
v 2.048831 -415.196045 169.508491
v -28.725339 399.019653 169.508247
v -28.725339 -401.715637 169.508491
v -28.725339 353.633789 169.508247
v -28.725339 22.965790 169.508247
v -28.725339 -24.651886 169.508247
v -28.725339 -354.125061 169.508491
v -28.725339 -415.196045 169.508491
v 2.048831 415.196106 169.508247
v 2.048831 399.019653 169.508247
v 2.048831 -401.715637 169.508491
v -5.844480 399.019653 169.508247
v -5.844480 -401.715637 169.508491
v -5.844480 353.633789 169.508247
v -5.844480 22.965790 169.508247
v -11.268399 353.633789 169.508247
v -11.268399 22.965790 169.508247
v -5.844480 -24.651886 169.508247
v -5.844480 -354.125061 169.508491
v -12.681531 -24.651886 169.508247
v -12.681531 -354.125061 169.508491
v -28.725339 415.196106 159.717964
v 2.048831 -415.196045 159.717964
v -28.725339 399.019653 159.717964
v -28.725339 -401.715637 159.717964
v -28.725339 353.633789 159.717964
v -28.725339 22.965790 159.717964
v -28.725339 -24.651886 159.717964
v -28.725339 -354.125061 159.717964
v -28.725339 -415.196045 159.717964
v 2.048831 415.196106 159.717964
v 2.048831 399.019653 159.717964
v 2.048831 -401.715637 159.717964
v -5.844480 399.019653 159.717964
v -5.844480 -401.715637 159.717964
v -5.844480 353.633789 159.717964
v -5.844480 22.965790 159.717964
v -11.268399 353.633789 159.717964
v -11.268399 22.965790 159.717964
v -5.844480 -24.651886 159.717964
v -5.844480 -354.125061 159.717964
v -12.681531 -24.651886 159.717964
v -12.681531 -354.125061 159.717964
v -28.725339 415.196045 -21.404106
v 2.048831 -415.196075 -21.404106
v -28.725339 399.019592 -21.404106
v -28.725339 -401.715668 -21.404106
v -28.725339 353.633789 -21.404106
v -28.725339 22.965759 -21.404106
v -28.725339 -24.651917 -21.404106
v -28.725339 -354.125092 -21.404106
v -28.725339 -415.196075 -21.403862
v 2.048831 415.196045 -21.404106
v 2.048831 399.019592 -21.404106
v 2.048831 -401.715668 -21.403862
v -5.844480 399.019592 -21.404106
v -5.844480 -401.715668 -21.403862
v -5.844480 353.633789 -21.404106
v -5.844480 22.965759 -21.404106
v -11.268399 353.633789 -21.404106
v -11.268399 22.965759 -21.404106
v -5.844480 -24.651917 -21.404106
v -5.844480 -354.125092 -21.404106
v -12.681531 -24.651917 -21.404106
v -12.681531 -354.125092 -21.404106
v -28.725339 415.196045 -29.970757
v 2.048831 -415.196075 -29.970513
v -28.725339 399.019592 -29.970757
v -28.725339 -401.715668 -29.970513
v -28.725339 353.633789 -29.970757
v -28.725339 22.965759 -29.970757
v -28.725339 -24.651917 -29.970757
v -28.725339 -354.125092 -29.970513
v -28.725339 -415.196075 -29.970513
v 2.048831 415.196045 -29.970757
v 2.048831 399.019592 -29.970757
v 2.048831 -401.715668 -29.970513
v -5.844480 399.019592 -29.970757
v -5.844480 -401.715668 -29.970513
v -5.844480 353.633789 -29.970757
v -5.844480 22.965759 -29.970513
v -11.268399 353.633789 -29.970757
v -11.268399 22.965759 -29.970513
v -5.844480 -24.651917 -29.970513
v -5.844480 -354.125092 -29.970513
v -12.681531 -24.651917 -29.970513
v -12.681531 -354.125092 -29.970513
v -28.725339 -415.196075 40.177437
v 2.048831 415.196045 40.177437
v 2.048831 399.019592 40.177437
v 2.048831 -401.715668 40.177437
v -5.844480 399.019592 40.177437
v -5.844480 -401.715668 40.177437
v -5.844480 353.633789 40.177437
v -5.844480 22.965790 40.177437
v -11.268399 353.633789 40.177437
v -11.268399 22.965790 40.177437
v -5.844480 -24.651917 40.177437
v -5.844480 -354.125092 40.177437
v -12.681531 -24.651917 40.177437
v -12.681531 -354.125092 40.177437
v -28.725339 415.196045 40.177437
v 2.048831 -415.196075 40.177437
v -28.725339 399.019592 40.177437
v -28.725339 -401.715668 40.177437
v -28.725339 353.633789 40.177437
v -28.725339 22.965790 40.177437
v -28.725339 -24.651917 40.177437
v -28.725339 -354.125092 40.177437
v -28.725339 415.196045 32.787544
v 2.048831 -415.196075 32.787788
v -28.725339 399.019592 32.787544
v -28.725339 -401.715668 32.787788
v -28.725339 353.633789 32.787544
v -28.725339 22.965790 32.787544
v -28.725339 -24.651917 32.787544
v -28.725339 -354.125092 32.787788
v -28.725339 -415.196075 32.787788
v 2.048831 415.196045 32.787544
v 2.048831 399.019592 32.787544
v 2.048831 -401.715668 32.787788
v -5.844480 399.019592 32.787544
v -5.844480 -401.715668 32.787788
v -5.844480 353.633789 32.787544
v -5.844480 22.965790 32.787544
v -11.268399 353.633789 32.787544
v -11.268399 22.965790 32.787544
v -5.844480 -24.651917 32.787788
v -5.844480 -354.125092 32.787788
v -12.681531 -24.651917 32.787788
v -12.681531 -354.125092 32.787788
v -28.725339 -415.196045 95.166206
v 2.048831 415.196106 95.165962
v 2.048831 399.019653 95.165962
v 2.048831 -401.715637 95.166206
v -5.844480 399.019653 95.165962
v -5.844480 -401.715637 95.166206
v -5.844480 353.633789 95.165962
v -5.844480 22.965790 95.165962
v -11.268399 353.633789 95.165962
v -11.268399 22.965790 95.165962
v -5.844480 -24.651886 95.166206
v -5.844480 -354.125061 95.166206
v -12.681531 -24.651886 95.166206
v -12.681531 -354.125061 95.166206
v -28.725339 415.196106 95.165962
v 2.048831 -415.196045 95.166206
v -28.725339 399.019653 95.165962
v -28.725339 -401.715637 95.166206
v -28.725339 353.633789 95.165962
v -28.725339 22.965790 95.165962
v -28.725339 -24.651886 95.165962
v -28.725339 -354.125061 95.166206
v -28.725339 -415.196045 103.533882
v 2.048831 415.196106 103.533882
v 2.048831 399.019653 103.533882
v 2.048831 -401.715637 103.533882
v -5.844480 399.019653 103.533882
v -5.844480 -401.715637 103.533882
v -5.844480 353.633789 103.533882
v -5.844480 22.965790 103.533882
v -11.268399 353.633789 103.533882
v -11.268399 22.965790 103.533882
v -5.844480 -24.651886 103.533882
v -5.844480 -354.125061 103.533882
v -12.681531 -24.651886 103.533882
v -12.681531 -354.125061 103.533882
v -28.725339 415.196106 103.533882
v 2.048831 -415.196045 103.533882
v -28.725339 399.019653 103.533882
v -28.725339 -401.715637 103.533882
v -28.725339 353.633789 103.533882
v -28.725339 22.965790 103.533882
v -28.725339 -24.651886 103.533882
v -28.725339 -354.125061 103.533882
v -28.725339 415.196045 -85.325493
v 2.048831 -415.196075 -85.325249
v -28.725339 399.019592 -85.325493
v -28.725339 -401.715668 -85.325249
v -28.725339 353.633789 -85.325493
v -28.725339 22.965759 -85.325493
v -28.725339 -24.651917 -85.325493
v -28.725339 -354.125092 -85.325249
v -28.725339 -415.196075 -85.325249
v 2.048831 415.196045 -85.325493
v 2.048831 399.019592 -85.325493
v 2.048831 -401.715668 -85.325249
v -5.844480 399.019592 -85.325493
v -5.844480 -401.715668 -85.325249
v -5.844480 353.633789 -85.325493
v -5.844480 22.965759 -85.325493
v -11.268399 353.633789 -85.325493
v -11.268399 22.965759 -85.325493
v -5.844480 -24.651917 -85.325493
v -5.844480 -354.125092 -85.325249
v -12.681531 -24.651917 -85.325493
v -12.681531 -354.125092 -85.325249
v -28.725339 415.196045 -95.100640
v 2.048831 -415.196106 -95.100640
v -28.725339 399.019531 -95.100640
v -28.725339 -401.715698 -95.100640
v -28.725339 353.633728 -95.100640
v -28.725339 22.965759 -95.100640
v -28.725339 -24.651917 -95.100640
v -28.725339 -354.125122 -95.100640
v -28.725339 -415.196106 -95.100640
v 2.048831 415.196045 -95.100640
v 2.048831 399.019531 -95.100640
v 2.048831 -401.715698 -95.100640
v -5.844480 399.019531 -95.100640
v -5.844480 -401.715698 -95.100640
v -5.844480 353.633728 -95.100640
v -5.844480 22.965759 -95.100640
v -11.268399 353.633728 -95.100640
v -11.268399 22.965759 -95.100640
v -5.844480 -24.651917 -95.100640
v -5.844480 -354.125122 -95.100640
v -12.681531 -24.651917 -95.100640
v -12.681531 -354.125122 -95.100640
v -28.725339 415.196045 -146.420708
v 2.048831 -415.196106 -146.420464
v -28.725339 399.019531 -146.420708
v -28.725339 -401.715698 -146.420464
v -28.725339 353.633728 -146.420708
v -28.725339 22.965759 -146.420708
v -28.725339 -24.651947 -146.420708
v -28.725339 -354.125122 -146.420464
v -28.725339 -415.196106 -146.420464
v 2.048831 415.196045 -146.420708
v 2.048831 399.019531 -146.420708
v 2.048831 -401.715698 -146.420464
v -5.844480 399.019531 -146.420708
v -5.844480 -401.715698 -146.420464
v -5.844480 353.633728 -146.420708
v -5.844480 22.965759 -146.420708
v -11.268399 353.633728 -146.420708
v -11.268399 22.965759 -146.420708
v -5.844480 -24.651947 -146.420708
v -5.844480 -354.125122 -146.420464
v -12.681531 -24.651947 -146.420708
v -12.681531 -354.125122 -146.420464
v -28.725339 415.196045 -157.417778
v 2.048831 -415.196106 -157.417778
v -28.725339 399.019531 -157.417778
v -28.725339 -401.715698 -157.417778
v -28.725339 353.633728 -157.417778
v -28.725339 22.965759 -157.417778
v -28.725339 -24.651947 -157.417778
v -28.725339 -354.125122 -157.417778
v -28.725339 -415.196106 -157.417778
v 2.048831 415.196045 -157.417778
v 2.048831 399.019531 -157.417778
v 2.048831 -401.715698 -157.417778
v -5.844480 399.019531 -157.417778
v -5.844480 -401.715698 -157.417778
v -5.844480 353.633728 -157.417778
v -5.844480 22.965759 -157.417778
v -11.268399 353.633728 -157.417778
v -11.268399 22.965759 -157.417778
v -5.844480 -24.651947 -157.417778
v -5.844480 -354.125122 -157.417778
v -12.681531 -24.651947 -157.417778
v -12.681531 -354.125122 -157.417778
v -28.725339 415.196045 -210.543511
v 2.048831 -415.196106 -210.543511
v -28.725339 399.019531 -210.543511
v -28.725339 -401.715698 -210.543511
v -28.725339 353.633728 -210.543511
v -28.725339 22.965729 -210.543511
v -28.725339 -24.651947 -210.543511
v -28.725339 -354.125122 -210.543511
v -28.725339 -415.196106 -210.543511
v 2.048831 415.196045 -210.543511
v 2.048831 399.019531 -210.543511
v 2.048831 -401.715698 -210.543511
v -5.844480 399.019531 -210.543511
v -5.844480 -401.715698 -210.543511
v -5.844480 353.633728 -210.543511
v -5.844480 22.965729 -210.543511
v -11.268399 353.633728 -210.543511
v -11.268399 22.965729 -210.543511
v -5.844480 -24.651947 -210.543511
v -5.844480 -354.125122 -210.543511
v -12.681531 -24.651947 -210.543511
v -12.681531 -354.125122 -210.543511
v -28.725339 415.196045 -219.379937
v 2.048831 -415.196106 -219.379937
v -28.725339 399.019531 -219.379937
v -28.725339 -401.715698 -219.379937
v -28.725339 353.633728 -219.379937
v -28.725339 22.965729 -219.379937
v -28.725339 -24.651947 -219.379937
v -28.725339 -354.125122 -219.379937
v -28.725339 -415.196106 -219.379937
v 2.048831 415.196045 -219.379937
v 2.048831 399.019531 -219.379937
v 2.048831 -401.715698 -219.379937
v -5.844480 399.019531 -219.379937
v -5.844480 -401.715698 -219.379937
v -5.844480 353.633728 -219.379937
v -5.844480 22.965729 -219.379937
v -11.268399 353.633728 -219.379937
v -11.268399 22.965729 -219.379937
v -5.844480 -24.651947 -219.379937
v -5.844480 -354.125122 -219.379937
v -12.681531 -24.651947 -219.379937
v -12.681531 -354.125122 -219.379937
v -15.916532 -24.651886 224.425728
v -15.916532 -24.651886 232.989692
v -15.916532 -354.125061 224.425972
v -15.916532 -354.125061 232.989937
v -15.916532 -24.651886 159.717964
v -15.916532 -24.651886 169.508247
v -15.916532 -354.125061 159.717964
v -15.916532 -354.125061 169.508491
v -15.916532 -24.651917 -29.970513
v -15.916532 -24.651917 -21.404106
v -15.916532 -354.125092 -29.970513
v -15.916532 -354.125092 -21.404106
v -15.916532 -24.651917 32.787788
v -15.916532 -24.651917 40.177437
v -15.916532 -354.125092 32.787788
v -15.916532 -354.125092 40.177437
v -15.916532 -24.651886 95.166206
v -15.916532 -354.125061 95.166206
v -15.916532 -24.651886 103.533882
v -15.916532 -354.125061 103.533882
v -15.916532 -24.651917 -95.100640
v -15.916532 -24.651917 -85.325493
v -15.916532 -354.125122 -95.100640
v -15.916532 -354.125092 -85.325249
v -15.916532 -24.651947 -157.417778
v -15.916532 -24.651947 -146.420708
v -15.916532 -354.125122 -157.417778
v -15.916532 -354.125122 -146.420464
v -15.916532 -24.651947 -219.379937
v -15.916532 -24.651947 -210.543511
v -15.916532 -354.125122 -219.379937
v -15.916532 -354.125122 -210.543511
v -28.725339 235.070618 340.735054
v -28.725339 235.070496 -340.669365
v 2.048831 235.070496 -340.669365
v 2.048831 235.070618 340.735054
v 2.048831 235.070557 312.767036
v -28.725339 235.070557 312.767036
v 2.048831 235.070496 -320.407769
v -28.725339 235.070496 -320.407769
v -5.844480 235.070557 312.767036
v -5.844480 235.070496 -320.407769
v -5.844480 235.070557 258.494819
v -28.725339 235.070557 258.494819
v -5.844480 235.070496 -268.611138
v -28.725339 235.070496 -268.611138
v -11.268399 235.070557 258.494819
v -11.268399 235.070496 -268.611138
v -11.268399 235.070557 232.989692
v -28.725339 235.070557 232.989692
v -11.268399 235.070557 224.425728
v -28.725339 235.070557 224.425728
v -11.268399 235.070557 169.508247
v -28.725339 235.070557 169.508247
v -11.268399 235.070557 159.717964
v -28.725339 235.070557 159.717964
v -11.268399 235.070557 -21.404106
v -28.725339 235.070557 -21.404106
v -11.268399 235.070557 -29.970757
v -28.725339 235.070557 -29.970757
v -28.725339 235.070557 40.177437
v -11.268399 235.070557 40.177437
v -11.268399 235.070557 32.787544
v -28.725339 235.070557 32.787544
v -28.725339 235.070557 95.165962
v -11.268399 235.070557 95.165962
v -28.725339 235.070557 103.533882
v -11.268399 235.070557 103.533882
v -11.268399 235.070557 -85.325493
v -28.725339 235.070557 -85.325493
v -11.268399 235.070557 -95.100640
v -28.725339 235.070557 -95.100640
v -11.268399 235.070496 -146.420708
v -28.725339 235.070496 -146.420708
v -11.268399 235.070496 -157.417778
v -28.725339 235.070496 -157.417778
v -11.268399 235.070496 -210.543511
v -28.725339 235.070496 -210.543511
v -11.268399 235.070496 -219.379937
v -28.725339 235.070496 -219.379937
v -28.725339 -282.798706 340.735298
v -28.725339 -282.798828 -340.669243
v 2.048831 -282.798828 -340.669243
v 2.048831 -282.798706 340.735298
v 2.048831 -282.798706 312.767036
v -28.725339 -282.798706 312.767036
v 2.048831 -282.798828 -320.407769
v -28.725339 -282.798828 -320.407769
v -5.844480 -282.798706 312.767036
v -5.844480 -282.798828 -320.407769
v -5.844480 -282.798737 258.495063
v -28.725339 -282.798737 258.495063
v -5.844480 -282.798798 -268.611138
v -28.725339 -282.798798 -268.611138
v -12.681531 -282.798737 258.495063
v -12.681531 -282.798798 -268.611138
v -12.681531 -282.798737 232.989937
v -28.725339 -282.798737 232.989937
v -12.681531 -282.798737 224.425972
v -28.725339 -282.798737 224.425972
v -12.681531 -282.798737 169.508491
v -28.725339 -282.798737 169.508491
v -12.681531 -282.798737 159.717964
v -28.725339 -282.798737 159.717964
v -12.681531 -282.798767 -21.404106
v -28.725339 -282.798767 -21.404106
v -12.681531 -282.798767 -29.970513
v -28.725339 -282.798767 -29.970513
v -28.725339 -282.798767 40.177437
v -12.681531 -282.798767 40.177437
v -12.681531 -282.798767 32.787788
v -28.725339 -282.798767 32.787788
v -28.725339 -282.798737 95.166206
v -12.681531 -282.798737 95.166206
v -28.725339 -282.798737 103.533882
v -12.681531 -282.798737 103.533882
v -12.681531 -282.798767 -85.325249
v -28.725339 -282.798767 -85.325249
v -12.681531 -282.798798 -95.100640
v -28.725339 -282.798798 -95.100640
v -12.681531 -282.798798 -146.420708
v -28.725339 -282.798798 -146.420708
v -12.681531 -282.798798 -157.417778
v -28.725339 -282.798798 -157.417778
v -12.681531 -282.798798 -210.543511
v -28.725339 -282.798798 -210.543511
v -12.681531 -282.798798 -219.379937
v -28.725339 -282.798798 -219.379937
v -15.916532 -282.798737 232.989937
v -15.916532 -282.798737 224.425972
v -15.916532 -282.798737 169.508491
v -15.916532 -282.798737 159.717964
v -15.916532 -282.798767 -21.404106
v -15.916532 -282.798767 -29.970513
v -15.916532 -282.798767 40.177437
v -15.916532 -282.798767 32.787788
v -15.916532 -282.798737 95.166206
v -15.916532 -282.798737 103.533882
v -15.916532 -282.798767 -85.325249
v -15.916532 -282.798798 -95.100640
v -15.916532 -282.798798 -146.420708
v -15.916532 -282.798798 -157.417778
v -15.916532 -282.798798 -210.543511
v -15.916532 -282.798798 -219.379937
vt 0.626846 1.000000
vt 0.623154 1.000000
vt 0.156528 0.389892
vt 0.393190 0.250000
vt 0.968750 1.000000
vt 0.687500 1.000000
vt 0.375000 0.250000
vt 0.125000 0.500000
vt 0.356444 0.090694
vt 0.437500 1.000000
vt 0.062500 1.000000
vt 0.448313 0.560469
vt 0.968750 0.738208
vt 0.500000 1.000000
vt 0.999156 1.000000
vt 0.000844 1.000000
vt 0.250000 1.000000
vt 0.906250 0.500000
vt 0.883337 0.449553
vt 0.323320 0.427011
vt 0.313344 1.000000
vt 0.812500 0.500000
vt 0.971731 0.341844
vt 0.593750 1.000000
vt 0.343473 0.389892
vt 0.531465 1.000000
vt 0.531035 1.000000
vt 0.218750 0.500000
vt 0.514612 0.296822
vt 0.155705 0.470421
vt 0.160816 0.472538
vt 0.749156 1.000000
vt 0.531250 1.000000
vt 0.125000 0.500000
vt 0.580295 0.419706
vt 0.656250 1.000000
vt 0.656250 1.000000
vt 0.625000 0.500000
vt 0.212622 0.437914
vt 0.093750 1.000000
vt 0.125215 1.000000
vt 0.124785 1.000000
vt 0.719594 1.000000
vt 0.717906 1.000000
vt 0.448313 0.051759
vt 0.531250 0.506625
vt 0.277935 0.109561
vt 0.250000 1.000000
vt 0.907094 1.000000
vt 0.439996 0.062246
vt 0.593750 0.506625
vt 0.114522 0.114522
vt 0.062500 1.000000
vt 1.000000 0.738208
vt 0.282094 1.000000
vt 0.280406 1.000000
vt 0.376846 1.000000
vt 0.373154 1.000000
vt 0.218750 1.000000
vt 0.417557 0.421469
vt 0.421469 0.417557
vt 0.500215 1.000000
vt 0.499785 1.000000
vt 0.186656 1.000000
vt 0.382291 0.195204
vt 0.187500 1.000000
vt 0.625000 1.000000
vt 0.093750 1.000000
vt 0.375000 0.738208
vt 0.469128 0.679019
vt 0.250000 0.081753
vt 0.187500 1.000000
vt 0.433630 0.668376
vt 0.656250 0.738208
vt 0.687500 1.000000
vt 0.093750 1.000000
vt 0.398347 0.643057
vt 0.718750 0.738208
vt 0.029579 0.155705
vt 0.968750 1.000000
vt 0.389892 0.343473
vt 0.027462 0.160816
vt 0.533096 1.000000
vt 0.529404 1.000000
vt 0.500000 0.500000
vt 0.750000 0.010000
vt 0.148749 0.351251
vt 0.562500 1.000000
vt 0.450863 0.119114
vt 0.447790 0.114515
vt 0.812500 1.000000
vt 0.657094 1.000000
vt 0.655406 1.000000
vt 0.465632 0.062246
vt 0.406250 0.506625
vt 0.385478 0.114522
vt 0.031250 1.000000
vt 0.156250 1.000000
vt 0.844594 1.000000
vt 0.461643 0.055755
vt 0.437500 0.506625
vt 0.219594 1.000000
vt 0.217906 1.000000
vt 0.398347 0.134347
vt 0.781250 0.506625
vt 0.084986 0.217177
vt 0.156250 1.000000
vt 0.304796 0.382291
vt 0.437715 1.000000
vt 0.437285 1.000000
vt 0.062500 1.000000
vt 0.437914 0.287378
vt 0.625215 1.000000
vt 0.624785 1.000000
vt 0.114515 0.447790
vt 0.119115 0.450863
vt 0.418247 0.250000
vt 0.000000 1.000000
vt 0.375000 0.750000
vt 0.156250 1.000000
vt 0.452814 0.559119
vt 0.000000 0.738208
vt 0.468750 1.000000
vt 0.443984 0.694245
vt 0.562500 0.738208
vt 0.148749 0.148749
vt 0.938344 1.000000
vt 0.470596 1.000000
vt 0.466904 1.000000
vt 0.781250 0.500000
vt 0.985388 0.296822
vt 0.062086 0.287379
vt 0.656250 1.000000
vt 0.380886 0.450863
vt 0.385485 0.447790
vt 0.500000 1.000000
vt 0.187500 0.500000
vt 0.528269 0.341844
vt 0.094561 0.314385
vt 0.390439 0.222065
vt 0.033096 1.000000
vt 0.029404 1.000000
vt 0.625000 1.000000
vt 0.093750 0.500000
vt 0.616663 0.449553
vt 0.475442 0.134347
vt 0.218750 0.506625
vt 1.000000 1.000000
vt 0.323320 0.072989
vt 0.062500 1.000000
vt 0.093750 1.000000
vt 0.474130 0.093767
vt 0.312500 0.506625
vt 0.282823 0.084986
vt 0.218750 1.000000
vt 0.157094 1.000000
vt 0.439996 0.179044
vt 0.906250 0.506625
vt 0.125000 1.000000
vt 0.344594 1.000000
vt 0.374785 1.000000
vt 0.052210 0.114515
vt 0.968750 1.000000
vt 0.049137 0.119114
vt 0.562715 1.000000
vt 0.130942 0.329552
vt 0.842906 1.000000
vt 0.593750 1.000000
vt 0.500000 1.000000
vt 0.750844 1.000000
vt 0.125000 0.738208
vt 0.469128 0.579691
vt 0.252766 0.010272
vt 0.247234 0.010272
vt 0.399660 0.656233
vt 0.687500 0.738208
vt 0.906250 1.000000
vt 0.212622 0.062086
vt 0.408096 1.000000
vt 0.404404 1.000000
vt 0.397904 0.629355
vt 0.750000 0.738208
vt 0.312715 1.000000
vt 0.000000 1.000000
vt 0.312285 1.000000
vt 0.437500 1.000000
vt 0.468750 0.500000
vt 0.703178 0.014612
vt 0.131032 0.368969
vt 0.427011 0.323320
vt 0.375000 0.500000
vt 0.580294 0.080294
vt 0.656035 1.000000
vt 0.531250 1.000000
vt 0.465632 0.179044
vt 0.093750 0.506625
vt 0.000000 1.000000
vt 0.094594 1.000000
vt 0.092906 1.000000
vt 0.461643 0.185535
vt 0.062500 0.506625
vt 0.000000 1.000000
vt 0.876846 1.000000
vt 0.873154 1.000000
vt 0.015418 0.200519
vt 0.562500 1.000000
vt 0.014339 0.205944
vt 0.314385 0.405439
vt 0.406250 1.000000
vt 0.406250 1.000000
vt 0.058405 0.250000
vt 0.468750 1.000000
vt 0.780406 1.000000
vt 0.593750 1.000000
vt 0.489728 0.252766
vt 0.489728 0.247234
vt 0.062715 1.000000
vt 0.406250 1.000000
vt 0.062285 1.000000
vt 0.688344 1.000000
vt 0.061656 1.000000
vt 0.375000 0.500000
vt 0.304797 0.117709
vt 0.448313 0.698241
vt 0.531250 0.738208
vt 0.437500 1.000000
vt 0.562285 1.000000
vt 0.250844 1.000000
vt 0.249156 1.000000
vt 0.439996 0.687754
vt 0.593750 0.738208
vt 0.131032 0.131032
vt 1.000000 0.506625
vt 0.329552 0.369058
vt 0.970596 1.000000
vt 0.966904 1.000000
vt 0.468965 1.000000
vt 0.468535 1.000000
vt 0.750000 0.500000
vt 0.990000 0.250000
vt 0.093750 1.000000
vt 0.156250 0.500000
vt 0.550447 0.383337
vt 0.027462 0.339185
vt 0.029579 0.344295
vt 0.415014 0.217177
vt 0.062500 1.000000
vt 0.062500 0.500000
vt 0.658156 0.471731
vt 0.475886 0.120645
vt 0.250000 0.506625
vt 0.937500 1.000000
vt 0.474130 0.147523
vt 0.187500 0.506625
vt 0.299481 0.015418
vt 0.187500 1.000000
vt 0.294056 0.014339
vt 0.436499 0.070981
vt 0.625000 0.506625
vt 0.130942 0.170448
vt 0.000000 1.000000
vt 0.343750 1.000000
vt 0.031250 1.000000
vt 0.843750 1.000000
vt 0.531250 1.000000
vt 0.110108 0.343473
vt 0.382291 0.304797
vt 0.594594 1.000000
vt 0.592906 1.000000
vt 0.409306 0.143555
vt 0.906250 1.000000
vt 0.406250 0.738208
vt 0.465632 0.687754
vt 0.188344 1.000000
vt 0.783096 1.000000
vt 0.779404 1.000000
vt 0.437500 0.738208
vt 0.461643 0.694245
vt 0.875000 1.000000
vt 0.939346 1.000000
vt 0.287378 0.437914
vt 0.935654 1.000000
vt 0.406465 1.000000
vt 0.406035 1.000000
vt 0.398347 0.615653
vt 0.781250 0.738208
vt 0.031250 1.000000
vt 0.437500 0.500000
vt 0.658156 0.028269
vt 0.106810 0.250000
vt 0.343750 0.500000
vt 0.550447 0.116663
vt 0.143556 0.409306
vt 0.250000 1.000000
vt 0.329552 0.130942
vt 0.687500 1.000000
vt 0.457315 0.189531
vt 0.031250 0.506625
vt 0.176680 0.072989
vt 0.999785 1.000000
vt 0.000215 1.000000
vt 0.875215 1.000000
vt 0.874785 1.000000
vt 0.156527 0.110108
vt 0.062500 1.000000
vt 0.339184 0.472538
vt 0.344295 0.470421
vt 0.468750 1.000000
vt 0.875000 1.000000
vt 0.356445 0.409306
vt 0.031250 1.000000
vt 0.812500 1.000000
vt 0.222065 0.390439
vt 0.218750 0.738208
vt 0.475442 0.615653
vt 0.314385 0.094560
vt 0.125844 1.000000
vt 0.124156 1.000000
vt 0.720596 1.000000
vt 0.716904 1.000000
vt 0.443984 0.564465
vt 0.937500 0.738208
vt 0.656250 1.000000
vt 0.908096 1.000000
vt 0.904404 1.000000
vt 0.439996 0.570956
vt 0.906250 0.738208
vt 0.082443 0.078531
vt 0.968965 1.000000
vt 0.968535 1.000000
vt 0.078531 0.082443
vt 0.283096 1.000000
vt 0.279404 1.000000
vt 0.718750 0.500000
vt 0.985388 0.203178
vt 0.117709 0.304797
vt 0.500000 1.000000
vt 0.500844 1.000000
vt 0.625000 0.500000
vt 0.919706 0.080294
vt 0.485661 0.205944
vt 0.484582 0.200519
vt 0.468750 1.000000
vt 0.031250 0.500000
vt 0.703179 0.485389
vt 0.475442 0.106943
vt 0.281250 0.506625
vt 0.375000 1.000000
vt 0.427011 0.176680
vt 0.375000 1.000000
vt 0.471997 0.081624
vt 0.343750 0.506625
vt 0.406250 1.000000
vt 0.812715 1.000000
vt 0.812285 1.000000
vt 0.436499 0.170309
vt 0.875000 0.506625
vt 0.110108 0.156527
vt 0.937500 1.000000
vt 0.277935 0.390439
vt 0.399660 0.093767
vt 0.687500 0.506625
vt 0.312500 1.000000
vt 0.156250 1.000000
vt 0.409306 0.356445
vt 0.049137 0.380886
vt 0.052211 0.385486
vt 0.405439 0.314385
vt 0.114522 0.385478
vt 0.658096 1.000000
vt 0.654404 1.000000
vt 0.093750 0.738208
vt 0.465632 0.570956
vt 0.421469 0.082443
vt 0.417557 0.078531
vt 0.845596 1.000000
vt 0.841904 1.000000
vt 0.062500 0.738208
vt 0.461643 0.564465
vt 0.843750 1.000000
vt 0.195203 0.117709
vt 0.937715 1.000000
vt 0.937285 1.000000
vt 0.967906 1.000000
vt 0.220596 1.000000
vt 0.216904 1.000000
vt 0.375000 1.000000
vt 0.000000 0.500000
vt 0.750000 0.490000
vt 0.000000 1.000000
vt 0.062086 0.212622
vt 0.437500 1.000000
vt 0.252766 0.489728
vt 0.247234 0.489728
vt 0.438344 1.000000
vt 0.436656 1.000000
vt 0.406250 0.500000
vt 0.616663 0.050447
vt 0.081754 0.250000
vt 0.343750 1.000000
vt 0.390439 0.277935
vt 0.625844 1.000000
vt 0.624156 1.000000
vt 0.312500 0.500000
vt 0.528269 0.158156
vt 0.625000 0.000000
vt 0.875000 0.750000
vt 0.343473 0.110108
vt 0.406250 1.000000
vt 0.814346 1.000000
vt 0.810654 1.000000
vt 0.452814 0.050409
vt 0.500000 0.506625
vt 0.998154 1.000000
vt 0.001846 1.000000
vt 0.119114 0.049137
vt 0.968750 1.000000
vt 0.114515 0.052211
vt 1.000000 1.000000
vt 0.109561 0.277935
vt 0.937500 1.000000
vt 0.905406 1.000000
vt 0.176680 0.427011
vt 0.718750 1.000000
vt 0.718750 1.000000
vt 0.250000 1.000000
vt 0.217177 0.415014
vt 0.250000 0.738208
vt 0.475886 0.629355
vt 0.344295 0.029579
vt 0.339184 0.027462
vt 0.718965 1.000000
vt 0.187500 0.738208
vt 0.474129 0.602477
vt 0.625000 1.000000
vt 1.000000 1.000000
vt 0.287378 0.062086
vt 0.158096 1.000000
vt 0.154404 1.000000
vt 0.906465 1.000000
vt 0.906035 1.000000
vt 0.436499 0.679019
vt 0.625000 0.738208
vt 0.781250 1.000000
vt 1.000000 1.000000
vt 0.375215 1.000000
vt 0.093750 1.000000
vt 0.345596 1.000000
vt 0.341904 1.000000
vt 0.375844 1.000000
vt 0.374156 1.000000
vt 0.687500 0.500000
vt 0.971731 0.158156
vt 0.342906 1.000000
vt 0.906250 1.000000
vt 0.385478 0.385478
vt 0.563344 1.000000
vt 0.561656 1.000000
vt 0.593750 0.500000
vt 0.883337 0.050447
vt 0.718535 1.000000
vt 0.875000 1.000000
vt 0.686656 1.000000
vt 0.781250 1.000000
vt 0.751846 1.000000
vt 0.748154 1.000000
vt 0.471997 0.159666
vt 0.156250 0.506625
vt 0.375000 1.000000
vt 0.781250 1.000000
vt 0.433630 0.159666
vt 0.843750 0.506625
vt 0.222065 0.109561
vt 0.937500 1.000000
vt 0.282823 0.415014
vt 0.314346 1.000000
vt 0.310654 1.000000
vt 0.399660 0.147523
vt 0.812500 0.506625
vt 0.072989 0.176680
vt 0.968750 1.000000
vt 0.250000 0.393190
vt 0.532094 1.000000
vt 0.530406 1.000000
vt 0.156035 1.000000
vt 0.470421 0.344295
vt 0.472538 0.339184
vt 0.351251 0.148749
vt 0.562500 1.000000
vt 1.000000 1.000000
vt 0.656465 1.000000
vt 0.468750 0.738208
vt 0.457315 0.698241
vt 0.031250 1.000000
vt 0.095596 1.000000
vt 0.091904 1.000000
vt 0.031250 0.738208
vt 0.457315 0.560469
vt 0.812500 1.000000
vt 0.185615 0.094561
vt 0.906250 1.000000
vt 0.218965 1.000000
vt 0.218535 1.000000
vt 0.968750 0.500000
vt 0.796822 0.485388
vt 0.968750 1.000000
vt 0.843750 1.000000
vt 0.250000 0.418247
vt 0.875000 0.500000
vt 0.919706 0.419706
vt 0.010272 0.247234
vt 0.750000 1.000000
vt 0.010272 0.252766
vt 0.415014 0.282823
vt 0.281250 0.500000
vt 0.514611 0.203179
vt 0.195204 0.382291
vt 1.000000 1.000000
vt 0.063344 1.000000
vt 0.687500 1.000000
vt 0.689346 1.000000
vt 0.685654 1.000000
vt 0.625000 0.250000
vt 0.875000 0.500000
vt 0.385485 0.052210
vt 0.156250 1.000000
vt 0.380886 0.049137
vt 0.064346 1.000000
vt 0.060654 1.000000
vt 0.448313 0.189531
vt 0.968750 0.506625
vt 0.170448 0.130942
vt 0.251846 1.000000
vt 0.248154 1.000000
vt 0.443984 0.185535
vt 0.937500 0.506625
vt 0.281250 1.000000
vt 0.469594 1.000000
vt 0.467906 1.000000
vt 0.084986 0.282824
vt 1.000000 0.500000
vt 0.351251 0.351251
vt 0.375000 1.000000
vt 0.437914 0.212622
vt 0.032094 1.000000
vt 0.030406 1.000000
vt 0.343750 1.000000
vt 0.200519 0.484582
vt 0.281250 0.738208
vt 0.475442 0.643057
vt 0.205945 0.485661
vt 0.405439 0.185615
vt 0.312500 1.000000
vt 0.781465 1.000000
vt 0.781035 1.000000
vt 0.343750 0.738208
vt 0.471997 0.668376
vt 0.593750 1.000000
vt 0.156465 1.000000
vt 0.875000 1.000000
vt 0.436499 0.579691
vt 0.875000 0.738208
vt 0.750000 1.000000
vt 0.937500 1.000000
vt 0.343965 1.000000
vt 0.343535 1.000000
vt 0.656250 0.500000
vt 0.949553 0.116663
vt 0.117709 0.195204
vt 0.031250 1.000000
vt 0.562500 0.500000
vt 0.841844 0.028269
vt 0.090695 0.356445
vt 0.447790 0.385485
vt 0.450863 0.380886
vt 0.595596 1.000000
vt 0.591904 1.000000
vt 0.718750 1.000000
vt 0.369058 0.170448
vt 0.218750 1.000000
vt 0.843750 1.000000
vt 0.750215 1.000000
vt 0.749785 1.000000
vt 0.469128 0.070981
vt 0.375000 0.506625
vt 0.250000 0.058405
vt 0.343750 1.000000
vt 0.189346 1.000000
vt 0.185654 1.000000
vt 0.433630 0.081624
vt 0.656250 0.506625
vt 0.217177 0.084986
vt 0.294056 0.485661
vt 0.218750 1.000000
vt 0.299481 0.484582
vt 0.407094 1.000000
vt 0.405406 1.000000
vt 0.718750 0.506625
vt 0.398347 0.106943
vt 0.311656 1.000000
vt 0.312500 1.000000
vt 0.564346 1.000000
vt 0.560654 1.000000
vt 0.170448 0.369059
vt 0.368968 0.131032
vt 0.281250 1.000000
vt 0.625000 1.000000
vt 0.375000 0.000000
vt 0.125000 0.750000
vt 0.093965 1.000000
vt 0.093535 1.000000
vt 0.812500 1.000000
vt 0.452814 0.699591
vt 0.500000 0.738208
vt 0.531250 1.000000
vt 0.160815 0.027462
vt 0.155705 0.029579
vt 0.281465 1.000000
vt 0.281035 1.000000
vt 0.875844 1.000000
vt 0.874156 1.000000
vt 0.937500 0.500000
vt 0.841844 0.471731
vt 0.937500 1.000000
vt 0.143555 0.090694
vt 0.281250 1.000000
vt 0.843750 0.500000
vt 0.949553 0.383337
vt 0.187500 1.000000
vt 0.484582 0.299481
vt 0.485661 0.294056
vt 0.250000 0.500000
vt 0.510000 0.250000
vt 0.185615 0.405440
vt 0.441595 0.250000
vt 0.125000 1.000000
vt 0.687715 1.000000
vt 0.687285 1.000000
vt 0.625000 0.750000
vt 0.593535 1.000000
vt 0.125000 1.000000
vt 0.126846 1.000000
vt 0.123154 1.000000
vt 0.452814 0.190881
vt 0.000000 0.506625
vt 0.281250 1.000000
vt 0.250215 1.000000
vt 0.249785 1.000000
vt 0.443984 0.055755
vt 0.562500 0.506625
vt 0.969594 1.000000
vt 0.014339 0.294056
vt 0.781250 1.000000
vt 0.015418 0.299482
vt 0.368968 0.368968
vt 0.501846 1.000000
vt 0.498154 1.000000
vt 0.072989 0.323320
vt 0.750000 1.000000
vt 0.031465 1.000000
vt 0.312500 0.738208
vt 0.474129 0.656233
vt 0.031035 1.000000
vt 0.472538 0.160816
vt 0.656250 1.000000
vt 0.470421 0.155705
vt 0.750000 1.000000
vt 0.156250 0.738208
vt 0.471997 0.590334
vt 0.562500 1.000000
vt 0.250000 0.106810
vt 0.125000 1.000000
vt 0.813344 1.000000
vt 0.811656 1.000000
vt 0.433630 0.590334
vt 0.843750 0.738208
vt 0.718750 1.000000
vt 0.090694 0.143556
vt 0.125000 1.000000
vt 0.399660 0.602477
vt 0.812500 0.738208
vt 0.094560 0.185615
vt 0.156250 1.000000
vt 0.369058 0.329552
vt 0.531250 0.500000
vt 0.796822 0.014612
vt 0.155406 1.000000
vt 0.843965 1.000000
vt 0.843535 1.000000
vt 0.593965 1.000000
vt 0.078531 0.417557
vt 0.082443 0.421469
vt 0.389892 0.156527
vt 0.125000 1.000000
vt 0.469128 0.170309
vt 0.125000 0.506625
vt 0.499156 1.000000
vt 0.312500 1.000000
vt 0.187715 1.000000
vt 0.187285 1.000000
vt 0.782094 1.000000
vt 0.457315 0.051759
vt 0.468750 0.506625
vt 0.205944 0.014339
vt 0.936656 1.000000
vt 0.200519 0.015418
vt 0.750000 0.506625
vt 0.397904 0.120645
vt 0.109561 0.222065
vt 0.718750 1.000000
vt 0.250000 0.441595
vt 0.439346 1.000000
vt 0.435654 1.000000
vt 0.625000 1.000000
vt 0.797494 0.873488
vt 0.797494 0.890041
vt 0.816144 0.890041
vt 0.816144 0.873487
vt 0.845941 0.859854
vt 0.845941 0.872261
vt 0.911664 0.872261
vt 0.911664 0.859854
vt 0.214696 0.873487
vt 0.214696 0.890041
vt 0.188953 0.890041
vt 0.188953 0.873487
vt 0.911664 0.859854
vt 0.911664 0.872261
vt 0.845941 0.872261
vt 0.845941 0.859854
vt 0.845941 0.375111
vt 0.911664 0.375111
vt 0.911664 0.356669
vt 0.845941 0.356669
vt 0.911664 0.375111
vt 0.845941 0.375111
vt 0.845941 0.356669
vt 0.911664 0.356669
vt 0.911664 0.410897
vt 0.845941 0.410897
vt 0.845941 0.410897
vt 0.911664 0.410897
vt 0.264650 0.873487
vt 0.264650 0.890041
vt 0.188953 0.873487
vt 0.188953 0.890041
vt 0.214696 0.890041
vt 0.214696 0.873487
vt 0.816144 0.873487
vt 0.816144 0.890041
vt 0.797494 0.890041
vt 0.797494 0.873487
vt 0.845941 0.805971
vt 0.911664 0.805971
vt 0.911664 0.792611
vt 0.845941 0.792611
vt 0.911664 0.805971
vt 0.845941 0.805971
vt 0.845941 0.792611
vt 0.911664 0.792611
vt 0.749819 0.873488
vt 0.749819 0.890041
vt 0.749819 0.827043
vt 0.797494 0.827043
vt 0.816144 0.827043
vt 0.797494 0.827043
vt 0.188953 0.827043
vt 0.214696 0.827043
vt 0.621952 0.004653
vt 0.637544 0.004653
vt 0.637544 0.037528
vt 0.621952 0.037528
vt 0.911664 0.825045
vt 0.845941 0.825045
vt 0.214696 0.827043
vt 0.188953 0.827043
vt 0.845941 0.825045
vt 0.911664 0.825045
vt 0.816144 0.827043
vt 0.797494 0.040280
vt 0.797494 0.054074
vt 0.816144 0.054074
vt 0.816144 0.040280
vt 0.845941 0.235386
vt 0.845941 0.245725
vt 0.911664 0.245725
vt 0.911664 0.235386
vt 0.214696 0.040280
vt 0.214696 0.054074
vt 0.188953 0.054074
vt 0.188953 0.040280
vt 0.911664 0.235386
vt 0.911664 0.245725
vt 0.845941 0.245725
vt 0.845941 0.235386
vt 0.264650 0.040280
vt 0.264650 0.054074
vt 0.188953 0.040280
vt 0.188953 0.054074
vt 0.214696 0.054074
vt 0.214696 0.040280
vt 0.816144 0.040280
vt 0.816144 0.054074
vt 0.797494 0.054074
vt 0.797494 0.040280
vt 0.749819 0.040280
vt 0.749819 0.054074
vt 0.264650 0.827043
vt 0.264650 0.873487
vt 0.214696 0.873487
vt 0.214696 0.827043
vt 0.378805 0.004653
vt 0.362456 0.004653
vt 0.362456 0.037528
vt 0.378805 0.037528
vt 0.579375 0.004653
vt 0.594673 0.004653
vt 0.594673 0.037528
vt 0.579375 0.037528
vt 0.423691 0.004653
vt 0.407661 0.004653
vt 0.407661 0.037528
vt 0.423691 0.037528
vt 0.431224 0.004653
vt 0.431224 0.037528
vt 0.407661 0.004653
vt 0.423691 0.004653
vt 0.423691 0.037528
vt 0.407661 0.037528
vt 0.288126 0.827043
vt 0.288126 0.873487
vt 0.264650 0.054074
vt 0.264650 0.040280
vt 0.288126 0.040280
vt 0.288126 0.054074
vt 0.264650 0.873487
vt 0.264650 0.827043
vt 0.264650 0.890041
vt 0.288126 0.873487
vt 0.288126 0.890041
vt 0.845941 0.427714
vt 0.911664 0.427714
vt 0.911664 0.427714
vt 0.845941 0.427714
vt 0.845941 0.758458
vt 0.911664 0.758458
vt 0.911664 0.758458
vt 0.845941 0.758458
vt 0.749819 0.890041
vt 0.749819 0.873487
vt 0.749819 0.054074
vt 0.749819 0.040280
vt 0.797494 0.827043
vt 0.797494 0.873487
vt 0.749819 0.873487
vt 0.749819 0.827043
vt 0.594673 0.004653
vt 0.579375 0.004653
vt 0.579375 0.037528
vt 0.594673 0.037528
vt 0.564834 0.004653
vt 0.564834 0.037528
vt 0.704504 0.040280
vt 0.704504 0.054074
vt 0.704504 0.827043
vt 0.704504 0.873488
vt 0.704504 0.890041
vt 0.704504 0.705714
vt 0.749819 0.705714
vt 0.797494 0.705714
vt 0.749819 0.705714
vt 0.214696 0.705714
vt 0.264650 0.705714
vt 0.264650 0.705714
vt 0.264650 0.488662
vt 0.264650 0.488662
vt 0.264650 0.705714
vt 0.637544 0.004653
vt 0.621952 0.004653
vt 0.621952 0.037528
vt 0.637544 0.037528
vt 0.264650 0.553214
vt 0.264650 0.674543
vt 0.214696 0.674543
vt 0.214696 0.553214
vt 0.797494 0.705714
vt 0.816144 0.705714
vt 0.845941 0.734112
vt 0.911664 0.734112
vt 0.214696 0.553214
vt 0.214696 0.674543
vt 0.188953 0.674543
vt 0.188953 0.553214
vt 0.911664 0.734112
vt 0.845941 0.734112
vt 0.581220 0.004653
vt 0.581220 0.037528
vt 0.188953 0.705714
vt 0.816144 0.705714
vt 0.797494 0.705714
vt 0.749819 0.439934
vt 0.749819 0.488662
vt 0.797494 0.488662
vt 0.797494 0.439934
vt 0.816144 0.439934
vt 0.816144 0.488662
vt 0.797494 0.488662
vt 0.797494 0.439934
vt 0.188953 0.439933
vt 0.188953 0.488662
vt 0.214696 0.488662
vt 0.214696 0.439934
vt 0.491994 0.004653
vt 0.508353 0.004653
vt 0.508353 0.037528
vt 0.491994 0.037528
vt 0.911664 0.534916
vt 0.911664 0.571437
vt 0.845941 0.571437
vt 0.845941 0.534916
vt 0.214696 0.439934
vt 0.214696 0.488662
vt 0.188953 0.488662
vt 0.188953 0.439934
vt 0.845941 0.534916
vt 0.845941 0.571437
vt 0.911664 0.571437
vt 0.911664 0.534916
vt 0.816144 0.488662
vt 0.816144 0.439934
vt 0.264650 0.439934
vt 0.214696 0.488662
vt 0.214696 0.439934
vt 0.288126 0.439934
vt 0.288126 0.488662
vt 0.264650 0.488662
vt 0.264650 0.439934
vt 0.797494 0.439934
vt 0.797494 0.488662
vt 0.749819 0.488662
vt 0.749819 0.439934
vt 0.704504 0.439934
vt 0.704504 0.488662
vt 0.581220 0.004653
vt 0.508353 0.004653
vt 0.508353 0.037528
vt 0.581220 0.037528
vt 0.288126 0.705714
vt 0.288126 0.827043
vt 0.264650 0.827043
vt 0.704504 0.488662
vt 0.749819 0.488662
vt 0.704504 0.488662
vt 0.749819 0.827043
vt 0.749819 0.705714
vt 0.704504 0.175765
vt 0.749819 0.175765
vt 0.797494 0.175765
vt 0.749819 0.175765
vt 0.214696 0.175765
vt 0.264650 0.175765
vt 0.264650 0.439934
vt 0.288126 0.439934
vt 0.264650 0.175765
vt 0.214696 0.175765
vt 0.797494 0.175765
vt 0.816144 0.175765
vt 0.845941 0.336929
vt 0.911664 0.336929
vt 0.214696 0.175765
vt 0.188953 0.175765
vt 0.911664 0.336929
vt 0.845941 0.336929
vt 0.403309 0.004653
vt 0.403309 0.037528
vt 0.188953 0.175765
vt 0.816144 0.175765
vt 0.797494 0.175765
vt 0.491994 0.004653
vt 0.491994 0.037528
vt 0.749819 0.102775
vt 0.797494 0.102775
vt 0.816144 0.102775
vt 0.797494 0.102775
vt 0.188953 0.102775
vt 0.214696 0.102775
vt 0.362456 0.004653
vt 0.378805 0.004653
vt 0.378805 0.037528
vt 0.362456 0.037528
vt 0.911664 0.282225
vt 0.845941 0.282225
vt 0.214696 0.102775
vt 0.188953 0.102775
vt 0.845941 0.282225
vt 0.911664 0.282225
vt 0.816144 0.102775
vt 0.264650 0.054074
vt 0.264650 0.102775
vt 0.214696 0.102775
vt 0.214696 0.054074
vt 0.288126 0.054074
vt 0.288126 0.102775
vt 0.264650 0.102775
vt 0.797494 0.054074
vt 0.797494 0.102775
vt 0.749819 0.102775
vt 0.749819 0.054074
vt 0.704504 0.102775
vt 0.403309 0.004653
vt 0.403309 0.037528
vt 0.288126 0.175765
vt 0.264650 0.175765
vt 0.749819 0.439934
vt 0.749819 0.175765
vt 0.264650 0.102775
vt 0.704504 0.102775
vt 0.749819 0.102775
vt 0.704504 0.102775
vt 0.288126 0.102775
vt 0.637350 0.102775
vt 0.647472 0.102775
vt 0.647472 0.102775
vt 0.637350 0.102775
vt 0.288126 0.102775
vt 0.288126 0.054074
vt 0.296008 0.054074
vt 0.296008 0.102775
vt 0.296008 0.439934
vt 0.296008 0.439934
vt 0.288126 0.439934
vt 0.288126 0.175765
vt 0.296008 0.827043
vt 0.296008 0.827043
vt 0.288126 0.488662
vt 0.296008 0.705714
vt 0.288126 0.488662
vt 0.296008 0.488662
vt 0.288126 0.827043
vt 0.288126 0.705714
vt 0.288126 0.890041
vt 0.288126 0.873487
vt 0.288126 0.040280
vt 0.431224 0.004653
vt 0.431224 0.037528
vt 0.911664 0.433361
vt 0.845941 0.433361
vt 0.845941 0.433361
vt 0.911664 0.433361
vt 0.296008 0.873487
vt 0.296008 0.890041
vt 0.296008 0.040280
vt 0.296008 0.054074
vt 0.296008 0.873487
vt 0.433753 0.004653
vt 0.433753 0.037528
vt 0.449973 0.004653
vt 0.449973 0.037528
vt 0.346556 0.827043
vt 0.346556 0.873487
vt 0.346556 0.040280
vt 0.346556 0.054074
vt 0.346556 0.873487
vt 0.346556 0.890041
vt 0.845941 0.469572
vt 0.911664 0.469572
vt 0.911664 0.469572
vt 0.845941 0.469572
vt 0.346556 0.439934
vt 0.346556 0.488662
vt 0.346556 0.705714
vt 0.346556 0.827043
vt 0.346556 0.439934
vt 0.346556 0.054074
vt 0.346556 0.102775
vt 0.346556 0.175765
vt 0.296008 0.175765
vt 0.296008 0.102775
vt 0.296008 0.102775
vt 0.296008 0.054074
vt 0.296008 0.439934
vt 0.296008 0.175765
vt 0.296008 0.488662
vt 0.296008 0.488662
vt 0.296008 0.827043
vt 0.296008 0.705714
vt 0.296008 0.890041
vt 0.296008 0.873487
vt 0.296008 0.040280
vt 0.433753 0.004653
vt 0.433753 0.037528
vt 0.407282 0.175765
vt 0.407282 0.102775
vt 0.407282 0.102775
vt 0.407282 0.175765
vt 0.355568 0.054074
vt 0.355568 0.102775
vt 0.355568 0.439934
vt 0.355568 0.439934
vt 0.355568 0.827043
vt 0.355568 0.827043
vt 0.355568 0.705714
vt 0.355568 0.488662
vt 0.911664 0.476028
vt 0.845941 0.476028
vt 0.845941 0.476028
vt 0.911664 0.476028
vt 0.355568 0.873487
vt 0.355568 0.890041
vt 0.355568 0.040280
vt 0.355568 0.054074
vt 0.355568 0.873487
vt 0.452865 0.004653
vt 0.452865 0.037528
vt 0.346556 0.102775
vt 0.346556 0.102775
vt 0.346556 0.054074
vt 0.346556 0.439934
vt 0.346556 0.175765
vt 0.346556 0.488662
vt 0.346556 0.488662
vt 0.346556 0.827043
vt 0.346556 0.705714
vt 0.346556 0.890041
vt 0.346556 0.873487
vt 0.346556 0.040280
vt 0.449973 0.004653
vt 0.449973 0.037528
vt 0.469459 0.004653
vt 0.469459 0.037528
vt 0.407282 0.827043
vt 0.407282 0.873487
vt 0.407282 0.040280
vt 0.407282 0.054074
vt 0.407282 0.873487
vt 0.407282 0.890041
vt 0.845941 0.513074
vt 0.911664 0.513074
vt 0.911664 0.513074
vt 0.845941 0.513074
vt 0.407282 0.439934
vt 0.407282 0.488662
vt 0.407282 0.705714
vt 0.407282 0.827043
vt 0.407282 0.439934
vt 0.407282 0.054074
vt 0.407282 0.102775
vt 0.355568 0.175765
vt 0.355568 0.102775
vt 0.355568 0.102775
vt 0.355568 0.054074
vt 0.355568 0.439934
vt 0.355568 0.175765
vt 0.355568 0.488662
vt 0.355568 0.488662
vt 0.355568 0.827043
vt 0.355568 0.705714
vt 0.355568 0.890041
vt 0.355568 0.873487
vt 0.355568 0.040280
vt 0.452865 0.004653
vt 0.452865 0.037528
vt 0.647472 0.439934
vt 0.637350 0.439934
vt 0.637350 0.439934
vt 0.647472 0.439934
vt 0.530165 0.054074
vt 0.530165 0.102775
vt 0.522280 0.102775
vt 0.522280 0.054074
vt 0.530165 0.439934
vt 0.522280 0.439934
vt 0.522280 0.439934
vt 0.530165 0.439934
vt 0.530165 0.827043
vt 0.522280 0.827043
vt 0.522280 0.827043
vt 0.530165 0.827043
vt 0.530165 0.705714
vt 0.522280 0.705714
vt 0.530165 0.488662
vt 0.522280 0.488662
vt 0.911664 0.601104
vt 0.845941 0.601104
vt 0.845941 0.595455
vt 0.911664 0.595455
vt 0.845941 0.601104
vt 0.911664 0.601104
vt 0.911664 0.595455
vt 0.845941 0.595455
vt 0.530165 0.873487
vt 0.530165 0.890041
vt 0.522280 0.890041
vt 0.522280 0.873487
vt 0.530165 0.040280
vt 0.530165 0.054074
vt 0.522280 0.054074
vt 0.522280 0.040280
vt 0.530165 0.873488
vt 0.522280 0.873488
vt 0.508891 0.004653
vt 0.506361 0.004653
vt 0.506361 0.037528
vt 0.508891 0.037528
vt 0.472400 0.102775
vt 0.522280 0.102775
vt 0.472399 0.102775
vt 0.472399 0.054074
vt 0.472400 0.102775
vt 0.522280 0.102775
vt 0.522280 0.054074
vt 0.472400 0.175765
vt 0.472400 0.439934
vt 0.522280 0.439934
vt 0.522280 0.175765
vt 0.472400 0.488662
vt 0.522280 0.488662
vt 0.472400 0.488662
vt 0.472399 0.488662
vt 0.522280 0.488662
vt 0.472399 0.705714
vt 0.472399 0.827043
vt 0.522280 0.827043
vt 0.522280 0.705714
vt 0.472399 0.873487
vt 0.472399 0.890041
vt 0.522280 0.890041
vt 0.522280 0.873487
vt 0.472399 0.040280
vt 0.522280 0.040280
vt 0.490355 0.004653
vt 0.506361 0.004653
vt 0.506361 0.037528
vt 0.490355 0.037528
vt 0.525240 0.004653
vt 0.525240 0.037528
vt 0.581115 0.827043
vt 0.581115 0.873488
vt 0.581115 0.040280
vt 0.581115 0.054074
vt 0.581115 0.873487
vt 0.581115 0.890041
vt 0.845941 0.637604
vt 0.911664 0.637604
vt 0.911664 0.637604
vt 0.845941 0.637604
vt 0.581115 0.439934
vt 0.581115 0.488662
vt 0.581115 0.705714
vt 0.581115 0.827043
vt 0.581115 0.439934
vt 0.581115 0.054074
vt 0.581115 0.102775
vt 0.581115 0.175765
vt 0.530165 0.175765
vt 0.530165 0.102775
vt 0.530165 0.102775
vt 0.530165 0.054074
vt 0.530165 0.439934
vt 0.530165 0.175765
vt 0.530165 0.488662
vt 0.530165 0.488662
vt 0.530165 0.827043
vt 0.530165 0.705714
vt 0.530165 0.890041
vt 0.530165 0.873487
vt 0.530165 0.040280
vt 0.508891 0.004653
vt 0.508891 0.037528
vt 0.471931 0.004653
vt 0.488172 0.004653
vt 0.488172 0.037528
vt 0.471931 0.037528
vt 0.414984 0.040280
vt 0.414984 0.054074
vt 0.465598 0.054074
vt 0.465598 0.040280
vt 0.414984 0.827043
vt 0.414984 0.873487
vt 0.465598 0.873487
vt 0.465598 0.827043
vt 0.414984 0.890041
vt 0.465598 0.890041
vt 0.414984 0.705714
vt 0.465598 0.705714
vt 0.414984 0.439934
vt 0.414984 0.488662
vt 0.465598 0.488662
vt 0.465598 0.439934
vt 0.414984 0.488662
vt 0.465598 0.488662
vt 0.465598 0.488662
vt 0.414984 0.488662
vt 0.414984 0.175765
vt 0.465598 0.175765
vt 0.414984 0.102775
vt 0.465598 0.102775
vt 0.414984 0.102775
vt 0.465598 0.102775
vt 0.465598 0.102775
vt 0.414984 0.102775
vt 0.530165 0.439934
vt 0.530165 0.175765
vt 0.472400 0.054074
vt 0.465598 0.054074
vt 0.472400 0.439934
vt 0.465598 0.439934
vt 0.465598 0.439934
vt 0.472400 0.439934
vt 0.472399 0.827043
vt 0.465598 0.827043
vt 0.465598 0.827043
vt 0.472399 0.827043
vt 0.472399 0.705714
vt 0.465598 0.705714
vt 0.911664 0.559723
vt 0.845941 0.559723
vt 0.845941 0.554850
vt 0.911664 0.554850
vt 0.845941 0.559723
vt 0.911664 0.559723
vt 0.911664 0.554850
vt 0.845941 0.554850
vt 0.472399 0.873487
vt 0.472399 0.890041
vt 0.465598 0.890041
vt 0.465598 0.873487
vt 0.472399 0.040280
vt 0.472400 0.054074
vt 0.465598 0.054074
vt 0.465598 0.040280
vt 0.472399 0.873487
vt 0.465598 0.873487
vt 0.490355 0.004653
vt 0.488172 0.004653
vt 0.488172 0.037528
vt 0.490355 0.037528
vt 0.522280 0.175765
vt 0.472399 0.175765
vt 0.407282 0.054074
vt 0.407282 0.102775
vt 0.407282 0.175765
vt 0.407282 0.439934
vt 0.407282 0.488662
vt 0.407282 0.488662
vt 0.407282 0.705714
vt 0.407282 0.827043
vt 0.407282 0.873487
vt 0.407282 0.890041
vt 0.407282 0.040280
vt 0.469459 0.004653
vt 0.469459 0.037528
vt 0.465598 0.175765
vt 0.414984 0.439934
vt 0.414984 0.175765
vt 0.414984 0.054074
vt 0.414984 0.439934
vt 0.414984 0.827043
vt 0.414984 0.827043
vt 0.414984 0.705714
vt 0.845941 0.518592
vt 0.911664 0.518592
vt 0.911664 0.518592
vt 0.845941 0.518592
vt 0.414984 0.890041
vt 0.414984 0.873487
vt 0.414984 0.054074
vt 0.414984 0.040280
vt 0.414984 0.873487
vt 0.471931 0.004653
vt 0.471931 0.037528
vt 0.522280 0.102775
vt 0.522280 0.175765
vt 0.296008 0.439934
vt 0.296008 0.175765
vt 0.590113 0.054074
vt 0.590113 0.102775
vt 0.590113 0.439934
vt 0.590113 0.439934
vt 0.590113 0.827043
vt 0.590113 0.827043
vt 0.590113 0.705714
vt 0.590113 0.488662
vt 0.911664 0.644049
vt 0.845941 0.644049
vt 0.845941 0.644049
vt 0.911664 0.644049
vt 0.590113 0.873487
vt 0.590113 0.890041
vt 0.590113 0.040280
vt 0.590113 0.054074
vt 0.590113 0.873488
vt 0.528127 0.004653
vt 0.528127 0.037528
vt 0.581115 0.102775
vt 0.581115 0.102775
vt 0.581115 0.054074
vt 0.581115 0.439934
vt 0.581115 0.175765
vt 0.581115 0.488662
vt 0.581115 0.488662
vt 0.581115 0.827043
vt 0.581115 0.705714
vt 0.581115 0.890041
vt 0.581115 0.873487
vt 0.581115 0.040280
vt 0.525240 0.004653
vt 0.525240 0.037528
vt 0.543285 0.004653
vt 0.543285 0.037528
vt 0.637350 0.827043
vt 0.637350 0.873488
vt 0.637350 0.040280
vt 0.637350 0.054074
vt 0.637350 0.873487
vt 0.637350 0.890041
vt 0.845941 0.677889
vt 0.911664 0.677888
vt 0.911664 0.677889
vt 0.845941 0.677888
vt 0.637350 0.439934
vt 0.637350 0.488662
vt 0.637350 0.705714
vt 0.637350 0.827043
vt 0.637350 0.054074
vt 0.637350 0.102775
vt 0.637350 0.175765
vt 0.590113 0.175765
vt 0.590113 0.102775
vt 0.590113 0.102775
vt 0.590113 0.054074
vt 0.590113 0.439934
vt 0.590113 0.175765
vt 0.590113 0.488662
vt 0.590113 0.488662
vt 0.590113 0.827043
vt 0.590113 0.705714
vt 0.590113 0.890041
vt 0.590113 0.873487
vt 0.590113 0.040280
vt 0.528127 0.004653
vt 0.528127 0.037528
vt 0.288126 0.102775
vt 0.288126 0.175765
vt 0.647472 0.054074
vt 0.647472 0.102775
vt 0.647472 0.439934
vt 0.647472 0.827043
vt 0.647472 0.827043
vt 0.647472 0.705714
vt 0.647472 0.488662
vt 0.911664 0.685140
vt 0.845941 0.685140
vt 0.845941 0.685140
vt 0.911664 0.685140
vt 0.647472 0.873487
vt 0.647472 0.890041
vt 0.647472 0.040280
vt 0.647472 0.054074
vt 0.647472 0.873487
vt 0.546533 0.004653
vt 0.546533 0.037528
vt 0.637350 0.102775
vt 0.637350 0.054074
vt 0.637350 0.439934
vt 0.637350 0.175765
vt 0.637350 0.488662
vt 0.637350 0.488662
vt 0.637350 0.827043
vt 0.637350 0.705714
vt 0.637350 0.890041
vt 0.637350 0.873488
vt 0.637350 0.040280
vt 0.543285 0.004653
vt 0.543285 0.037528
vt 0.562224 0.004653
vt 0.562224 0.037528
vt 0.696371 0.827043
vt 0.696371 0.873487
vt 0.696371 0.040280
vt 0.696371 0.054074
vt 0.696371 0.873487
vt 0.696371 0.890041
vt 0.845941 0.720170
vt 0.911664 0.720170
vt 0.911664 0.720170
vt 0.845941 0.720170
vt 0.696371 0.439934
vt 0.696371 0.488662
vt 0.696371 0.705714
vt 0.696371 0.827043
vt 0.696371 0.439934
vt 0.696371 0.054074
vt 0.696371 0.102775
vt 0.696371 0.175765
vt 0.647472 0.175765
vt 0.647472 0.102775
vt 0.647472 0.054074
vt 0.647472 0.439934
vt 0.647472 0.175765
vt 0.647472 0.488662
vt 0.647472 0.488662
vt 0.647472 0.827043
vt 0.647472 0.705714
vt 0.647472 0.890041
vt 0.647472 0.873488
vt 0.647472 0.040280
vt 0.546533 0.004653
vt 0.546533 0.037528
vt 0.704504 0.175765
vt 0.704504 0.439934
vt 0.704504 0.439934
vt 0.704504 0.175765
vt 0.704504 0.054074
vt 0.704504 0.439934
vt 0.704504 0.827043
vt 0.704504 0.827043
vt 0.704504 0.705714
vt 0.911664 0.725996
vt 0.845941 0.725996
vt 0.845941 0.725996
vt 0.911664 0.725996
vt 0.704504 0.873488
vt 0.704504 0.890041
vt 0.704504 0.040280
vt 0.704504 0.054074
vt 0.704504 0.873487
vt 0.564834 0.004653
vt 0.564834 0.037528
vt 0.696371 0.102775
vt 0.696371 0.102775
vt 0.696371 0.054074
vt 0.696371 0.439934
vt 0.696371 0.175765
vt 0.696371 0.488662
vt 0.696371 0.488662
vt 0.696371 0.827043
vt 0.696371 0.705714
vt 0.696371 0.890041
vt 0.696371 0.873488
vt 0.696371 0.040280
vt 0.562224 0.004653
vt 0.562224 0.037528
vt 0.288126 0.439934
vt 0.355568 0.175765
vt 0.355568 0.439934
vt 0.346556 0.439934
vt 0.346556 0.175765
vt 0.522280 0.439934
vt 0.472399 0.175765
vt 0.472400 0.439934
vt 0.465598 0.439934
vt 0.465598 0.175765
vt 0.414984 0.175765
vt 0.414984 0.439934
vt 0.407282 0.439934
vt 0.590113 0.175765
vt 0.590113 0.439934
vt 0.581115 0.439934
vt 0.581115 0.175765
vt 0.647472 0.175765
vt 0.637350 0.175765
vt 0.696371 0.439934
vt 0.696371 0.175765
vt 0.465598 0.102775
vt 0.355568 0.102775
vt 0.346556 0.102775
vt 0.590113 0.102775
vt 0.581115 0.102775
vt 0.414984 0.102775
vt 0.704504 0.102775
vt 0.696371 0.102775
vt 0.296008 0.102775
vt 0.472399 0.102775
vt 0.530165 0.102775
vt 0.214696 0.705714
vt 0.188953 0.705714
vt 0.214696 0.705714
vt 0.214696 0.185275
vt 0.214696 0.258265
vt 0.188953 0.258265
vt 0.188953 0.185275
vt 0.264650 0.185275
vt 0.264650 0.258265
vt 0.214696 0.258265
vt 0.214696 0.185275
vn -0.975348 -0.116380 0.187490
vn -0.975348 0.116380 0.187490
vn -0.975348 0.116380 -0.187490
vn -0.975348 -0.116380 -0.187490
vn -0.985436 0.000000 0.170046
vn -0.979815 -0.038467 0.196172
vn -0.982913 -0.069696 0.170367
vn -0.986149 -0.091497 0.138346
vn -0.988704 -0.105531 0.106435
vn -0.990476 -0.114225 0.076880
vn -0.991600 -0.119388 0.049769
vn -0.992214 -0.122124 0.024432
vn -0.992410 -0.122974 0.000000
vn -0.992214 -0.122124 -0.024432
vn -0.991600 -0.119388 -0.049769
vn -0.990477 -0.114220 -0.076876
vn -0.988704 -0.105531 -0.106435
vn -0.986149 -0.091497 -0.138346
vn -0.982913 -0.069696 -0.170367
vn -0.979812 -0.038458 -0.196189
vn -0.985434 -0.000000 -0.170061
vn -0.975348 -0.116380 -0.187490
vn -0.975348 0.116380 -0.187490
vn 0.975348 0.116380 -0.187490
vn 0.975348 -0.116380 -0.187490
vn 0.975348 -0.116380 -0.187490
vn 0.985436 0.000000 0.170046
vn 0.979815 0.038467 0.196172
vn 0.982913 0.069696 0.170367
vn 0.986149 0.091497 0.138346
vn 0.988704 0.105531 0.106435
vn 0.977733 0.088535 0.190262
vn 0.977956 0.110193 0.177370
vn 0.992214 0.122124 0.024432
vn 0.992410 0.122974 -0.000000
vn 0.992214 0.122124 -0.024432
vn 0.977956 0.110193 -0.177370
vn 0.977731 0.088544 -0.190270
vn 0.988704 0.105531 -0.106435
vn 0.986149 0.091497 -0.138346
vn 0.982913 0.069696 -0.170367
vn 0.979812 0.038458 -0.196189
vn 0.985434 -0.000000 -0.170061
vn 0.975348 -0.116380 0.187490
vn 0.975348 -0.116380 0.187490
vn 0.975348 0.116380 0.187490
vn -0.975348 0.116380 0.187490
vn -0.975348 -0.116380 0.187490
vn -0.975348 -0.116380 -0.187490
vn 0.975348 -0.116380 -0.187490
vn 0.975348 -0.116380 0.187490
vn -0.975348 -0.116380 0.187490
vn 0.975348 0.116380 -0.187490
vn -0.975348 0.116380 -0.187490
vn -0.975348 0.116380 0.187490
vn 0.975348 0.116380 0.187490
vn -0.992214 0.122124 -0.024432
vn 0.992214 0.122124 -0.024432
vn 0.992410 0.122974 -0.000000
vn -0.992410 0.122974 -0.000000
vn -0.979812 0.038458 -0.196189
vn -0.982913 0.069696 -0.170367
vn -0.986149 0.091497 -0.138346
vn -0.988704 0.105531 -0.106435
vn -0.977731 0.088544 -0.190270
vn -0.977956 0.110193 -0.177370
vn -0.992214 0.122124 -0.024432
vn -0.992410 0.122974 -0.000000
vn -0.992214 0.122124 0.024432
vn -0.977956 0.110193 0.177370
vn -0.977733 0.088535 0.190262
vn -0.988704 0.105531 0.106435
vn -0.986149 0.091497 0.138346
vn -0.982913 0.069696 0.170367
vn -0.979815 0.038467 0.196172
vn -0.985436 0.000000 0.170046
vn -0.975348 -0.116380 -0.187490
vn -0.975348 -0.116380 0.187490
vn -0.985434 -0.000000 -0.170061
vn -0.977731 0.088544 -0.190270
vn 0.977731 0.088544 -0.190270
vn 0.977956 0.110193 -0.177370
vn -0.977956 0.110193 -0.177370
vn -0.988704 0.105531 -0.106435
vn 0.988704 0.105531 -0.106435
vn 0.977731 0.088544 -0.190270
vn -0.977731 0.088544 -0.190270
vn -0.992214 -0.122124 0.024432
vn 0.992214 -0.122124 0.024432
vn 0.992410 -0.122974 0.000000
vn -0.992410 -0.122974 0.000000
vn -0.992214 0.122124 0.024432
vn 0.992214 0.122124 0.024432
vn 0.977956 0.110193 0.177370
vn -0.977956 0.110193 0.177370
vn -0.992410 0.122974 -0.000000
vn 0.992410 0.122974 -0.000000
vn 0.992214 0.122124 0.024432
vn -0.992214 0.122124 0.024432
vn -0.977733 0.088535 0.190262
vn 0.977733 0.088535 0.190262
vn 0.988704 0.105531 0.106435
vn -0.988704 0.105531 0.106435
vn -0.985436 0.000000 0.170046
vn 0.985436 0.000000 0.170046
vn 0.979815 -0.038467 0.196172
vn -0.979815 -0.038467 0.196172
vn -0.979812 -0.038458 -0.196189
vn 0.979812 -0.038458 -0.196189
vn 0.985434 -0.000000 -0.170061
vn -0.985434 -0.000000 -0.170061
vn -0.990476 -0.114225 0.076880
vn 0.990476 -0.114225 0.076880
vn 0.991600 -0.119388 0.049769
vn -0.991600 -0.119388 0.049769
vn -0.985434 -0.000000 -0.170061
vn 0.985434 -0.000000 -0.170061
vn 0.979812 0.038458 -0.196189
vn -0.979812 0.038458 -0.196189
vn -0.979815 -0.038467 0.196172
vn 0.979815 -0.038467 0.196172
vn 0.982913 -0.069696 0.170367
vn -0.982913 -0.069696 0.170367
vn -0.988704 0.105531 0.106435
vn 0.988704 0.105531 0.106435
vn 0.986149 0.091497 0.138346
vn -0.986149 0.091497 0.138346
vn -0.986149 -0.091497 -0.138346
vn 0.986149 -0.091497 -0.138346
vn 0.982913 -0.069696 -0.170367
vn -0.982913 -0.069696 -0.170367
vn -0.986149 0.091497 0.138346
vn 0.986149 0.091497 0.138346
vn 0.982913 0.069696 0.170367
vn -0.982913 0.069696 0.170367
vn -0.986149 0.091497 -0.138346
vn 0.986149 0.091497 -0.138346
vn 0.988704 0.105531 -0.106435
vn -0.988704 0.105531 -0.106435
vn -0.986149 -0.091497 0.138346
vn 0.986149 -0.091497 0.138346
vn 0.988704 -0.105531 0.106435
vn -0.988704 -0.105531 0.106435
vn -0.991600 -0.119388 0.049769
vn 0.991600 -0.119388 0.049769
vn 0.992214 -0.122124 0.024432
vn -0.992214 -0.122124 0.024432
vn -0.982913 0.069696 -0.170367
vn 0.982913 0.069696 -0.170367
vn 0.986149 0.091497 -0.138346
vn -0.986149 0.091497 -0.138346
vn -0.988704 -0.105531 -0.106435
vn 0.988704 -0.105531 -0.106435
vn 0.986149 -0.091497 -0.138346
vn -0.986149 -0.091497 -0.138346
vn -0.991600 -0.119388 -0.049769
vn 0.991600 -0.119388 -0.049769
vn 0.990477 -0.114220 -0.076876
vn -0.990477 -0.114220 -0.076876
vn -0.977956 0.110193 0.177370
vn 0.977956 0.110193 0.177370
vn 0.977733 0.088535 0.190262
vn -0.977733 0.088535 0.190262
vn -0.979815 0.038467 0.196172
vn 0.979815 0.038467 0.196172
vn 0.985436 0.000000 0.170046
vn -0.985436 0.000000 0.170046
vn -0.992410 -0.122974 0.000000
vn 0.992410 -0.122974 0.000000
vn 0.992214 -0.122124 -0.024432
vn -0.992214 -0.122124 -0.024432
vn -0.977956 0.110193 -0.177370
vn 0.977956 0.110193 -0.177370
vn 0.992214 0.122124 -0.024432
vn -0.992214 0.122124 -0.024432
vn -0.982913 -0.069696 -0.170367
vn 0.982913 -0.069696 -0.170367
vn 0.979812 -0.038458 -0.196189
vn -0.979812 -0.038458 -0.196189
vn -0.982913 -0.069696 0.170367
vn 0.982913 -0.069696 0.170367
vn 0.986149 -0.091497 0.138346
vn -0.986149 -0.091497 0.138346
vn -0.982913 0.069696 0.170367
vn 0.982913 0.069696 0.170367
vn 0.979815 0.038467 0.196172
vn -0.979815 0.038467 0.196172
vn -0.992214 -0.122124 -0.024432
vn 0.992214 -0.122124 -0.024432
vn 0.991600 -0.119388 -0.049769
vn -0.991600 -0.119388 -0.049769
vn -0.979812 0.038458 -0.196189
vn 0.979812 0.038458 -0.196189
vn 0.982913 0.069696 -0.170367
vn -0.982913 0.069696 -0.170367
vn -0.988704 -0.105531 0.106435
vn 0.988704 -0.105531 0.106435
vn 0.990476 -0.114225 0.076880
vn -0.990476 -0.114225 0.076880
vn -0.990477 -0.114220 -0.076876
vn 0.990477 -0.114220 -0.076876
vn 0.988704 -0.105531 -0.106435
vn -0.988704 -0.105531 -0.106435
vn 0.975348 -0.116380 0.187490
vn 0.985434 -0.000000 -0.170061
vn 0.979812 -0.038458 -0.196189
vn 0.982913 -0.069696 -0.170367
vn 0.986149 -0.091497 -0.138346
vn 0.988704 -0.105531 -0.106435
vn 0.990477 -0.114220 -0.076876
vn 0.991600 -0.119388 -0.049769
vn 0.992214 -0.122124 -0.024432
vn 0.992410 -0.122974 0.000000
vn 0.992214 -0.122124 0.024432
vn 0.991600 -0.119388 0.049769
vn 0.990476 -0.114225 0.076880
vn 0.988704 -0.105531 0.106435
vn 0.986149 -0.091497 0.138346
vn 0.982913 -0.069696 0.170367
vn 0.979815 -0.038467 0.196172
vn 0.985436 0.000000 0.170046
vn 0.975348 -0.116380 -0.187490
vn 0.975348 0.116380 -0.187490
vn 0.975348 0.116380 0.187490
vn -0.978459 -0.000000 -0.206439
vn 0.000000 -0.000000 -1.000000
vn 0.000000 -0.192398 -0.981317
vn -0.979811 -0.038464 -0.196189
vn -0.979811 -0.038464 -0.196189
vn 0.000000 -0.192398 -0.981317
vn 0.000000 -0.378649 -0.925540
vn -0.982913 -0.069696 -0.170367
vn -0.982913 -0.069696 -0.170367
vn 0.000000 -0.378649 -0.925540
vn 0.000000 -0.307368 -0.951591
vn -0.986149 -0.091497 -0.138346
vn -0.986149 -0.091497 -0.138346
vn 0.000000 -0.307368 -0.951591
vn 0.000000 0.179853 -0.983694
vn -0.988704 -0.105531 -0.106435
vn -0.988704 -0.105531 -0.106435
vn 0.000000 0.179853 -0.983694
vn 0.000000 0.127975 -0.991777
vn -0.990476 -0.114225 -0.076880
vn -0.990476 -0.114225 -0.076880
vn 0.000000 0.127975 -0.991777
vn 0.000000 0.084301 -0.996440
vn -0.991600 -0.119388 -0.049769
vn -0.991600 -0.119388 -0.049769
vn 0.000000 0.084301 -0.996440
vn 0.000000 0.048206 -0.998837
vn -0.992214 -0.122124 -0.024432
vn -0.992214 -0.122124 -0.024432
vn 0.000000 0.048206 -0.998837
vn 0.000000 1.000000 0.000049
vn -0.992410 -0.122974 0.000000
vn -0.992410 -0.122974 0.000000
vn 0.000000 1.000000 0.000049
vn 0.000000 0.048206 0.998837
vn -0.992214 -0.122124 0.024432
vn -0.992214 -0.122124 0.024432
vn 0.000000 0.048206 0.998837
vn 0.000000 0.084301 0.996440
vn -0.991600 -0.119388 0.049769
vn -0.991600 -0.119388 0.049769
vn 0.000000 0.084301 0.996440
vn 0.000000 0.127975 0.991777
vn -0.990476 -0.114225 0.076880
vn -0.990476 -0.114225 0.076880
vn 0.000000 0.127975 0.991777
vn 0.000000 0.179853 0.983694
vn -0.988704 -0.105531 0.106435
vn -0.988704 -0.105531 0.106435
vn 0.000000 0.179853 0.983694
vn 0.000000 0.243268 0.969959
vn -0.986149 -0.091497 0.138346
vn -0.986149 -0.091497 0.138346
vn 0.000000 0.243268 0.969959
vn 0.000000 0.322283 0.946643
vn -0.982913 -0.069696 0.170367
vn -0.982913 -0.069696 0.170367
vn 0.000000 0.322283 0.946643
vn 0.000000 0.419488 0.907761
vn -0.979815 -0.038467 0.196172
vn -0.979815 -0.038467 0.196172
vn 0.000000 0.419488 0.907761
vn 0.000000 0.532121 0.846669
vn -0.978458 0.000000 0.206448
vn -0.978458 0.000000 0.206448
vn 0.000000 0.532121 0.846669
vn 0.000000 0.649552 0.760317
vn -0.979815 0.038467 0.196172
vn -0.979815 0.038467 0.196172
vn 0.000000 0.649552 0.760317
vn 0.000000 0.757044 0.653364
vn -0.982913 0.069696 0.170367
vn -0.982913 0.069696 0.170367
vn 0.000000 0.757044 0.653364
vn 0.000000 0.843980 0.536374
vn -0.986147 0.091497 0.138354
vn -0.986147 0.091497 0.138354
vn 0.000000 0.843980 0.536374
vn 0.000000 0.907903 0.419181
vn -0.988704 0.105531 0.106435
vn -0.988704 0.105531 0.106435
vn 0.000000 0.907903 0.419181
vn 0.000000 0.951727 0.306947
vn -0.990476 0.114225 0.076880
vn -0.990476 0.114225 0.076880
vn 0.000000 0.951727 0.306947
vn 0.000000 0.979658 0.200674
vn -0.991600 0.119388 0.049769
vn -0.991600 0.119388 0.049769
vn 0.000000 0.979658 0.200674
vn 0.000000 0.995081 0.099066
vn -0.992214 0.122124 0.024432
vn -0.992214 0.122124 0.024432
vn 0.000000 0.995081 0.099066
vn 0.000000 1.000000 -0.000000
vn -0.992410 0.122974 -0.000000
vn -0.992410 0.122974 -0.000000
vn 0.000000 1.000000 -0.000000
vn 0.000000 0.995081 -0.099066
vn -0.992214 0.122124 -0.024432
vn -0.992214 0.122124 -0.024432
vn 0.000000 0.995081 -0.099066
vn 0.000000 0.947288 -0.320383
vn -0.991600 0.119388 -0.049769
vn -0.991600 0.119388 -0.049769
vn 0.000000 0.947288 -0.320383
vn 0.000000 0.829600 -0.558358
vn -0.990476 0.114225 -0.076880
vn -0.990476 0.114225 -0.076880
vn 0.000000 0.829600 -0.558358
vn 0.000000 0.704085 -0.710116
vn -0.988704 0.105531 -0.106435
vn -0.988704 0.105531 -0.106435
vn 0.000000 0.704085 -0.710116
vn 0.000000 0.551616 -0.834099
vn -0.986147 0.091497 -0.138354
vn -0.986147 0.091497 -0.138354
vn 0.000000 0.551616 -0.834099
vn 0.000000 0.378649 -0.925540
vn -0.982913 0.069696 -0.170367
vn 0.000000 -0.551616 -0.834098
vn 0.781138 -0.359962 -0.510147
vn 0.065848 -0.377601 -0.923624
vn 0.065835 -0.550188 -0.832441
vn -0.982913 0.069696 -0.170367
vn 0.000000 0.378649 -0.925540
vn 0.000000 0.192398 -0.981317
vn -0.979811 0.038463 -0.196189
vn -0.979811 0.038463 -0.196189
vn 0.000000 0.192398 -0.981317
vn 0.000000 -0.000000 -1.000000
vn -0.978459 -0.000000 -0.206439
vn -0.978459 -0.000000 -0.206439
vn -0.979811 -0.038464 -0.196189
vn -0.982913 -0.069696 -0.170367
vn -0.986149 -0.091497 -0.138346
vn -0.988704 -0.105531 -0.106435
vn -0.990476 -0.114225 -0.076880
vn -0.991600 -0.119388 -0.049769
vn -0.992214 -0.122124 -0.024432
vn -0.992410 -0.122974 0.000000
vn -0.992214 -0.122124 0.024432
vn -0.991600 -0.119388 0.049769
vn -0.990476 -0.114225 0.076880
vn -0.988704 -0.105531 0.106435
vn -0.986149 -0.091497 0.138346
vn -0.982913 -0.069696 0.170367
vn -0.979815 -0.038467 0.196172
vn -0.978458 0.000000 0.206448
vn -0.979815 0.038467 0.196172
vn -0.982913 0.069696 0.170367
vn -0.986147 0.091497 0.138354
vn -0.988704 0.105531 0.106435
vn -0.990476 0.114225 0.076880
vn -0.991600 0.119388 0.049769
vn -0.992214 0.122124 0.024432
vn -0.992410 0.122974 -0.000000
vn -0.992214 0.122124 -0.024432
vn -0.991600 0.119388 -0.049769
vn -0.990476 0.114225 -0.076880
vn -0.988704 0.105531 -0.106435
vn -0.986147 0.091497 -0.138354
vn -0.982913 0.069696 -0.170367
vn -0.979811 0.038463 -0.196189
vn 0.781138 -0.359962 -0.510147
vn 0.986057 -0.032017 -0.163299
vn 0.065868 -0.191855 -0.979210
vn 0.065848 -0.377601 -0.923624
vn 0.000000 -0.829579 0.558389
vn 0.000000 -0.922996 0.384809
vn 0.065940 -0.920912 0.384152
vn 0.065852 -0.827643 0.557379
vn 0.000000 0.704085 0.710115
vn 0.000000 0.551616 0.834098
vn 0.065835 0.550188 0.832441
vn 0.065928 0.702355 0.708768
vn 0.989382 0.080172 -0.121226
vn 0.990948 0.094525 -0.095329
vn 0.065928 0.702354 -0.708768
vn 0.065835 0.550188 -0.832442
vn 0.000000 -0.980560 -0.196218
vn 0.000000 -0.922996 -0.384809
vn 0.065941 -0.920929 -0.384112
vn 0.065821 -0.978413 -0.195898
vn 0.000000 0.000000 1.000000
vn 0.000000 -0.192441 0.981309
vn 0.065867 -0.191873 0.979207
vn 0.065907 0.000000 0.997826
vn 0.000000 0.980560 -0.196219
vn 0.000000 1.000000 -0.000000
vn 0.065849 0.997830 -0.000000
vn 0.065821 0.978413 -0.195898
vn 0.985434 -0.000000 -0.170061
vn 0.986057 0.032017 -0.163299
vn 0.065868 0.191855 -0.979211
vn 0.065749 -0.000000 -0.997836
vn 0.000000 -0.704085 0.710116
vn 0.000000 -0.829579 0.558389
vn 0.065852 -0.827643 0.557379
vn 0.065928 -0.702354 0.708768
vn 0.000000 0.829580 0.558388
vn 0.000000 0.704085 0.710115
vn 0.065928 0.702355 0.708768
vn 0.065852 0.827643 0.557379
vn 0.987592 0.059467 -0.145351
vn 0.989382 0.080172 -0.121226
vn 0.065835 0.550188 -0.832442
vn 0.065848 0.377600 -0.923624
vn 0.000000 -1.000000 0.000000
vn 0.000000 -0.980560 -0.196218
vn 0.065821 -0.978413 -0.195898
vn 0.065849 -0.997830 0.000000
vn 0.000000 0.192441 0.981308
vn 0.000000 0.000000 1.000000
vn 0.065907 0.000000 0.997826
vn 0.065867 0.191874 0.979207
vn 0.000000 0.922996 -0.384809
vn 0.000000 0.980560 -0.196219
vn 0.065821 0.978413 -0.195898
vn 0.065941 0.920929 -0.384112
vn 0.000000 -0.704085 -0.710115
vn 0.000000 -0.551616 -0.834098
vn 0.065835 -0.550188 -0.832441
vn 0.065928 -0.702355 -0.708768
vn 0.000000 -0.551616 0.834099
vn 0.000000 -0.704085 0.710116
vn 0.065928 -0.702354 0.708768
vn 0.065835 -0.550188 0.832442
vn 0.000000 0.922996 0.384809
vn 0.000000 0.829580 0.558388
vn 0.065852 0.827643 0.557379
vn 0.065940 0.920912 0.384151
vn 0.986057 0.032017 -0.163299
vn 0.987592 0.059467 -0.145351
vn 0.065848 0.377600 -0.923624
vn 0.065868 0.191855 -0.979211
vn 0.000000 -0.980560 0.196219
vn 0.000000 -1.000000 0.000000
vn 0.065849 -0.997830 0.000000
vn 0.065821 -0.978413 0.195898
vn 0.000000 0.378649 0.925540
vn 0.000000 0.192441 0.981308
vn 0.065867 0.191874 0.979207
vn 0.065849 0.377583 0.923632
vn 0.516002 0.777996 -0.358419
vn 0.000000 0.922996 -0.384809
vn 0.065941 0.920929 -0.384112
vn 0.065852 0.827643 -0.557379
vn 0.000000 -0.829600 -0.558358
vn 0.000000 -0.704085 -0.710115
vn 0.065928 -0.702355 -0.708768
vn 0.065852 -0.827643 -0.557379
vn 0.000000 -0.378649 0.925540
vn 0.000000 -0.551616 0.834099
vn 0.065835 -0.550188 0.832442
vn 0.065849 -0.377582 0.923632
vn 0.000000 0.980560 0.196218
vn 0.000000 0.922996 0.384809
vn 0.065940 0.920912 0.384151
vn 0.065821 0.978413 0.195898
vn 0.000000 -0.922996 0.384809
vn 0.000000 -0.980560 0.196219
vn 0.065821 -0.978413 0.195898
vn 0.065940 -0.920912 0.384152
vn 0.000000 0.551616 0.834098
vn 0.000000 0.378649 0.925540
vn 0.065849 0.377583 0.923632
vn 0.065835 0.550188 0.832441
vn 0.990948 0.094525 -0.095329
vn 0.516002 0.777996 -0.358419
vn 0.065852 0.827643 -0.557379
vn 0.065928 0.702354 -0.708768
vn 0.000000 -0.922996 -0.384809
vn 0.000000 -0.829600 -0.558358
vn 0.065852 -0.827643 -0.557379
vn 0.065941 -0.920929 -0.384112
vn 0.000000 -0.192441 0.981309
vn 0.000000 -0.378649 0.925540
vn 0.065849 -0.377582 0.923632
vn 0.065867 -0.191873 0.979207
vn 0.000000 1.000000 -0.000000
vn 0.000000 0.980560 0.196218
vn 0.065821 0.978413 0.195898
vn 0.065849 0.997830 -0.000000
vn 0.997927 -0.013045 -0.063023
vn 0.997882 -0.000000 -0.065049
vn 0.997927 0.013045 -0.063023
vn 0.998036 0.024788 -0.057531
vn 0.998166 0.034531 -0.049717
vn 0.998286 0.042166 -0.040595
vn 0.998382 0.047828 -0.030770
vn 0.998450 0.051696 -0.020616
vn 0.998491 0.053944 -0.010326
vn 0.998504 0.054678 -0.000000
vn 0.998491 0.053946 0.010327
vn 0.998450 0.051696 0.020616
vn 0.998382 0.047828 0.030770
vn 0.998286 0.042166 0.040588
vn 0.998166 0.034531 0.049717
vn 0.998036 0.024785 0.057524
vn 0.997927 0.013049 0.063023
vn 0.997882 0.000000 0.065049
vn 0.997927 -0.013049 0.063023
vn 0.998036 -0.024785 0.057524
vn 0.998166 -0.034531 0.049717
vn 0.998286 -0.042166 0.040588
vn 0.998382 -0.047828 0.030770
vn 0.998450 -0.051696 0.020616
vn 0.998491 -0.053944 0.010326
vn 0.998504 -0.054678 0.000000
vn 0.998491 -0.053944 -0.010326
vn 0.998450 -0.051696 -0.020616
vn 0.998382 -0.047828 -0.030770
vn 0.998286 -0.042166 -0.040588
vn 0.998166 -0.034531 -0.049717
vn 0.998036 -0.024788 -0.057531
vn -0.987592 0.059467 -0.145351
vn -0.989382 0.080172 -0.121226
vn -0.986146 0.091501 -0.138360
vn -0.982913 0.069696 -0.170367
vn 0.000000 0.995081 0.099066
vn 0.000000 0.979658 0.200674
vn 0.000000 0.922996 0.384809
vn 0.000000 0.980560 0.196218
vn 0.000000 0.322283 0.946643
vn 0.000000 0.243268 0.969959
vn 0.000000 -0.551616 0.834099
vn 0.000000 -0.378649 0.925540
vn 0.000000 0.127975 -0.991777
vn 0.000000 0.179853 -0.983694
vn 0.000000 -0.704085 -0.710115
vn 0.000000 -0.829600 -0.558358
vn -0.516002 0.777996 -0.358419
vn 0.000000 0.963473 -0.267806
vn 0.000000 0.922996 -0.384809
vn 0.516002 0.777996 -0.358419
vn 0.000000 0.757044 0.653364
vn 0.000000 0.649552 0.760317
vn 0.000000 0.192441 0.981308
vn 0.000000 0.378649 0.925540
vn 0.000000 0.048206 0.998837
vn 0.000000 1.000000 0.000049
vn 0.000000 -1.000000 0.000000
vn 0.000000 -0.980560 0.196219
vn 0.989382 0.080172 -0.121226
vn 0.987592 0.059467 -0.145351
vn 0.982913 0.069696 -0.170367
vn 0.986147 0.091497 -0.138354
vn 0.000000 0.979658 0.200674
vn 0.000000 0.951727 0.306947
vn 0.000000 0.829580 0.558388
vn 0.000000 0.922996 0.384809
vn 0.000000 0.243268 0.969959
vn 0.000000 0.179853 0.983694
vn 0.000000 -0.704085 0.710116
vn 0.000000 -0.551616 0.834099
vn 0.000000 0.179853 -0.983694
vn 0.000000 -0.206257 -0.978498
vn 0.000000 -0.551616 -0.834098
vn 0.000000 -0.704085 -0.710115
vn 0.000000 0.963473 -0.267806
vn 0.000000 0.995081 -0.099066
vn 0.000000 0.980560 -0.196219
vn 0.000000 0.922996 -0.384809
vn 0.000000 0.649552 0.760317
vn 0.000000 0.532121 0.846669
vn 0.000000 0.000000 1.000000
vn 0.000000 0.192441 0.981308
vn 0.000000 1.000000 0.000049
vn 0.000000 0.048206 -0.998837
vn 0.000000 -0.980560 -0.196218
vn 0.000000 -1.000000 0.000000
vn -0.986057 0.032017 -0.163299
vn -0.987592 0.059467 -0.145351
vn -0.982913 0.069696 -0.170367
vn -0.979811 0.038463 -0.196189
vn 0.000000 0.951727 0.306947
vn 0.000000 0.907903 0.419181
vn 0.000000 0.704085 0.710115
vn 0.000000 0.829580 0.558388
vn 0.000000 0.179853 0.983694
vn 0.000000 0.127975 0.991777
vn 0.000000 -0.829579 0.558389
vn 0.000000 -0.704085 0.710116
vn 0.000000 -0.206257 -0.978498
vn -0.781138 -0.359962 -0.510147
vn 0.781138 -0.359962 -0.510147
vn 0.000000 -0.551616 -0.834098
vn 0.000000 0.995081 -0.099066
vn 0.000000 1.000000 -0.000000
vn 0.000000 1.000000 -0.000000
vn 0.000000 0.980560 -0.196219
vn 0.000000 0.532121 0.846669
vn 0.000000 0.419488 0.907761
vn 0.000000 -0.192441 0.981309
vn 0.000000 0.000000 1.000000
vn 0.000000 0.048206 -0.998837
vn 0.000000 0.084301 -0.996440
vn 0.000000 -0.922996 -0.384809
vn 0.000000 -0.980560 -0.196218
vn 0.990948 0.094525 -0.095329
vn 0.989382 0.080172 -0.121226
vn 0.986147 0.091497 -0.138354
vn 0.988704 0.105531 -0.106435
vn 0.000000 0.907903 0.419181
vn 0.000000 0.843980 0.536374
vn 0.000000 0.551616 0.834098
vn 0.000000 0.704085 0.710115
vn 0.000000 0.127975 0.991777
vn 0.000000 0.084301 0.996440
vn 0.000000 -0.922996 0.384809
vn 0.000000 -0.829579 0.558389
vn -0.986057 -0.032017 -0.163299
vn -0.985434 -0.000000 -0.170061
vn -0.978459 -0.000000 -0.206439
vn -0.979811 -0.038464 -0.196189
vn 0.000000 1.000000 -0.000000
vn 0.000000 0.995081 0.099066
vn 0.000000 0.980560 0.196218
vn 0.000000 1.000000 -0.000000
vn 0.000000 0.419488 0.907761
vn 0.000000 0.322283 0.946643
vn 0.000000 -0.378649 0.925540
vn 0.000000 -0.192441 0.981309
vn 0.000000 0.084301 -0.996440
vn 0.000000 0.127975 -0.991777
vn 0.000000 -0.829600 -0.558358
vn 0.000000 -0.922996 -0.384809
vn 0.516002 0.777996 -0.358419
vn 0.990948 0.094525 -0.095329
vn 0.988704 0.105531 -0.106435
vn 0.990026 0.131404 -0.050815
vn 0.000000 0.843980 0.536374
vn 0.000000 0.757044 0.653364
vn 0.000000 0.378649 0.925540
vn 0.000000 0.551616 0.834098
vn 0.000000 0.084301 0.996440
vn 0.000000 0.048206 0.998837
vn 0.000000 -0.980560 0.196219
vn 0.000000 -0.922996 0.384809
vn -0.985434 -0.000000 -0.170061
vn -0.986057 0.032017 -0.163299
vn -0.979811 0.038463 -0.196189
vn -0.978459 -0.000000 -0.206439
vn 0.000000 -0.000000 -1.000000
vn 0.000000 0.192398 -0.981317
vn -0.986057 0.032017 -0.163299
vn -0.985434 -0.000000 -0.170061
vn 0.000000 0.084301 0.996440
vn 0.000000 0.048206 0.998837
vn 0.000000 0.048206 0.998837
vn 0.000000 0.084301 0.996440
vn 0.000000 0.843980 0.536374
vn 0.000000 0.757044 0.653364
vn 0.000000 0.757044 0.653364
vn 0.000000 0.843980 0.536374
vn 0.000000 0.704085 -0.710116
vn 0.000000 0.829600 -0.558358
vn -0.516002 0.777996 -0.358419
vn -0.990947 0.094525 -0.095336
vn 0.000000 0.084301 -0.996440
vn 0.000000 0.127975 -0.991777
vn 0.000000 0.127975 -0.991777
vn 0.000000 0.084301 -0.996440
vn 0.000000 0.419488 0.907761
vn 0.000000 0.322283 0.946643
vn 0.000000 0.322283 0.946643
vn 0.000000 0.419488 0.907761
vn 0.000000 1.000000 -0.000000
vn 0.000000 0.995081 0.099066
vn 0.000000 0.995081 0.099066
vn 0.000000 1.000000 -0.000000
vn 0.000000 -0.378649 -0.925540
vn 0.000000 -0.192398 -0.981317
vn -0.986057 -0.032017 -0.163299
vn -0.781138 -0.359962 -0.510147
vn 0.000000 0.127975 0.991777
vn 0.000000 0.084301 0.996440
vn 0.000000 0.084301 0.996440
vn 0.000000 0.127975 0.991777
vn 0.000000 0.907903 0.419181
vn 0.000000 0.843980 0.536374
vn 0.000000 0.843980 0.536374
vn 0.000000 0.907903 0.419181
vn 0.000000 0.551616 -0.834099
vn 0.000000 0.704085 -0.710116
vn -0.990947 0.094525 -0.095336
vn -0.989382 0.080172 -0.121226
vn 0.000000 0.048206 -0.998837
vn 0.000000 0.084301 -0.996440
vn 0.000000 0.084301 -0.996440
vn 0.000000 0.048206 -0.998837
vn 0.000000 0.532121 0.846669
vn 0.000000 0.419488 0.907761
vn 0.000000 0.419488 0.907761
vn 0.000000 0.532121 0.846669
vn 0.000000 0.995081 -0.099066
vn 0.000000 1.000000 -0.000000
vn 0.000000 1.000000 -0.000000
vn 0.000000 0.995081 -0.099066
vn 0.000000 -0.307368 -0.951591
vn 0.000000 -0.378649 -0.925540
vn -0.781138 -0.359962 -0.510147
vn 0.000000 -0.206257 -0.978498
vn 0.000000 0.179853 0.983694
vn 0.000000 0.127975 0.991777
vn 0.000000 0.127975 0.991777
vn 0.000000 0.179853 0.983694
vn 0.000000 0.951727 0.306947
vn 0.000000 0.907903 0.419181
vn 0.000000 0.907903 0.419181
vn 0.000000 0.951727 0.306947
vn 0.000000 0.378649 -0.925540
vn 0.000000 0.551616 -0.834099
vn -0.989382 0.080172 -0.121226
vn -0.987592 0.059467 -0.145351
vn 0.000000 1.000000 0.000049
vn 0.000000 0.048206 -0.998837
vn 0.000000 0.048206 -0.998837
vn 0.000000 1.000000 0.000049
vn 0.000000 0.649552 0.760317
vn 0.000000 0.532121 0.846669
vn 0.000000 0.532121 0.846669
vn 0.000000 0.649552 0.760317
vn 0.000000 0.947288 -0.320383
vn 0.000000 0.995081 -0.099066
vn 0.000000 0.995081 -0.099066
vn 0.000000 0.963473 -0.267806
vn 0.000000 0.179853 -0.983694
vn 0.000000 -0.307368 -0.951591
vn 0.000000 -0.206257 -0.978498
vn 0.000000 0.179853 -0.983694
vn 0.000000 0.243268 0.969959
vn 0.000000 0.179853 0.983694
vn 0.000000 0.179853 0.983694
vn 0.000000 0.243268 0.969959
vn 0.000000 0.979658 0.200674
vn 0.000000 0.951727 0.306947
vn 0.000000 0.951727 0.306947
vn 0.000000 0.979658 0.200674
vn 0.000000 0.192398 -0.981317
vn 0.000000 0.378649 -0.925540
vn -0.987592 0.059467 -0.145351
vn -0.986057 0.032017 -0.163299
vn 0.000000 0.048206 0.998837
vn 0.000000 1.000000 0.000049
vn 0.000000 1.000000 0.000049
vn 0.000000 0.048206 0.998837
vn 0.000000 0.757044 0.653364
vn 0.000000 0.649552 0.760317
vn 0.000000 0.649552 0.760317
vn 0.000000 0.757044 0.653364
vn 0.000000 0.829600 -0.558358
vn 0.000000 0.947288 -0.320383
vn 0.000000 0.963473 -0.267806
vn -0.516002 0.777996 -0.358419
vn 0.000000 0.127975 -0.991777
vn 0.000000 0.179853 -0.983694
vn 0.000000 0.179853 -0.983694
vn 0.000000 0.127975 -0.991777
vn 0.000000 0.322283 0.946643
vn 0.000000 0.243268 0.969959
vn 0.000000 0.243268 0.969959
vn 0.000000 0.322283 0.946643
vn 0.000000 0.995081 0.099066
vn 0.000000 0.979658 0.200674
vn 0.000000 0.979658 0.200674
vn 0.000000 0.995081 0.099066
vn 0.000000 -0.192398 -0.981317
vn 0.000000 -0.000000 -1.000000
vn -0.985434 -0.000000 -0.170061
vn -0.986057 -0.032017 -0.163299
vn -0.979811 -0.038464 -0.196189
vn -0.978459 -0.000000 -0.206439
vn 0.978459 -0.000000 -0.206439
vn 0.979811 -0.038464 -0.196189
vn -0.979811 0.038463 -0.196189
vn -0.982913 0.069696 -0.170367
vn 0.982913 0.069696 -0.170367
vn 0.979811 0.038463 -0.196189
vn -0.982913 0.069696 -0.170367
vn -0.986146 0.091501 -0.138360
vn 0.986147 0.091497 -0.138354
vn 0.982913 0.069696 -0.170367
vn -0.986146 0.091501 -0.138360
vn -0.988704 0.105525 -0.106435
vn 0.988704 0.105531 -0.106435
vn 0.986147 0.091497 -0.138354
vn -0.982626 -0.130861 -0.131614
vn -0.979811 -0.038464 -0.196189
vn 0.979811 -0.038464 -0.196189
vn 0.982626 -0.130861 -0.131614
vn -0.988704 0.105525 -0.106435
vn -0.990026 0.131404 -0.050815
vn 0.990026 0.131404 -0.050815
vn 0.988704 0.105531 -0.106435
vn -0.978459 -0.000000 -0.206439
vn -0.979811 0.038463 -0.196189
vn 0.979811 0.038463 -0.196189
vn 0.978459 -0.000000 -0.206439
vn 0.987592 0.059467 -0.145351
vn 0.986057 0.032017 -0.163299
vn 0.979811 0.038463 -0.196189
vn 0.982913 0.069696 -0.170367
vn 0.985434 -0.000000 -0.170061
vn 0.986057 -0.032017 -0.163299
vn 0.979811 -0.038464 -0.196189
vn 0.978459 -0.000000 -0.206439
vn -0.989382 0.080172 -0.121226
vn -0.990947 0.094525 -0.095336
vn -0.988704 0.105525 -0.106435
vn -0.986146 0.091501 -0.138360
vn -0.990947 0.094525 -0.095336
vn -0.516002 0.777996 -0.358419
vn -0.990026 0.131404 -0.050815
vn -0.988704 0.105525 -0.106435
vn 0.986057 0.032017 -0.163299
vn 0.985434 -0.000000 -0.170061
vn 0.978459 -0.000000 -0.206439
vn 0.979811 0.038463 -0.196189
vn 0.986057 -0.032017 -0.163299
vn 0.781138 -0.359962 -0.510147
vn 0.982626 -0.130861 -0.131614
vn 0.979811 -0.038464 -0.196189
vn 0.781138 -0.359962 -0.510147
vn -0.781138 -0.359962 -0.510147
vn -0.982626 -0.130861 -0.131614
vn 0.982626 -0.130861 -0.131614
vn -0.516002 0.777996 -0.358419
vn 0.516002 0.777996 -0.358419
vn 0.990026 0.131404 -0.050815
vn -0.990026 0.131404 -0.050815
vn -0.781138 -0.359962 -0.510147
vn -0.986057 -0.032017 -0.163299
vn -0.979811 -0.038464 -0.196189
vn -0.982626 -0.130861 -0.131614
vn 0.065868 -0.191855 -0.979210
vn 0.065749 -0.000000 -0.997836
vn 0.263626 -0.000000 -0.964625
vn 0.263679 -0.185330 -0.946640
vn 0.263679 -0.185330 -0.946640
vn 0.263626 -0.000000 -0.964625
vn 0.508714 -0.000000 -0.860936
vn 0.508922 -0.165344 -0.844784
vn 0.508922 -0.165344 -0.844784
vn 0.508714 -0.000000 -0.860936
vn 0.718265 -0.000000 -0.695770
vn 0.718506 -0.133536 -0.682581
vn 0.718506 -0.133536 -0.682581
vn 0.718265 -0.000000 -0.695770
vn 0.877582 -0.000000 -0.479427
vn 0.877891 -0.091866 -0.469965
vn 0.877891 -0.091866 -0.469965
vn 0.877582 -0.000000 -0.479427
vn 0.973710 -0.000000 -0.227792
vn 0.974051 -0.043588 -0.222092
vn 0.974051 -0.043588 -0.222092
vn 0.973710 -0.000000 -0.227792
vn 0.997882 -0.000000 -0.065049
vn 0.997927 -0.013045 -0.063023
vn 0.065848 -0.377601 -0.923624
vn 0.065868 -0.191855 -0.979210
vn 0.263679 -0.185330 -0.946640
vn 0.263858 -0.364771 -0.892929
vn 0.263858 -0.364771 -0.892929
vn 0.263679 -0.185330 -0.946640
vn 0.508922 -0.165344 -0.844784
vn 0.509185 -0.325415 -0.796766
vn 0.509185 -0.325415 -0.796766
vn 0.508922 -0.165344 -0.844784
vn 0.718506 -0.133536 -0.682581
vn 0.719006 -0.262670 -0.643455
vn 0.719006 -0.262670 -0.643455
vn 0.718506 -0.133536 -0.682581
vn 0.877891 -0.091866 -0.469965
vn 0.878572 -0.180318 -0.442263
vn 0.878572 -0.180318 -0.442263
vn 0.877891 -0.091866 -0.469965
vn 0.974051 -0.043588 -0.222092
vn 0.974861 -0.084315 -0.206244
vn 0.974861 -0.084315 -0.206244
vn 0.974051 -0.043588 -0.222092
vn 0.997927 -0.013045 -0.063023
vn 0.998036 -0.024788 -0.057531
vn 0.065835 -0.550188 -0.832441
vn 0.065848 -0.377601 -0.923624
vn 0.263858 -0.364771 -0.892929
vn 0.264065 -0.531545 -0.804817
vn 0.264065 -0.531545 -0.804817
vn 0.263858 -0.364771 -0.892929
vn 0.509185 -0.325415 -0.796766
vn 0.509520 -0.474145 -0.718036
vn 0.509520 -0.474145 -0.718036
vn 0.509185 -0.325415 -0.796766
vn 0.719006 -0.262670 -0.643455
vn 0.719473 -0.382550 -0.579667
vn 0.719473 -0.382550 -0.579667
vn 0.719006 -0.262670 -0.643455
vn 0.878572 -0.180318 -0.442263
vn 0.879249 -0.262140 -0.397749
vn 0.879249 -0.262140 -0.397749
vn 0.878572 -0.180318 -0.442263
vn 0.974861 -0.084315 -0.206244
vn 0.975755 -0.120522 -0.182694
vn 0.975755 -0.120522 -0.182694
vn 0.974861 -0.084315 -0.206244
vn 0.998036 -0.024788 -0.057531
vn 0.998166 -0.034531 -0.049717
vn 0.065928 -0.702355 -0.708768
vn 0.065835 -0.550188 -0.832441
vn 0.264065 -0.531545 -0.804817
vn 0.264070 -0.678671 -0.685327
vn 0.264070 -0.678671 -0.685327
vn 0.264065 -0.531545 -0.804817
vn 0.509520 -0.474145 -0.718036
vn 0.509665 -0.605316 -0.611420
vn 0.509665 -0.605316 -0.611420
vn 0.509520 -0.474145 -0.718036
vn 0.719473 -0.382550 -0.579667
vn 0.719783 -0.488278 -0.493455
vn 0.719783 -0.488278 -0.493455
vn 0.719473 -0.382550 -0.579667
vn 0.879249 -0.262140 -0.397749
vn 0.879729 -0.334193 -0.338219
vn 0.879729 -0.334193 -0.338219
vn 0.879249 -0.262140 -0.397749
vn 0.975755 -0.120522 -0.182694
vn 0.976490 -0.151460 -0.153384
vn 0.976490 -0.151460 -0.153384
vn 0.975755 -0.120522 -0.182694
vn 0.998166 -0.034531 -0.049717
vn 0.998286 -0.042166 -0.040588
vn 0.065852 -0.827643 -0.557379
vn 0.065928 -0.702355 -0.708768
vn 0.264070 -0.678671 -0.685327
vn 0.264065 -0.799868 -0.538963
vn 0.264065 -0.799868 -0.538963
vn 0.264070 -0.678671 -0.685327
vn 0.509665 -0.605316 -0.611420
vn 0.509872 -0.713350 -0.480794
vn 0.509872 -0.713350 -0.480794
vn 0.509665 -0.605316 -0.611420
vn 0.719783 -0.488278 -0.493455
vn 0.720012 -0.575352 -0.388011
vn 0.720012 -0.575352 -0.388011
vn 0.719783 -0.488278 -0.493455
vn 0.879729 -0.334193 -0.338219
vn 0.880008 -0.393603 -0.265825
vn 0.880008 -0.393603 -0.265825
vn 0.879729 -0.334193 -0.338219
vn 0.976490 -0.151460 -0.153384
vn 0.977016 -0.176548 -0.119461
vn 0.977016 -0.176548 -0.119461
vn 0.976490 -0.151460 -0.153384
vn 0.998286 -0.042166 -0.040588
vn 0.998382 -0.047828 -0.030770
vn 0.065941 -0.920929 -0.384112
vn 0.065852 -0.827643 -0.557379
vn 0.264065 -0.799868 -0.538963
vn 0.264245 -0.890058 -0.371446
vn 0.264245 -0.890058 -0.371446
vn 0.264065 -0.799868 -0.538963
vn 0.509872 -0.713350 -0.480794
vn 0.509849 -0.793876 -0.331383
vn 0.509849 -0.793876 -0.331383
vn 0.509872 -0.713350 -0.480794
vn 0.720012 -0.575352 -0.388011
vn 0.720100 -0.640261 -0.267437
vn 0.720100 -0.640261 -0.267437
vn 0.720012 -0.575352 -0.388011
vn 0.880008 -0.393603 -0.265825
vn 0.880163 -0.437906 -0.183169
vn 0.880163 -0.437906 -0.183169
vn 0.880008 -0.393603 -0.265825
vn 0.977016 -0.176548 -0.119461
vn 0.977350 -0.195151 -0.081871
vn 0.977350 -0.195151 -0.081871
vn 0.977016 -0.176548 -0.119461
vn 0.998382 -0.047828 -0.030770
vn 0.998450 -0.051696 -0.020616
vn 0.065821 -0.978413 -0.195898
vn 0.065941 -0.920929 -0.384112
vn 0.264245 -0.890058 -0.371446
vn 0.264124 -0.945700 -0.189447
vn 0.264124 -0.945700 -0.189447
vn 0.264245 -0.890058 -0.371446
vn 0.509849 -0.793876 -0.331383
vn 0.509982 -0.843420 -0.169003
vn 0.509982 -0.843420 -0.169003
vn 0.509849 -0.793876 -0.331383
vn 0.720100 -0.640261 -0.267437
vn 0.720127 -0.680305 -0.136391
vn 0.720127 -0.680305 -0.136391
vn 0.720100 -0.640261 -0.267437
vn 0.880163 -0.437906 -0.183169
vn 0.880247 -0.465232 -0.093404
vn 0.880247 -0.465232 -0.093404
vn 0.880163 -0.437906 -0.183169
vn 0.977350 -0.195151 -0.081871
vn 0.977533 -0.206634 -0.041626
vn 0.977533 -0.206634 -0.041626
vn 0.977350 -0.195151 -0.081871
vn 0.998450 -0.051696 -0.020616
vn 0.998491 -0.053944 -0.010326
vn 0.065849 -0.997830 0.000000
vn 0.065821 -0.978413 -0.195898
vn 0.264124 -0.945700 -0.189447
vn 0.264100 -0.964495 0.000000
vn 0.264100 -0.964495 0.000000
vn 0.264124 -0.945700 -0.189447
vn 0.509982 -0.843420 -0.169003
vn 0.509946 -0.860206 0.000000
vn 0.509946 -0.860206 0.000000
vn 0.509982 -0.843420 -0.169003
vn 0.720127 -0.680305 -0.136391
vn 0.720120 -0.693849 0.000000
vn 0.720120 -0.693849 0.000000
vn 0.720127 -0.680305 -0.136391
vn 0.880247 -0.465232 -0.093404
vn 0.880239 -0.474531 0.000000
vn 0.880239 -0.474531 0.000000
vn 0.880247 -0.465232 -0.093404
vn 0.977533 -0.206634 -0.041626
vn 0.977590 -0.210517 0.000000
vn 0.977590 -0.210517 0.000000
vn 0.977533 -0.206634 -0.041626
vn 0.998491 -0.053944 -0.010326
vn 0.998504 -0.054678 0.000000
vn 0.065821 -0.978413 0.195898
vn 0.065849 -0.997830 0.000000
vn 0.264100 -0.964495 0.000000
vn 0.264124 -0.945700 0.189447
vn 0.264124 -0.945700 0.189447
vn 0.264100 -0.964495 0.000000
vn 0.509946 -0.860206 0.000000
vn 0.509985 -0.843426 0.168962
vn 0.509985 -0.843426 0.168962
vn 0.509946 -0.860206 0.000000
vn 0.720120 -0.693849 0.000000
vn 0.720127 -0.680305 0.136391
vn 0.720127 -0.680305 0.136391
vn 0.720120 -0.693849 0.000000
vn 0.880239 -0.474531 0.000000
vn 0.880241 -0.465244 0.093404
vn 0.880241 -0.465244 0.093404
vn 0.880239 -0.474531 0.000000
vn 0.977590 -0.210517 0.000000
vn 0.977535 -0.206621 0.041624
vn 0.977535 -0.206621 0.041624
vn 0.977590 -0.210517 0.000000
vn 0.998504 -0.054678 0.000000
vn 0.998491 -0.053944 0.010326
vn 0.065940 -0.920912 0.384152
vn 0.065821 -0.978413 0.195898
vn 0.264124 -0.945700 0.189447
vn 0.264245 -0.890057 0.371446
vn 0.264245 -0.890057 0.371446
vn 0.264124 -0.945700 0.189447
vn 0.509985 -0.843426 0.168962
vn 0.509849 -0.793876 0.331383
vn 0.509849 -0.793876 0.331383
vn 0.509985 -0.843426 0.168962
vn 0.720127 -0.680305 0.136391
vn 0.720100 -0.640261 0.267437
vn 0.720100 -0.640261 0.267437
vn 0.720127 -0.680305 0.136391
vn 0.880241 -0.465244 0.093404
vn 0.880160 -0.437905 0.183191
vn 0.880160 -0.437905 0.183191
vn 0.880241 -0.465244 0.093404
vn 0.977535 -0.206621 0.041624
vn 0.977350 -0.195151 0.081871
vn 0.977350 -0.195151 0.081871
vn 0.977535 -0.206621 0.041624
vn 0.998491 -0.053944 0.010326
vn 0.998450 -0.051696 0.020616
vn 0.065852 -0.827643 0.557379
vn 0.065940 -0.920912 0.384152
vn 0.264245 -0.890057 0.371446
vn 0.264065 -0.799868 0.538963
vn 0.264065 -0.799868 0.538963
vn 0.264245 -0.890057 0.371446
vn 0.509849 -0.793876 0.331383
vn 0.509863 -0.713361 0.480786
vn 0.509863 -0.713361 0.480786
vn 0.509849 -0.793876 0.331383
vn 0.720100 -0.640261 0.267437
vn 0.720012 -0.575352 0.388011
vn 0.720012 -0.575352 0.388011
vn 0.720100 -0.640261 0.267437
vn 0.880160 -0.437905 0.183191
vn 0.880008 -0.393603 0.265825
vn 0.880008 -0.393603 0.265825
vn 0.880160 -0.437905 0.183191
vn 0.977350 -0.195151 0.081871
vn 0.977016 -0.176548 0.119461
vn 0.977016 -0.176548 0.119461
vn 0.977350 -0.195151 0.081871
vn 0.998450 -0.051696 0.020616
vn 0.998382 -0.047828 0.030770
vn 0.065928 -0.702354 0.708768
vn 0.065852 -0.827643 0.557379
vn 0.264065 -0.799868 0.538963
vn 0.264070 -0.678670 0.685327
vn 0.264070 -0.678670 0.685327
vn 0.264065 -0.799868 0.538963
vn 0.509863 -0.713361 0.480786
vn 0.509812 -0.605272 0.611341
vn 0.509812 -0.605272 0.611341
vn 0.509863 -0.713361 0.480786
vn 0.720012 -0.575352 0.388011
vn 0.719854 -0.488226 0.493402
vn 0.719854 -0.488226 0.493402
vn 0.720012 -0.575352 0.388011
vn 0.880008 -0.393603 0.265825
vn 0.879729 -0.334192 0.338219
vn 0.879729 -0.334192 0.338219
vn 0.880008 -0.393603 0.265825
vn 0.977016 -0.176548 0.119461
vn 0.976490 -0.151460 0.153384
vn 0.976490 -0.151460 0.153384
vn 0.977016 -0.176548 0.119461
vn 0.998382 -0.047828 0.030770
vn 0.998286 -0.042166 0.040588
vn 0.065835 -0.550188 0.832442
vn 0.065928 -0.702354 0.708768
vn 0.264070 -0.678670 0.685327
vn 0.263891 -0.531571 0.804856
vn 0.263891 -0.531571 0.804856
vn 0.264070 -0.678670 0.685327
vn 0.509812 -0.605272 0.611341
vn 0.509525 -0.474130 0.718043
vn 0.509525 -0.474130 0.718043
vn 0.509812 -0.605272 0.611341
vn 0.719854 -0.488226 0.493402
vn 0.719539 -0.382512 0.579611
vn 0.719539 -0.382512 0.579611
vn 0.719854 -0.488226 0.493402
vn 0.879729 -0.334192 0.338219
vn 0.879246 -0.262150 0.397748
vn 0.879246 -0.262150 0.397748
vn 0.879729 -0.334192 0.338219
vn 0.976490 -0.151460 0.153384
vn 0.975755 -0.120522 0.182694
vn 0.975755 -0.120522 0.182694
vn 0.976490 -0.151460 0.153384
vn 0.998286 -0.042166 0.040588
vn 0.998166 -0.034531 0.049717
vn 0.065849 -0.377582 0.923632
vn 0.065835 -0.550188 0.832442
vn 0.263891 -0.531571 0.804856
vn 0.263860 -0.364753 0.892935
vn 0.263860 -0.364753 0.892935
vn 0.263891 -0.531571 0.804856
vn 0.509525 -0.474130 0.718043
vn 0.509286 -0.325382 0.796715
vn 0.509286 -0.325382 0.796715
vn 0.509525 -0.474130 0.718043
vn 0.719539 -0.382512 0.579611
vn 0.718998 -0.262652 0.643472
vn 0.718998 -0.262652 0.643472
vn 0.719539 -0.382512 0.579611
vn 0.879246 -0.262150 0.397748
vn 0.878572 -0.180318 0.442263
vn 0.878572 -0.180318 0.442263
vn 0.879246 -0.262150 0.397748
vn 0.975755 -0.120522 0.182694
vn 0.974863 -0.084321 0.206234
vn 0.974863 -0.084321 0.206234
vn 0.975755 -0.120522 0.182694
vn 0.998166 -0.034531 0.049717
vn 0.998036 -0.024785 0.057524
vn 0.065867 -0.191873 0.979207
vn 0.065849 -0.377582 0.923632
vn 0.263860 -0.364753 0.892935
vn 0.263680 -0.185311 0.946643
vn 0.263680 -0.185311 0.946643
vn 0.263860 -0.364753 0.892935
vn 0.509286 -0.325382 0.796715
vn 0.508923 -0.165327 0.844786
vn 0.508923 -0.165327 0.844786
vn 0.509286 -0.325382 0.796715
vn 0.718998 -0.262652 0.643472
vn 0.718507 -0.133522 0.682583
vn 0.718507 -0.133522 0.682583
vn 0.718998 -0.262652 0.643472
vn 0.878572 -0.180318 0.442263
vn 0.877886 -0.091845 0.469979
vn 0.877886 -0.091845 0.469979
vn 0.878572 -0.180318 0.442263
vn 0.974863 -0.084321 0.206234
vn 0.974051 -0.043588 0.222092
vn 0.974051 -0.043588 0.222092
vn 0.974863 -0.084321 0.206234
vn 0.998036 -0.024785 0.057524
vn 0.997927 -0.013049 0.063023
vn 0.065907 0.000000 0.997826
vn 0.065867 -0.191873 0.979207
vn 0.263680 -0.185311 0.946643
vn 0.263626 0.000000 0.964625
vn 0.263626 0.000000 0.964625
vn 0.263680 -0.185311 0.946643
vn 0.508923 -0.165327 0.844786
vn 0.508714 0.000000 0.860936
vn 0.508714 0.000000 0.860936
vn 0.508923 -0.165327 0.844786
vn 0.718507 -0.133522 0.682583
vn 0.718265 0.000000 0.695770
vn 0.718265 0.000000 0.695770
vn 0.718507 -0.133522 0.682583
vn 0.877886 -0.091845 0.469979
vn 0.877582 0.000000 0.479427
vn 0.877582 0.000000 0.479427
vn 0.877886 -0.091845 0.469979
vn 0.974051 -0.043588 0.222092
vn 0.973705 0.000000 0.227811
vn 0.973705 0.000000 0.227811
vn 0.974051 -0.043588 0.222092
vn 0.997927 -0.013049 0.063023
vn 0.997882 0.000000 0.065049
vn 0.065867 0.191874 0.979207
vn 0.065907 0.000000 0.997826
vn 0.263626 0.000000 0.964625
vn 0.263680 0.185311 0.946643
vn 0.263680 0.185311 0.946643
vn 0.263626 0.000000 0.964625
vn 0.508714 0.000000 0.860936
vn 0.508923 0.165328 0.844786
vn 0.508923 0.165328 0.844786
vn 0.508714 0.000000 0.860936
vn 0.718265 0.000000 0.695770
vn 0.718507 0.133522 0.682583
vn 0.718507 0.133522 0.682583
vn 0.718265 0.000000 0.695770
vn 0.877582 0.000000 0.479427
vn 0.877886 0.091845 0.469979
vn 0.877886 0.091845 0.469979
vn 0.877582 0.000000 0.479427
vn 0.973705 0.000000 0.227811
vn 0.974051 0.043588 0.222092
vn 0.974051 0.043588 0.222092
vn 0.973705 0.000000 0.227811
vn 0.997882 0.000000 0.065049
vn 0.997927 0.013049 0.063023
vn 0.065849 0.377583 0.923632
vn 0.065867 0.191874 0.979207
vn 0.263680 0.185311 0.946643
vn 0.263860 0.364753 0.892935
vn 0.263860 0.364753 0.892935
vn 0.263680 0.185311 0.946643
vn 0.508923 0.165328 0.844786
vn 0.509286 0.325383 0.796715
vn 0.509286 0.325383 0.796715
vn 0.508923 0.165328 0.844786
vn 0.718507 0.133522 0.682583
vn 0.718998 0.262652 0.643471
vn 0.718998 0.262652 0.643471
vn 0.718507 0.133522 0.682583
vn 0.877886 0.091845 0.469979
vn 0.878572 0.180318 0.442263
vn 0.878572 0.180318 0.442263
vn 0.877886 0.091845 0.469979
vn 0.974051 0.043588 0.222092
vn 0.974863 0.084315 0.206234
vn 0.974863 0.084315 0.206234
vn 0.974051 0.043588 0.222092
vn 0.997927 0.013049 0.063023
vn 0.998036 0.024785 0.057524
vn 0.065835 0.550188 0.832441
vn 0.065849 0.377583 0.923632
vn 0.263860 0.364753 0.892935
vn 0.263891 0.531571 0.804856
vn 0.263891 0.531571 0.804856
vn 0.263860 0.364753 0.892935
vn 0.509286 0.325383 0.796715
vn 0.509525 0.474130 0.718043
vn 0.509525 0.474130 0.718043
vn 0.509286 0.325383 0.796715
vn 0.718998 0.262652 0.643471
vn 0.719539 0.382513 0.579610
vn 0.719539 0.382513 0.579610
vn 0.718998 0.262652 0.643471
vn 0.878572 0.180318 0.442263
vn 0.879246 0.262150 0.397748
vn 0.879246 0.262150 0.397748
vn 0.878572 0.180318 0.442263
vn 0.974863 0.084315 0.206234
vn 0.975755 0.120522 0.182694
vn 0.975755 0.120522 0.182694
vn 0.974863 0.084315 0.206234
vn 0.998036 0.024785 0.057524
vn 0.998166 0.034531 0.049717
vn 0.065928 0.702355 0.708768
vn 0.065835 0.550188 0.832441
vn 0.263891 0.531571 0.804856
vn 0.264070 0.678671 0.685327
vn 0.264070 0.678671 0.685327
vn 0.263891 0.531571 0.804856
vn 0.509525 0.474130 0.718043
vn 0.509812 0.605272 0.611341
vn 0.509812 0.605272 0.611341
vn 0.509525 0.474130 0.718043
vn 0.719539 0.382513 0.579610
vn 0.719854 0.488226 0.493402
vn 0.719854 0.488226 0.493402
vn 0.719539 0.382513 0.579610
vn 0.879246 0.262150 0.397748
vn 0.879729 0.334193 0.338219
vn 0.879729 0.334193 0.338219
vn 0.879246 0.262150 0.397748
vn 0.975755 0.120522 0.182694
vn 0.976490 0.151460 0.153384
vn 0.976490 0.151460 0.153384
vn 0.975755 0.120522 0.182694
vn 0.998166 0.034531 0.049717
vn 0.998286 0.042166 0.040588
vn 0.065852 0.827643 0.557379
vn 0.065928 0.702355 0.708768
vn 0.264070 0.678671 0.685327
vn 0.264065 0.799868 0.538963
vn 0.264065 0.799868 0.538963
vn 0.264070 0.678671 0.685327
vn 0.509812 0.605272 0.611341
vn 0.509863 0.713361 0.480786
vn 0.509863 0.713361 0.480786
vn 0.509812 0.605272 0.611341
vn 0.719854 0.488226 0.493402
vn 0.720021 0.575359 0.387985
vn 0.720021 0.575359 0.387985
vn 0.719854 0.488226 0.493402
vn 0.879729 0.334193 0.338219
vn 0.880008 0.393603 0.265825
vn 0.880008 0.393603 0.265825
vn 0.879729 0.334193 0.338219
vn 0.976490 0.151460 0.153384
vn 0.977016 0.176548 0.119461
vn 0.977016 0.176548 0.119461
vn 0.976490 0.151460 0.153384
vn 0.998286 0.042166 0.040588
vn 0.998382 0.047828 0.030770
vn 0.065940 0.920912 0.384151
vn 0.065852 0.827643 0.557379
vn 0.264065 0.799868 0.538963
vn 0.264245 0.890058 0.371446
vn 0.264245 0.890058 0.371446
vn 0.264065 0.799868 0.538963
vn 0.509863 0.713361 0.480786
vn 0.509849 0.793876 0.331383
vn 0.509849 0.793876 0.331383
vn 0.509863 0.713361 0.480786
vn 0.720021 0.575359 0.387985
vn 0.720100 0.640261 0.267437
vn 0.720100 0.640261 0.267437
vn 0.720021 0.575359 0.387985
vn 0.880008 0.393603 0.265825
vn 0.880163 0.437906 0.183169
vn 0.880163 0.437906 0.183169
vn 0.880008 0.393603 0.265825
vn 0.977016 0.176548 0.119461
vn 0.977350 0.195151 0.081871
vn 0.977350 0.195151 0.081871
vn 0.977016 0.176548 0.119461
vn 0.998382 0.047828 0.030770
vn 0.998450 0.051696 0.020616
vn 0.065821 0.978413 0.195898
vn 0.065940 0.920912 0.384151
vn 0.264245 0.890058 0.371446
vn 0.264124 0.945700 0.189447
vn 0.264124 0.945700 0.189447
vn 0.264245 0.890058 0.371446
vn 0.509849 0.793876 0.331383
vn 0.509985 0.843426 0.168962
vn 0.509985 0.843426 0.168962
vn 0.509849 0.793876 0.331383
vn 0.720100 0.640261 0.267437
vn 0.720127 0.680305 0.136391
vn 0.720127 0.680305 0.136391
vn 0.720100 0.640261 0.267437
vn 0.880163 0.437906 0.183169
vn 0.880247 0.465232 0.093404
vn 0.880247 0.465232 0.093404
vn 0.880163 0.437906 0.183169
vn 0.977350 0.195151 0.081871
vn 0.977533 0.206634 0.041626
vn 0.977533 0.206634 0.041626
vn 0.977350 0.195151 0.081871
vn 0.998450 0.051696 0.020616
vn 0.998491 0.053946 0.010327
vn 0.065849 0.997830 -0.000000
vn 0.065821 0.978413 0.195898
vn 0.264124 0.945700 0.189447
vn 0.264100 0.964495 -0.000000
vn 0.264100 0.964495 -0.000000
vn 0.264124 0.945700 0.189447
vn 0.509985 0.843426 0.168962
vn 0.509946 0.860206 -0.000000
vn 0.509946 0.860206 -0.000000
vn 0.509985 0.843426 0.168962
vn 0.720127 0.680305 0.136391
vn 0.720120 0.693849 -0.000000
vn 0.720120 0.693849 -0.000000
vn 0.720127 0.680305 0.136391
vn 0.880247 0.465232 0.093404
vn 0.880239 0.474531 -0.000000
vn 0.880239 0.474531 -0.000000
vn 0.880247 0.465232 0.093404
vn 0.977533 0.206634 0.041626
vn 0.977590 0.210517 -0.000000
vn 0.977590 0.210517 -0.000000
vn 0.977533 0.206634 0.041626
vn 0.998491 0.053946 0.010327
vn 0.998504 0.054678 -0.000000
vn 0.065821 0.978413 -0.195898
vn 0.065849 0.997830 -0.000000
vn 0.264100 0.964495 -0.000000
vn 0.264124 0.945700 -0.189447
vn 0.264124 0.945700 -0.189447
vn 0.264100 0.964495 -0.000000
vn 0.509946 0.860206 -0.000000
vn 0.509982 0.843420 -0.169003
vn 0.509982 0.843420 -0.169003
vn 0.509946 0.860206 -0.000000
vn 0.720120 0.693849 -0.000000
vn 0.720127 0.680305 -0.136391
vn 0.720127 0.680305 -0.136391
vn 0.720120 0.693849 -0.000000
vn 0.880239 0.474531 -0.000000
vn 0.880247 0.465232 -0.093404
vn 0.880247 0.465232 -0.093404
vn 0.880239 0.474531 -0.000000
vn 0.977590 0.210517 -0.000000
vn 0.977533 0.206634 -0.041626
vn 0.977533 0.206634 -0.041626
vn 0.977590 0.210517 -0.000000
vn 0.998504 0.054678 -0.000000
vn 0.998491 0.053944 -0.010326
vn 0.065941 0.920929 -0.384112
vn 0.065821 0.978413 -0.195898
vn 0.264124 0.945700 -0.189447
vn 0.264245 0.890057 -0.371446
vn 0.264245 0.890057 -0.371446
vn 0.264124 0.945700 -0.189447
vn 0.509982 0.843420 -0.169003
vn 0.509849 0.793876 -0.331383
vn 0.509849 0.793876 -0.331383
vn 0.509982 0.843420 -0.169003
vn 0.720127 0.680305 -0.136391
vn 0.720100 0.640261 -0.267437
vn 0.720100 0.640261 -0.267437
vn 0.720127 0.680305 -0.136391
vn 0.880247 0.465232 -0.093404
vn 0.880163 0.437906 -0.183169
vn 0.880163 0.437906 -0.183169
vn 0.880247 0.465232 -0.093404
vn 0.977533 0.206634 -0.041626
vn 0.977350 0.195151 -0.081871
vn 0.977350 0.195151 -0.081871
vn 0.977533 0.206634 -0.041626
vn 0.998491 0.053944 -0.010326
vn 0.998450 0.051696 -0.020616
vn 0.065852 0.827643 -0.557379
vn 0.065941 0.920929 -0.384112
vn 0.264245 0.890057 -0.371446
vn 0.264065 0.799868 -0.538963
vn 0.264065 0.799868 -0.538963
vn 0.264245 0.890057 -0.371446
vn 0.509849 0.793876 -0.331383
vn 0.509872 0.713349 -0.480794
vn 0.509872 0.713349 -0.480794
vn 0.509849 0.793876 -0.331383
vn 0.720100 0.640261 -0.267437
vn 0.720012 0.575352 -0.388011
vn 0.720012 0.575352 -0.388011
vn 0.720100 0.640261 -0.267437
vn 0.880163 0.437906 -0.183169
vn 0.880008 0.393603 -0.265825
vn 0.880008 0.393603 -0.265825
vn 0.880163 0.437906 -0.183169
vn 0.977350 0.195151 -0.081871
vn 0.977016 0.176548 -0.119461
vn 0.977016 0.176548 -0.119461
vn 0.977350 0.195151 -0.081871
vn 0.998450 0.051696 -0.020616
vn 0.998382 0.047828 -0.030770
vn 0.065928 0.702354 -0.708768
vn 0.065852 0.827643 -0.557379
vn 0.264065 0.799868 -0.538963
vn 0.264070 0.678670 -0.685327
vn 0.264070 0.678670 -0.685327
vn 0.264065 0.799868 -0.538963
vn 0.509872 0.713349 -0.480794
vn 0.509665 0.605315 -0.611421
vn 0.509665 0.605315 -0.611421
vn 0.509872 0.713349 -0.480794
vn 0.720012 0.575352 -0.388011
vn 0.719783 0.488278 -0.493455
vn 0.719783 0.488278 -0.493455
vn 0.720012 0.575352 -0.388011
vn 0.880008 0.393603 -0.265825
vn 0.879729 0.334192 -0.338219
vn 0.879729 0.334192 -0.338219
vn 0.880008 0.393603 -0.265825
vn 0.977016 0.176548 -0.119461
vn 0.976490 0.151460 -0.153384
vn 0.976490 0.151460 -0.153384
vn 0.977016 0.176548 -0.119461
vn 0.998382 0.047828 -0.030770
vn 0.998286 0.042166 -0.040595
vn 0.065835 0.550188 -0.832442
vn 0.065928 0.702354 -0.708768
vn 0.264070 0.678670 -0.685327
vn 0.264065 0.531545 -0.804817
vn 0.264065 0.531545 -0.804817
vn 0.264070 0.678670 -0.685327
vn 0.509665 0.605315 -0.611421
vn 0.509520 0.474145 -0.718036
vn 0.509520 0.474145 -0.718036
vn 0.509665 0.605315 -0.611421
vn 0.719783 0.488278 -0.493455
vn 0.719473 0.382550 -0.579667
vn 0.719473 0.382550 -0.579667
vn 0.719783 0.488278 -0.493455
vn 0.879729 0.334192 -0.338219
vn 0.879249 0.262139 -0.397749
vn 0.879249 0.262139 -0.397749
vn 0.879729 0.334192 -0.338219
vn 0.976490 0.151460 -0.153384
vn 0.975755 0.120522 -0.182694
vn 0.975755 0.120522 -0.182694
vn 0.976490 0.151460 -0.153384
vn 0.998286 0.042166 -0.040595
vn 0.998166 0.034531 -0.049717
vn 0.065848 0.377600 -0.923624
vn 0.065835 0.550188 -0.832442
vn 0.264065 0.531545 -0.804817
vn 0.263858 0.364770 -0.892929
vn 0.263858 0.364770 -0.892929
vn 0.264065 0.531545 -0.804817
vn 0.509520 0.474145 -0.718036
vn 0.509185 0.325415 -0.796766
vn 0.509185 0.325415 -0.796766
vn 0.509520 0.474145 -0.718036
vn 0.719473 0.382550 -0.579667
vn 0.719006 0.262670 -0.643455
vn 0.719006 0.262670 -0.643455
vn 0.719473 0.382550 -0.579667
vn 0.879249 0.262139 -0.397749
vn 0.878572 0.180318 -0.442263
vn 0.878572 0.180318 -0.442263
vn 0.879249 0.262139 -0.397749
vn 0.975755 0.120522 -0.182694
vn 0.974861 0.084315 -0.206244
vn 0.974861 0.084315 -0.206244
vn 0.975755 0.120522 -0.182694
vn 0.998166 0.034531 -0.049717
vn 0.998036 0.024788 -0.057531
vn 0.065868 0.191855 -0.979211
vn 0.065848 0.377600 -0.923624
vn 0.263858 0.364770 -0.892929
vn 0.263679 0.185329 -0.946640
vn 0.263679 0.185329 -0.946640
vn 0.263858 0.364770 -0.892929
vn 0.509185 0.325415 -0.796766
vn 0.508922 0.165344 -0.844784
vn 0.508922 0.165344 -0.844784
vn 0.509185 0.325415 -0.796766
vn 0.719006 0.262670 -0.643455
vn 0.718506 0.133536 -0.682581
vn 0.718506 0.133536 -0.682581
vn 0.719006 0.262670 -0.643455
vn 0.878572 0.180318 -0.442263
vn 0.877891 0.091866 -0.469965
vn 0.877891 0.091866 -0.469965
vn 0.878572 0.180318 -0.442263
vn 0.974861 0.084315 -0.206244
vn 0.974051 0.043588 -0.222092
vn 0.974051 0.043588 -0.222092
vn 0.974861 0.084315 -0.206244
vn 0.998036 0.024788 -0.057531
vn 0.997927 0.013045 -0.063023
vn 0.065749 -0.000000 -0.997836
vn 0.065868 0.191855 -0.979211
vn 0.263679 0.185329 -0.946640
vn 0.263626 -0.000000 -0.964625
vn 0.263626 -0.000000 -0.964625
vn 0.263679 0.185329 -0.946640
vn 0.508922 0.165344 -0.844784
vn 0.508714 -0.000000 -0.860936
vn 0.508714 -0.000000 -0.860936
vn 0.508922 0.165344 -0.844784
vn 0.718506 0.133536 -0.682581
vn 0.718265 -0.000000 -0.695770
vn 0.718265 -0.000000 -0.695770
vn 0.718506 0.133536 -0.682581
vn 0.877891 0.091866 -0.469965
vn 0.877582 -0.000000 -0.479427
vn 0.877582 -0.000000 -0.479427
vn 0.877891 0.091866 -0.469965
vn 0.974051 0.043588 -0.222092
vn 0.973710 -0.000000 -0.227792
vn 0.973710 -0.000000 -0.227792
vn 0.974051 0.043588 -0.222092
vn 0.997927 0.013045 -0.063023
vn 0.997882 -0.000000 -0.065049
vn 0.986057 -0.032017 -0.163299
vn 0.985434 -0.000000 -0.170061
vn 0.065749 -0.000000 -0.997836
vn 0.065868 -0.191855 -0.979210
vn -1.000000 0.000000 -0.000000
vn -1.000000 0.000000 -0.000000
vn -1.000000 0.000000 -0.000000
vn -1.000000 0.000000 -0.000000
vn 0.000000 -0.000000 -1.000000
vn 0.000000 -0.000000 -1.000000
vn 0.000000 -0.000000 -1.000000
vn 0.000000 -0.000000 -1.000000
vn 1.000000 0.000000 0.000000
vn 1.000000 0.000000 0.000000
vn 1.000000 0.000000 0.000000
vn 1.000000 0.000000 0.000000
vn 0.000000 0.000000 1.000000
vn 0.000000 0.000000 1.000000
vn 0.000000 0.000000 1.000000
vn 0.000000 0.000000 1.000000
vn 0.000000 -1.000000 0.000000
vn 0.000000 -1.000000 0.000000
vn 0.000000 -1.000000 0.000000
vn 0.000000 -1.000000 0.000000
vn 0.000000 1.000000 -0.000000
vn 0.000000 1.000000 -0.000000
vn 0.000000 1.000000 -0.000000
vn 0.000000 1.000000 -0.000000
vn 0.000000 1.000000 -0.000000
vn 0.000000 1.000000 -0.000000
vn 0.000000 1.000000 -0.000000
vn 0.000000 1.000000 -0.000000
vn 0.000000 -1.000000 0.000000
vn 0.000000 -1.000000 0.000000
vn 0.000000 -1.000000 0.000000
vn 0.000000 -1.000000 0.000000
vn 1.000000 0.000000 0.000000
vn 1.000000 0.000000 0.000000
vn 1.000000 0.000000 0.000000
vn 1.000000 0.000000 0.000000
vn -1.000000 0.000000 -0.000000
vn -1.000000 0.000000 -0.000000
vn -1.000000 0.000000 -0.000000
vn -1.000000 0.000000 -0.000000
vn 1.000000 0.000000 0.000000
vn 1.000000 0.000000 0.000000
vn 1.000000 0.000000 0.000000
vn 1.000000 0.000000 0.000000
vn 0.000000 -1.000000 0.000000
vn 0.000000 -1.000000 0.000000
vn 0.000000 -1.000000 0.000000
vn 0.000000 -1.000000 0.000000
vn 0.000000 1.000000 -0.000000
vn 0.000000 1.000000 -0.000000
vn 0.000000 1.000000 -0.000000
vn 0.000000 1.000000 -0.000000
vn -1.000000 0.000000 -0.000000
vn -1.000000 0.000000 -0.000000
vn -1.000000 0.000000 -0.000000
vn -1.000000 0.000000 -0.000000
vn -1.000000 0.000000 -0.000000
vn -1.000000 0.000000 -0.000000
vn -1.000000 0.000000 -0.000000
vn -1.000000 0.000000 -0.000000
vn 1.000000 0.000000 0.000000
vn 1.000000 0.000000 0.000000
vn 1.000000 0.000000 0.000000
vn 1.000000 0.000000 0.000000
vn -1.000000 0.000000 -0.000000
vn -1.000000 0.000000 -0.000000
vn -1.000000 0.000000 -0.000000
vn -1.000000 0.000000 -0.000000
vn 0.000000 0.000000 1.000000
vn 0.000000 0.000000 1.000000
vn 0.000000 0.000000 1.000000
vn 0.000000 0.000000 1.000000
vn 0.000000 0.000000 1.000000
vn 0.000000 0.000000 1.000000
vn 0.000000 0.000000 1.000000
vn 0.000000 0.000000 1.000000
vn 1.000000 0.000000 0.000000
vn 1.000000 0.000000 0.000000
vn 1.000000 0.000000 0.000000
vn 1.000000 0.000000 0.000000
vn 0.000000 -0.000000 -1.000000
vn 0.000000 -0.000000 -1.000000
vn 0.000000 -0.000000 -1.000000
vn 0.000000 -0.000000 -1.000000
vn -1.000000 0.000000 -0.000000
vn -1.000000 0.000000 -0.000000
vn -1.000000 0.000000 -0.000000
vn -1.000000 0.000000 -0.000000
vn -1.000000 0.000000 -0.000000
vn -1.000000 0.000000 -0.000000
vn -1.000000 0.000000 -0.000000
vn -1.000000 0.000000 -0.000000
vn 0.000000 -0.000000 -1.000000
vn 0.000000 -0.000000 -1.000000
vn 0.000000 -0.000000 -1.000000
vn 0.000000 -0.000000 -1.000000
vn 1.000000 0.000000 0.000000
vn 1.000000 0.000000 0.000000
vn 1.000000 0.000000 0.000000
vn 1.000000 0.000000 0.000000
vn 0.000000 0.000000 1.000000
vn 0.000000 0.000000 1.000000
vn 0.000000 0.000000 1.000000
vn 0.000000 0.000000 1.000000
vn 1.000000 0.000000 0.000000
vn 1.000000 0.000000 0.000000
vn 1.000000 0.000000 0.000000
vn 1.000000 0.000000 0.000000
vn -1.000000 0.000000 -0.000000
vn -1.000000 0.000000 -0.000000
vn -1.000000 0.000000 -0.000000
vn -1.000000 0.000000 -0.000000
vn 1.000000 0.000000 0.000000
vn 1.000000 0.000000 0.000000
vn 1.000000 0.000000 0.000000
vn 1.000000 0.000000 0.000000
vn -1.000000 0.000000 -0.000000
vn -1.000000 0.000000 -0.000000
vn -1.000000 0.000000 -0.000000
vn -1.000000 0.000000 -0.000000
vn 1.000000 0.000000 0.000000
vn 1.000000 0.000000 0.000000
vn 1.000000 0.000000 0.000000
vn 1.000000 0.000000 0.000000
vn 0.000000 -0.000000 -1.000000
vn 0.000000 -0.000000 -1.000000
vn 0.000000 -0.000000 -1.000000
vn 0.000000 -0.000000 -1.000000
vn 0.000000 1.000000 -0.000000
vn 0.000000 1.000000 -0.000000
vn 0.000000 1.000000 -0.000000
vn 0.000000 1.000000 -0.000000
vn 0.000000 -1.000000 0.000000
vn 0.000000 -1.000000 0.000000
vn 0.000000 -1.000000 0.000000
vn 0.000000 -1.000000 0.000000
vn 0.000000 -1.000000 0.000000
vn 0.000000 -1.000000 0.000000
vn 0.000000 -1.000000 0.000000
vn 0.000000 -1.000000 0.000000
vn 0.000000 1.000000 -0.000000
vn 0.000000 1.000000 -0.000000
vn 0.000000 1.000000 -0.000000
vn 0.000000 1.000000 -0.000000
vn 1.000000 0.000000 0.000000
vn 1.000000 0.000000 0.000000
vn 1.000000 0.000000 0.000000
vn 1.000000 0.000000 0.000000
vn -1.000000 0.000000 -0.000000
vn -1.000000 0.000000 -0.000000
vn -1.000000 0.000000 -0.000000
vn -1.000000 0.000000 -0.000000
vn 1.000000 0.000000 0.000000
vn 1.000000 0.000000 0.000000
vn 1.000000 0.000000 0.000000
vn 1.000000 0.000000 0.000000
vn -1.000000 0.000000 -0.000000
vn -1.000000 0.000000 -0.000000
vn -1.000000 0.000000 -0.000000
vn -1.000000 0.000000 -0.000000
vn -1.000000 0.000000 -0.000000
vn -1.000000 0.000000 -0.000000
vn -1.000000 0.000000 -0.000000
vn -1.000000 0.000000 -0.000000
vn 1.000000 0.000000 0.000000
vn 1.000000 0.000000 0.000000
vn 1.000000 0.000000 0.000000
vn 1.000000 0.000000 0.000000
vn 0.000000 -1.000000 0.000000
vn 0.000000 -1.000000 0.000000
vn 0.000000 -1.000000 0.000000
vn 0.000000 -1.000000 0.000000
vn 0.000000 1.000000 -0.000000
vn 0.000000 1.000000 -0.000000
vn 0.000000 1.000000 -0.000000
vn 0.000000 1.000000 -0.000000
vn 0.000000 1.000000 -0.000000
vn 0.000000 1.000000 -0.000000
vn 0.000000 1.000000 -0.000000
vn 0.000000 1.000000 -0.000000
vn 0.000000 -1.000000 0.000000
vn 0.000000 -1.000000 0.000000
vn 0.000000 -1.000000 0.000000
vn 0.000000 -1.000000 0.000000
vn 1.000000 0.000000 0.000000
vn 1.000000 0.000000 0.000000
vn 1.000000 0.000000 0.000000
vn 1.000000 0.000000 0.000000
vn 1.000000 0.000000 0.000000
vn 1.000000 0.000000 0.000000
vn 1.000000 0.000000 0.000000
vn 1.000000 0.000000 0.000000
vn 1.000000 0.000000 0.000000
vn 1.000000 0.000000 0.000000
vn 1.000000 0.000000 0.000000
vn 1.000000 0.000000 0.000000
vn 0.000000 -1.000000 0.000000
vn 0.000000 -1.000000 0.000000
vn 0.000000 -1.000000 0.000000
vn 0.000000 -1.000000 0.000000
vn 0.000000 1.000000 -0.000000
vn 0.000000 1.000000 -0.000000
vn 0.000000 1.000000 -0.000000
vn 0.000000 1.000000 -0.000000
vn -1.000000 0.000000 -0.000000
vn -1.000000 0.000000 -0.000000
vn -1.000000 0.000000 -0.000000
vn -1.000000 0.000000 -0.000000
vn -1.000000 0.000000 -0.000000
vn -1.000000 0.000000 -0.000000
vn -1.000000 0.000000 -0.000000
vn -1.000000 0.000000 -0.000000
vn -1.000000 0.000000 -0.000000
vn -1.000000 0.000000 -0.000000
vn -1.000000 0.000000 -0.000000
vn -1.000000 0.000000 -0.000000
vn -1.000000 0.000000 -0.000000
vn -1.000000 0.000000 -0.000000
vn -1.000000 0.000000 -0.000000
vn -1.000000 0.000000 -0.000000
vn 1.000000 0.000000 0.000000
vn 1.000000 0.000000 0.000000
vn 1.000000 0.000000 0.000000
vn 1.000000 0.000000 0.000000
vn -1.000000 0.000000 -0.000000
vn -1.000000 0.000000 -0.000000
vn -1.000000 0.000000 -0.000000
vn -1.000000 0.000000 -0.000000
vn 0.000000 -0.000000 -1.000000
vn 0.000000 -0.000000 -1.000000
vn 0.000000 -0.000000 -1.000000
vn 0.000000 -0.000000 -1.000000
vn 0.000000 -0.000000 -1.000000
vn 0.000000 -0.000000 -1.000000
vn 0.000000 -0.000000 -1.000000
vn 0.000000 -0.000000 -1.000000
vn 1.000000 0.000000 0.000000
vn 1.000000 0.000000 0.000000
vn 1.000000 0.000000 0.000000
vn 1.000000 0.000000 0.000000
vn -1.000000 0.000000 -0.000000
vn -1.000000 0.000000 -0.000000
vn -1.000000 0.000000 -0.000000
vn -1.000000 0.000000 -0.000000
vn 0.000000 -0.000000 -1.000000
vn 0.000000 -0.000000 -1.000000
vn 0.000000 -0.000000 -1.000000
vn 0.000000 -0.000000 -1.000000
vn 1.000000 0.000000 0.000000
vn 1.000000 0.000000 0.000000
vn 1.000000 0.000000 0.000000
vn 1.000000 0.000000 0.000000
vn 0.000000 0.000000 1.000000
vn 0.000000 0.000000 1.000000
vn 0.000000 0.000000 1.000000
vn 0.000000 0.000000 1.000000
vn 0.000000 0.000000 1.000000
vn 0.000000 0.000000 1.000000
vn 0.000000 0.000000 1.000000
vn 0.000000 0.000000 1.000000
vn -1.000000 0.000000 -0.000000
vn -1.000000 0.000000 -0.000000
vn -1.000000 0.000000 -0.000000
vn -1.000000 0.000000 -0.000000
vn 1.000000 0.000000 0.000000
vn 1.000000 0.000000 0.000000
vn 1.000000 0.000000 0.000000
vn 1.000000 0.000000 0.000000
vn -1.000000 0.000000 -0.000000
vn -1.000000 0.000000 -0.000000
vn -1.000000 0.000000 -0.000000
vn -1.000000 0.000000 -0.000000
vn -1.000000 0.000000 -0.000000
vn -1.000000 0.000000 -0.000000
vn -1.000000 0.000000 -0.000000
vn -1.000000 0.000000 -0.000000
vn 1.000000 0.000000 0.000000
vn 1.000000 0.000000 0.000000
vn 1.000000 0.000000 0.000000
vn 1.000000 0.000000 0.000000
vn -1.000000 0.000000 -0.000000
vn -1.000000 0.000000 -0.000000
vn -1.000000 0.000000 -0.000000
vn -1.000000 0.000000 -0.000000
vn 0.000000 0.000000 1.000000
vn 0.000000 0.000000 1.000000
vn 0.000000 0.000000 1.000000
vn 0.000000 0.000000 1.000000
vn 0.000000 0.000000 1.000000
vn 0.000000 0.000000 1.000000
vn 0.000000 0.000000 1.000000
vn 0.000000 0.000000 1.000000
vn 1.000000 0.000000 0.000000
vn 1.000000 0.000000 0.000000
vn 1.000000 0.000000 0.000000
vn 1.000000 0.000000 0.000000
vn 0.000000 -0.000000 -1.000000
vn 0.000000 -0.000000 -1.000000
vn 0.000000 -0.000000 -1.000000
vn 0.000000 -0.000000 -1.000000
vn -1.000000 0.000000 -0.000000
vn -1.000000 0.000000 -0.000000
vn -1.000000 0.000000 -0.000000
vn -1.000000 0.000000 -0.000000
vn 1.000000 0.000000 0.000000
vn 1.000000 0.000000 0.000000
vn 1.000000 0.000000 0.000000
vn 1.000000 0.000000 0.000000
vn 1.000000 0.000000 0.000000
vn 1.000000 0.000000 0.000000
vn 1.000000 0.000000 0.000000
vn 1.000000 0.000000 0.000000
vn -1.000000 0.000000 -0.000000
vn -1.000000 0.000000 -0.000000
vn -1.000000 0.000000 -0.000000
vn -1.000000 0.000000 -0.000000
vn 1.000000 0.000000 0.000000
vn 1.000000 0.000000 0.000000
vn 1.000000 0.000000 0.000000
vn 1.000000 0.000000 0.000000
vn -1.000000 0.000000 -0.000000
vn -1.000000 0.000000 -0.000000
vn -1.000000 0.000000 -0.000000
vn -1.000000 0.000000 -0.000000
vn 0.000000 -0.000000 -1.000000
vn 0.000000 -0.000000 -1.000000
vn 0.000000 -0.000000 -1.000000
vn 0.000000 -0.000000 -1.000000
vn 1.000000 0.000000 0.000000
vn 1.000000 0.000000 0.000000
vn 1.000000 0.000000 0.000000
vn 1.000000 0.000000 0.000000
vn 0.000000 1.000000 -0.000000
vn 0.000000 1.000000 -0.000000
vn 0.000000 1.000000 -0.000000
vn 0.000000 1.000000 -0.000000
vn 0.000000 -1.000000 0.000000
vn 0.000000 -1.000000 0.000000
vn 0.000000 -1.000000 0.000000
vn 0.000000 -1.000000 0.000000
vn 0.000000 0.000000 1.000000
vn 0.000000 0.000000 1.000000
vn 0.000000 0.000000 1.000000
vn 0.000000 0.000000 1.000000
vn -1.000000 0.000000 -0.000000
vn -1.000000 0.000000 -0.000000
vn -1.000000 0.000000 -0.000000
vn -1.000000 0.000000 -0.000000
vn 1.000000 0.000000 0.000000
vn 1.000000 0.000000 0.000000
vn 1.000000 0.000000 0.000000
vn 1.000000 0.000000 0.000000
vn -1.000000 0.000000 -0.000000
vn -1.000000 0.000000 -0.000000
vn -1.000000 0.000000 -0.000000
vn -1.000000 0.000000 -0.000000
vn 0.000000 -1.000000 0.000000
vn 0.000000 -1.000000 0.000000
vn 0.000000 -1.000000 0.000000
vn 0.000000 -1.000000 0.000000
vn 1.000000 0.000000 0.000000
vn 1.000000 0.000000 0.000000
vn 1.000000 0.000000 0.000000
vn 1.000000 0.000000 0.000000
vn -1.000000 0.000000 -0.000000
vn -1.000000 0.000000 -0.000000
vn -1.000000 0.000000 -0.000000
vn -1.000000 0.000000 -0.000000
vn 0.000000 -0.000000 -1.000000
vn 0.000000 -0.000000 -1.000000
vn 0.000000 -0.000000 -1.000000
vn 0.000000 -0.000000 -1.000000
vn 1.000000 0.000000 0.000000
vn 1.000000 0.000000 0.000000
vn 1.000000 0.000000 0.000000
vn 1.000000 0.000000 0.000000
vn 0.000000 0.000000 1.000000
vn 0.000000 0.000000 1.000000
vn 0.000000 0.000000 1.000000
vn 0.000000 0.000000 1.000000
vn 0.000000 0.000000 1.000000
vn 0.000000 0.000000 1.000000
vn 0.000000 0.000000 1.000000
vn 0.000000 0.000000 1.000000
vn -1.000000 0.000000 -0.000000
vn -1.000000 0.000000 -0.000000
vn -1.000000 0.000000 -0.000000
vn -1.000000 0.000000 -0.000000
vn 1.000000 0.000000 0.000000
vn 1.000000 0.000000 0.000000
vn 1.000000 0.000000 0.000000
vn 1.000000 0.000000 0.000000
vn -1.000000 0.000000 -0.000000
vn -1.000000 0.000000 -0.000000
vn -1.000000 0.000000 -0.000000
vn -1.000000 0.000000 -0.000000
vn 0.000000 -0.000000 -1.000000
vn 0.000000 -0.000000 -1.000000
vn 0.000000 -0.000000 -1.000000
vn 0.000000 -0.000000 -1.000000
vn -1.000000 0.000000 -0.000000
vn -1.000000 0.000000 -0.000000
vn -1.000000 0.000000 -0.000000
vn -1.000000 0.000000 -0.000000
vn 1.000000 0.000000 0.000000
vn 1.000000 0.000000 0.000000
vn 1.000000 0.000000 0.000000
vn 1.000000 0.000000 0.000000
vn -1.000000 0.000000 -0.000000
vn -1.000000 0.000000 -0.000000
vn -1.000000 0.000000 -0.000000
vn -1.000000 0.000000 -0.000000
vn 0.000000 0.000000 1.000000
vn 0.000000 0.000000 1.000000
vn 0.000000 0.000000 1.000000
vn 0.000000 0.000000 1.000000
vn 0.000000 0.000000 1.000000
vn 0.000000 0.000000 1.000000
vn 0.000000 0.000000 1.000000
vn 0.000000 0.000000 1.000000
vn 1.000000 0.000000 0.000000
vn 1.000000 0.000000 0.000000
vn 1.000000 0.000000 0.000000
vn 1.000000 0.000000 0.000000
vn 0.000000 -0.000000 -1.000000
vn 0.000000 -0.000000 -1.000000
vn 0.000000 -0.000000 -1.000000
vn 0.000000 -0.000000 -1.000000
vn -1.000000 0.000000 -0.000000
vn -1.000000 0.000000 -0.000000
vn -1.000000 0.000000 -0.000000
vn -1.000000 0.000000 -0.000000
vn 1.000000 0.000000 0.000000
vn 1.000000 0.000000 0.000000
vn 1.000000 0.000000 0.000000
vn 1.000000 0.000000 0.000000
vn 1.000000 0.000000 0.000000
vn 1.000000 0.000000 0.000000
vn 1.000000 0.000000 0.000000
vn 1.000000 0.000000 0.000000
vn -1.000000 0.000000 -0.000000
vn -1.000000 0.000000 -0.000000
vn -1.000000 0.000000 -0.000000
vn -1.000000 0.000000 -0.000000
vn 1.000000 0.000000 0.000000
vn 1.000000 0.000000 0.000000
vn 1.000000 0.000000 0.000000
vn 1.000000 0.000000 0.000000
vn -1.000000 0.000000 -0.000000
vn -1.000000 0.000000 -0.000000
vn -1.000000 0.000000 -0.000000
vn -1.000000 0.000000 -0.000000
vn 0.000000 -0.000000 -1.000000
vn 0.000000 -0.000000 -1.000000
vn 0.000000 -0.000000 -1.000000
vn 0.000000 -0.000000 -1.000000
vn 1.000000 0.000000 0.000000
vn 1.000000 0.000000 0.000000
vn 1.000000 0.000000 0.000000
vn 1.000000 0.000000 0.000000
vn 0.000000 0.000000 1.000000
vn 0.000000 0.000000 1.000000
vn 0.000000 0.000000 1.000000
vn 0.000000 0.000000 1.000000
vn 0.000000 -0.000000 -1.000000
vn 0.000000 -0.000000 -1.000000
vn 0.000000 -0.000000 -1.000000
vn 0.000000 -0.000000 -1.000000
vn 0.000000 1.000000 -0.000000
vn 0.000000 1.000000 -0.000000
vn 0.000000 1.000000 -0.000000
vn 0.000000 1.000000 -0.000000
vn 0.000000 1.000000 -0.000000
vn 0.000000 1.000000 -0.000000
vn 0.000000 1.000000 -0.000000
vn 0.000000 1.000000 -0.000000
vn 0.000000 1.000000 -0.000000
vn 0.000000 1.000000 -0.000000
vn 0.000000 1.000000 -0.000000
vn 0.000000 1.000000 -0.000000
vn -1.000000 0.000000 -0.000000
vn -1.000000 0.000000 -0.000000
vn -1.000000 0.000000 -0.000000
vn -1.000000 0.000000 -0.000000
vn 1.000000 0.000000 0.000000
vn 1.000000 0.000000 0.000000
vn 1.000000 0.000000 0.000000
vn 1.000000 0.000000 0.000000
vn 0.000000 -1.000000 0.000000
vn 0.000000 -1.000000 0.000000
vn 0.000000 -1.000000 0.000000
vn 0.000000 -1.000000 0.000000
vn -1.000000 0.000000 -0.000000
vn -1.000000 0.000000 -0.000000
vn -1.000000 0.000000 -0.000000
vn -1.000000 0.000000 -0.000000
vn 0.000000 -1.000000 0.000000
vn 0.000000 -1.000000 0.000000
vn 0.000000 -1.000000 0.000000
vn 0.000000 -1.000000 0.000000
vn 0.000000 1.000000 -0.000000
vn 0.000000 1.000000 -0.000000
vn 0.000000 1.000000 -0.000000
vn 0.000000 1.000000 -0.000000
vn 1.000000 0.000000 0.000000
vn 1.000000 0.000000 0.000000
vn 1.000000 0.000000 0.000000
vn 1.000000 0.000000 0.000000
vn -1.000000 0.000000 -0.000000
vn -1.000000 0.000000 -0.000000
vn -1.000000 0.000000 -0.000000
vn -1.000000 0.000000 -0.000000
vn 1.000000 0.000000 0.000000
vn 1.000000 0.000000 0.000000
vn 1.000000 0.000000 0.000000
vn 1.000000 0.000000 0.000000
vn -1.000000 0.000000 -0.000000
vn -1.000000 0.000000 -0.000000
vn -1.000000 0.000000 -0.000000
vn -1.000000 0.000000 -0.000000
vn -1.000000 0.000000 -0.000000
vn -1.000000 0.000000 -0.000000
vn -1.000000 0.000000 -0.000000
vn -1.000000 0.000000 -0.000000
vn -1.000000 0.000000 -0.000000
vn -1.000000 0.000000 -0.000000
vn -1.000000 0.000000 -0.000000
vn -1.000000 0.000000 -0.000000
vn -1.000000 0.000000 -0.000000
vn -1.000000 0.000000 -0.000000
vn -1.000000 0.000000 -0.000000
vn -1.000000 0.000000 -0.000000
vn 0.000000 1.000000 -0.000000
vn 0.000000 1.000000 -0.000000
vn 0.000000 1.000000 -0.000000
vn 0.000000 1.000000 -0.000000
vn 0.000000 1.000000 -0.000000
vn 0.000000 1.000000 -0.000000
vn 0.000000 1.000000 -0.000000
vn 0.000000 1.000000 -0.000000
vn 0.000000 -1.000000 0.000000
vn 0.000000 -1.000000 0.000000
vn 0.000000 -1.000000 0.000000
vn 0.000000 -1.000000 0.000000
vn 1.000000 0.000000 0.000000
vn 1.000000 0.000000 0.000000
vn 1.000000 0.000000 0.000000
vn 1.000000 0.000000 0.000000
vn 1.000000 0.000000 0.000000
vn 1.000000 0.000000 0.000000
vn 1.000000 0.000000 0.000000
vn 1.000000 0.000000 0.000000
vn 1.000000 0.000000 0.000000
vn 1.000000 0.000000 0.000000
vn 1.000000 0.000000 0.000000
vn 1.000000 0.000000 0.000000
vn 0.000000 -1.000000 0.000000
vn 0.000000 -1.000000 0.000000
vn 0.000000 -1.000000 0.000000
vn 0.000000 -1.000000 0.000000
vn 0.000000 -1.000000 0.000000
vn 0.000000 -1.000000 0.000000
vn 0.000000 -1.000000 0.000000
vn 0.000000 -1.000000 0.000000
vn 1.000000 0.000000 0.000000
vn 1.000000 0.000000 0.000000
vn 1.000000 0.000000 0.000000
vn 1.000000 0.000000 0.000000
vn 1.000000 0.000000 0.000000
vn 1.000000 0.000000 0.000000
vn 1.000000 0.000000 0.000000
vn 1.000000 0.000000 0.000000
vn 1.000000 0.000000 0.000000
vn 1.000000 0.000000 0.000000
vn 1.000000 0.000000 0.000000
vn 1.000000 0.000000 0.000000
vn 0.000000 -1.000000 0.000000
vn 0.000000 -1.000000 0.000000
vn 0.000000 -1.000000 0.000000
vn 0.000000 -1.000000 0.000000
vn 0.000000 1.000000 -0.000000
vn 0.000000 1.000000 -0.000000
vn 0.000000 1.000000 -0.000000
vn 0.000000 1.000000 -0.000000
vn 1.000000 0.000000 0.000000
vn 1.000000 0.000000 0.000000
vn 1.000000 0.000000 0.000000
vn 1.000000 0.000000 0.000000
vn 1.000000 0.000000 0.000000
vn 1.000000 0.000000 0.000000
vn 1.000000 0.000000 0.000000
vn 1.000000 0.000000 0.000000
vn 0.000000 -1.000000 0.000000
vn 0.000000 -1.000000 0.000000
vn 0.000000 -1.000000 0.000000
vn 0.000000 -1.000000 0.000000
vn 0.000000 -1.000000 0.000000
vn 0.000000 -1.000000 0.000000
vn 0.000000 -1.000000 0.000000
vn 0.000000 -1.000000 0.000000
vn 1.000000 0.000000 0.000000
vn 1.000000 0.000000 0.000000
vn 1.000000 0.000000 0.000000
vn 1.000000 0.000000 0.000000
vn 1.000000 0.000000 0.000000
vn 1.000000 0.000000 0.000000
vn 1.000000 0.000000 0.000000
vn 1.000000 0.000000 0.000000
vn 0.000000 1.000000 -0.000000
vn 0.000000 1.000000 -0.000000
vn 0.000000 1.000000 -0.000000
vn 0.000000 1.000000 -0.000000
vn -1.000000 0.000000 -0.000000
vn -1.000000 0.000000 -0.000000
vn -1.000000 0.000000 -0.000000
vn -1.000000 0.000000 -0.000000
vn -1.000000 0.000000 -0.000000
vn -1.000000 0.000000 -0.000000
vn -1.000000 0.000000 -0.000000
vn -1.000000 0.000000 -0.000000
vn 0.000000 1.000000 -0.000000
vn 0.000000 1.000000 -0.000000
vn 0.000000 1.000000 -0.000000
vn 0.000000 1.000000 -0.000000
vn -1.000000 0.000000 -0.000000
vn -1.000000 0.000000 -0.000000
vn -1.000000 0.000000 -0.000000
vn -1.000000 0.000000 -0.000000
vn -1.000000 0.000000 -0.000000
vn -1.000000 0.000000 -0.000000
vn -1.000000 0.000000 -0.000000
vn -1.000000 0.000000 -0.000000
vn -1.000000 0.000000 -0.000000
vn -1.000000 0.000000 -0.000000
vn -1.000000 0.000000 -0.000000
vn -1.000000 0.000000 -0.000000
vn -1.000000 0.000000 -0.000000
vn -1.000000 0.000000 -0.000000
vn -1.000000 0.000000 -0.000000
vn -1.000000 0.000000 -0.000000
vn -1.000000 0.000000 -0.000000
vn -1.000000 0.000000 -0.000000
vn -1.000000 0.000000 -0.000000
vn -1.000000 0.000000 -0.000000
vn 0.000000 1.000000 -0.000000
vn 0.000000 1.000000 -0.000000
vn 0.000000 1.000000 -0.000000
vn 0.000000 1.000000 -0.000000
vn 0.000000 -0.000000 -1.000000
vn 0.000000 -0.000000 -1.000000
vn 0.000000 -0.000000 -1.000000
vn 0.000000 -0.000000 -1.000000
vn 1.000000 0.000000 0.000000
vn 1.000000 0.000000 0.000000
vn 1.000000 0.000000 0.000000
vn 1.000000 0.000000 0.000000
vn 0.000000 -1.000000 0.000000
vn 0.000000 -1.000000 0.000000
vn 0.000000 -1.000000 0.000000
vn 0.000000 -1.000000 0.000000
vn 0.000000 -1.000000 0.000000
vn 0.000000 -1.000000 0.000000
vn 0.000000 -1.000000 0.000000
vn 0.000000 -1.000000 0.000000
vn 1.000000 0.000000 0.000000
vn 1.000000 0.000000 0.000000
vn 1.000000 0.000000 0.000000
vn 1.000000 0.000000 0.000000
vn 1.000000 0.000000 0.000000
vn 1.000000 0.000000 0.000000
vn 1.000000 0.000000 0.000000
vn 1.000000 0.000000 0.000000
vn 0.000000 1.000000 -0.000000
vn 0.000000 1.000000 -0.000000
vn 0.000000 1.000000 -0.000000
vn 0.000000 1.000000 -0.000000
vn 0.000000 -1.000000 0.000000
vn 0.000000 -1.000000 0.000000
vn 0.000000 -1.000000 0.000000
vn 0.000000 -1.000000 0.000000
vn 1.000000 0.000000 0.000000
vn 1.000000 0.000000 0.000000
vn 1.000000 0.000000 0.000000
vn 1.000000 0.000000 0.000000
vn 1.000000 0.000000 0.000000
vn 1.000000 0.000000 0.000000
vn 1.000000 0.000000 0.000000
vn 1.000000 0.000000 0.000000
vn 1.000000 0.000000 0.000000
vn 1.000000 0.000000 0.000000
vn 1.000000 0.000000 0.000000
vn 1.000000 0.000000 0.000000
vn 0.000000 -1.000000 0.000000
vn 0.000000 -1.000000 0.000000
vn 0.000000 -1.000000 0.000000
vn 0.000000 -1.000000 0.000000
vn 0.000000 1.000000 -0.000000
vn 0.000000 1.000000 -0.000000
vn 0.000000 1.000000 -0.000000
vn 0.000000 1.000000 -0.000000
vn -1.000000 0.000000 -0.000000
vn -1.000000 0.000000 -0.000000
vn -1.000000 0.000000 -0.000000
vn -1.000000 0.000000 -0.000000
vn -1.000000 0.000000 -0.000000
vn -1.000000 0.000000 -0.000000
vn -1.000000 0.000000 -0.000000
vn -1.000000 0.000000 -0.000000
vn 0.000000 1.000000 -0.000000
vn 0.000000 1.000000 -0.000000
vn 0.000000 1.000000 -0.000000
vn 0.000000 1.000000 -0.000000
vn -1.000000 0.000000 -0.000000
vn -1.000000 0.000000 -0.000000
vn -1.000000 0.000000 -0.000000
vn -1.000000 0.000000 -0.000000
vn -1.000000 0.000000 -0.000000
vn -1.000000 0.000000 -0.000000
vn -1.000000 0.000000 -0.000000
vn -1.000000 0.000000 -0.000000
vn -1.000000 0.000000 -0.000000
vn -1.000000 0.000000 -0.000000
vn -1.000000 0.000000 -0.000000
vn -1.000000 0.000000 -0.000000
vn -1.000000 0.000000 -0.000000
vn -1.000000 0.000000 -0.000000
vn -1.000000 0.000000 -0.000000
vn -1.000000 0.000000 -0.000000
vn -1.000000 0.000000 -0.000000
vn -1.000000 0.000000 -0.000000
vn -1.000000 0.000000 -0.000000
vn -1.000000 0.000000 -0.000000
vn 0.000000 1.000000 -0.000000
vn 0.000000 1.000000 -0.000000
vn 0.000000 1.000000 -0.000000
vn 0.000000 1.000000 -0.000000
vn 0.000000 -1.000000 0.000000
vn 0.000000 -1.000000 0.000000
vn 0.000000 -1.000000 0.000000
vn 0.000000 -1.000000 0.000000
vn 1.000000 0.000000 0.000000
vn 1.000000 0.000000 0.000000
vn 1.000000 0.000000 0.000000
vn 1.000000 0.000000 0.000000
vn 1.000000 0.000000 0.000000
vn 1.000000 0.000000 0.000000
vn 1.000000 0.000000 0.000000
vn 1.000000 0.000000 0.000000
vn 1.000000 0.000000 0.000000
vn 1.000000 0.000000 0.000000
vn 1.000000 0.000000 0.000000
vn 1.000000 0.000000 0.000000
vn 0.000000 -1.000000 0.000000
vn 0.000000 -1.000000 0.000000
vn 0.000000 -1.000000 0.000000
vn 0.000000 -1.000000 0.000000
vn 0.000000 1.000000 -0.000000
vn 0.000000 1.000000 -0.000000
vn 0.000000 1.000000 -0.000000
vn 0.000000 1.000000 -0.000000
vn 1.000000 0.000000 0.000000
vn 1.000000 0.000000 0.000000
vn 1.000000 0.000000 0.000000
vn 1.000000 0.000000 0.000000
vn 1.000000 0.000000 0.000000
vn 1.000000 0.000000 0.000000
vn 1.000000 0.000000 0.000000
vn 1.000000 0.000000 0.000000
vn 0.000000 -1.000000 0.000000
vn 0.000000 -1.000000 0.000000
vn 0.000000 -1.000000 0.000000
vn 0.000000 -1.000000 0.000000
vn 0.000000 -1.000000 0.000000
vn 0.000000 -1.000000 0.000000
vn 0.000000 -1.000000 0.000000
vn 0.000000 -1.000000 0.000000
vn 1.000000 0.000000 0.000000
vn 1.000000 0.000000 0.000000
vn 1.000000 0.000000 0.000000
vn 1.000000 0.000000 0.000000
vn 1.000000 0.000000 0.000000
vn 1.000000 0.000000 0.000000
vn 1.000000 0.000000 0.000000
vn 1.000000 0.000000 0.000000
vn 0.000000 1.000000 -0.000000
vn 0.000000 1.000000 -0.000000
vn 0.000000 1.000000 -0.000000
vn 0.000000 1.000000 -0.000000
vn -1.000000 0.000000 -0.000000
vn -1.000000 0.000000 -0.000000
vn -1.000000 0.000000 -0.000000
vn -1.000000 0.000000 -0.000000
vn -1.000000 0.000000 -0.000000
vn -1.000000 0.000000 -0.000000
vn -1.000000 0.000000 -0.000000
vn -1.000000 0.000000 -0.000000
vn 0.000000 1.000000 -0.000000
vn 0.000000 1.000000 -0.000000
vn 0.000000 1.000000 -0.000000
vn 0.000000 1.000000 -0.000000
vn -1.000000 0.000000 -0.000000
vn -1.000000 0.000000 -0.000000
vn -1.000000 0.000000 -0.000000
vn -1.000000 0.000000 -0.000000
vn -1.000000 0.000000 -0.000000
vn -1.000000 0.000000 -0.000000
vn -1.000000 0.000000 -0.000000
vn -1.000000 0.000000 -0.000000
vn -1.000000 0.000000 -0.000000
vn -1.000000 0.000000 -0.000000
vn -1.000000 0.000000 -0.000000
vn -1.000000 0.000000 -0.000000
vn -1.000000 0.000000 -0.000000
vn -1.000000 0.000000 -0.000000
vn -1.000000 0.000000 -0.000000
vn -1.000000 0.000000 -0.000000
vn -1.000000 0.000000 -0.000000
vn -1.000000 0.000000 -0.000000
vn -1.000000 0.000000 -0.000000
vn -1.000000 0.000000 -0.000000
vn 0.000000 1.000000 -0.000000
vn 0.000000 1.000000 -0.000000
vn 0.000000 1.000000 -0.000000
vn 0.000000 1.000000 -0.000000
vn 0.000000 -1.000000 0.000000
vn 0.000000 -1.000000 0.000000
vn 0.000000 -1.000000 0.000000
vn 0.000000 -1.000000 0.000000
vn 1.000000 0.000000 0.000000
vn 1.000000 0.000000 0.000000
vn 1.000000 0.000000 0.000000
vn 1.000000 0.000000 0.000000
vn 0.000000 -1.000000 0.000000
vn 0.000000 -1.000000 0.000000
vn 0.000000 -1.000000 0.000000
vn 0.000000 -1.000000 0.000000
vn 0.000000 -1.000000 0.000000
vn 0.000000 -1.000000 0.000000
vn 0.000000 -1.000000 0.000000
vn 0.000000 -1.000000 0.000000
vn 1.000000 0.000000 0.000000
vn 1.000000 0.000000 0.000000
vn 1.000000 0.000000 0.000000
vn 1.000000 0.000000 0.000000
vn 1.000000 0.000000 0.000000
vn 1.000000 0.000000 0.000000
vn 1.000000 0.000000 0.000000
vn 1.000000 0.000000 0.000000
vn 0.000001 1.000000 -0.000000
vn 0.000001 1.000000 -0.000000
vn 0.000001 1.000000 -0.000000
vn 0.000001 1.000000 -0.000000
vn -0.000001 -1.000000 0.000000
vn -0.000001 -1.000000 0.000000
vn -0.000001 -1.000000 0.000000
vn -0.000001 -1.000000 0.000000
vn 1.000000 0.000000 0.000000
vn 1.000000 0.000000 0.000000
vn 1.000000 0.000000 0.000000
vn 1.000000 0.000000 0.000000
vn 1.000000 0.000000 0.000000
vn 1.000000 0.000000 0.000000
vn 1.000000 0.000000 0.000000
vn 1.000000 0.000000 0.000000
vn 1.000000 0.000000 0.000000
vn 1.000000 0.000000 0.000000
vn 1.000000 0.000000 0.000000
vn 1.000000 0.000000 0.000000
vn 0.000000 -1.000000 0.000000
vn 0.000000 -1.000000 0.000000
vn 0.000000 -1.000000 0.000000
vn 0.000000 -1.000000 0.000000
vn 0.000000 1.000000 -0.000000
vn 0.000000 1.000000 -0.000000
vn 0.000000 1.000000 -0.000000
vn 0.000000 1.000000 -0.000000
vn -1.000000 0.000000 -0.000000
vn -1.000000 0.000000 -0.000000
vn -1.000000 0.000000 -0.000000
vn -1.000000 0.000000 -0.000000
vn -1.000000 0.000000 -0.000000
vn -1.000000 0.000000 -0.000000
vn -1.000000 0.000000 -0.000000
vn -1.000000 0.000000 -0.000000
vn 0.000000 1.000000 -0.000000
vn 0.000000 1.000000 -0.000000
vn 0.000000 1.000000 -0.000000
vn 0.000000 1.000000 -0.000000
vn -1.000000 0.000000 -0.000000
vn -1.000000 0.000000 -0.000000
vn -1.000000 0.000000 -0.000000
vn -1.000000 0.000000 -0.000000
vn -1.000000 0.000000 -0.000000
vn -1.000000 0.000000 -0.000000
vn -1.000000 0.000000 -0.000000
vn -1.000000 0.000000 -0.000000
vn -1.000000 0.000000 -0.000000
vn -1.000000 0.000000 -0.000000
vn -1.000000 0.000000 -0.000000
vn -1.000000 0.000000 -0.000000
vn -1.000000 0.000000 -0.000000
vn -1.000000 0.000000 -0.000000
vn -1.000000 0.000000 -0.000000
vn -1.000000 0.000000 -0.000000
vn -1.000000 0.000000 -0.000000
vn -1.000000 0.000000 -0.000000
vn -1.000000 0.000000 -0.000000
vn -1.000000 0.000000 -0.000000
vn 0.000000 1.000000 -0.000000
vn 0.000000 1.000000 -0.000000
vn 0.000000 1.000000 -0.000000
vn 0.000000 1.000000 -0.000000
vn 0.000000 -1.000000 0.000000
vn 0.000000 -1.000000 0.000000
vn 0.000000 -1.000000 0.000000
vn 0.000000 -1.000000 0.000000
vn 1.000000 0.000000 0.000000
vn 1.000000 0.000000 0.000000
vn 1.000000 0.000000 0.000000
vn 1.000000 0.000000 0.000000
vn 1.000000 0.000000 0.000000
vn 1.000000 0.000000 0.000000
vn 1.000000 0.000000 0.000000
vn 1.000000 0.000000 0.000000
vn 1.000000 0.000000 0.000000
vn 1.000000 0.000000 0.000000
vn 1.000000 0.000000 0.000000
vn 1.000000 0.000000 0.000000
vn 0.000000 -1.000000 0.000000
vn 0.000000 -1.000000 0.000000
vn 0.000000 -1.000000 0.000000
vn 0.000000 -1.000000 0.000000
vn -0.000000 1.000000 -0.000000
vn -0.000000 1.000000 -0.000000
vn -0.000000 1.000000 -0.000000
vn -0.000000 1.000000 -0.000000
vn 1.000000 0.000000 0.000000
vn 1.000000 0.000000 0.000000
vn 1.000000 0.000000 0.000000
vn 1.000000 0.000000 0.000000
vn 1.000000 0.000000 0.000000
vn 1.000000 0.000000 0.000000
vn 1.000000 0.000000 0.000000
vn 1.000000 0.000000 0.000000
vn 0.000000 -1.000000 0.000000
vn 0.000000 -1.000000 0.000000
vn 0.000000 -1.000000 0.000000
vn 0.000000 -1.000000 0.000000
vn 0.000000 -1.000000 0.000000
vn 0.000000 -1.000000 0.000000
vn 0.000000 -1.000000 0.000000
vn 0.000000 -1.000000 0.000000
vn 1.000000 0.000000 0.000000
vn 1.000000 0.000000 0.000000
vn 1.000000 0.000000 0.000000
vn 1.000000 0.000000 0.000000
vn 1.000000 0.000000 0.000000
vn 1.000000 0.000000 0.000000
vn 1.000000 0.000000 0.000000
vn 1.000000 0.000000 0.000000
vn 0.000000 1.000000 -0.000000
vn 0.000000 1.000000 -0.000000
vn 0.000000 1.000000 -0.000000
vn 0.000000 1.000000 -0.000000
vn -1.000000 0.000000 -0.000000
vn -1.000000 0.000000 -0.000000
vn -1.000000 0.000000 -0.000000
vn -1.000000 0.000000 -0.000000
vn -1.000000 0.000000 -0.000000
vn -1.000000 0.000000 -0.000000
vn -1.000000 0.000000 -0.000000
vn -1.000000 0.000000 -0.000000
vn 0.000000 1.000000 -0.000000
vn 0.000000 1.000000 -0.000000
vn 0.000000 1.000000 -0.000000
vn 0.000000 1.000000 -0.000000
vn -1.000000 0.000000 -0.000000
vn -1.000000 0.000000 -0.000000
vn -1.000000 0.000000 -0.000000
vn -1.000000 0.000000 -0.000000
vn -1.000000 0.000000 -0.000000
vn -1.000000 0.000000 -0.000000
vn -1.000000 0.000000 -0.000000
vn -1.000000 0.000000 -0.000000
vn -1.000000 0.000000 -0.000000
vn -1.000000 0.000000 -0.000000
vn -1.000000 0.000000 -0.000000
vn -1.000000 0.000000 -0.000000
vn -1.000000 0.000000 -0.000000
vn -1.000000 0.000000 -0.000000
vn -1.000000 0.000000 -0.000000
vn -1.000000 0.000000 -0.000000
vn -1.000000 0.000000 -0.000000
vn -1.000000 0.000000 -0.000000
vn -1.000000 0.000000 -0.000000
vn -1.000000 0.000000 -0.000000
vn 0.000000 1.000000 -0.000000
vn 0.000000 1.000000 -0.000000
vn 0.000000 1.000000 -0.000000
vn 0.000000 1.000000 -0.000000
vn 0.000000 1.000000 -0.000000
vn 0.000000 1.000000 -0.000000
vn 0.000000 1.000000 -0.000000
vn 0.000000 1.000000 -0.000000
vn -1.000000 0.000000 -0.000000
vn -1.000000 0.000000 -0.000000
vn -1.000000 0.000000 -0.000000
vn -1.000000 0.000000 -0.000000
vn -1.000000 0.000000 -0.000000
vn -1.000000 0.000000 -0.000000
vn -1.000000 0.000000 -0.000000
vn -1.000000 0.000000 -0.000000
vn -1.000000 0.000000 -0.000000
vn -1.000000 0.000000 -0.000000
vn -1.000000 0.000000 -0.000000
vn -1.000000 0.000000 -0.000000
vn -1.000000 0.000000 -0.000000
vn -1.000000 0.000000 -0.000000
vn -1.000000 0.000000 -0.000000
vn -1.000000 0.000000 -0.000000
vn -1.000000 0.000000 -0.000000
vn -1.000000 0.000000 -0.000000
vn -1.000000 0.000000 -0.000000
vn -1.000000 0.000000 -0.000000
vn 0.000000 1.000000 -0.000000
vn 0.000000 1.000000 -0.000000
vn 0.000000 1.000000 -0.000000
vn 0.000000 1.000000 -0.000000
vn -1.000000 0.000000 -0.000000
vn -1.000000 0.000000 -0.000000
vn -1.000000 0.000000 -0.000000
vn -1.000000 0.000000 -0.000000
vn -1.000000 0.000000 -0.000000
vn -1.000000 0.000000 -0.000000
vn -1.000000 0.000000 -0.000000
vn -1.000000 0.000000 -0.000000
vn 0.000000 1.000000 -0.000000
vn 0.000000 1.000000 -0.000000
vn 0.000000 1.000000 -0.000000
vn 0.000000 1.000000 -0.000000
vn 0.000000 0.000000 1.000000
vn 0.000000 0.000000 1.000000
vn 0.000000 0.000000 1.000000
vn 0.000000 0.000000 1.000000
vn 1.000000 0.000000 0.000000
vn 1.000000 0.000000 0.000000
vn 1.000000 0.000000 0.000000
vn 1.000000 0.000000 0.000000
vn 0.000000 -1.000000 0.000000
vn 0.000000 -1.000000 0.000000
vn 0.000000 -1.000000 0.000000
vn 0.000000 -1.000000 0.000000
vn 0.000000 -1.000000 0.000000
vn 0.000000 -1.000000 0.000000
vn 0.000000 -1.000000 0.000000
vn 0.000000 -1.000000 0.000000
vn 1.000000 0.000000 0.000000
vn 1.000000 0.000000 0.000000
vn 1.000000 0.000000 0.000000
vn 1.000000 0.000000 0.000000
vn 1.000000 0.000000 0.000000
vn 1.000000 0.000000 0.000000
vn 1.000000 0.000000 0.000000
vn 1.000000 0.000000 0.000000
vn -0.000001 1.000000 -0.000000
vn -0.000001 1.000000 -0.000000
vn -0.000001 1.000000 -0.000000
vn -0.000001 1.000000 -0.000000
vn 0.000001 -1.000000 0.000000
vn 0.000001 -1.000000 0.000000
vn 0.000001 -1.000000 0.000000
vn 0.000001 -1.000000 0.000000
vn 1.000000 0.000000 0.000000
vn 1.000000 0.000000 0.000000
vn 1.000000 0.000000 0.000000
vn 1.000000 0.000000 0.000000
vn 1.000000 0.000000 0.000000
vn 1.000000 0.000000 0.000000
vn 1.000000 0.000000 0.000000
vn 1.000000 0.000000 0.000000
vn 1.000000 0.000000 0.000000
vn 1.000000 0.000000 0.000000
vn 1.000000 0.000000 0.000000
vn 1.000000 0.000000 0.000000
vn 0.000000 -1.000000 0.000000
vn 0.000000 -1.000000 0.000000
vn 0.000000 -1.000000 0.000000
vn 0.000000 -1.000000 0.000000
vn 0.000000 -1.000000 0.000000
vn 0.000000 -1.000000 0.000000
vn 0.000000 -1.000000 0.000000
vn 0.000000 -1.000000 0.000000
vn 1.000000 0.000000 0.000000
vn 1.000000 0.000000 0.000000
vn 1.000000 0.000000 0.000000
vn 1.000000 0.000000 0.000000
vn 1.000000 0.000000 0.000000
vn 1.000000 0.000000 0.000000
vn 1.000000 0.000000 0.000000
vn 1.000000 0.000000 0.000000
vn 1.000000 0.000000 0.000000
vn 1.000000 0.000000 0.000000
vn 1.000000 0.000000 0.000000
vn 1.000000 0.000000 0.000000
vn 0.000000 -1.000000 0.000000
vn 0.000000 -1.000000 0.000000
vn 0.000000 -1.000000 0.000000
vn 0.000000 -1.000000 0.000000
vn -0.000000 1.000000 -0.000000
vn -0.000000 1.000000 -0.000000
vn -0.000000 1.000000 -0.000000
vn -0.000000 1.000000 -0.000000
vn 1.000000 0.000000 0.000000
vn 1.000000 0.000000 0.000000
vn 1.000000 0.000000 0.000000
vn 1.000000 0.000000 0.000000
vn 1.000000 0.000000 0.000000
vn 1.000000 0.000000 0.000000
vn 1.000000 0.000000 0.000000
vn 1.000000 0.000000 0.000000
vn 0.000000 -1.000000 0.000000
vn 0.000000 -1.000000 0.000000
vn 0.000000 -1.000000 0.000000
vn 0.000000 -1.000000 0.000000
vn 0.000000 -1.000000 0.000000
vn 0.000000 -1.000000 0.000000
vn 0.000000 -1.000000 0.000000
vn 0.000000 -1.000000 0.000000
vn 1.000000 0.000000 0.000000
vn 1.000000 0.000000 0.000000
vn 1.000000 0.000000 0.000000
vn 1.000000 0.000000 0.000000
vn 1.000000 0.000000 0.000000
vn 1.000000 0.000000 0.000000
vn 1.000000 0.000000 0.000000
vn 1.000000 0.000000 0.000000
vn 0.000000 1.000000 -0.000000
vn 0.000000 1.000000 -0.000000
vn 0.000000 1.000000 -0.000000
vn 0.000000 1.000000 -0.000000
vn -1.000000 0.000000 -0.000000
vn -1.000000 0.000000 -0.000000
vn -1.000000 0.000000 -0.000000
vn -1.000000 0.000000 -0.000000
vn -1.000000 0.000000 -0.000000
vn -1.000000 0.000000 -0.000000
vn -1.000000 0.000000 -0.000000
vn -1.000000 0.000000 -0.000000
vn -1.000000 0.000000 -0.000000
vn -1.000000 0.000000 -0.000000
vn -1.000000 0.000000 -0.000000
vn -1.000000 0.000000 -0.000000
vn -1.000000 0.000000 -0.000000
vn -1.000000 0.000000 -0.000000
vn -1.000000 0.000000 -0.000000
vn -1.000000 0.000000 -0.000000
vn -1.000000 0.000000 -0.000000
vn -1.000000 0.000000 -0.000000
vn -1.000000 0.000000 -0.000000
vn -1.000000 0.000000 -0.000000
vn 0.000000 1.000000 -0.000000
vn 0.000000 1.000000 -0.000000
vn 0.000000 1.000000 -0.000000
vn 0.000000 1.000000 -0.000000
vn -1.000000 0.000000 -0.000000
vn -1.000000 0.000000 -0.000000
vn -1.000000 0.000000 -0.000000
vn -1.000000 0.000000 -0.000000
vn -1.000000 0.000000 -0.000000
vn -1.000000 0.000000 -0.000000
vn -1.000000 0.000000 -0.000000
vn -1.000000 0.000000 -0.000000
vn 0.000000 1.000000 -0.000000
vn 0.000000 1.000000 -0.000000
vn 0.000000 1.000000 -0.000000
vn 0.000000 1.000000 -0.000000
vn 0.000000 1.000000 -0.000000
vn 0.000000 1.000000 -0.000000
vn 0.000000 1.000000 -0.000000
vn 0.000000 1.000000 -0.000000
vn -1.000000 0.000000 -0.000000
vn -1.000000 0.000000 -0.000000
vn -1.000000 0.000000 -0.000000
vn -1.000000 0.000000 -0.000000
vn -1.000000 0.000000 -0.000000
vn -1.000000 0.000000 -0.000000
vn -1.000000 0.000000 -0.000000
vn -1.000000 0.000000 -0.000000
vn 0.000000 1.000000 -0.000000
vn 0.000000 1.000000 -0.000000
vn 0.000000 1.000000 -0.000000
vn 0.000000 1.000000 -0.000000
vn -1.000000 0.000000 -0.000000
vn -1.000000 0.000000 -0.000000
vn -1.000000 0.000000 -0.000000
vn -1.000000 0.000000 -0.000000
vn -1.000000 0.000000 -0.000000
vn -1.000000 0.000000 -0.000000
vn -1.000000 0.000000 -0.000000
vn -1.000000 0.000000 -0.000000
vn -1.000000 0.000000 -0.000000
vn -1.000000 0.000000 -0.000000
vn -1.000000 0.000000 -0.000000
vn -1.000000 0.000000 -0.000000
vn -1.000000 0.000000 -0.000000
vn -1.000000 0.000000 -0.000000
vn -1.000000 0.000000 -0.000000
vn -1.000000 0.000000 -0.000000
vn -1.000000 0.000000 -0.000000
vn -1.000000 0.000000 -0.000000
vn -1.000000 0.000000 -0.000000
vn -1.000000 0.000000 -0.000000
vn 0.000000 1.000000 -0.000000
vn 0.000000 1.000000 -0.000000
vn 0.000000 1.000000 -0.000000
vn 0.000000 1.000000 -0.000000
vn 1.000000 0.000000 0.000000
vn 1.000000 0.000000 0.000000
vn 1.000000 0.000000 0.000000
vn 1.000000 0.000000 0.000000
vn 1.000000 0.000000 0.000000
vn 1.000000 0.000000 0.000000
vn 1.000000 0.000000 0.000000
vn 1.000000 0.000000 0.000000
vn 0.000000 -1.000000 0.000000
vn 0.000000 -1.000000 0.000000
vn 0.000000 -1.000000 0.000000
vn 0.000000 -1.000000 0.000000
vn 0.000000 -1.000000 0.000000
vn 0.000000 -1.000000 0.000000
vn 0.000000 -1.000000 0.000000
vn 0.000000 -1.000000 0.000000
vn 1.000000 0.000000 0.000000
vn 1.000000 0.000000 0.000000
vn 1.000000 0.000000 0.000000
vn 1.000000 0.000000 0.000000
vn 1.000000 0.000000 0.000000
vn 1.000000 0.000000 0.000000
vn 1.000000 0.000000 0.000000
vn 1.000000 0.000000 0.000000
vn -0.000000 1.000000 -0.000000
vn -0.000000 1.000000 -0.000000
vn -0.000000 1.000000 -0.000000
vn -0.000000 1.000000 -0.000000
vn 0.000000 -1.000000 0.000000
vn 0.000000 -1.000000 0.000000
vn 0.000000 -1.000000 0.000000
vn 0.000000 -1.000000 0.000000
vn 1.000000 0.000000 0.000000
vn 1.000000 0.000000 0.000000
vn 1.000000 0.000000 0.000000
vn 1.000000 0.000000 0.000000
vn 1.000000 0.000000 0.000000
vn 1.000000 0.000000 0.000000
vn 1.000000 0.000000 0.000000
vn 1.000000 0.000000 0.000000
vn 1.000000 0.000000 0.000000
vn 1.000000 0.000000 0.000000
vn 1.000000 0.000000 0.000000
vn 1.000000 0.000000 0.000000
vn 0.000000 -1.000000 0.000000
vn 0.000000 -1.000000 0.000000
vn 0.000000 -1.000000 0.000000
vn 0.000000 -1.000000 0.000000
vn 0.000000 1.000000 -0.000000
vn 0.000000 1.000000 -0.000000
vn 0.000000 1.000000 -0.000000
vn 0.000000 1.000000 -0.000000
vn -1.000000 0.000000 -0.000000
vn -1.000000 0.000000 -0.000000
vn -1.000000 0.000000 -0.000000
vn -1.000000 0.000000 -0.000000
vn -1.000000 0.000000 -0.000000
vn -1.000000 0.000000 -0.000000
vn -1.000000 0.000000 -0.000000
vn -1.000000 0.000000 -0.000000
vn -1.000000 0.000000 -0.000000
vn -1.000000 0.000000 -0.000000
vn -1.000000 0.000000 -0.000000
vn -1.000000 0.000000 -0.000000
vn -1.000000 0.000000 -0.000000
vn -1.000000 0.000000 -0.000000
vn -1.000000 0.000000 -0.000000
vn -1.000000 0.000000 -0.000000
vn -1.000000 0.000000 -0.000000
vn -1.000000 0.000000 -0.000000
vn -1.000000 0.000000 -0.000000
vn -1.000000 0.000000 -0.000000
vn 0.000000 1.000000 -0.000000
vn 0.000000 1.000000 -0.000000
vn 0.000000 1.000000 -0.000000
vn 0.000000 1.000000 -0.000000
vn -1.000000 0.000000 -0.000000
vn -1.000000 0.000000 -0.000000
vn -1.000000 0.000000 -0.000000
vn -1.000000 0.000000 -0.000000
vn -1.000000 0.000000 -0.000000
vn -1.000000 0.000000 -0.000000
vn -1.000000 0.000000 -0.000000
vn -1.000000 0.000000 -0.000000
vn 0.000000 1.000000 -0.000000
vn 0.000000 1.000000 -0.000000
vn 0.000000 1.000000 -0.000000
vn 0.000000 1.000000 -0.000000
vn 0.000000 -0.000000 -1.000000
vn 0.000000 -0.000000 -1.000000
vn 0.000000 -0.000000 -1.000000
vn 0.000000 -0.000000 -1.000000
vn 1.000000 0.000000 0.000000
vn 1.000000 0.000000 0.000000
vn 1.000000 0.000000 0.000000
vn 1.000000 0.000000 0.000000
vn 0.000000 -1.000000 0.000000
vn 0.000000 -1.000000 0.000000
vn 0.000000 -1.000000 0.000000
vn 0.000000 -1.000000 0.000000
vn 0.000000 -1.000000 0.000000
vn 0.000000 -1.000000 0.000000
vn 0.000000 -1.000000 0.000000
vn 0.000000 -1.000000 0.000000
vn 1.000000 0.000000 0.000000
vn 1.000000 0.000000 0.000000
vn 1.000000 0.000000 0.000000
vn 1.000000 0.000000 0.000000
vn 1.000000 0.000000 0.000000
vn 1.000000 0.000000 0.000000
vn 1.000000 0.000000 0.000000
vn 1.000000 0.000000 0.000000
vn -0.000002 1.000000 -0.000000
vn -0.000002 1.000000 -0.000000
vn -0.000002 1.000000 -0.000000
vn -0.000002 1.000000 -0.000000
vn 0.000002 -1.000000 0.000000
vn 0.000002 -1.000000 0.000000
vn 0.000002 -1.000000 0.000000
vn 0.000002 -1.000000 0.000000
vn 1.000000 0.000000 0.000000
vn 1.000000 0.000000 0.000000
vn 1.000000 0.000000 0.000000
vn 1.000000 0.000000 0.000000
vn 1.000000 0.000000 0.000000
vn 1.000000 0.000000 0.000000
vn 1.000000 0.000000 0.000000
vn 1.000000 0.000000 0.000000
vn 1.000000 0.000000 0.000000
vn 1.000000 0.000000 0.000000
vn 1.000000 0.000000 0.000000
vn 1.000000 0.000000 0.000000
vn 0.000000 -1.000000 0.000000
vn 0.000000 -1.000000 0.000000
vn 0.000000 -1.000000 0.000000
vn 0.000000 -1.000000 0.000000
vn 0.000000 0.000000 1.000000
vn 0.000000 0.000000 1.000000
vn 0.000000 0.000000 1.000000
vn 0.000000 0.000000 1.000000
vn 1.000000 0.000000 0.000000
vn 1.000000 0.000000 0.000000
vn 1.000000 0.000000 0.000000
vn 1.000000 0.000000 0.000000
vn 0.000000 -1.000000 0.000000
vn 0.000000 -1.000000 0.000000
vn 0.000000 -1.000000 0.000000
vn 0.000000 -1.000000 0.000000
vn 0.000000 -1.000000 0.000000
vn 0.000000 -1.000000 0.000000
vn 0.000000 -1.000000 0.000000
vn 0.000000 -1.000000 0.000000
vn 1.000000 0.000000 0.000000
vn 1.000000 0.000000 0.000000
vn 1.000000 0.000000 0.000000
vn 1.000000 0.000000 0.000000
vn 1.000000 0.000000 0.000000
vn 1.000000 0.000000 0.000000
vn 1.000000 0.000000 0.000000
vn 1.000000 0.000000 0.000000
vn -0.000000 1.000000 -0.000000
vn -0.000000 1.000000 -0.000000
vn -0.000000 1.000000 -0.000000
vn -0.000000 1.000000 -0.000000
vn 0.000000 -1.000000 0.000000
vn 0.000000 -1.000000 0.000000
vn 0.000000 -1.000000 0.000000
vn 0.000000 -1.000000 0.000000
vn 1.000000 0.000000 0.000000
vn 1.000000 0.000000 0.000000
vn 1.000000 0.000000 0.000000
vn 1.000000 0.000000 0.000000
vn 1.000000 0.000000 0.000000
vn 1.000000 0.000000 0.000000
vn 1.000000 0.000000 0.000000
vn 1.000000 0.000000 0.000000
vn 1.000000 0.000000 0.000000
vn 1.000000 0.000000 0.000000
vn 1.000000 0.000000 0.000000
vn 1.000000 0.000000 0.000000
vn 0.000000 -1.000000 0.000000
vn 0.000000 -1.000000 0.000000
vn 0.000000 -1.000000 0.000000
vn 0.000000 -1.000000 0.000000
vn 0.000000 1.000000 -0.000000
vn 0.000000 1.000000 -0.000000
vn 0.000000 1.000000 -0.000000
vn 0.000000 1.000000 -0.000000
vn -1.000000 0.000000 -0.000000
vn -1.000000 0.000000 -0.000000
vn -1.000000 0.000000 -0.000000
vn -1.000000 0.000000 -0.000000
vn -1.000000 0.000000 -0.000000
vn -1.000000 0.000000 -0.000000
vn -1.000000 0.000000 -0.000000
vn -1.000000 0.000000 -0.000000
vn 0.000000 1.000000 -0.000000
vn 0.000000 1.000000 -0.000000
vn 0.000000 1.000000 -0.000000
vn 0.000000 1.000000 -0.000000
vn -1.000000 0.000000 -0.000000
vn -1.000000 0.000000 -0.000000
vn -1.000000 0.000000 -0.000000
vn -1.000000 0.000000 -0.000000
vn -1.000000 0.000000 -0.000000
vn -1.000000 0.000000 -0.000000
vn -1.000000 0.000000 -0.000000
vn -1.000000 0.000000 -0.000000
vn -1.000000 0.000000 -0.000000
vn -1.000000 0.000000 -0.000000
vn -1.000000 0.000000 -0.000000
vn -1.000000 0.000000 -0.000000
vn -1.000000 0.000000 -0.000000
vn -1.000000 0.000000 -0.000000
vn -1.000000 0.000000 -0.000000
vn -1.000000 0.000000 -0.000000
vn -1.000000 0.000000 -0.000000
vn -1.000000 0.000000 -0.000000
vn -1.000000 0.000000 -0.000000
vn -1.000000 0.000000 -0.000000
vn 0.000000 1.000000 -0.000000
vn 0.000000 1.000000 -0.000000
vn 0.000000 1.000000 -0.000000
vn 0.000000 1.000000 -0.000000
vn 0.000000 -1.000000 0.000000
vn 0.000000 -1.000000 0.000000
vn 0.000000 -1.000000 0.000000
vn 0.000000 -1.000000 0.000000
vn 1.000000 0.000000 0.000000
vn 1.000000 0.000000 0.000000
vn 1.000000 0.000000 0.000000
vn 1.000000 0.000000 0.000000
vn 1.000000 0.000000 0.000000
vn 1.000000 0.000000 0.000000
vn 1.000000 0.000000 0.000000
vn 1.000000 0.000000 0.000000
vn 1.000000 0.000000 0.000000
vn 1.000000 0.000000 0.000000
vn 1.000000 0.000000 0.000000
vn 1.000000 0.000000 0.000000
vn 0.000000 -1.000000 0.000000
vn 0.000000 -1.000000 0.000000
vn 0.000000 -1.000000 0.000000
vn 0.000000 -1.000000 0.000000
vn -0.000000 1.000000 -0.000000
vn -0.000000 1.000000 -0.000000
vn -0.000000 1.000000 -0.000000
vn -0.000000 1.000000 -0.000000
vn 1.000000 0.000000 0.000000
vn 1.000000 0.000000 0.000000
vn 1.000000 0.000000 0.000000
vn 1.000000 0.000000 0.000000
vn 1.000000 0.000000 0.000000
vn 1.000000 0.000000 0.000000
vn 1.000000 0.000000 0.000000
vn 1.000000 0.000000 0.000000
vn 0.000000 -1.000000 0.000000
vn 0.000000 -1.000000 0.000000
vn 0.000000 -1.000000 0.000000
vn 0.000000 -1.000000 0.000000
vn 0.000000 -1.000000 0.000000
vn 0.000000 -1.000000 0.000000
vn 0.000000 -1.000000 0.000000
vn 0.000000 -1.000000 0.000000
vn 1.000000 0.000000 0.000000
vn 1.000000 0.000000 0.000000
vn 1.000000 0.000000 0.000000
vn 1.000000 0.000000 0.000000
vn 1.000000 0.000000 0.000000
vn 1.000000 0.000000 0.000000
vn 1.000000 0.000000 0.000000
vn 1.000000 0.000000 0.000000
vn 0.000000 1.000000 -0.000000
vn 0.000000 1.000000 -0.000000
vn 0.000000 1.000000 -0.000000
vn 0.000000 1.000000 -0.000000
vn -1.000000 0.000000 -0.000000
vn -1.000000 0.000000 -0.000000
vn -1.000000 0.000000 -0.000000
vn -1.000000 0.000000 -0.000000
vn -1.000000 0.000000 -0.000000
vn -1.000000 0.000000 -0.000000
vn -1.000000 0.000000 -0.000000
vn -1.000000 0.000000 -0.000000
vn 0.000000 1.000000 -0.000000
vn 0.000000 1.000000 -0.000000
vn 0.000000 1.000000 -0.000000
vn 0.000000 1.000000 -0.000000
vn -1.000000 0.000000 -0.000000
vn -1.000000 0.000000 -0.000000
vn -1.000000 0.000000 -0.000000
vn -1.000000 0.000000 -0.000000
vn -1.000000 0.000000 -0.000000
vn -1.000000 0.000000 -0.000000
vn -1.000000 0.000000 -0.000000
vn -1.000000 0.000000 -0.000000
vn -1.000000 0.000000 -0.000000
vn -1.000000 0.000000 -0.000000
vn -1.000000 0.000000 -0.000000
vn -1.000000 0.000000 -0.000000
vn -1.000000 0.000000 -0.000000
vn -1.000000 0.000000 -0.000000
vn -1.000000 0.000000 -0.000000
vn -1.000000 0.000000 -0.000000
vn -1.000000 0.000000 -0.000000
vn -1.000000 0.000000 -0.000000
vn -1.000000 0.000000 -0.000000
vn -1.000000 0.000000 -0.000000
vn 0.000000 1.000000 -0.000000
vn 0.000000 1.000000 -0.000000
vn 0.000000 1.000000 -0.000000
vn 0.000000 1.000000 -0.000000
vn 0.000000 -0.000000 -1.000000
vn 0.000000 -0.000000 -1.000000
vn 0.000000 -0.000000 -1.000000
vn 0.000000 -0.000000 -1.000000
vn 1.000000 0.000000 0.000000
vn 1.000000 0.000000 0.000000
vn 1.000000 0.000000 0.000000
vn 1.000000 0.000000 0.000000
vn 0.000000 -1.000000 0.000000
vn 0.000000 -1.000000 0.000000
vn 0.000000 -1.000000 0.000000
vn 0.000000 -1.000000 0.000000
vn 0.000000 -1.000000 0.000000
vn 0.000000 -1.000000 0.000000
vn 0.000000 -1.000000 0.000000
vn 0.000000 -1.000000 0.000000
vn 1.000000 0.000000 0.000000
vn 1.000000 0.000000 0.000000
vn 1.000000 0.000000 0.000000
vn 1.000000 0.000000 0.000000
vn 1.000000 0.000000 0.000000
vn 1.000000 0.000000 0.000000
vn 1.000000 0.000000 0.000000
vn 1.000000 0.000000 0.000000
vn 0.000000 1.000000 -0.000000
vn 0.000000 1.000000 -0.000000
vn 0.000000 1.000000 -0.000000
vn 0.000000 1.000000 -0.000000
vn 0.000000 -1.000000 0.000000
vn 0.000000 -1.000000 0.000000
vn 0.000000 -1.000000 0.000000
vn 0.000000 -1.000000 0.000000
vn 1.000000 0.000000 0.000000
vn 1.000000 0.000000 0.000000
vn 1.000000 0.000000 0.000000
vn 1.000000 0.000000 0.000000
vn 1.000000 0.000000 0.000000
vn 1.000000 0.000000 0.000000
vn 1.000000 0.000000 0.000000
vn 1.000000 0.000000 0.000000
vn 1.000000 0.000000 0.000000
vn 1.000000 0.000000 0.000000
vn 1.000000 0.000000 0.000000
vn 1.000000 0.000000 0.000000
vn 0.000000 -1.000000 0.000000
vn 0.000000 -1.000000 0.000000
vn 0.000000 -1.000000 0.000000
vn 0.000000 -1.000000 0.000000
vn 0.000000 1.000000 -0.000000
vn 0.000000 1.000000 -0.000000
vn 0.000000 1.000000 -0.000000
vn 0.000000 1.000000 -0.000000
vn -1.000000 0.000000 -0.000000
vn -1.000000 0.000000 -0.000000
vn -1.000000 0.000000 -0.000000
vn -1.000000 0.000000 -0.000000
vn -1.000000 0.000000 -0.000000
vn -1.000000 0.000000 -0.000000
vn -1.000000 0.000000 -0.000000
vn -1.000000 0.000000 -0.000000
vn 0.000000 1.000000 -0.000000
vn 0.000000 1.000000 -0.000000
vn 0.000000 1.000000 -0.000000
vn 0.000000 1.000000 -0.000000
vn -1.000000 0.000000 -0.000000
vn -1.000000 0.000000 -0.000000
vn -1.000000 0.000000 -0.000000
vn -1.000000 0.000000 -0.000000
vn -1.000000 0.000000 -0.000000
vn -1.000000 0.000000 -0.000000
vn -1.000000 0.000000 -0.000000
vn -1.000000 0.000000 -0.000000
vn -1.000000 0.000000 -0.000000
vn -1.000000 0.000000 -0.000000
vn -1.000000 0.000000 -0.000000
vn -1.000000 0.000000 -0.000000
vn -1.000000 0.000000 -0.000000
vn -1.000000 0.000000 -0.000000
vn -1.000000 0.000000 -0.000000
vn -1.000000 0.000000 -0.000000
vn -1.000000 0.000000 -0.000000
vn -1.000000 0.000000 -0.000000
vn -1.000000 0.000000 -0.000000
vn -1.000000 0.000000 -0.000000
vn 0.000000 1.000000 -0.000000
vn 0.000000 1.000000 -0.000000
vn 0.000000 1.000000 -0.000000
vn 0.000000 1.000000 -0.000000
vn 0.000000 -1.000000 0.000000
vn 0.000000 -1.000000 0.000000
vn 0.000000 -1.000000 0.000000
vn 0.000000 -1.000000 0.000000
vn 1.000000 0.000000 0.000000
vn 1.000000 0.000000 0.000000
vn 1.000000 0.000000 0.000000
vn 1.000000 0.000000 0.000000
vn 1.000000 0.000000 0.000000
vn 1.000000 0.000000 0.000000
vn 1.000000 0.000000 0.000000
vn 1.000000 0.000000 0.000000
vn 1.000000 0.000000 0.000000
vn 1.000000 0.000000 0.000000
vn 1.000000 0.000000 0.000000
vn 1.000000 0.000000 0.000000
vn 0.000000 -1.000000 0.000000
vn 0.000000 -1.000000 0.000000
vn 0.000000 -1.000000 0.000000
vn 0.000000 -1.000000 0.000000
vn 0.000000 1.000000 -0.000000
vn 0.000000 1.000000 -0.000000
vn 0.000000 1.000000 -0.000000
vn 0.000000 1.000000 -0.000000
vn 1.000000 0.000000 0.000000
vn 1.000000 0.000000 0.000000
vn 1.000000 0.000000 0.000000
vn 1.000000 0.000000 0.000000
vn 1.000000 0.000000 0.000000
vn 1.000000 0.000000 0.000000
vn 1.000000 0.000000 0.000000
vn 1.000000 0.000000 0.000000
vn 0.000000 -1.000000 0.000000
vn 0.000000 -1.000000 0.000000
vn 0.000000 -1.000000 0.000000
vn 0.000000 -1.000000 0.000000
vn 0.000000 -1.000000 0.000000
vn 0.000000 -1.000000 0.000000
vn 0.000000 -1.000000 0.000000
vn 0.000000 -1.000000 0.000000
vn 1.000000 0.000000 0.000000
vn 1.000000 0.000000 0.000000
vn 1.000000 0.000000 0.000000
vn 1.000000 0.000000 0.000000
vn 1.000000 0.000000 0.000000
vn 1.000000 0.000000 0.000000
vn 1.000000 0.000000 0.000000
vn 1.000000 0.000000 0.000000
vn 0.000000 1.000000 -0.000000
vn 0.000000 1.000000 -0.000000
vn 0.000000 1.000000 -0.000000
vn 0.000000 1.000000 -0.000000
vn -1.000000 0.000000 -0.000000
vn -1.000000 0.000000 -0.000000
vn -1.000000 0.000000 -0.000000
vn -1.000000 0.000000 -0.000000
vn -1.000000 0.000000 -0.000000
vn -1.000000 0.000000 -0.000000
vn -1.000000 0.000000 -0.000000
vn -1.000000 0.000000 -0.000000
vn 0.000000 1.000000 -0.000000
vn 0.000000 1.000000 -0.000000
vn 0.000000 1.000000 -0.000000
vn 0.000000 1.000000 -0.000000
vn -1.000000 0.000000 -0.000000
vn -1.000000 0.000000 -0.000000
vn -1.000000 0.000000 -0.000000
vn -1.000000 0.000000 -0.000000
vn -1.000000 0.000000 -0.000000
vn -1.000000 0.000000 -0.000000
vn -1.000000 0.000000 -0.000000
vn -1.000000 0.000000 -0.000000
vn -1.000000 0.000000 -0.000000
vn -1.000000 0.000000 -0.000000
vn -1.000000 0.000000 -0.000000
vn -1.000000 0.000000 -0.000000
vn -1.000000 0.000000 -0.000000
vn -1.000000 0.000000 -0.000000
vn -1.000000 0.000000 -0.000000
vn -1.000000 0.000000 -0.000000
vn -1.000000 0.000000 -0.000000
vn -1.000000 0.000000 -0.000000
vn -1.000000 0.000000 -0.000000
vn -1.000000 0.000000 -0.000000
vn 0.000000 1.000000 -0.000000
vn 0.000000 1.000000 -0.000000
vn 0.000000 1.000000 -0.000000
vn 0.000000 1.000000 -0.000000
vn 0.000000 0.000000 1.000000
vn 0.000000 0.000000 1.000000
vn 0.000000 0.000000 1.000000
vn 0.000000 0.000000 1.000000
vn 1.000000 0.000000 0.000000
vn 1.000000 0.000000 0.000000
vn 1.000000 0.000000 0.000000
vn 1.000000 0.000000 0.000000
vn 0.000000 -1.000000 0.000000
vn 0.000000 -1.000000 0.000000
vn 0.000000 -1.000000 0.000000
vn 0.000000 -1.000000 0.000000
vn 0.000000 -1.000000 0.000000
vn 0.000000 -1.000000 0.000000
vn 0.000000 -1.000000 0.000000
vn 0.000000 -1.000000 0.000000
vn 1.000000 0.000000 0.000000
vn 1.000000 0.000000 0.000000
vn 1.000000 0.000000 0.000000
vn 1.000000 0.000000 0.000000
vn 1.000000 0.000000 0.000000
vn 1.000000 0.000000 0.000000
vn 1.000000 0.000000 0.000000
vn 1.000000 0.000000 0.000000
vn 0.000000 1.000000 -0.000000
vn 0.000000 1.000000 -0.000000
vn 0.000000 1.000000 -0.000000
vn 0.000000 1.000000 -0.000000
vn 0.000000 -1.000000 0.000000
vn 0.000000 -1.000000 0.000000
vn 0.000000 -1.000000 0.000000
vn 0.000000 -1.000000 0.000000
vn 1.000000 0.000000 0.000000
vn 1.000000 0.000000 0.000000
vn 1.000000 0.000000 0.000000
vn 1.000000 0.000000 0.000000
vn 1.000000 0.000000 0.000000
vn 1.000000 0.000000 0.000000
vn 1.000000 0.000000 0.000000
vn 1.000000 0.000000 0.000000
vn 1.000000 0.000000 0.000000
vn 1.000000 0.000000 0.000000
vn 1.000000 0.000000 0.000000
vn 1.000000 0.000000 0.000000
vn 0.000000 -1.000000 0.000000
vn 0.000000 -1.000000 0.000000
vn 0.000000 -1.000000 0.000000
vn 0.000000 -1.000000 0.000000
vn 0.000000 1.000000 -0.000000
vn 0.000000 1.000000 -0.000000
vn 0.000000 1.000000 -0.000000
vn 0.000000 1.000000 -0.000000
vn -1.000000 0.000000 -0.000000
vn -1.000000 0.000000 -0.000000
vn -1.000000 0.000000 -0.000000
vn -1.000000 0.000000 -0.000000
vn -1.000000 0.000000 -0.000000
vn -1.000000 0.000000 -0.000000
vn -1.000000 0.000000 -0.000000
vn -1.000000 0.000000 -0.000000
vn 0.000000 1.000000 -0.000000
vn 0.000000 1.000000 -0.000000
vn 0.000000 1.000000 -0.000000
vn 0.000000 1.000000 -0.000000
vn -1.000000 0.000000 -0.000000
vn -1.000000 0.000000 -0.000000
vn -1.000000 0.000000 -0.000000
vn -1.000000 0.000000 -0.000000
vn -1.000000 0.000000 -0.000000
vn -1.000000 0.000000 -0.000000
vn -1.000000 0.000000 -0.000000
vn -1.000000 0.000000 -0.000000
vn -1.000000 0.000000 -0.000000
vn -1.000000 0.000000 -0.000000
vn -1.000000 0.000000 -0.000000
vn -1.000000 0.000000 -0.000000
vn -1.000000 0.000000 -0.000000
vn -1.000000 0.000000 -0.000000
vn -1.000000 0.000000 -0.000000
vn -1.000000 0.000000 -0.000000
vn -1.000000 0.000000 -0.000000
vn -1.000000 0.000000 -0.000000
vn -1.000000 0.000000 -0.000000
vn -1.000000 0.000000 -0.000000
vn 0.000000 1.000000 -0.000000
vn 0.000000 1.000000 -0.000000
vn 0.000000 1.000000 -0.000000
vn 0.000000 1.000000 -0.000000
vn 0.000000 -1.000000 0.000000
vn 0.000000 -1.000000 0.000000
vn 0.000000 -1.000000 0.000000
vn 0.000000 -1.000000 0.000000
vn 1.000000 0.000000 0.000000
vn 1.000000 0.000000 0.000000
vn 1.000000 0.000000 0.000000
vn 1.000000 0.000000 0.000000
vn 1.000000 0.000000 0.000000
vn 1.000000 0.000000 0.000000
vn 1.000000 0.000000 0.000000
vn 1.000000 0.000000 0.000000
vn 1.000000 0.000000 0.000000
vn 1.000000 0.000000 0.000000
vn 1.000000 0.000000 0.000000
vn 1.000000 0.000000 0.000000
vn 0.000000 -1.000000 0.000000
vn 0.000000 -1.000000 0.000000
vn 0.000000 -1.000000 0.000000
vn 0.000000 -1.000000 0.000000
vn 0.000000 1.000000 -0.000000
vn 0.000000 1.000000 -0.000000
vn 0.000000 1.000000 -0.000000
vn 0.000000 1.000000 -0.000000
vn 1.000000 0.000000 0.000000
vn 1.000000 0.000000 0.000000
vn 1.000000 0.000000 0.000000
vn 1.000000 0.000000 0.000000
vn 1.000000 0.000000 0.000000
vn 1.000000 0.000000 0.000000
vn 1.000000 0.000000 0.000000
vn 1.000000 0.000000 0.000000
vn 0.000000 -1.000000 0.000000
vn 0.000000 -1.000000 0.000000
vn 0.000000 -1.000000 0.000000
vn 0.000000 -1.000000 0.000000
vn 0.000000 -1.000000 0.000000
vn 0.000000 -1.000000 0.000000
vn 0.000000 -1.000000 0.000000
vn 0.000000 -1.000000 0.000000
vn 1.000000 0.000000 0.000000
vn 1.000000 0.000000 0.000000
vn 1.000000 0.000000 0.000000
vn 1.000000 0.000000 0.000000
vn 1.000000 0.000000 0.000000
vn 1.000000 0.000000 0.000000
vn 1.000000 0.000000 0.000000
vn 1.000000 0.000000 0.000000
vn 0.000000 1.000000 -0.000000
vn 0.000000 1.000000 -0.000000
vn 0.000000 1.000000 -0.000000
vn 0.000000 1.000000 -0.000000
vn -1.000000 0.000000 -0.000000
vn -1.000000 0.000000 -0.000000
vn -1.000000 0.000000 -0.000000
vn -1.000000 0.000000 -0.000000
vn -1.000000 0.000000 -0.000000
vn -1.000000 0.000000 -0.000000
vn -1.000000 0.000000 -0.000000
vn -1.000000 0.000000 -0.000000
vn 0.000000 1.000000 -0.000000
vn 0.000000 1.000000 -0.000000
vn 0.000000 1.000000 -0.000000
vn 0.000000 1.000000 -0.000000
vn -1.000000 0.000000 -0.000000
vn -1.000000 0.000000 -0.000000
vn -1.000000 0.000000 -0.000000
vn -1.000000 0.000000 -0.000000
vn -1.000000 0.000000 -0.000000
vn -1.000000 0.000000 -0.000000
vn -1.000000 0.000000 -0.000000
vn -1.000000 0.000000 -0.000000
vn -1.000000 0.000000 -0.000000
vn -1.000000 0.000000 -0.000000
vn -1.000000 0.000000 -0.000000
vn -1.000000 0.000000 -0.000000
vn -1.000000 0.000000 -0.000000
vn -1.000000 0.000000 -0.000000
vn -1.000000 0.000000 -0.000000
vn -1.000000 0.000000 -0.000000
vn -1.000000 0.000000 -0.000000
vn -1.000000 0.000000 -0.000000
vn -1.000000 0.000000 -0.000000
vn -1.000000 0.000000 -0.000000
vn 0.000000 1.000000 -0.000000
vn 0.000000 1.000000 -0.000000
vn 0.000000 1.000000 -0.000000
vn 0.000000 1.000000 -0.000000
vn 1.000000 0.000000 0.000000
vn 1.000000 0.000000 0.000000
vn 1.000000 0.000000 0.000000
vn 1.000000 0.000000 0.000000
vn 1.000000 0.000000 0.000000
vn 1.000000 0.000000 0.000000
vn 1.000000 0.000000 0.000000
vn 1.000000 0.000000 0.000000
vn 1.000000 0.000000 0.000000
vn 1.000000 0.000000 0.000000
vn 1.000000 0.000000 0.000000
vn 1.000000 0.000000 0.000000
vn 1.000000 0.000000 0.000000
vn 1.000000 0.000000 0.000000
vn 1.000000 0.000000 0.000000
vn 1.000000 0.000000 0.000000
vn 1.000000 0.000000 0.000000
vn 1.000000 0.000000 0.000000
vn 1.000000 0.000000 0.000000
vn 1.000000 0.000000 0.000000
vn 1.000000 0.000000 0.000000
vn 1.000000 0.000000 0.000000
vn 1.000000 0.000000 0.000000
vn 1.000000 0.000000 0.000000
vn 1.000000 0.000000 0.000000
vn 1.000000 0.000000 0.000000
vn 1.000000 0.000000 0.000000
vn 1.000000 0.000000 0.000000
vn 1.000000 0.000000 0.000000
vn 1.000000 0.000000 0.000000
vn 1.000000 0.000000 0.000000
vn 1.000000 0.000000 0.000000
vn 0.000000 -0.000000 -1.000000
vn 0.000000 -0.000000 -1.000000
vn 0.000000 -0.000000 -1.000000
vn 0.000000 -0.000000 -1.000000
vn 0.000000 -1.000000 0.000000
vn 0.000000 -1.000000 0.000000
vn 0.000000 -1.000000 0.000000
vn 0.000000 -1.000000 0.000000
vn 0.000000 -0.000000 -1.000000
vn 0.000000 -0.000000 -1.000000
vn 0.000000 -0.000000 -1.000000
vn 0.000000 -0.000000 -1.000000
vn 0.000000 1.000000 -0.000000
vn 0.000000 1.000000 -0.000000
vn 0.000000 1.000000 -0.000000
vn 0.000000 1.000000 -0.000000
vn 0.000000 0.000000 1.000000
vn 0.000000 0.000000 1.000000
vn 0.000000 0.000000 1.000000
vn 0.000000 0.000000 1.000000
vn 0.000000 -0.000000 -1.000000
vn 0.000000 -0.000000 -1.000000
vn 0.000000 -0.000000 -1.000000
vn 0.000000 -0.000000 -1.000000
vn 0.000000 0.000000 1.000000
vn 0.000000 0.000000 1.000000
vn 0.000000 0.000000 1.000000
vn 0.000000 0.000000 1.000000
vn 0.000000 -1.000000 0.000000
vn 0.000000 -1.000000 0.000000
vn 0.000000 -1.000000 0.000000
vn 0.000000 -1.000000 0.000000
vn 0.000000 1.000000 -0.000000
vn 0.000000 1.000000 -0.000000
vn 0.000000 1.000000 -0.000000
vn 0.000000 1.000000 -0.000000
vn 0.000000 -1.000000 0.000000
vn 0.000000 -1.000000 0.000000
vn 0.000000 -1.000000 0.000000
vn 0.000000 -1.000000 0.000000
vn 0.000000 0.000000 1.000000
vn 0.000000 0.000000 1.000000
vn 0.000000 0.000000 1.000000
vn 0.000000 0.000000 1.000000
vn 0.000000 -1.000000 0.000000
vn 0.000000 -1.000000 0.000000
vn 0.000000 -1.000000 0.000000
vn 0.000000 -1.000000 0.000000
vn 0.000000 -0.000000 -1.000000
vn 0.000000 -0.000000 -1.000000
vn 0.000000 -0.000000 -1.000000
vn 0.000000 -0.000000 -1.000000
vn 0.000000 -1.000000 0.000000
vn 0.000000 -1.000000 0.000000
vn 0.000000 -1.000000 0.000000
vn 0.000000 -1.000000 0.000000
vn 0.000000 1.000000 -0.000000
vn 0.000000 1.000000 -0.000000
vn 0.000000 1.000000 -0.000000
vn 0.000000 1.000000 -0.000000
vn 0.000000 1.000000 -0.000000
vn 0.000000 1.000000 -0.000000
vn 0.000000 1.000000 -0.000000
vn 0.000000 1.000000 -0.000000
vn 0.000000 1.000000 -0.000000
vn 0.000000 1.000000 -0.000000
vn 0.000000 1.000000 -0.000000
vn 0.000000 1.000000 -0.000000
vn 0.000000 0.000000 1.000000
vn 0.000000 0.000000 1.000000
vn 0.000000 0.000000 1.000000
vn 0.000000 0.000000 1.000000
vn 0.000000 -1.000000 0.000000
vn 0.000000 -1.000000 0.000000
vn 0.000000 -1.000000 0.000000
vn 0.000000 -1.000000 0.000000
vn 0.000000 -0.000000 -1.000000
vn 0.000000 -0.000000 -1.000000
vn 0.000000 -0.000000 -1.000000
vn 0.000000 -0.000000 -1.000000
vn 0.000000 -1.000000 0.000000
vn 0.000000 -1.000000 0.000000
vn 0.000000 -1.000000 0.000000
vn 0.000000 -1.000000 0.000000
vn 0.000000 0.000000 1.000000
vn 0.000000 0.000000 1.000000
vn 0.000000 0.000000 1.000000
vn 0.000000 0.000000 1.000000
vn 0.000000 1.000000 -0.000000
vn 0.000000 1.000000 -0.000000
vn 0.000000 1.000000 -0.000000
vn 0.000000 1.000000 -0.000000
vn 0.000000 1.000000 -0.000000
vn 0.000000 1.000000 -0.000000
vn 0.000000 1.000000 -0.000000
vn 0.000000 1.000000 -0.000000
vn -1.000000 0.000000 -0.000000
vn -1.000000 0.000000 -0.000000
vn -1.000000 0.000000 -0.000000
vn -1.000000 0.000000 -0.000000
vn 1.000000 0.000000 0.000000
vn 1.000000 0.000000 0.000000
vn 1.000000 0.000000 0.000000
vn 1.000000 0.000000 0.000000
vn -1.000000 0.000000 -0.000000
vn -1.000000 0.000000 -0.000000
vn -1.000000 0.000000 -0.000000
vn -1.000000 0.000000 -0.000000
vn 1.000000 0.000000 0.000000
vn 1.000000 0.000000 0.000000
vn 1.000000 0.000000 0.000000
vn 1.000000 0.000000 0.000000
vn -1.000000 0.000000 -0.000000
vn -1.000000 0.000000 -0.000000
vn -1.000000 0.000000 -0.000000
vn -1.000000 0.000000 -0.000000
vn 1.000000 0.000000 0.000000
vn 1.000000 0.000000 0.000000
vn 1.000000 0.000000 0.000000
vn 1.000000 0.000000 0.000000
vn -1.000000 0.000000 -0.000000
vn -1.000000 0.000000 -0.000000
vn -1.000000 0.000000 -0.000000
vn -1.000000 0.000000 -0.000000
vn 1.000000 0.000000 0.000000
vn 1.000000 0.000000 0.000000
vn 1.000000 0.000000 0.000000
vn 1.000000 0.000000 0.000000
vn -1.000000 0.000000 -0.000000
vn -1.000000 0.000000 -0.000000
vn -1.000000 0.000000 -0.000000
vn -1.000000 0.000000 -0.000000
vn 1.000000 0.000000 0.000000
vn 1.000000 0.000000 0.000000
vn 1.000000 0.000000 0.000000
vn 1.000000 0.000000 0.000000
vn -1.000000 0.000000 -0.000000
vn -1.000000 0.000000 -0.000000
vn -1.000000 0.000000 -0.000000
vn -1.000000 0.000000 -0.000000
vn 1.000000 0.000000 0.000000
vn 1.000000 0.000000 0.000000
vn 1.000000 0.000000 0.000000
vn 1.000000 0.000000 0.000000
vn 1.000000 0.000000 0.000000
vn 1.000000 0.000000 0.000000
vn 1.000000 0.000000 0.000000
vn 1.000000 0.000000 0.000000
vn -1.000000 0.000000 -0.000000
vn -1.000000 0.000000 -0.000000
vn -1.000000 0.000000 -0.000000
vn -1.000000 0.000000 -0.000000
vn 1.000000 0.000000 0.000000
vn 1.000000 0.000000 0.000000
vn 1.000000 0.000000 0.000000
vn 1.000000 0.000000 0.000000
vn -1.000000 0.000000 -0.000000
vn -1.000000 0.000000 -0.000000
vn -1.000000 0.000000 -0.000000
vn -1.000000 0.000000 -0.000000
vn -1.000000 0.000000 -0.000000
vn -1.000000 0.000000 -0.000000
vn -1.000000 0.000000 -0.000000
vn -1.000000 0.000000 -0.000000
vn 1.000000 0.000000 0.000000
vn 1.000000 0.000000 0.000000
vn 1.000000 0.000000 0.000000
vn 1.000000 0.000000 0.000000
vn 1.000000 0.000000 0.000000
vn 1.000000 0.000000 0.000000
vn 1.000000 0.000000 0.000000
vn 1.000000 0.000000 0.000000
vn -1.000000 0.000000 -0.000000
vn -1.000000 0.000000 -0.000000
vn -1.000000 0.000000 -0.000000
vn -1.000000 0.000000 -0.000000
vn -1.000000 0.000000 -0.000000
vn -1.000000 0.000000 -0.000000
vn -1.000000 0.000000 -0.000000
vn -1.000000 0.000000 -0.000000
vn 1.000000 0.000000 0.000000
vn 1.000000 0.000000 0.000000
vn 1.000000 0.000000 0.000000
vn 1.000000 0.000000 0.000000
vn -1.000000 0.000000 -0.000000
vn -1.000000 0.000000 -0.000000
vn -1.000000 0.000000 -0.000000
vn -1.000000 0.000000 -0.000000
vn 1.000000 0.000000 0.000000
vn 1.000000 0.000000 0.000000
vn 1.000000 0.000000 0.000000
vn 1.000000 0.000000 0.000000
vn -1.000000 0.000000 -0.000000
vn -1.000000 0.000000 -0.000000
vn -1.000000 0.000000 -0.000000
vn -1.000000 0.000000 -0.000000
vn 1.000000 0.000000 0.000000
vn 1.000000 0.000000 0.000000
vn 1.000000 0.000000 0.000000
vn 1.000000 0.000000 0.000000
vn -1.000000 0.000000 -0.000000
vn -1.000000 0.000000 -0.000000
vn -1.000000 0.000000 -0.000000
vn -1.000000 0.000000 -0.000000
vn 1.000000 0.000000 0.000000
vn 1.000000 0.000000 0.000000
vn 1.000000 0.000000 0.000000
vn 1.000000 0.000000 0.000000
vn -1.000000 0.000000 -0.000000
vn -1.000000 0.000000 -0.000000
vn -1.000000 0.000000 -0.000000
vn -1.000000 0.000000 -0.000000
vn 1.000000 0.000000 0.000000
vn 1.000000 0.000000 0.000000
vn 1.000000 0.000000 0.000000
vn 1.000000 0.000000 0.000000
vn -1.000000 0.000000 -0.000000
vn -1.000000 0.000000 -0.000000
vn -1.000000 0.000000 -0.000000
vn -1.000000 0.000000 -0.000000
vn 1.000000 0.000000 0.000000
vn 1.000000 0.000000 0.000000
vn 1.000000 0.000000 0.000000
vn 1.000000 0.000000 0.000000
vn 0.000000 0.000000 1.000000
vn 0.000000 0.000000 1.000000
vn 0.000000 0.000000 1.000000
vn 0.000000 0.000000 1.000000
vn 1.000000 0.000000 0.000000
vn 1.000000 0.000000 0.000000
vn 1.000000 0.000000 0.000000
vn 1.000000 0.000000 0.000000
vn 0.000000 -0.000000 -1.000000
vn 0.000000 -0.000000 -1.000000
vn 0.000000 -0.000000 -1.000000
vn 0.000000 -0.000000 -1.000000
vn -1.000000 0.000000 -0.000000
vn -1.000000 0.000000 -0.000000
vn -1.000000 0.000000 -0.000000
vn -1.000000 0.000000 -0.000000
vn 1.000000 0.000000 0.000000
vn 1.000000 0.000000 0.000000
vn 1.000000 0.000000 0.000000
vn 1.000000 0.000000 0.000000
vn -1.000000 0.000000 -0.000000
vn -1.000000 0.000000 -0.000000
vn -1.000000 0.000000 -0.000000
vn -1.000000 0.000000 -0.000000
vn 0.000000 0.000000 1.000000
vn 0.000000 0.000000 1.000000
vn 0.000000 0.000000 1.000000
vn 0.000000 0.000000 1.000000
vn 0.000000 0.000000 1.000000
vn 0.000000 0.000000 1.000000
vn 0.000000 0.000000 1.000000
vn 0.000000 0.000000 1.000000
vn 1.000000 0.000000 0.000000
vn 1.000000 0.000000 0.000000
vn 1.000000 0.000000 0.000000
vn 1.000000 0.000000 0.000000
vn 0.000000 -0.000000 -1.000000
vn 0.000000 -0.000000 -1.000000
vn 0.000000 -0.000000 -1.000000
vn 0.000000 -0.000000 -1.000000
vn -1.000000 0.000000 -0.000000
vn -1.000000 0.000000 -0.000000
vn -1.000000 0.000000 -0.000000
vn -1.000000 0.000000 -0.000000
vn 1.000000 0.000000 0.000000
vn 1.000000 0.000000 0.000000
vn 1.000000 0.000000 0.000000
vn 1.000000 0.000000 0.000000
vn 0.000000 -0.000000 -1.000000
vn 0.000000 -0.000000 -1.000000
vn 0.000000 -0.000000 -1.000000
vn 0.000000 -0.000000 -1.000000
vn -1.000000 0.000000 -0.000000
vn -1.000000 0.000000 -0.000000
vn -1.000000 0.000000 -0.000000
vn -1.000000 0.000000 -0.000000
vn 1.000000 0.000000 0.000000
vn 1.000000 0.000000 0.000000
vn 1.000000 0.000000 0.000000
vn 1.000000 0.000000 0.000000
vn -1.000000 0.000000 -0.000000
vn -1.000000 0.000000 -0.000000
vn -1.000000 0.000000 -0.000000
vn -1.000000 0.000000 -0.000000
vn 0.000000 0.000000 1.000000
vn 0.000000 0.000000 1.000000
vn 0.000000 0.000000 1.000000
vn 0.000000 0.000000 1.000000
vn 0.000000 -0.000000 -1.000000
vn 0.000000 -0.000000 -1.000000
vn 0.000000 -0.000000 -1.000000
vn 0.000000 -0.000000 -1.000000
vn 0.000000 0.000000 1.000000
vn 0.000000 0.000000 1.000000
vn 0.000000 0.000000 1.000000
vn 0.000000 0.000000 1.000000
vn 0.000000 -0.000000 -1.000000
vn 0.000000 -0.000000 -1.000000
vn 0.000000 -0.000000 -1.000000
vn 0.000000 -0.000000 -1.000000
vn 0.000000 0.000000 1.000000
vn 0.000000 0.000000 1.000000
vn 0.000000 0.000000 1.000000
vn 0.000000 0.000000 1.000000
vn 0.000000 0.000000 1.000000
vn 0.000000 0.000000 1.000000
vn 0.000000 0.000000 1.000000
vn 0.000000 0.000000 1.000000
vn 0.000000 -0.000000 -1.000000
vn 0.000000 -0.000000 -1.000000
vn 0.000000 -0.000000 -1.000000
vn 0.000000 -0.000000 -1.000000
vn 0.000000 0.000000 1.000000
vn 0.000000 0.000000 1.000000
vn 0.000000 0.000000 1.000000
vn 0.000000 0.000000 1.000000
vn 0.000000 -0.000000 -1.000000
vn 0.000000 -0.000000 -1.000000
vn 0.000000 -0.000000 -1.000000
vn 0.000000 -0.000000 -1.000000
vn 0.000000 -0.000000 -1.000000
vn 0.000000 -0.000000 -1.000000
vn 0.000000 -0.000000 -1.000000
vn 0.000000 -0.000000 -1.000000
vn 1.000000 0.000000 0.000000
vn 1.000000 0.000000 0.000000
vn 1.000000 0.000000 0.000000
vn 1.000000 0.000000 0.000000
vn 1.000000 0.000000 0.000000
vn 1.000000 0.000000 0.000000
vn 1.000000 0.000000 0.000000
vn 1.000000 0.000000 0.000000
vn 1.000000 0.000000 0.000000
vn 1.000000 0.000000 0.000000
vn 1.000000 0.000000 0.000000
vn 1.000000 0.000000 0.000000
vn 1.000000 0.000000 0.000000
vn 1.000000 0.000000 0.000000
vn 1.000000 0.000000 0.000000
vn 1.000000 0.000000 0.000000
vn 1.000000 0.000000 0.000000
vn 1.000000 0.000000 0.000000
vn 1.000000 0.000000 0.000000
vn 1.000000 0.000000 0.000000
vn 1.000000 0.000000 0.000000
vn 1.000000 0.000000 0.000000
vn 1.000000 0.000000 0.000000
vn 1.000000 0.000000 0.000000
vn 1.000000 0.000000 0.000000
vn 1.000000 0.000000 0.000000
vn 1.000000 0.000000 0.000000
vn 1.000000 0.000000 0.000000
vn 1.000000 0.000000 0.000000
vn 1.000000 0.000000 0.000000
vn 1.000000 0.000000 0.000000
vn 1.000000 0.000000 0.000000
vn -1.000000 0.000000 -0.000000
vn -1.000000 0.000000 -0.000000
vn -1.000000 0.000000 -0.000000
vn -1.000000 0.000000 -0.000000
vn 1.000000 0.000000 0.000000
vn 1.000000 0.000000 0.000000
vn 1.000000 0.000000 0.000000
vn 1.000000 0.000000 0.000000
vn -1.000000 0.000000 -0.000000
vn -1.000000 0.000000 -0.000000
vn -1.000000 0.000000 -0.000000
vn -1.000000 0.000000 -0.000000
vn 0.000000 0.000000 1.000000
vn 0.000000 0.000000 1.000000
vn 0.000000 0.000000 1.000000
vn 0.000000 0.000000 1.000000
vn -1.000000 0.000000 -0.000000
vn -1.000000 0.000000 -0.000000
vn -1.000000 0.000000 -0.000000
vn -1.000000 0.000000 -0.000000
vn 1.000000 0.000000 0.000000
vn 1.000000 0.000000 0.000000
vn 1.000000 0.000000 0.000000
vn 1.000000 0.000000 0.000000
vn -1.000000 0.000000 -0.000000
vn -1.000000 0.000000 -0.000000
vn -1.000000 0.000000 -0.000000
vn -1.000000 0.000000 -0.000000
vn 0.000000 -0.000000 -1.000000
vn 0.000000 -0.000000 -1.000000
vn 0.000000 -0.000000 -1.000000
vn 0.000000 -0.000000 -1.000000
vn -1.000000 0.000000 -0.000000
vn -1.000000 0.000000 -0.000000
vn -1.000000 0.000000 -0.000000
vn -1.000000 0.000000 -0.000000
vn 1.000000 0.000000 0.000000
vn 1.000000 0.000000 0.000000
vn 1.000000 0.000000 0.000000
vn 1.000000 0.000000 0.000000
vn -1.000000 0.000000 -0.000000
vn -1.000000 0.000000 -0.000000
vn -1.000000 0.000000 -0.000000
vn -1.000000 0.000000 -0.000000
vn 0.000000 0.000000 1.000000
vn 0.000000 0.000000 1.000000
vn 0.000000 0.000000 1.000000
vn 0.000000 0.000000 1.000000
vn 0.000000 -0.000000 -1.000000
vn 0.000000 -0.000000 -1.000000
vn 0.000000 -0.000000 -1.000000
vn 0.000000 -0.000000 -1.000000
vn -1.000000 0.000000 -0.000000
vn -1.000000 0.000000 -0.000000
vn -1.000000 0.000000 -0.000000
vn -1.000000 0.000000 -0.000000
vn 1.000000 0.000000 0.000000
vn 1.000000 0.000000 0.000000
vn 1.000000 0.000000 0.000000
vn 1.000000 0.000000 0.000000
vn -1.000000 0.000000 -0.000000
vn -1.000000 0.000000 -0.000000
vn -1.000000 0.000000 -0.000000
vn -1.000000 0.000000 -0.000000
vn -1.000000 0.000000 -0.000000
vn -1.000000 0.000000 -0.000000
vn -1.000000 0.000000 -0.000000
vn -1.000000 0.000000 -0.000000
vn 1.000000 0.000000 0.000000
vn 1.000000 0.000000 0.000000
vn 1.000000 0.000000 0.000000
vn 1.000000 0.000000 0.000000
vn 0.000000 0.000000 1.000000
vn 0.000000 0.000000 1.000000
vn 0.000000 0.000000 1.000000
vn 0.000000 0.000000 1.000000
vn -1.000000 0.000000 -0.000000
vn -1.000000 0.000000 -0.000000
vn -1.000000 0.000000 -0.000000
vn -1.000000 0.000000 -0.000000
vn -1.000000 0.000000 -0.000000
vn -1.000000 0.000000 -0.000000
vn -1.000000 0.000000 -0.000000
vn -1.000000 0.000000 -0.000000
vn 1.000000 0.000000 0.000000
vn 1.000000 0.000000 0.000000
vn 1.000000 0.000000 0.000000
vn 1.000000 0.000000 0.000000
vn -1.000000 0.000000 -0.000000
vn -1.000000 0.000000 -0.000000
vn -1.000000 0.000000 -0.000000
vn -1.000000 0.000000 -0.000000
vn -1.000000 0.000000 -0.000000
vn -1.000000 0.000000 -0.000000
vn -1.000000 0.000000 -0.000000
vn -1.000000 0.000000 -0.000000
vn 1.000000 0.000000 0.000000
vn 1.000000 0.000000 0.000000
vn 1.000000 0.000000 0.000000
vn 1.000000 0.000000 0.000000
vn -1.000000 0.000000 -0.000000
vn -1.000000 0.000000 -0.000000
vn -1.000000 0.000000 -0.000000
vn -1.000000 0.000000 -0.000000
vn 0.000000 -0.000000 -1.000000
vn 0.000000 -0.000000 -1.000000
vn 0.000000 -0.000000 -1.000000
vn 0.000000 -0.000000 -1.000000
vn -1.000000 0.000000 -0.000000
vn -1.000000 0.000000 -0.000000
vn -1.000000 0.000000 -0.000000
vn -1.000000 0.000000 -0.000000
vn 1.000000 0.000000 0.000000
vn 1.000000 0.000000 0.000000
vn 1.000000 0.000000 0.000000
vn 1.000000 0.000000 0.000000
vn -1.000000 0.000000 -0.000000
vn -1.000000 0.000000 -0.000000
vn -1.000000 0.000000 -0.000000
vn -1.000000 0.000000 -0.000000
vn 0.000000 -0.000000 -1.000000
vn 0.000000 -0.000000 -1.000000
vn 0.000000 -0.000000 -1.000000
vn 0.000000 -0.000000 -1.000000
vn 0.000000 0.000000 1.000000
vn 0.000000 0.000000 1.000000
vn 0.000000 0.000000 1.000000
vn 0.000000 0.000000 1.000000
vn 1.000000 0.000000 0.000000
vn 1.000000 0.000000 0.000000
vn 1.000000 0.000000 0.000000
vn 1.000000 0.000000 0.000000
vn 0.000000 -0.000000 -1.000000
vn 0.000000 -0.000000 -1.000000
vn 0.000000 -0.000000 -1.000000
vn 0.000000 -0.000000 -1.000000
vn -1.000000 0.000000 -0.000000
vn -1.000000 0.000000 -0.000000
vn -1.000000 0.000000 -0.000000
vn -1.000000 0.000000 -0.000000
vn 1.000000 0.000000 0.000000
vn 1.000000 0.000000 0.000000
vn 1.000000 0.000000 0.000000
vn 1.000000 0.000000 0.000000
vn -1.000000 0.000000 -0.000000
vn -1.000000 0.000000 -0.000000
vn -1.000000 0.000000 -0.000000
vn -1.000000 0.000000 -0.000000
vn 0.000000 0.000000 1.000000
vn 0.000000 0.000000 1.000000
vn 0.000000 0.000000 1.000000
vn 0.000000 0.000000 1.000000
vn 0.000000 0.000000 1.000000
vn 0.000000 0.000000 1.000000
vn 0.000000 0.000000 1.000000
vn 0.000000 0.000000 1.000000
vn 1.000000 0.000000 0.000000
vn 1.000000 0.000000 0.000000
vn 1.000000 0.000000 0.000000
vn 1.000000 0.000000 0.000000
vn 0.000000 -0.000000 -1.000000
vn 0.000000 -0.000000 -1.000000
vn 0.000000 -0.000000 -1.000000
vn 0.000000 -0.000000 -1.000000
vn -1.000000 0.000000 -0.000000
vn -1.000000 0.000000 -0.000000
vn -1.000000 0.000000 -0.000000
vn -1.000000 0.000000 -0.000000
vn 1.000000 0.000000 0.000000
vn 1.000000 0.000000 0.000000
vn 1.000000 0.000000 0.000000
vn 1.000000 0.000000 0.000000
vn -1.000000 0.000000 -0.000000
vn -1.000000 0.000000 -0.000000
vn -1.000000 0.000000 -0.000000
vn -1.000000 0.000000 -0.000000
vn 1.000000 0.000000 0.000000
vn 1.000000 0.000000 0.000000
vn 1.000000 0.000000 0.000000
vn 1.000000 0.000000 0.000000
vn -1.000000 0.000000 -0.000000
vn -1.000000 0.000000 -0.000000
vn -1.000000 0.000000 -0.000000
vn -1.000000 0.000000 -0.000000
s off
g CubeFBXASC046009
usemtl lambert1SG
f 1/608/1 2/406/2 4/523/3 3/7/4 44/644/5 38/297/6 36/200/7 30/195/8 26/695/9 22/467/10 18/253/11 10/146/12 12/250/13 14/346/14 16/152/15 20/351/16 24/584/17 28/94/18 34/100/19 32/702/20 40/412/21
f 3/7/22 4/523/23 8/38/24 7/222/25
f 7/222/26 43/121/27 41/12/28 47/321/29 53/326/30 57/561/31 59/675/32 65/680/33 71/285/34 69/181/35 67/77/36 63/175/37 61/73/38 55/442/39 51/230/40 49/124/41 45/224/42 39/613/43 5/119/44
f 5/119/45 6/639/46 2/67/47 1/348/48
f 3/8/49 7/222/50 5/119/51 1/609/52
f 8/38/53 4/524/54 2/407/55 6/639/56
f 68/598/57 67/78/58 69/182/59 70/707/60
f 46/45/61 50/649/62 52/50/63 56/258/64 62/590/65 64/361/66 68/599/67 70/708/68 72/104/69 66/478/70 60/471/71 58/356/72 54/157/73 48/535/74 42/530/75 44/644/76 3/7/77 1/608/78 40/412/79
f 62/591/80 61/74/81 63/176/82 64/362/83
f 56/259/84 55/443/85 61/74/86 62/591/87
f 10/147/88 9/314/89 11/428/90 12/251/91
f 72/105/92 71/286/93 65/681/94 66/479/95
f 70/707/96 69/182/97 71/286/98 72/105/99
f 60/472/100 59/676/101 57/562/102 58/357/103
f 44/645/104 43/122/105 37/497/106 38/298/107
f 32/703/108 31/492/109 39/614/110 40/413/111
f 22/468/112 21/668/113 17/433/114 18/254/115
f 40/413/116 39/614/117 45/225/118 46/46/119
f 38/298/120 37/497/121 35/378/122 36/201/123
f 58/357/124 57/562/125 53/327/126 54/158/127
f 28/95/128 27/272/129 33/277/130 34/101/131
f 54/158/132 53/327/133 47/322/134 48/536/135
f 52/51/136 51/231/137 55/443/138 56/259/139
f 30/196/140 29/372/141 25/171/142 26/696/143
f 18/254/144 17/433/145 9/314/146 10/147/147
f 50/650/148 49/125/149 51/231/150 52/51/151
f 24/585/152 23/69/153 27/272/154 28/95/155
f 16/153/156 15/661/157 19/556/158 20/352/159
f 66/479/160 65/681/161 59/676/162 60/472/163
f 42/531/164 41/13/165 43/54/166 44/233/167
f 12/251/168 11/428/169 13/549/170 14/347/171
f 64/362/172 63/176/173 67/78/174 68/598/175
f 34/101/176 33/277/177 31/492/178 32/703/179
f 36/201/180 35/378/181 29/372/182 30/196/183
f 48/536/184 47/322/185 41/13/186 42/531/187
f 14/347/188 13/549/189 15/661/190 16/153/191
f 46/46/192 45/225/193 49/125/194 50/650/195
f 26/696/196 25/171/197 21/668/198 22/468/199
f 20/352/200 19/556/201 23/69/202 24/585/203
f 5/119/204 39/613/205 31/493/206 33/278/207 27/273/208 23/70/209 19/557/210 15/662/211 13/550/212 11/429/213 9/315/214 17/434/215 21/669/216 25/172/217 29/373/218 35/379/219 37/498/220 43/121/221 7/222/222 8/38/223 6/639/224
f 73/541/225 74/490/226 76/506/227 75/504/228
f 75/504/229 76/506/230 78/624/231 77/622/232
f 77/622/233 78/624/234 80/177/235 79/18/236
f 79/18/237 80/177/238 82/279/239 81/509/240
f 81/509/241 82/279/242 84/380/243 83/627/244
f 83/627/245 84/380/246 86/499/247 85/22/248
f 85/22/249 86/499/250 88/444/251 87/130/252
f 87/130/253 88/444/254 90/563/255 89/239/256
f 89/239/257 90/563/258 92/677/259 91/334/260
f 91/334/261 92/677/262 94/75/263 93/452/264
f 93/452/265 94/75/266 96/323/267 95/567/268
f 95/567/269 96/323/270 98/435/271 97/339/272
f 97/339/273 98/435/274 100/558/275 99/459/276
f 99/459/277 100/558/278 102/670/279 101/571/280
f 101/571/281 102/670/282 104/615/283 103/685/284
f 103/685/285 104/615/286 106/14/287 105/85/288
f 105/85/289 106/14/290 108/123/291 107/187/292
f 107/187/293 108/123/294 110/226/295 109/288/296
f 109/288/297 110/226/298 112/353/299 111/397/300
f 111/397/301 112/353/302 114/469/303 113/191/304
f 113/191/305 114/469/306 116/587/307 115/291/308
f 115/291/309 116/587/310 118/698/311 117/404/312
f 117/404/313 118/698/314 120/646/315 119/515/316
f 119/515/317 120/646/318 122/48/319 121/632/320
f 121/632/321 122/48/322 124/155/323 123/28/324
f 123/28/325 124/155/326 126/256/327 125/137/328
f 125/137/329 126/256/330 128/526/331 127/242/332
f 127/242/333 128/526/334 130/641/335 129/34/336
f 129/34/337 130/641/338 132/40/339 131/144/340
f 131/144/341 132/40/342 134/150/343 133/248/344
f 159/271/345 152/252/346 232/474/347 239/501/348
f 133/248/349 134/150/350 136/97/351 135/344/352
f 135/344/353 136/97/354 74/390/355 73/388/356
f 73/389/357 75/505/358 77/623/359 79/19/360 81/510/361 83/628/362 85/23/363 87/131/364 89/240/365 91/335/366 93/453/367 95/568/368 97/340/369 99/460/370 101/572/371 103/686/372 105/86/373 107/188/374 109/289/375 111/398/376 113/192/377 115/292/378 117/405/379 119/516/380 121/633/381 123/29/382 125/138/383 127/243/384 129/35/385 131/145/386 133/249/387 135/345/388
f 152/252/389 151/5/390 218/417/391 232/474/392
f 153/665/393 140/296/394 288/6/395 295/36/396
f 154/350/397 142/409/398 351/209/399 358/387/400
f 155/68/401 144/694/402 414/672/403 421/151/404
f 156/464/405 146/91/406 260/612/407 267/470/408
f 157/169/409 148/194/410 323/265/411 330/136/412
f 158/580/413 150/294/414 386/17/415 393/594/416
f 138/197/417 137/494/418 435/311/419 224/202/420
f 160/143/421 153/665/422 295/37/423 302/607/424
f 161/547/425 154/350/426 358/387/427 365/262/428
f 162/247/429 155/68/430 421/151/431 428/11/432
f 163/659/433 156/464/434 267/470/435 274/667/436
f 164/343/437 157/169/438 330/136/439 337/308/440
f 165/66/441 158/580/442 393/594/443 400/72/444
f 166/462/445 159/271/446 239/501/447 246/560/448
f 167/168/449 160/143/450 302/607/451 309/214/452
f 168/553/453 161/547/454 365/262/455 372/363/456
f 137/494/457 162/247/458 428/11/459 435/311/460
f 139/578/461 163/659/462 274/667/463 281/424/464
f 141/10/465 164/343/466 337/308/467 344/186/468
f 143/120/469 165/66/470 400/72/471 407/98/472
f 145/581/473 166/462/474 246/560/475 253/264/476
f 147/489/477 167/168/478 309/214/479 316/88/480
f 149/606/481 168/553/482 372/363/483 379/537/484
f 140/296/485 139/578/486 281/425/487 288/6/488
f 142/409/489 141/10/490 344/186/491 351/210/492
f 144/694/493 143/120/494 407/98/495 414/672/496
f 146/91/497 145/581/498 253/264/499 260/612/500
f 148/194/501 147/489/502 316/88/503 323/265/504
f 150/294/505 149/606/506 379/537/507 386/17/508
f 217/360/509 225/482/510 434/313/511 427/517/512 420/604/513 413/87/514 406/166/515 399/336/516 392/420/517 385/290/518 378/709/519 371/569/520 364/260/521 357/126/522 350/532/523 343/381/524 336/473/525 329/671/526 322/47/527 315/223/528 308/295/529 301/488/530 294/579/531 287/65/532 280/140/533 273/4/534 266/401/535 259/267/536 252/684/537 245/542/538 238/234/539 231/108/540
f 186/111/541 179/241/542 215/76/543 216/305/544
f 199/626/545 192/601/546 168/553/547 149/606/548
f 198/206/549 191/24/550 167/168/551 147/489/552
f 197/507/553 190/309/554 166/462/555 145/581/556
f 196/107/557 189/629/558 165/66/559 143/120/560
f 195/392/561 188/212/562 164/343/563 141/10/564
f 194/710/565 187/512/566 163/659/567 139/578/568
f 155/68/569 162/247/570 208/53/571 209/447/572
f 192/601/573 185/400/574 161/547/575 168/553/576
f 191/24/577 184/714/578 160/143/579 167/168/580
f 190/309/581 183/455/582 159/271/583 166/462/584
f 189/629/585 182/59/586 158/580/587 165/66/588
f 188/212/589 181/337/590 157/169/591 164/343/592
f 187/512/593 180/653/594 156/464/595 163/659/596
f 193/287/597 186/111/598 216/305/599 201/570/600
f 185/400/601 178/543/602 154/350/603 161/547/604
f 184/714/605 177/133/606 153/665/607 160/143/608
f 183/455/609 176/421/610 152/252/611 159/271/612
f 182/59/613 175/426/614 150/294/615 158/580/616
f 181/337/617 174/33/618 148/194/619 157/169/620
f 180/653/621 173/312/622 146/91/623 156/464/624
f 144/694/625 155/68/626 209/447/627 210/159/628
f 178/543/629 171/218/630 142/409/631 154/350/632
f 177/133/633 170/520/634 140/296/635 153/665/636
f 200/163/637 169/445/638 212/148/639 205/80/640
f 175/426/641 199/626/642 149/606/643 150/294/644
f 174/33/645 198/206/646 147/489/647 148/194/648
f 173/312/649 197/507/650 145/581/651 146/91/652
f 143/120/653 144/694/654 210/159/655 204/364/656
f 171/218/657 195/392/658 141/10/659 142/409/660
f 170/520/661 194/710/662 139/578/663 140/296/664
f 169/118/665 193/287/666 201/570/667 212/261/668
f 74/390/669 136/97/670 193/287/671 169/118/672
f 94/75/673 92/677/674 194/710/675 170/520/676
f 112/353/677 110/226/678 195/392/679 171/218/680
f 130/641/681 128/526/682 196/107/683 172/636/684
f 86/499/685 84/380/686 197/507/687 173/312/688
f 104/615/689 102/670/690 198/206/691 174/33/692
f 122/48/693 120/646/694 199/626/695 175/426/696
f 78/624/697 76/506/698 200/163/699 176/421/700
f 96/323/701 94/75/702 170/520/703 177/133/704
f 114/469/705 112/353/706 171/218/707 178/543/708
f 132/40/709 130/641/710 172/636/711 179/241/712
f 88/444/713 86/499/714 173/312/715 180/653/716
f 106/14/717 104/615/718 174/33/719 181/337/720
f 124/155/721 122/48/722 175/426/723 182/59/724
f 80/177/725 78/624/726 176/421/727 183/455/728
f 98/435/729 96/323/730 177/133/731 184/714/732
f 116/587/733 114/469/734 178/543/735 185/400/736
f 134/150/737 132/40/738 179/241/739 186/111/740
f 90/563/741 88/444/742 180/653/743 187/512/744
f 108/123/745 106/14/746 181/337/747 188/212/748
f 126/256/749 124/155/750 182/59/751 189/629/752
f 82/279/753 80/177/754 183/455/755 190/309/756
f 100/558/757 98/435/758 184/714/759 191/24/760
f 118/698/761 116/587/762 185/400/763 192/601/764
f 136/97/765 134/150/766 186/111/767 193/287/768
f 92/677/769 90/563/770 187/512/771 194/710/772
f 110/226/773 108/123/774 188/212/775 195/392/776
f 128/526/777 126/256/778 189/629/779 196/107/780
f 84/380/781 82/279/782 190/309/783 197/507/784
f 102/670/785 100/558/786 191/24/787 198/206/788
f 120/646/789 118/698/790 192/601/791 199/626/792
f 76/506/793 74/490/794 169/445/795 200/163/796
f 205/80/797 212/148/798 207/436/799 206/481/800
f 201/570/801 216/305/802 208/53/803 202/263/804
f 216/305/805 215/76/806 209/447/807 208/53/808
f 215/76/809 213/679/810 210/159/811 209/447/812
f 214/359/813 205/80/814 206/481/815 211/564/816
f 213/679/817 203/683/818 204/364/819 210/159/820
f 212/261/821 201/570/822 202/263/823 207/184/824
f 162/247/825 137/494/826 202/263/827 208/53/828
f 138/419/829 151/5/830 206/481/831 207/436/832
f 179/241/833 172/636/834 213/679/835 215/76/836
f 172/636/837 196/107/838 203/683/839 213/679/840
f 137/494/841 138/197/842 207/184/843 202/263/844
f 151/5/845 152/252/846 211/564/847 206/481/848
f 152/252/849 176/421/850 214/359/851 211/564/852
f 196/107/853 143/120/854 204/364/855 203/683/856
f 176/421/857 200/163/858 205/80/859 214/359/860
f 218/417/861 224/518/862 226/300/863 223/329/864
f 223/329/865 226/300/866 227/15/867 222/651/868
f 222/651/869 227/15/870 228/414/871 221/235/872
f 221/593/873 228/393/874 229/711/875 220/281/876
f 220/281/877 229/711/878 230/508/879 219/475/880
f 219/475/881 230/508/882 225/482/883 217/360/884
f 232/474/885 218/417/886 223/330/887 237/382/888
f 237/382/889 223/330/890 222/384/891 236/127/892
f 236/127/893 222/384/894 221/236/895 235/280/896
f 235/306/897 221/595/898 220/281/899 234/20/900
f 234/20/901 220/281/902 219/475/903 233/208/904
f 233/208/905 219/475/906 217/360/907 231/108/908
f 239/501/909 232/474/910 237/383/911 244/440/912
f 244/440/913 237/383/914 236/705/915 243/49/916
f 243/49/917 236/705/918 235/282/919 242/324/920
f 242/134/921 235/307/922 234/20/923 241/310/924
f 241/310/925 234/20/926 233/208/927 240/25/928
f 240/25/929 233/208/930 231/108/931 238/234/932
f 246/560/933 239/501/934 244/441/935 251/302/936
f 251/302/937 244/441/938 243/422/939 250/620/940
f 250/620/941 243/422/942 242/325/943 249/203/944
f 249/60/945 242/135/946 241/310/947 248/456/948
f 248/456/949 241/310/950 240/25/951 247/655/952
f 247/655/953 240/25/954 238/234/955 245/542/956
f 253/264/957 246/560/958 251/303/959 258/688/960
f 258/688/961 251/303/962 250/621/963 257/99/964
f 257/99/965 250/621/966 249/204/967 256/376/968
f 256/574/969 249/61/970 248/456/971 255/365/972
f 255/365/973 248/456/974 247/655/975 254/81/976
f 254/81/977 247/655/978 245/542/979 252/684/980
f 260/612/981 253/264/982 258/689/983 265/354/984
f 265/354/985 258/689/986 257/167/987 264/673/988
f 264/673/989 257/167/990 256/377/991 263/410/992
f 263/486/993 256/575/994 255/365/995 262/190/996
f 262/190/997 255/365/998 254/81/999 261/368/1000
f 261/368/1001 254/81/1002 252/684/1003 259/267/1004
f 267/470/1005 260/612/1006 265/355/1007 272/554/1008
f 272/554/1009 265/355/1010 264/674/1011 271/701/1012
f 271/701/1013 264/674/1014 263/411/1015 270/275/1016
f 270/630/1017 263/487/1018 262/190/1019 269/112/1020
f 269/112/1021 262/190/1022 261/368/1023 268/514/1024
f 268/514/1025 261/368/1026 259/267/1027 266/401/1028
f 274/667/1029 267/470/1030 272/555/1031 279/582/1032
f 279/582/1033 272/555/1034 271/213/1035 278/170/1036
f 278/170/1037 271/213/1038 270/276/1039 277/465/1040
f 277/215/1041 270/631/1042 269/112/1043 276/635/1044
f 276/635/1045 269/112/1046 268/514/1047 275/117/1048
f 275/117/1049 268/514/1050 266/401/1051 273/4/1052
f 281/424/1053 274/667/1054 279/583/1055 286/432/1056
f 286/432/1057 279/583/1058 278/32/1059 285/43/1060
f 285/43/1061 278/32/1062 277/466/1063 284/319/1064
f 284/341/1065 277/216/1066 276/635/1067 283/544/1068
f 283/544/1069 276/635/1070 275/117/1071 282/246/1072
f 282/246/1073 275/117/1074 273/4/1075 280/140/1076
f 288/6/1077 281/425/1078 286/461/1079 293/637/1080
f 293/637/1081 286/461/1082 285/44/1083 292/220/1084
f 292/220/1085 285/44/1086 284/320/1087 291/521/1088
f 291/664/1089 284/342/1090 283/544/1091 290/349/1092
f 290/349/1093 283/544/1094 282/246/1095 289/552/1096
f 289/552/1097 282/246/1098 280/140/1099 287/65/1100
f 295/36/1101 288/6/1102 293/638/1103 300/491/1104
f 300/491/1105 293/638/1106 292/463/1107 299/92/1108
f 299/92/1109 292/463/1110 291/522/1111 298/370/1112
f 298/89/1113 291/666/1114 290/349/1115 297/270/1116
f 297/270/1117 290/349/1118 289/552/1119 296/693/1120
f 296/693/1121 289/552/1122 287/65/1123 294/579/1124
f 302/607/1125 295/37/1126 300/193/1127 307/113/1128
f 307/113/1129 300/193/1130 299/93/1131 306/402/1132
f 306/402/1133 299/93/1134 298/371/1135 305/1/1136
f 305/374/1137 298/90/1138 297/270/1139 304/96/1140
f 304/96/1141 297/270/1142 296/693/1143 303/605/1144
f 303/605/1145 296/693/1146 294/579/1147 301/488/1148
f 309/214/1149 302/607/1150 307/114/1151 314/690/1152
f 314/690/1153 307/114/1154 306/403/1155 313/268/1156
f 313/268/1157 306/403/1158 305/2/1159 312/576/1160
f 312/525/1161 305/375/1162 304/96/1163 311/9/1164
f 311/9/1165 304/96/1166 303/605/1167 310/408/1168
f 310/408/1169 303/605/1170 301/488/1171 308/295/1172
f 316/88/1173 309/214/1174 314/640/1175 321/165/1176
f 321/165/1177 314/640/1178 313/269/1179 320/457/1180
f 320/457/1181 313/269/1182 312/577/1183 319/602/1184
f 319/430/1185 312/527/1186 311/9/1187 318/149/1188
f 318/149/1189 311/9/1190 310/408/1191 317/316/1192
f 317/316/1193 310/408/1194 308/295/1195 315/223/1196
f 323/265/1197 316/88/1198 321/227/1199 328/26/1200
f 328/26/1201 321/227/1202 320/458/1203 327/483/1204
f 327/483/1205 320/458/1206 319/603/1207 326/83/1208
f 326/255/1209 319/431/1210 318/149/1211 325/437/1212
f 325/437/1213 318/149/1214 317/316/1215 324/154/1216
f 324/154/1217 317/316/1218 315/223/1219 322/47/1220
f 330/136/1221 323/265/1222 328/27/1223 335/62/1224
f 335/62/1225 328/27/1226 327/484/1227 334/338/1228
f 334/338/1229 327/484/1230 326/84/1231 333/656/1232
f 333/173/1233 326/257/1234 325/437/1235 332/586/1236
f 332/586/1237 325/437/1238 324/154/1239 331/71/1240
f 331/71/1241 324/154/1242 322/47/1243 329/671/1244
f 337/308/1245 330/136/1246 335/63/1247 342/237/1248
f 342/237/1249 335/63/1250 334/697/1251 341/538/1252
f 341/538/1253 334/697/1254 333/657/1255 340/128/1256
f 340/704/1257 333/174/1258 332/586/1259 339/178/1260
f 339/178/1261 332/586/1262 331/71/1263 338/592/1264
f 338/592/1265 331/71/1266 329/671/1267 336/473/1268
f 344/186/1269 337/308/1270 342/238/1271 349/109/1272
f 349/109/1273 342/238/1274 341/539/1275 348/395/1276
f 348/395/1277 341/539/1278 340/129/1279 347/712/1280
f 347/616/1281 340/706/1282 339/178/1283 346/299/1284
f 346/299/1285 339/178/1286 338/592/1287 345/500/1288
f 345/500/1289 338/592/1290 336/473/1291 343/381/1292
f 351/210/1293 344/186/1294 349/110/1295 356/283/1296
f 356/283/1297 349/110/1298 348/396/1299 355/596/1300
f 355/596/1301 348/396/1302 347/713/1303 354/179/1304
f 354/416/1305 347/617/1306 346/299/1307 353/625/1308
f 353/625/1309 346/299/1310 345/500/1311 352/304/1312
f 352/304/1313 345/500/1314 343/381/1315 350/532/1316
f 358/387/1317 351/209/1318 356/284/1319 363/446/1320
f 363/446/1321 356/284/1322 355/597/1323 362/450/1324
f 362/450/1325 355/597/1326 354/180/1327 361/57/1328
f 361/328/1329 354/418/1330 353/625/1331 360/52/1332
f 360/52/1333 353/625/1334 352/304/1335 359/232/1336
f 359/232/1337 352/304/1338 350/532/1339 357/126/1340
f 365/262/1341 358/387/1342 363/161/1343 370/565/1344
f 370/565/1345 363/161/1346 362/451/1347 369/160/1348
f 369/160/1349 362/451/1350 361/58/1351 368/448/1352
f 368/162/1353 361/331/1354 360/52/1355 367/678/1356
f 367/678/1357 360/52/1358 359/232/1359 366/358/1360
f 366/358/1361 359/232/1362 357/126/1363 364/260/1364
f 372/363/1365 365/262/1366 370/566/1367 377/183/1368
f 377/183/1369 370/566/1370 369/454/1371 376/21/1372
f 376/21/1373 369/454/1374 368/449/1375 375/476/1376
f 375/79/1377 368/164/1378 367/678/1379 374/480/1380
f 374/480/1381 367/678/1382 366/358/1383 373/682/1384
f 373/682/1385 366/358/1386 364/260/1387 371/569/1388
f 379/537/1389 372/363/1390 377/185/1391 384/618/1392
f 384/618/1393 377/185/1394 376/600/1395 383/55/1396
f 383/55/1397 376/600/1398 375/477/1399 382/332/1400
f 382/205/1401 375/82/1402 374/480/1403 381/391/1404
f 381/391/1405 374/480/1406 373/682/1407 380/106/1408
f 380/106/1409 373/682/1410 371/569/1411 378/709/1412
f 386/17/1413 379/537/1414 384/619/1415 391/647/1416
f 391/647/1417 384/619/1418 383/56/1419 390/228/1420
f 390/228/1421 383/56/1422 382/333/1423 389/533/1424
f 389/511/1425 382/207/1426 381/391/1427 388/211/1428
f 388/211/1429 381/391/1430 380/106/1431 387/399/1432
f 387/399/1433 380/106/1434 378/709/1435 385/290/1436
f 393/594/1437 386/17/1438 391/648/1439 398/502/1440
f 398/502/1441 391/648/1442 390/229/1443 397/102/1444
f 397/102/1445 390/229/1446 389/534/1447 396/385/1448
f 396/652/1449 389/513/1450 388/211/1451 395/132/1452
f 395/132/1453 388/211/1454 387/399/1455 394/540/1456
f 394/540/1457 387/399/1458 385/290/1459 392/420/1460
f 400/72/1461 393/594/1462 398/503/1463 405/699/1464
f 405/699/1465 398/503/1466 397/103/1467 404/274/1468
f 404/274/1469 397/103/1470 396/386/1471 403/588/1472
f 403/244/1473 396/654/1474 395/132/1475 402/658/1476
f 402/658/1477 395/132/1478 394/540/1479 401/139/1480
f 401/139/1481 394/540/1482 392/420/1483 399/336/1484
f 407/98/1485 400/72/1486 405/700/1487 412/559/1488
f 412/559/1489 405/700/1490 404/64/1491 411/156/1492
f 411/156/1493 404/64/1494 403/589/1495 410/438/1496
f 410/366/1497 403/245/1498 402/658/1499 409/573/1500
f 409/573/1501 402/658/1502 401/139/1503 408/266/1504
f 408/266/1505 401/139/1506 399/336/1507 406/166/1508
f 414/672/1509 407/98/1510 412/485/1511 419/41/1512
f 419/41/1513 412/485/1514 411/687/1515 418/317/1516
f 418/317/1517 411/687/1518 410/439/1519 417/642/1520
f 417/691/1521 410/367/1522 409/573/1523 416/369/1524
f 416/369/1525 409/573/1526 408/266/1527 415/189/1528
f 415/189/1529 408/266/1530 406/166/1531 413/87/1532
f 421/151/1533 414/672/1534 419/42/1535 426/610/1536
f 426/610/1537 419/42/1538 418/318/1539 425/198/1540
f 425/198/1541 418/318/1542 417/643/1543 424/495/1544
f 424/115/1545 417/692/1546 416/369/1547 423/293/1548
f 423/293/1549 416/369/1550 415/189/1551 422/3/1552
f 422/3/1553 415/189/1554 413/87/1555 420/604/1556
f 428/11/1557 421/151/1558 426/611/1559 433/217/1560
f 433/217/1561 426/611/1562 425/199/1563 432/519/1564
f 432/519/1565 425/199/1566 424/496/1567 431/528/1568
f 431/30/1569 424/116/1570 423/293/1571 430/423/1572
f 430/423/1573 423/293/1574 422/3/1575 429/634/1576
f 429/634/1577 422/3/1578 420/604/1579 427/517/1580
f 435/311/1581 428/11/1582 433/219/1583 440/660/1584
f 440/660/1585 433/219/1586 432/221/1587 439/545/1588
f 439/545/1589 432/221/1590 431/529/1591 438/141/1592
f 438/548/1593 431/31/1594 430/423/1595 437/39/1596
f 437/39/1597 430/423/1598 429/634/1599 436/427/1600
f 436/427/1601 429/634/1602 427/517/1603 434/313/1604
f 224/202/1605 435/311/1606 440/663/1607 226/301/1608
f 226/301/1609 440/663/1610 439/546/1611 227/16/1612
f 227/16/1613 439/546/1614 438/142/1615 228/415/1616
f 228/394/1617 438/551/1618 437/39/1619 229/711/1620
f 229/711/1621 437/39/1622 436/427/1623 230/508/1624
f 230/508/1625 436/427/1626 434/313/1627 225/482/1628
f 151/5/1629 138/419/1630 224/518/1631 218/417/1632
usemtl lambert2SG
f 464/715/1633 453/716/1634 444/717/1635 458/718/1636
f 458/719/1637 444/720/1638 448/721/1639 459/722/1640
f 461/723/1641 452/724/1642 446/725/1643 460/726/1644
f 460/727/1645 446/728/1646 442/729/1647 457/730/1648
f 449/731/1649 451/732/1650 445/733/1651 441/734/1652
f 452/735/1653 450/736/1654 442/737/1655 446/738/1656
f 478/739/1657 479/740/1658 450/736/1659 452/735/1660
f 477/741/1661 480/742/1662 451/732/1663 449/731/1664
f 482/743/1665 478/744/1666 452/724/1667 461/723/1668
f 457/745/1669 442/746/1670 450/747/1671 462/748/1672
f 459/749/1673 448/750/1674 456/751/1675 463/752/1676
f 443/753/1677 447/754/1678 454/755/1679 455/756/1680
f 448/757/1681 444/758/1682 453/759/1683 456/760/1684
f 489/761/1685 487/762/1686 453/716/1687 464/715/1688
f 510/763/1689 489/761/1690 464/715/1691 504/764/1692
f 499/765/1693 459/749/1694 463/752/1695 503/766/1696
f 497/767/1697 457/745/1698 462/748/1699 502/768/1700
f 503/769/1701 463/770/1702 473/771/1703 506/772/1704
f 500/773/1705 460/727/1706 457/730/1707 497/774/1708
f 501/775/1709 461/723/1710 460/726/1711 500/776/1712
f 498/777/1713 458/719/1714 459/722/1715 499/778/1716
f 504/764/1717 464/715/1718 458/718/1719 498/779/1720
f 455/780/1721 471/781/1722 465/782/1723 443/783/1724
f 443/784/1725 465/785/1726 466/786/1727 447/787/1728
f 451/788/1729 468/789/1730 467/790/1731 445/791/1732
f 445/792/1733 467/793/1734 472/794/1735 441/795/1736
f 480/796/1737 483/797/1738 468/789/1739 451/788/1740
f 441/798/1741 472/799/1742 469/800/1743 449/801/1744
f 447/802/1745 466/803/1746 470/804/1747 454/805/1748
f 491/806/1749 490/807/1750 471/781/1751 455/780/1752
f 507/808/1753 485/809/1754 474/810/1755 505/811/1756
f 546/812/1757 468/813/1758 475/814/1759 550/815/1760
f 494/816/1761 470/817/1762 476/818/1763 496/819/1764
f 482/820/1765 461/821/1766 474/822/1767 485/823/1768
f 563/824/1769 482/820/1770 485/823/1771 565/825/1772
f 468/826/1773 483/827/1774 486/828/1775 475/829/1776
f 572/830/1777 565/831/1778 485/809/1779 507/808/1780
f 449/801/1781 469/800/1782 484/832/1783 477/833/1784
f 568/834/1785 564/835/1786 483/797/1787 480/796/1788
f 502/768/1789 462/748/1790 481/836/1791 508/837/1792
f 462/748/1793 450/747/1794 479/838/1795 481/836/1796
f 563/839/1797 562/840/1798 478/744/1799 482/743/1800
f 561/841/1801 568/842/1802 480/742/1803 477/741/1804
f 562/843/1805 567/844/1806 479/740/1807 478/739/1808
f 456/760/1809 453/759/1810 487/845/1811 492/846/1812
f 455/756/1813 454/755/1814 488/847/1815 491/848/1816
f 463/752/1817 456/751/1818 492/849/1819 493/850/1820
f 454/805/1821 470/804/1822 494/851/1823 488/852/1824
f 506/853/1825 473/854/1826 495/855/1827 509/856/1828
f 463/857/1829 493/858/1830 495/859/1831 473/860/1832
f 902/861/1833 494/816/1834 496/819/1835 904/862/1836
f 899/863/1837 894/864/1838 490/807/1839 491/806/1840
f 895/865/1841 893/866/1842 489/761/1843 510/763/1844
f 893/866/1845 891/867/1846 487/762/1847 489/761/1848
f 992/868/1849 895/865/1850 510/763/1851 958/869/1852
f 954/870/1853 506/853/1854 509/856/1855 957/871/1856
f 950/872/1857 502/768/1858 508/837/1859 956/873/1860
f 955/874/1861 520/875/1862 527/876/1863 959/877/1864
f 461/878/1865 501/879/1866 505/880/1867 474/881/1868
f 955/882/1869 507/883/1870 505/884/1871 953/885/1872
f 952/886/1873 504/764/1874 498/779/1875 946/887/1876
f 946/888/1877 498/777/1878 499/778/1879 947/889/1880
f 949/890/1881 501/891/1882 500/892/1883 948/893/1884
f 948/894/1885 500/773/1886 497/774/1887 945/895/1888
f 951/896/1889 503/769/1890 506/772/1891 954/897/1892
f 945/898/1893 497/767/1894 502/768/1895 950/872/1896
f 947/899/1897 499/765/1898 503/766/1899 951/900/1900
f 958/869/1901 510/763/1902 504/764/1903 952/886/1904
f 541/901/1905 523/902/1906 517/903/1907 535/904/1908
f 530/905/1909 512/906/1910 516/907/1911 534/908/1912
f 542/909/1913 524/910/1914 515/911/1915 533/912/1916
f 534/913/1917 516/914/1918 519/915/1919 537/916/1920
f 531/917/1921 513/918/1922 524/919/1923 542/920/1924
f 532/921/1925 514/922/1926 513/923/1927 531/924/1928
f 529/925/1929 511/926/1930 512/927/1931 530/928/1932
f 535/904/1933 517/903/1934 511/929/1935 529/930/1936
f 538/931/1937 520/875/1938 518/932/1939 536/933/1940
f 578/934/1941 573/935/1942 520/875/1943 538/931/1944
f 533/912/1945 515/911/1946 521/936/1947 539/937/1948
f 537/938/1949 519/939/1950 522/940/1951 540/941/1952
f 897/942/1953 896/943/1954 523/902/1955 541/901/1956
f 949/944/1957 514/945/1958 518/946/1959 953/947/1960
f 961/948/1961 575/949/1962 526/950/1963 959/877/1964
f 906/951/1965 522/940/1966 528/952/1967 908/953/1968
f 572/830/1969 507/808/1970 526/950/1971 575/949/1972
f 957/871/1973 509/856/1974 525/954/1975 960/955/1976
f 1040/956/1977 897/942/1978 541/901/1979 1006/957/1980
f 1002/958/1981 537/938/1982 540/941/1983 1005/959/1984
f 998/960/1985 533/912/1986 539/937/1987 1004/961/1988
f 578/934/1989 538/931/1990 558/962/1991 581/963/1992
f 1003/964/1993 538/931/1994 536/933/1995 1001/965/1996
f 1000/966/1997 535/904/1998 529/930/1999 994/967/2000
f 994/968/2001 529/925/2002 530/928/2003 995/969/2004
f 997/970/2005 532/921/2006 531/924/2007 996/971/2008
f 996/972/2009 531/917/2010 542/920/2011 993/973/2012
f 999/974/2013 534/913/2014 537/916/2015 1002/975/2016
f 993/976/2017 542/909/2018 533/912/2019 998/960/2020
f 995/977/2021 530/905/2022 534/908/2023 999/978/2024
f 1006/957/2025 541/901/2026 535/904/2027 1000/966/2028
f 514/945/2029 532/979/2030 536/980/2031 518/946/2032
f 490/807/2033 555/981/2034 549/982/2035 471/781/2036
f 466/803/2037 544/983/2038 548/984/2039 470/804/2040
f 472/799/2041 556/985/2042 547/986/2043 469/800/2044
f 470/987/2045 548/988/2046 551/989/2047 476/990/2048
f 467/793/2049 545/991/2050 556/992/2051 472/794/2052
f 468/789/2053 546/993/2054 545/994/2055 467/790/2056
f 465/785/2057 543/995/2058 544/996/2059 466/786/2060
f 471/781/2061 549/982/2062 543/997/2063 465/782/2064
f 486/998/2065 552/999/2066 550/1000/2067 475/1001/2068
f 566/1002/2069 579/1003/2070 552/999/2071 486/998/2072
f 469/800/2073 547/986/2074 553/1004/2075 484/832/2076
f 476/1005/2077 551/1006/2078 554/1007/2079 496/1008/2080
f 894/864/2081 898/1009/2082 555/981/2083 490/807/2084
f 997/1010/2085 546/812/2086 550/815/2087 1001/1011/2088
f 1009/1012/2089 581/963/2090 558/962/2091 1007/1013/2092
f 1005/959/2093 540/941/2094 557/1014/2095 1008/1015/2096
f 1003/964/2097 552/999/2098 559/1016/2099 1007/1013/2100
f 910/1017/2101 554/1007/2102 560/1018/2103 912/1019/2104
f 552/999/2105 579/1003/2106 582/1020/2107 559/1016/2108
f 846/1021/2109 868/1022/2110 939/1023/2111 940/1024/2112
f 484/832/2113 553/1004/2114 580/1025/2115 570/1026/2116
f 596/1027/2117 602/1028/2118 579/1003/2119 566/1002/2120
f 601/1029/2121 578/934/2122 581/963/2123 603/1030/2124
f 1004/961/2125 539/937/2126 577/1031/2127 1010/1032/2128
f 597/1033/2129 572/830/2130 575/949/2131 599/1034/2132
f 520/875/2133 573/935/2134 576/1035/2135 527/876/2136
f 963/1036/2137 599/1034/2138 575/949/2139 961/948/2140
f 539/937/2141 521/936/2142 574/1037/2143 577/1031/2144
f 601/1029/2145 598/1038/2146 573/935/2147 578/934/2148
f 956/873/2149 508/837/2150 571/1039/2151 962/1040/2152
f 481/836/2153 479/838/2154 567/1041/2155 569/1042/2156
f 508/837/2157 481/836/2158 569/1042/2159 571/1039/2160
f 477/833/2161 484/832/2162 570/1026/2163 561/1043/2164
f 483/827/2165 564/1044/2166 566/1045/2167 486/828/2168
f 592/1046/2169 583/1047/2170 567/844/2171 562/843/2172
f 591/1048/2173 584/1049/2174 568/842/2175 561/841/2176
f 593/1050/2177 592/1051/2178 562/840/2179 563/839/2180
f 584/1052/2181 594/1053/2182 564/835/2183 568/834/2184
f 597/1033/2185 595/1054/2186 565/831/2187 572/830/2188
f 593/1055/2189 563/824/2190 565/825/2191 595/1056/2192
f 615/1057/2193 593/1055/2194 595/1056/2195 617/1058/2196
f 619/1059/2197 617/1060/2198 595/1054/2199 597/1033/2200
f 606/1061/2201 616/1062/2202 594/1053/2203 584/1052/2204
f 615/1063/2205 614/1064/2206 592/1051/2207 593/1050/2208
f 613/1065/2209 606/1066/2210 584/1049/2211 591/1048/2212
f 614/1067/2213 605/1068/2214 583/1047/2215 592/1046/2216
f 623/1069/2217 620/1070/2218 598/1038/2219 601/1029/2220
f 965/1071/2221 621/1072/2222 599/1034/2223 963/1036/2224
f 619/1059/2225 597/1033/2226 599/1034/2227 621/1072/2228
f 623/1069/2229 601/1029/2230 603/1030/2231 625/1073/2232
f 618/1074/2233 624/1075/2234 602/1028/2235 596/1027/2236
f 1013/1076/2237 625/1073/2238 603/1030/2239 1011/1077/2240
f 579/1003/2241 602/1028/2242 604/1078/2243 582/1020/2244
f 570/1026/2245 580/1025/2246 590/1079/2247 586/1080/2248
f 1010/1032/2249 577/1031/2250 589/1081/2251 1012/1082/2252
f 573/935/2253 598/1038/2254 600/1083/2255 576/1035/2256
f 577/1031/2257 574/1037/2258 588/1084/2259 589/1081/2260
f 962/1040/2261 571/1039/2262 587/1085/2263 964/1086/2264
f 569/1042/2265 567/1041/2266 583/1087/2267 585/1088/2268
f 571/1039/2269 569/1042/2270 585/1088/2271 587/1085/2272
f 561/1043/2273 570/1026/2274 586/1080/2275 591/1089/2276
f 564/1044/2277 594/1090/2278 596/1091/2279 566/1045/2280
f 1028/1092/2281 772/1093/2282 932/1094/2283 1050/1095/2284
f 640/1096/2285 646/1097/2286 624/1075/2287 618/1074/2288
f 645/1098/2289 623/1069/2290 625/1073/2291 647/1099/2292
f 641/1100/2293 619/1059/2294 621/1072/2295 643/1101/2296
f 967/1102/2297 643/1101/2298 621/1072/2299 965/1071/2300
f 645/1098/2301 642/1103/2302 620/1070/2303 623/1069/2304
f 636/1104/2305 627/1105/2306 605/1068/2307 614/1067/2308
f 635/1106/2309 628/1107/2310 606/1066/2311 613/1065/2312
f 637/1108/2313 636/1109/2314 614/1064/2315 615/1063/2316
f 628/1110/2317 638/1111/2318 616/1062/2319 606/1061/2320
f 641/1100/2321 639/1112/2322 617/1060/2323 619/1059/2324
f 637/1113/2325 615/1057/2326 617/1058/2327 639/1114/2328
f 602/1028/2329 624/1075/2330 626/1115/2331 604/1078/2332
f 586/1080/2333 590/1079/2334 612/1116/2335 608/1117/2336
f 1012/1082/2337 589/1081/2338 611/1118/2339 1014/1119/2340
f 598/1038/2341 620/1070/2342 622/1120/2343 600/1083/2344
f 589/1081/2345 588/1084/2346 610/1121/2347 611/1118/2348
f 964/1086/2349 587/1085/2350 609/1122/2351 966/1123/2352
f 585/1088/2353 583/1087/2354 605/1124/2355 607/1125/2356
f 587/1085/2357 585/1088/2358 607/1125/2359 609/1122/2360
f 591/1089/2361 586/1080/2362 608/1117/2363 613/1126/2364
f 594/1090/2365 616/1127/2366 618/1128/2367 596/1091/2368
f 761/1129/2369 637/1113/2370 639/1114/2371 763/1130/2372
f 765/1131/2373 763/1132/2374 639/1112/2375 641/1100/2376
f 774/1133/2377 762/1134/2378 638/1111/2379 628/1110/2380
f 761/1135/2381 760/1136/2382 636/1109/2383 637/1108/2384
f 759/1137/2385 774/1138/2386 628/1107/2387 635/1106/2388
f 760/1139/2389 773/1140/2390 627/1105/2391 636/1104/2392
f 769/1141/2393 766/1142/2394 642/1103/2395 645/1098/2396
f 980/1143/2397 767/1144/2398 643/1101/2399 967/1102/2400
f 765/1131/2401 641/1100/2402 643/1101/2403 767/1144/2404
f 769/1141/2405 645/1098/2406 647/1099/2407 771/1145/2408
f 764/1146/2409 770/1147/2410 646/1097/2411 640/1096/2412
f 1028/1092/2413 771/1145/2414 647/1099/2415 1015/1148/2416
f 624/1075/2417 646/1097/2418 648/1149/2419 626/1115/2420
f 608/1117/2421 612/1116/2422 634/1150/2423 630/1151/2424
f 1014/1119/2425 611/1118/2426 633/1152/2427 1016/1153/2428
f 620/1070/2429 642/1103/2430 644/1154/2431 622/1120/2432
f 611/1118/2433 610/1121/2434 632/1155/2435 633/1152/2436
f 966/1123/2437 609/1122/2438 631/1156/2439 968/1157/2440
f 607/1125/2441 605/1124/2442 627/1158/2443 629/1159/2444
f 609/1122/2445 607/1125/2446 629/1159/2447 631/1156/2448
f 613/1126/2449 608/1117/2450 630/1151/2451 635/1160/2452
f 616/1127/2453 638/1161/2454 640/1162/2455 618/1128/2456
f 867/1163/2457 845/1164/2458 938/1165/2459 937/1166/2460
f 684/1167/2461 690/1168/2462 668/1169/2463 662/1170/2464
f 689/1171/2465 667/1172/2466 669/1173/2467 691/1174/2468
f 685/1175/2469 663/1176/2470 665/1177/2471 687/1178/2472
f 971/1179/2473 687/1178/2474 665/1177/2475 969/1180/2476
f 689/1171/2477 686/1181/2478 664/1182/2479 667/1172/2480
f 680/1183/2481 671/1184/2482 649/1185/2483 658/1186/2484
f 679/1187/2485 672/1188/2486 650/1189/2487 657/1190/2488
f 681/1191/2489 680/1192/2490 658/1193/2491 659/1194/2492
f 672/1195/2493 682/1196/2494 660/1197/2495 650/1198/2496
f 685/1175/2497 683/1199/2498 661/1200/2499 663/1176/2500
f 681/1201/2501 659/1202/2502 661/1203/2503 683/1204/2504
f 734/1205/2505 668/1169/2506 670/1206/2507 736/1207/2508
f 718/1208/2509 722/1209/2510 656/1210/2511 652/1211/2512
f 1024/1212/2513 721/1213/2514 655/1214/2515 1018/1215/2516
f 730/1216/2517 664/1182/2518 666/1217/2519 732/1218/2520
f 721/1213/2521 720/1219/2522 654/1220/2523 655/1214/2524
f 976/1221/2525 719/1222/2526 653/1223/2527 970/1224/2528
f 717/1225/2529 715/1226/2530 649/1227/2531 651/1228/2532
f 719/1222/2533 717/1225/2534 651/1228/2535 653/1223/2536
f 723/1229/2537 718/1208/2538 652/1211/2539 657/1230/2540
f 726/1231/2541 660/1232/2542 662/1233/2543 728/1234/2544
f 791/1235/2545 681/1201/2546 683/1204/2547 793/1236/2548
f 795/1237/2549 793/1238/2550 683/1199/2551 685/1175/2552
f 782/1239/2553 792/1240/2554 682/1196/2555 672/1195/2556
f 791/1241/2557 790/1242/2558 680/1192/2559 681/1191/2560
f 789/1243/2561 782/1244/2562 672/1188/2563 679/1187/2564
f 790/1245/2565 781/1246/2566 671/1184/2567 680/1183/2568
f 799/1247/2569 796/1248/2570 686/1181/2571 689/1171/2572
f 981/1249/2573 797/1250/2574 687/1178/2575 971/1179/2576
f 795/1237/2577 685/1175/2578 687/1178/2579 797/1250/2580
f 799/1247/2581 689/1171/2582 691/1174/2583 801/1251/2584
f 794/1252/2585 800/1253/2586 690/1168/2587 684/1167/2588
f 1029/1254/2589 801/1251/2590 691/1174/2591 1019/1255/2592
f 668/1169/2593 690/1168/2594 692/1256/2595 670/1206/2596
f 652/1211/2597 656/1210/2598 678/1257/2599 674/1258/2600
f 1018/1215/2601 655/1214/2602 677/1259/2603 1020/1260/2604
f 664/1182/2605 686/1181/2606 688/1261/2607 666/1217/2608
f 655/1214/2609 654/1220/2610 676/1262/2611 677/1259/2612
f 970/1224/2613 653/1223/2614 675/1263/2615 972/1264/2616
f 651/1228/2617 649/1227/2618 671/1265/2619 673/1266/2620
f 653/1223/2621 651/1228/2622 673/1266/2623 675/1263/2624
f 657/1230/2625 652/1211/2626 674/1258/2627 679/1267/2628
f 660/1232/2629 682/1268/2630 684/1269/2631 662/1233/2632
f 740/1270/2633 696/1271/2634 698/1272/2635 742/1273/2636
f 737/1274/2637 754/1275/2638 710/1276/2639 693/1277/2640
f 755/1278/2641 753/1279/2642 709/1280/2643 711/1281/2644
f 753/1279/2645 751/1282/2646 707/1283/2647 709/1280/2648
f 977/1284/2649 755/1278/2650 711/1281/2651 973/1285/2652
f 757/1286/2653 756/1287/2654 712/1288/2655 713/1289/2656
f 744/1290/2657 700/1291/2658 702/1292/2659 746/1293/2660
f 1025/1294/2661 757/1286/2662 713/1289/2663 1021/1295/2664
f 754/1275/2665 758/1296/2666 714/1297/2667 710/1276/2668
f 748/1298/2669 704/1299/2670 706/1300/2671 750/1301/2672
f 1019/1255/2673 691/1174/2674 921/1302/2675 1046/1303/2676
f 728/1304/2677 734/1205/2678 704/1299/2679 698/1305/2680
f 733/1306/2681 703/1307/2682 705/1308/2683 735/1309/2684
f 729/1310/2685 699/1311/2686 701/1312/2687 731/1313/2688
f 975/1314/2689 731/1313/2690 701/1312/2691 974/1315/2692
f 733/1306/2693 730/1216/2694 700/1291/2695 703/1307/2696
f 724/1316/2697 715/1317/2698 707/1318/2699 694/1319/2700
f 723/1320/2701 716/1321/2702 708/1322/2703 693/1323/2704
f 725/1324/2705 724/1325/2706 694/1326/2707 695/1327/2708
f 716/1328/2709 726/1329/2710 696/1330/2711 708/1331/2712
f 729/1310/2713 727/1332/2714 697/1333/2715 699/1311/2716
f 725/1334/2717 695/1335/2718 697/1336/2719 727/1337/2720
f 659/1202/2721 725/1334/2722 727/1337/2723 661/1203/2724
f 663/1176/2725 661/1200/2726 727/1332/2727 729/1310/2728
f 650/1198/2729 660/1197/2730 726/1329/2731 716/1328/2732
f 659/1194/2733 658/1193/2734 724/1325/2735 725/1324/2736
f 657/1190/2737 650/1189/2738 716/1321/2739 723/1320/2740
f 658/1186/2741 649/1185/2742 715/1317/2743 724/1316/2744
f 667/1172/2745 664/1182/2746 730/1216/2747 733/1306/2748
f 969/1180/2749 665/1177/2750 731/1313/2751 975/1314/2752
f 663/1176/2753 729/1310/2754 731/1313/2755 665/1177/2756
f 667/1172/2757 733/1306/2758 735/1309/2759 669/1173/2760
f 662/1170/2761 668/1169/2762 734/1205/2763 728/1304/2764
f 1017/1338/2765 669/1173/2766 735/1309/2767 1023/1339/2768
f 696/1271/2769 726/1231/2770 728/1234/2771 698/1272/2772
f 693/1277/2773 710/1276/2774 718/1208/2775 723/1229/2776
f 711/1281/2777 709/1280/2778 717/1225/2779 719/1222/2780
f 709/1280/2781 707/1283/2782 715/1226/2783 717/1225/2784
f 973/1285/2785 711/1281/2786 719/1222/2787 976/1221/2788
f 713/1289/2789 712/1288/2790 720/1219/2791 721/1213/2792
f 700/1291/2793 730/1216/2794 732/1218/2795 702/1292/2796
f 1021/1295/2797 713/1289/2798 721/1213/2799 1024/1212/2800
f 710/1276/2801 714/1297/2802 722/1209/2803 718/1208/2804
f 704/1299/2805 734/1205/2806 736/1207/2807 706/1300/2808
f 770/1147/2809 748/1298/2810 750/1301/2811 772/1093/2812
f 776/1340/2813 780/1341/2814 758/1296/2815 754/1275/2816
f 1027/1342/2817 779/1343/2818 757/1286/2819 1025/1294/2820
f 766/1142/2821 744/1290/2822 746/1293/2823 768/1344/2824
f 779/1343/2825 778/1345/2826 756/1287/2827 757/1286/2828
f 979/1346/2829 777/1347/2830 755/1278/2831 977/1284/2832
f 775/1348/2833 773/1349/2834 751/1282/2835 753/1279/2836
f 777/1347/2837 775/1348/2838 753/1279/2839 755/1278/2840
f 759/1350/2841 776/1340/2842 754/1275/2843 737/1274/2844
f 762/1351/2845 740/1270/2846 742/1273/2847 764/1352/2848
f 1022/1353/2849 705/1308/2850 749/1354/2851 1026/1355/2852
f 698/1305/2853 704/1299/2854 748/1298/2855 742/1356/2856
f 703/1307/2857 747/1357/2858 749/1354/2859 705/1308/2860
f 699/1311/2861 743/1358/2862 745/1359/2863 701/1312/2864
f 974/1315/2865 701/1312/2866 745/1359/2867 978/1360/2868
f 703/1307/2869 700/1291/2870 744/1290/2871 747/1357/2872
f 694/1319/2873 707/1318/2874 751/1361/2875 738/1362/2876
f 693/1323/2877 708/1322/2878 752/1363/2879 737/1364/2880
f 695/1327/2881 694/1326/2882 738/1365/2883 739/1366/2884
f 708/1331/2885 696/1330/2886 740/1367/2887 752/1368/2888
f 699/1311/2889 697/1333/2890 741/1369/2891 743/1358/2892
f 695/1335/2893 739/1370/2894 741/1371/2895 697/1336/2896
f 638/1161/2897 762/1351/2898 764/1352/2899 640/1162/2900
f 635/1160/2901 630/1151/2902 776/1340/2903 759/1350/2904
f 631/1156/2905 629/1159/2906 775/1348/2907 777/1347/2908
f 629/1159/2909 627/1158/2910 773/1349/2911 775/1348/2912
f 968/1157/2913 631/1156/2914 777/1347/2915 979/1346/2916
f 633/1152/2917 632/1155/2918 778/1345/2919 779/1343/2920
f 642/1103/2921 766/1142/2922 768/1344/2923 644/1154/2924
f 1016/1153/2925 633/1152/2926 779/1343/2927 1027/1342/2928
f 630/1151/2929 634/1150/2930 780/1341/2931 776/1340/2932
f 646/1097/2933 770/1147/2934 772/1093/2935 648/1149/2936
f 1017/1338/2937 670/1206/2938 924/1372/2939 1045/1373/2940
f 742/1356/2941 748/1298/2942 770/1147/2943 764/1146/2944
f 747/1357/2945 769/1141/2946 771/1145/2947 749/1354/2948
f 743/1358/2949 765/1131/2950 767/1144/2951 745/1359/2952
f 978/1360/2953 745/1359/2954 767/1144/2955 980/1143/2956
f 747/1357/2957 744/1290/2958 766/1142/2959 769/1141/2960
f 738/1362/2961 751/1361/2962 773/1140/2963 760/1139/2964
f 737/1364/2965 752/1363/2966 774/1138/2967 759/1137/2968
f 739/1366/2969 738/1365/2970 760/1136/2971 761/1135/2972
f 752/1368/2973 740/1367/2974 762/1134/2975 774/1133/2976
f 743/1358/2977 741/1369/2978 763/1132/2979 765/1131/2980
f 739/1370/2981 761/1129/2982 763/1130/2983 741/1371/2984
f 1011/1077/2985 603/1030/2986 913/1374/2987 1042/1375/2988
f 816/1376/2989 822/1377/2990 800/1253/2991 794/1252/2992
f 821/1378/2993 799/1247/2994 801/1251/2995 823/1379/2996
f 817/1380/2997 795/1237/2998 797/1250/2999 819/1381/3000
f 983/1382/3001 819/1381/3002 797/1250/3003 981/1249/3004
f 821/1378/3005 818/1383/3006 796/1248/3007 799/1247/3008
f 812/1384/3009 803/1385/3010 781/1246/3011 790/1245/3012
f 811/1386/3013 804/1387/3014 782/1244/3015 789/1243/3016
f 813/1388/3017 812/1389/3018 790/1242/3019 791/1241/3020
f 804/1390/3021 814/1391/3022 792/1240/3023 782/1239/3024
f 817/1380/3025 815/1392/3026 793/1238/3027 795/1237/3028
f 813/1393/3029 791/1235/3030 793/1236/3031 815/1394/3032
f 690/1168/3033 800/1253/3034 802/1395/3035 692/1256/3036
f 674/1258/3037 678/1257/3038 788/1396/3039 784/1397/3040
f 1020/1260/3041 677/1259/3042 787/1398/3043 1030/1399/3044
f 686/1181/3045 796/1248/3046 798/1400/3047 688/1261/3048
f 677/1259/3049 676/1262/3050 786/1401/3051 787/1398/3052
f 972/1264/3053 675/1263/3054 785/1402/3055 982/1403/3056
f 673/1266/3057 671/1265/3058 781/1404/3059 783/1405/3060
f 675/1263/3061 673/1266/3062 783/1405/3063 785/1402/3064
f 679/1267/3065 674/1258/3066 784/1397/3067 789/1406/3068
f 682/1268/3069 792/1407/3070 794/1408/3071 684/1269/3072
f 835/1409/3073 813/1393/3074 815/1394/3075 837/1410/3076
f 839/1411/3077 837/1412/3078 815/1392/3079 817/1380/3080
f 826/1413/3081 836/1414/3082 814/1391/3083 804/1390/3084
f 835/1415/3085 834/1416/3086 812/1389/3087 813/1388/3088
f 833/1417/3089 826/1418/3090 804/1387/3091 811/1386/3092
f 834/1419/3093 825/1420/3094 803/1385/3095 812/1384/3096
f 843/1421/3097 840/1422/3098 818/1383/3099 821/1378/3100
f 985/1423/3101 841/1424/3102 819/1381/3103 983/1382/3104
f 839/1411/3105 817/1380/3106 819/1381/3107 841/1424/3108
f 843/1421/3109 821/1378/3110 823/1379/3111 845/1164/3112
f 838/1425/3113 844/1426/3114 822/1377/3115 816/1376/3116
f 1033/1427/3117 845/1164/3118 823/1379/3119 1031/1428/3120
f 800/1253/3121 822/1377/3122 824/1429/3123 802/1395/3124
f 784/1397/3125 788/1396/3126 810/1430/3127 806/1431/3128
f 1030/1399/3129 787/1398/3130 809/1432/3131 1032/1433/3132
f 796/1248/3133 818/1383/3134 820/1434/3135 798/1400/3136
f 787/1398/3137 786/1401/3138 808/1435/3139 809/1432/3140
f 982/1403/3141 785/1402/3142 807/1436/3143 984/1437/3144
f 783/1405/3145 781/1404/3146 803/1438/3147 805/1439/3148
f 785/1402/3149 783/1405/3150 805/1439/3151 807/1436/3152
f 789/1406/3153 784/1397/3154 806/1431/3155 811/1440/3156
f 792/1407/3157 814/1441/3158 816/1442/3159 794/1408/3160
f 1009/1012/3161 582/1020/3162 916/1443/3163 1041/1444/3164
f 860/1445/3165 866/1446/3166 844/1426/3167 838/1425/3168
f 865/1447/3169 843/1421/3170 845/1164/3171 867/1163/3172
f 861/1448/3173 839/1411/3174 841/1424/3175 863/1449/3176
f 987/1450/3177 863/1449/3178 841/1424/3179 985/1423/3180
f 865/1447/3181 862/1451/3182 840/1422/3183 843/1421/3184
f 856/1452/3185 847/1453/3186 825/1420/3187 834/1419/3188
f 855/1454/3189 848/1455/3190 826/1418/3191 833/1417/3192
f 857/1456/3193 856/1457/3194 834/1416/3195 835/1415/3196
f 848/1458/3197 858/1459/3198 836/1414/3199 826/1413/3200
f 861/1448/3201 859/1460/3202 837/1412/3203 839/1411/3204
f 857/1461/3205 835/1409/3206 837/1410/3207 859/1462/3208
f 822/1377/3209 844/1426/3210 846/1021/3211 824/1429/3212
f 806/1431/3213 810/1430/3214 832/1463/3215 828/1464/3216
f 1032/1433/3217 809/1432/3218 831/1465/3219 1034/1466/3220
f 818/1383/3221 840/1422/3222 842/1467/3223 820/1434/3224
f 809/1432/3225 808/1435/3226 830/1468/3227 831/1465/3228
f 984/1437/3229 807/1436/3230 829/1469/3231 986/1470/3232
f 805/1439/3233 803/1438/3234 825/1471/3235 827/1472/3236
f 807/1436/3237 805/1439/3238 827/1472/3239 829/1469/3240
f 811/1440/3241 806/1431/3242 828/1464/3243 833/1473/3244
f 814/1441/3245 836/1474/3246 838/1475/3247 816/1442/3248
f 879/1476/3249 857/1461/3250 859/1462/3251 881/1477/3252
f 883/1478/3253 881/1479/3254 859/1460/3255 861/1448/3256
f 870/1480/3257 880/1481/3258 858/1459/3259 848/1458/3260
f 879/1482/3261 878/1483/3262 856/1457/3263 857/1456/3264
f 877/1484/3265 870/1485/3266 848/1455/3267 855/1454/3268
f 878/1486/3269 869/1487/3270 847/1453/3271 856/1452/3272
f 887/1488/3273 884/1489/3274 862/1451/3275 865/1447/3276
f 989/1490/3277 885/1491/3278 863/1449/3279 987/1450/3280
f 883/1478/3281 861/1448/3282 863/1449/3283 885/1491/3284
f 887/1488/3285 865/1447/3286 867/1163/3287 889/1492/3288
f 882/1493/3289 888/1494/3290 866/1446/3291 860/1445/3292
f 1037/1495/3293 889/1492/3294 867/1163/3295 1035/1496/3296
f 844/1426/3297 866/1446/3298 868/1022/3299 846/1021/3300
f 828/1464/3301 832/1463/3302 854/1497/3303 850/1498/3304
f 1034/1466/3305 831/1465/3306 853/1499/3307 1036/1500/3308
f 840/1422/3309 862/1451/3310 864/1501/3311 842/1467/3312
f 831/1465/3313 830/1468/3314 852/1502/3315 853/1499/3316
f 986/1470/3317 829/1469/3318 851/1503/3319 988/1504/3320
f 827/1472/3321 825/1471/3322 847/1505/3323 849/1506/3324
f 829/1469/3325 827/1472/3326 849/1506/3327 851/1503/3328
f 833/1473/3329 828/1464/3330 850/1498/3331 855/1507/3332
f 836/1474/3333 858/1508/3334 860/1509/3335 838/1475/3336
f 1039/1510/3337 911/1511/3338 941/1512/3339 1056/1513/3340
f 904/1514/3341 910/1017/3342 888/1494/3343 882/1493/3344
f 909/1515/3345 887/1488/3346 889/1492/3347 911/1511/3348
f 905/1516/3349 883/1478/3350 885/1491/3351 907/1517/3352
f 991/1518/3353 907/1517/3354 885/1491/3355 989/1490/3356
f 909/1515/3357 906/951/3358 884/1489/3359 887/1488/3360
f 900/1519/3361 891/1520/3362 869/1487/3363 878/1486/3364
f 899/1521/3365 892/1522/3366 870/1485/3367 877/1484/3368
f 901/1523/3369 900/1524/3370 878/1483/3371 879/1482/3372
f 892/1525/3373 902/1526/3374 880/1481/3375 870/1480/3376
f 905/1516/3377 903/1527/3378 881/1479/3379 883/1478/3380
f 901/1528/3381 879/1476/3382 881/1477/3383 903/1529/3384
f 866/1446/3385 888/1494/3386 890/1530/3387 868/1022/3388
f 850/1498/3389 854/1497/3390 876/1531/3391 872/1532/3392
f 1036/1500/3393 853/1499/3394 875/1533/3395 1038/1534/3396
f 862/1451/3397 884/1489/3398 886/1535/3399 864/1501/3400
f 853/1499/3401 852/1502/3402 874/1536/3403 875/1533/3404
f 988/1504/3405 851/1503/3406 873/1537/3407 990/1538/3408
f 849/1506/3409 847/1505/3410 869/1539/3411 871/1540/3412
f 851/1503/3413 849/1506/3414 871/1540/3415 873/1537/3416
f 855/1507/3417 850/1498/3418 872/1532/3419 877/1541/3420
f 858/1508/3421 880/1542/3422 882/1543/3423 860/1509/3424
f 493/858/3425 901/1528/3426 903/1529/3427 495/859/3428
f 509/856/3429 495/855/3430 903/1527/3431 905/1516/3432
f 488/852/3433 494/851/3434 902/1526/3435 892/1525/3436
f 493/850/3437 492/849/3438 900/1524/3439 901/1523/3440
f 491/848/3441 488/847/3442 892/1522/3443 899/1521/3444
f 492/846/3445 487/845/3446 891/1520/3447 900/1519/3448
f 540/941/3449 522/940/3450 906/951/3451 909/1515/3452
f 960/955/3453 525/954/3454 907/1517/3455 991/1518/3456
f 509/856/3457 905/1516/3458 907/1517/3459 525/954/3460
f 540/941/3461 909/1515/3462 911/1511/3463 557/1014/3464
f 496/1008/3465 554/1007/3466 910/1017/3467 904/1514/3468
f 1008/1015/3469 557/1014/3470 911/1511/3471 1039/1510/3472
f 888/1494/3473 910/1017/3474 912/1019/3475 890/1530/3476
f 872/1532/3477 876/1531/3478 898/1009/3479 894/864/3480
f 1038/1534/3481 875/1533/3482 897/942/3483 1040/956/3484
f 884/1489/3485 906/951/3486 908/953/3487 886/1535/3488
f 875/1533/3489 874/1536/3490 896/943/3491 897/942/3492
f 990/1538/3493 873/1537/3494 895/865/3495 992/868/3496
f 871/1540/3497 869/1539/3498 891/867/3499 893/866/3500
f 873/1537/3501 871/1540/3502 893/866/3503 895/865/3504
f 877/1541/3505 872/1532/3506 894/864/3507 899/863/3508
f 880/1542/3509 902/861/3510 904/862/3511 882/1543/3512
f 1042/1375/3513 913/1374/3514 914/1544/3515 1041/1444/3516
f 1044/1545/3517 917/1546/3518 918/1547/3519 1043/1548/3520
f 1046/1303/3521 921/1302/3522 922/1549/3523 1045/1373/3524
f 1048/1550/3525 925/1551/3526 926/1552/3527 1047/1553/3528
f 1049/1554/3529 929/1555/3530 931/1556/3531 1050/1095/3532
f 1052/1557/3533 933/1558/3534 934/1559/3535 1051/1560/3536
f 1054/1561/3537 937/1166/3538 938/1165/3539 1053/1562/3540
f 1056/1513/3541 941/1512/3542 942/1563/3543 1055/1564/3544
f 1033/1427/3545 846/1021/3546 940/1024/3547 1053/1562/3548
f 647/1099/3549 625/1073/3550 918/1547/3551 917/1546/3552
f 1022/1353/3553 706/1300/3554 928/1565/3555 1047/1553/3556
f 626/1115/3557 648/1149/3558 919/1566/3559 920/1567/3560
f 1035/1496/3561 867/1163/3562 937/1166/3563 1054/1561/3564
f 1013/1076/3565 626/1115/3566 920/1567/3567 1043/1548/3568
f 1015/1148/3569 647/1099/3570 917/1546/3571 1044/1545/3572
f 823/1379/3573 801/1251/3574 934/1559/3575 933/1558/3576
f 802/1395/3577 824/1429/3578 935/1568/3579 936/1569/3580
f 749/1354/3581 771/1145/3582 931/1556/3583 929/1555/3584
f 1023/1339/3585 735/1309/3586 925/1551/3587 1048/1550/3588
f 911/1511/3589 889/1492/3590 942/1563/3591 941/1512/3592
f 1029/1254/3593 802/1395/3594 936/1569/3595 1051/1560/3596
f 603/1030/3597 581/963/3598 914/1544/3599 913/1374/3600
f 772/1093/3601 750/1301/3602 930/1570/3603 932/1094/3604
f 890/1530/3605 912/1019/3606 943/1571/3607 944/1572/3608
f 582/1020/3609 604/1078/3610 915/1573/3611 916/1443/3612
f 1031/1428/3613 823/1379/3614 933/1558/3615 1052/1557/3616
f 735/1309/3617 705/1308/3618 926/1552/3619 925/1551/3620
f 1037/1495/3621 890/1530/3622 944/1572/3623 1055/1564/3624
f 691/1174/3625 669/1173/3626 922/1549/3627 921/1302/3628
f 1026/1355/3629 749/1354/3630 929/1555/3631 1049/1554/3632
f 706/1300/3633 736/1207/3634 927/1574/3635 928/1565/3636
f 670/1206/3637 692/1256/3638 923/1575/3639 924/1372/3640
f 874/1536/3641 990/1538/3642 992/868/3643 896/943/3644
f 528/952/3645 960/955/3646 991/1518/3647 908/953/3648
f 852/1502/3649 988/1504/3650 990/1538/3651 874/1536/3652
f 908/953/3653 991/1518/3654 989/1490/3655 886/1535/3656
f 830/1468/3657 986/1470/3658 988/1504/3659 852/1502/3660
f 886/1535/3661 989/1490/3662 987/1450/3663 864/1501/3664
f 808/1435/3665 984/1437/3666 986/1470/3667 830/1468/3668
f 864/1501/3669 987/1450/3670 985/1423/3671 842/1467/3672
f 786/1401/3673 982/1403/3674 984/1437/3675 808/1435/3676
f 842/1467/3677 985/1423/3678 983/1382/3679 820/1434/3680
f 676/1262/3681 972/1264/3682 982/1403/3683 786/1401/3684
f 820/1434/3685 983/1382/3686 981/1249/3687 798/1400/3688
f 746/1293/3689 978/1360/3690 980/1143/3691 768/1344/3692
f 632/1155/3693 968/1157/3694 979/1346/3695 778/1345/3696
f 702/1292/3697 974/1315/3698 978/1360/3699 746/1293/3700
f 778/1345/3701 979/1346/3702 977/1284/3703 756/1287/3704
f 712/1288/3705 973/1285/3706 976/1221/3707 720/1219/3708
f 666/1217/3709 969/1180/3710 975/1314/3711 732/1218/3712
f 732/1218/3713 975/1314/3714 974/1315/3715 702/1292/3716
f 756/1287/3717 977/1284/3718 973/1285/3719 712/1288/3720
f 654/1220/3721 970/1224/3722 972/1264/3723 676/1262/3724
f 798/1400/3725 981/1249/3726 971/1179/3727 688/1261/3728
f 720/1219/3729 976/1221/3730 970/1224/3731 654/1220/3732
f 688/1261/3733 971/1179/3734 969/1180/3735 666/1217/3736
f 610/1121/3737 966/1123/3738 968/1157/3739 632/1155/3740
f 768/1344/3741 980/1143/3742 967/1102/3743 644/1154/3744
f 588/1084/3745 964/1086/3746 966/1123/3747 610/1121/3748
f 644/1154/3749 967/1102/3750 965/1071/3751 622/1120/3752
f 574/1037/3753 962/1040/3754 964/1086/3755 588/1084/3756
f 622/1120/3757 965/1071/3758 963/1036/3759 600/1083/3760
f 521/936/3761 956/873/3762 962/1040/3763 574/1037/3764
f 600/1083/3765 963/1036/3766 961/948/3767 576/1035/3768
f 522/940/3769 957/871/3770 960/955/3771 528/952/3772
f 576/1035/3773 961/948/3774 959/877/3775 527/876/3776
f 501/879/3777 949/944/3778 953/947/3779 505/880/3780
f 523/902/3781 958/869/3782 952/886/3783 517/903/3784
f 512/906/3785 947/899/3786 951/900/3787 516/907/3788
f 524/910/3789 945/898/3790 950/872/3791 515/911/3792
f 516/914/3793 951/896/3794 954/897/3795 519/915/3796
f 513/918/3797 948/894/3798 945/895/3799 524/919/3800
f 514/922/3801 949/1576/3802 948/1577/3803 513/923/3804
f 511/926/3805 946/888/3806 947/889/3807 512/927/3808
f 517/903/3809 952/886/3810 946/887/3811 511/929/3812
f 520/875/3813 955/874/3814 953/1578/3815 518/932/3816
f 507/808/3817 955/874/3818 959/877/3819 526/950/3820
f 515/911/3821 950/872/3822 956/873/3823 521/936/3824
f 519/939/3825 954/870/3826 957/871/3827 522/940/3828
f 896/943/3829 992/868/3830 958/869/3831 523/902/3832
f 750/1301/3833 1026/1355/3834 1049/1554/3835 930/1570/3836
f 889/1492/3837 1037/1495/3838 1055/1564/3839 942/1563/3840
f 824/1429/3841 1031/1428/3842 1052/1557/3843 935/1568/3844
f 801/1251/3845 1029/1254/3846 1051/1560/3847 934/1559/3848
f 736/1207/3849 1023/1339/3850 1048/1550/3851 927/1574/3852
f 648/1149/3853 1015/1148/3854 1044/1545/3855 919/1566/3856
f 625/1073/3857 1013/1076/3858 1043/1548/3859 918/1547/3860
f 868/1022/3861 1035/1496/3862 1054/1561/3863 939/1023/3864
f 705/1308/3865 1022/1353/3866 1047/1553/3867 926/1552/3868
f 845/1164/3869 1033/1427/3870 1053/1562/3871 938/1165/3872
f 943/1571/3873 1056/1513/3874 1055/1564/3875 944/1572/3876
f 939/1023/3877 1054/1561/3878 1053/1562/3879 940/1024/3880
f 935/1568/3881 1052/1557/3882 1051/1560/3883 936/1569/3884
f 930/1570/3885 1049/1554/3886 1050/1095/3887 932/1094/3888
f 927/1574/3889 1048/1550/3890 1047/1553/3891 928/1565/3892
f 923/1575/3893 1046/1303/3894 1045/1373/3895 924/1372/3896
f 919/1566/3897 1044/1545/3898 1043/1548/3899 920/1567/3900
f 915/1573/3901 1042/1375/3902 1041/1444/3903 916/1443/3904
f 876/1531/3905 1038/1534/3906 1040/956/3907 898/1009/3908
f 560/1018/3909 1008/1015/3910 1039/1510/3911 912/1019/3912
f 854/1497/3913 1036/1500/3914 1038/1534/3915 876/1531/3916
f 912/1019/3917 1039/1510/3918 1056/1513/3919 943/1571/3920
f 832/1463/3921 1034/1466/3922 1036/1500/3923 854/1497/3924
f 890/1530/3925 1037/1495/3926 1035/1496/3927 868/1022/3928
f 810/1430/3929 1032/1433/3930 1034/1466/3931 832/1463/3932
f 581/963/3933 1009/1012/3934 1041/1444/3935 914/1544/3936
f 788/1396/3937 1030/1399/3938 1032/1433/3939 810/1430/3940
f 846/1021/3941 1033/1427/3942 1031/1428/3943 824/1429/3944
f 678/1257/3945 1020/1260/3946 1030/1399/3947 788/1396/3948
f 604/1078/3949 1011/1077/3950 1042/1375/3951 915/1573/3952
f 669/1173/3953 1017/1338/3954 1045/1373/3955 922/1549/3956
f 634/1150/3957 1016/1153/3958 1027/1342/3959 780/1341/3960
f 706/1300/3961 1022/1353/3962 1026/1355/3963 750/1301/3964
f 780/1341/3965 1027/1342/3966 1025/1294/3967 758/1296/3968
f 714/1297/3969 1021/1295/3970 1024/1212/3971 722/1209/3972
f 670/1206/3973 1017/1338/3974 1023/1339/3975 736/1207/3976
f 692/1256/3977 1019/1255/3978 1046/1303/3979 923/1575/3980
f 758/1296/3981 1025/1294/3982 1021/1295/3983 714/1297/3984
f 656/1210/3985 1018/1215/3986 1020/1260/3987 678/1257/3988
f 802/1395/3989 1029/1254/3990 1019/1255/3991 692/1256/3992
f 722/1209/3993 1024/1212/3994 1018/1215/3995 656/1210/3996
f 612/1116/3997 1014/1119/3998 1016/1153/3999 634/1150/4000
f 772/1093/4001 1028/1092/4002 1015/1148/4003 648/1149/4004
f 590/1079/4005 1012/1082/4006 1014/1119/4007 612/1116/4008
f 771/1145/4009 1028/1092/4010 1050/1095/4011 931/1556/4012
f 580/1025/4013 1010/1032/4014 1012/1082/4015 590/1079/4016
f 626/1115/4017 1013/1076/4018 1011/1077/4019 604/1078/4020
f 553/1004/4021 1004/961/4022 1010/1032/4023 580/1025/4024
f 538/931/4025 1003/964/4026 1007/1013/4027 558/962/4028
f 554/1007/4029 1005/959/4030 1008/1015/4031 560/1018/4032
f 582/1020/4033 1009/1012/4034 1007/1013/4035 559/1016/4036
f 532/979/4037 997/1010/4038 1001/1011/4039 536/980/4040
f 555/981/4041 1006/957/4042 1000/966/4043 549/982/4044
f 544/983/4045 995/977/4046 999/978/4047 548/984/4048
f 556/985/4049 993/976/4050 998/960/4051 547/986/4052
f 548/988/4053 999/974/4054 1002/975/4055 551/989/4056
f 545/991/4057 996/972/4058 993/973/4059 556/992/4060
f 546/1579/4061 997/1580/4062 996/1581/4063 545/1582/4064
f 543/995/4065 994/968/4066 995/969/4067 544/996/4068
f 549/982/4069 1000/966/4070 994/967/4071 543/997/4072
f 552/1583/4073 1003/1584/4074 1001/1585/4075 550/1586/4076
f 547/986/4077 998/960/4078 1004/961/4079 553/1004/4080
f 551/1006/4081 1002/958/4082 1005/959/4083 554/1007/4084
f 898/1009/4085 1040/956/4086 1006/957/4087 555/981/4088
