# Blender 4.3.2
# www.blender.org
mtllib fencing.mtl
o Cube.340
v -0.015648 -0.293209 0.938795
v -0.043209 -0.293209 0.908163
v -0.015648 -0.294360 0.908163
v -0.015648 -0.219187 0.908163
v -0.043209 -0.220338 0.908163
v -0.015648 -0.220338 0.938795
v -0.043209 -0.293209 -1.030574
v -0.015648 -0.293209 -1.061205
v -0.015648 -0.294360 -1.030574
v -0.015648 -0.219187 -1.030574
v -0.015648 -0.220338 -1.061205
v -0.043209 -0.220338 -1.030574
v -0.015648 -0.294360 -0.996599
v -0.015648 -0.294360 -0.935336
v -0.043209 -0.293209 -0.935336
v -0.043209 -0.293209 -0.996599
v -0.015648 -0.294360 -0.901361
v -0.015648 -0.294360 -0.840098
v -0.043209 -0.293209 -0.840098
v -0.043209 -0.293209 -0.901361
v -0.015648 -0.294360 -0.806122
v -0.015648 -0.294360 -0.744860
v -0.043209 -0.293209 -0.744860
v -0.043209 -0.293209 -0.806122
v -0.015648 -0.294360 -0.710884
v -0.015648 -0.294360 -0.649622
v -0.043209 -0.293209 -0.649622
v -0.043209 -0.293209 -0.710884
v -0.015648 -0.294360 -0.615646
v -0.015648 -0.294360 -0.554384
v -0.043209 -0.293209 -0.554384
v -0.043209 -0.293209 -0.615646
v -0.015648 -0.294360 -0.520408
v -0.015648 -0.294360 -0.459145
v -0.043209 -0.293209 -0.459145
v -0.043209 -0.293209 -0.520408
v -0.015648 -0.294360 -0.425170
v -0.015648 -0.294360 -0.363907
v -0.043209 -0.293209 -0.363907
v -0.043209 -0.293209 -0.425170
v -0.015648 -0.294360 -0.329932
v -0.015648 -0.294360 -0.268669
v -0.043209 -0.293209 -0.268669
v -0.043209 -0.293209 -0.329932
v -0.015648 -0.294360 -0.234694
v -0.015648 -0.294360 -0.173431
v -0.043209 -0.293209 -0.173431
v -0.043209 -0.293209 -0.234694
v -0.015648 -0.294360 -0.139456
v -0.015648 -0.294360 -0.078193
v -0.043209 -0.293209 -0.078193
v -0.043209 -0.293209 -0.139456
v -0.015648 -0.294360 -0.044218
v -0.015648 -0.294360 0.017045
v -0.043209 -0.293209 0.017045
v -0.043209 -0.293209 -0.044218
v -0.015648 -0.294360 0.051020
v -0.015648 -0.294360 0.112283
v -0.043209 -0.293209 0.112283
v -0.043209 -0.293209 0.051020
v -0.015648 -0.294360 0.146258
v -0.015648 -0.294360 0.207521
v -0.043209 -0.293209 0.207521
v -0.043209 -0.293209 0.146258
v -0.015648 -0.294360 0.241497
v -0.015648 -0.294360 0.302759
v -0.043209 -0.293209 0.302759
v -0.043209 -0.293209 0.241497
v -0.015648 -0.294360 0.336735
v -0.015648 -0.294360 0.397997
v -0.043209 -0.293209 0.397997
v -0.043209 -0.293209 0.336735
v -0.015648 -0.294360 0.431973
v -0.015648 -0.294360 0.493235
v -0.043209 -0.293209 0.493235
v -0.043209 -0.293209 0.431973
v -0.015648 -0.294360 0.527211
v -0.015648 -0.294360 0.588474
v -0.043209 -0.293209 0.588474
v -0.043209 -0.293209 0.527211
v -0.015648 -0.294360 0.622449
v -0.015648 -0.294360 0.683712
v -0.043209 -0.293209 0.683712
v -0.043209 -0.293209 0.622449
v -0.015648 -0.294360 0.717687
v -0.015648 -0.294360 0.778950
v -0.043209 -0.293209 0.778950
v -0.043209 -0.293209 0.717687
v -0.015648 -0.294360 0.874188
v -0.043209 -0.293209 0.874188
v -0.043209 -0.293209 0.812925
v -0.015648 -0.294360 0.812925
v -0.015648 -0.219187 0.874188
v -0.015648 -0.219187 0.812925
v -0.043209 -0.220338 0.812925
v -0.043209 -0.220338 0.874188
v -0.015648 -0.219187 0.778950
v -0.015648 -0.219187 0.717687
v -0.043209 -0.220338 0.717687
v -0.043209 -0.220338 0.778950
v -0.015648 -0.219187 0.683712
v -0.015648 -0.218036 0.653080
v -0.043209 -0.218036 0.622449
v -0.043209 -0.220338 0.622449
v -0.043209 -0.220338 0.683712
v -0.043209 -0.218036 0.588474
v -0.015648 -0.218036 0.557842
v -0.015648 -0.219187 0.527211
v -0.043209 -0.220338 0.527211
v -0.043209 -0.220338 0.588474
v -0.015648 -0.219187 0.493236
v -0.015648 -0.219187 0.431973
v -0.043209 -0.220338 0.431973
v -0.043209 -0.220338 0.493236
v -0.015648 -0.219187 0.397997
v -0.015648 -0.219187 0.336735
v -0.043209 -0.220338 0.336735
v -0.043209 -0.220338 0.397997
v -0.015648 -0.219187 0.302759
v -0.015648 -0.218036 0.272128
v -0.043209 -0.218036 0.241497
v -0.043209 -0.220338 0.241497
v -0.043209 -0.220338 0.302759
v -0.043209 -0.218036 0.207521
v -0.015648 -0.218036 0.176890
v -0.015648 -0.219187 0.146259
v -0.043209 -0.220338 0.146259
v -0.043209 -0.220338 0.207521
v -0.015648 -0.219187 0.112283
v -0.015648 -0.219187 0.051020
v -0.043209 -0.220338 0.051020
v -0.043209 -0.220338 0.112283
v -0.015648 -0.219187 0.017045
v -0.015648 -0.219187 -0.044218
v -0.043209 -0.220338 -0.044218
v -0.043209 -0.220338 0.017045
v -0.015648 -0.219187 -0.078193
v -0.015648 -0.218036 -0.108824
v -0.043209 -0.218036 -0.139456
v -0.043209 -0.220338 -0.139456
v -0.043209 -0.220338 -0.078193
v -0.043209 -0.218036 -0.173431
v -0.015648 -0.218036 -0.204062
v -0.015648 -0.219187 -0.234694
v -0.043209 -0.220338 -0.234694
v -0.043209 -0.220338 -0.173431
v -0.015648 -0.219187 -0.268669
v -0.015648 -0.219187 -0.329932
v -0.043209 -0.220338 -0.329932
v -0.043209 -0.220338 -0.268669
v -0.015648 -0.219187 -0.363907
v -0.015648 -0.219187 -0.425170
v -0.043209 -0.220338 -0.425170
v -0.043209 -0.220338 -0.363907
v -0.015648 -0.219187 -0.459145
v -0.015648 -0.218036 -0.489777
v -0.043209 -0.218036 -0.520408
v -0.043209 -0.220338 -0.520408
v -0.043209 -0.220338 -0.459145
v -0.043209 -0.218036 -0.554384
v -0.015648 -0.218036 -0.585015
v -0.015648 -0.219187 -0.615646
v -0.043209 -0.220338 -0.615646
v -0.043209 -0.220338 -0.554384
v -0.015648 -0.219187 -0.649622
v -0.015648 -0.219187 -0.710884
v -0.043209 -0.220338 -0.710884
v -0.043209 -0.220338 -0.649622
v -0.015648 -0.219187 -0.744860
v -0.015648 -0.219187 -0.806122
v -0.043209 -0.220338 -0.806122
v -0.043209 -0.220338 -0.744860
v -0.015648 -0.219187 -0.840098
v -0.015648 -0.218036 -0.870729
v -0.043209 -0.218036 -0.901361
v -0.043209 -0.220338 -0.901361
v -0.043209 -0.220338 -0.840098
v -0.015648 -0.219187 -0.996599
v -0.043209 -0.220338 -0.996599
v -0.043209 -0.220338 -0.935336
v -0.043209 -0.218036 -0.935336
v -0.015648 -0.218036 -0.965967
v 0.004407 -0.293209 0.938795
v 0.004407 -0.294360 0.908163
v 0.059530 -0.294360 0.908163
v 0.059530 -0.293209 0.938795
v 0.004407 -0.220338 0.938795
v 0.059530 -0.220338 0.938795
v 0.059530 -0.219187 0.908163
v 0.004407 -0.219187 0.908163
v 0.004407 -0.293209 -1.061205
v 0.059530 -0.293209 -1.061205
v 0.059530 -0.294360 -1.030574
v 0.004407 -0.294360 -1.030574
v 0.004407 -0.220338 -1.061205
v 0.004407 -0.219187 -1.030574
v 0.059530 -0.219187 -1.030574
v 0.059530 -0.220338 -1.061205
v 0.004407 -0.218036 -0.965967
v 0.035511 -0.218036 -0.935336
v 0.031968 -0.220338 -0.935336
v 0.059530 -0.220338 -0.965967
v 0.059530 -0.219187 -0.996599
v 0.004407 -0.219187 -0.996599
v 0.004407 -0.218036 -0.870729
v 0.004407 -0.219187 -0.840098
v 0.059530 -0.219187 -0.840098
v 0.059530 -0.220338 -0.870729
v 0.031968 -0.220338 -0.901361
v 0.035511 -0.218036 -0.901361
v 0.004407 -0.219187 -0.806122
v 0.004407 -0.219187 -0.744860
v 0.031968 -0.220338 -0.744860
v 0.059530 -0.220338 -0.775491
v 0.059530 -0.219187 -0.806122
v 0.004407 -0.219187 -0.710884
v 0.004407 -0.219187 -0.649622
v 0.059530 -0.219187 -0.649622
v 0.059530 -0.220338 -0.680253
v 0.031968 -0.220338 -0.710884
v 0.004407 -0.218036 -0.585015
v 0.035511 -0.218036 -0.554384
v 0.031968 -0.220338 -0.554384
v 0.059530 -0.220338 -0.585015
v 0.059530 -0.219187 -0.615646
v 0.004407 -0.219187 -0.615646
v 0.004407 -0.218036 -0.489777
v 0.004407 -0.219187 -0.459145
v 0.059530 -0.219187 -0.459145
v 0.059530 -0.220338 -0.489777
v 0.031968 -0.220338 -0.520408
v 0.035511 -0.218036 -0.520408
v 0.004407 -0.219187 -0.425170
v 0.004407 -0.219187 -0.363907
v 0.031968 -0.220338 -0.363907
v 0.059530 -0.220338 -0.394539
v 0.059530 -0.219187 -0.425170
v 0.004407 -0.219187 -0.329932
v 0.004407 -0.219187 -0.268669
v 0.059530 -0.219187 -0.268669
v 0.059530 -0.220338 -0.299301
v 0.031968 -0.220338 -0.329932
v 0.004407 -0.218036 -0.204063
v 0.035511 -0.218036 -0.173431
v 0.031968 -0.220338 -0.173431
v 0.059530 -0.220338 -0.204063
v 0.059530 -0.219187 -0.234694
v 0.004407 -0.219187 -0.234694
v 0.004407 -0.218036 -0.108824
v 0.004407 -0.219187 -0.078193
v 0.059530 -0.219187 -0.078193
v 0.059530 -0.220338 -0.108824
v 0.031968 -0.220338 -0.139456
v 0.035511 -0.218036 -0.139456
v 0.004407 -0.219187 -0.044218
v 0.004407 -0.219187 0.017045
v 0.031968 -0.220338 0.017045
v 0.059530 -0.220338 -0.013586
v 0.059530 -0.219187 -0.044218
v 0.004407 -0.219187 0.051020
v 0.004407 -0.219187 0.112283
v 0.059530 -0.219187 0.112283
v 0.059530 -0.220338 0.081652
v 0.031968 -0.220338 0.051020
v 0.004407 -0.218036 0.176890
v 0.035511 -0.218036 0.207521
v 0.031968 -0.220338 0.207521
v 0.059530 -0.220338 0.176890
v 0.059530 -0.219187 0.146259
v 0.004407 -0.219187 0.146259
v 0.004407 -0.218036 0.272128
v 0.004407 -0.219187 0.302759
v 0.059530 -0.219187 0.302759
v 0.059530 -0.220338 0.272128
v 0.031968 -0.220338 0.241497
v 0.035511 -0.218036 0.241497
v 0.004407 -0.219187 0.336735
v 0.004407 -0.219187 0.397997
v 0.031968 -0.220338 0.397997
v 0.059530 -0.220338 0.367366
v 0.059530 -0.219187 0.336735
v 0.004407 -0.219187 0.431973
v 0.004407 -0.219187 0.493236
v 0.059530 -0.219187 0.493236
v 0.059530 -0.220338 0.462604
v 0.031968 -0.220338 0.431973
v 0.004407 -0.218036 0.557842
v 0.034686 -0.218036 0.588474
v 0.031968 -0.220338 0.588474
v 0.059530 -0.220338 0.557842
v 0.059530 -0.219187 0.527211
v 0.004407 -0.219187 0.527211
v 0.004407 -0.218036 0.653080
v 0.004407 -0.219187 0.683712
v 0.059530 -0.219187 0.683712
v 0.059530 -0.220338 0.653080
v 0.031968 -0.220338 0.622449
v 0.034686 -0.218036 0.622449
v 0.004407 -0.219187 0.717687
v 0.004407 -0.219187 0.778950
v 0.031968 -0.220338 0.778950
v 0.059530 -0.220338 0.748318
v 0.059530 -0.219187 0.717687
v 0.004407 -0.219187 0.874188
v 0.059530 -0.219187 0.874188
v 0.059530 -0.220338 0.843557
v 0.031968 -0.220338 0.812925
v 0.004407 -0.219187 0.812925
v 0.004407 -0.294360 0.874188
v 0.059530 -0.294360 0.812925
v 0.004407 -0.294360 0.717687
v 0.059530 -0.294360 0.778950
v 0.004407 -0.294360 0.683712
v 0.059530 -0.294360 0.622449
v 0.004407 -0.294360 0.527211
v 0.059530 -0.294360 0.588474
v 0.004407 -0.294360 0.493235
v 0.059530 -0.294360 0.431973
v 0.004407 -0.294360 0.336735
v 0.059530 -0.294360 0.397997
v 0.004407 -0.294360 0.302759
v 0.059530 -0.294360 0.241497
v 0.004407 -0.294360 0.146259
v 0.059530 -0.294360 0.207521
v 0.004407 -0.294360 0.112283
v 0.059530 -0.294360 0.051020
v 0.004407 -0.294360 -0.044218
v 0.059530 -0.294360 0.017045
v 0.004407 -0.294360 -0.078193
v 0.059530 -0.294360 -0.139456
v 0.004407 -0.294360 -0.234694
v 0.059530 -0.294360 -0.173431
v 0.004407 -0.294360 -0.268669
v 0.059530 -0.294360 -0.329932
v 0.004407 -0.294360 -0.425170
v 0.059530 -0.294360 -0.363907
v 0.004407 -0.294360 -0.459145
v 0.059530 -0.294360 -0.520408
v 0.004407 -0.294360 -0.615646
v 0.059530 -0.294360 -0.554384
v 0.004407 -0.294360 -0.649622
v 0.059530 -0.294360 -0.710884
v 0.004407 -0.294360 -0.806122
v 0.059530 -0.294360 -0.744860
v 0.004407 -0.294360 -0.840098
v 0.059530 -0.294360 -0.901361
v 0.004407 -0.294360 -0.996599
v 0.059530 -0.294360 -0.935336
v 0.059530 -0.291889 0.748318
v 0.031968 -0.291889 0.778950
v 0.059530 -0.291889 0.557842
v 0.031968 -0.291889 0.588474
v 0.059530 -0.291889 0.367366
v 0.031968 -0.291889 0.397997
v 0.059530 -0.291889 0.176890
v 0.031968 -0.291889 0.207521
v 0.059530 -0.291889 -0.013586
v 0.031968 -0.291889 0.017045
v 0.059530 -0.291889 -0.204063
v 0.031968 -0.291889 -0.173431
v 0.031968 -0.291889 -0.329932
v 0.059530 -0.291889 -0.299301
v 0.059530 -0.291889 -0.394539
v 0.031968 -0.291889 -0.363907
v 0.031968 -0.291889 -0.520408
v 0.059530 -0.291889 -0.489777
v 0.059530 -0.291889 -0.585015
v 0.031968 -0.291889 -0.554384
v 0.031968 -0.291889 -0.710884
v 0.059530 -0.291889 -0.680253
v 0.031968 -0.291889 -0.901361
v 0.059530 -0.291889 -0.870729
v -0.043209 0.703712 0.622449
v -0.043209 0.703712 0.683712
v -0.015648 0.704863 0.683712
v -0.015648 0.704863 0.622449
v -0.043209 0.703712 0.588474
v -0.015648 0.704863 0.588474
v -0.015648 0.704863 0.527211
v -0.043209 0.703712 0.527211
v -0.043209 0.703712 0.241497
v -0.015648 0.703712 0.272128
v -0.015648 0.704863 0.241497
v -0.043209 0.703712 0.207521
v -0.015648 0.704863 0.207521
v -0.015648 0.703712 0.176890
v -0.043209 0.703712 -0.139456
v -0.015648 0.703712 -0.108824
v -0.015648 0.704863 -0.139456
v -0.043209 0.703712 -0.173431
v -0.015648 0.704863 -0.173431
v -0.015648 0.703712 -0.204062
v -0.043209 0.703712 -0.520408
v -0.015648 0.703712 -0.489777
v -0.015648 0.704863 -0.520408
v -0.043209 0.703712 -0.554384
v -0.015648 0.704863 -0.554384
v -0.015648 0.703712 -0.585015
v -0.043209 0.703712 -0.901361
v -0.015648 0.703712 -0.870729
v -0.015648 0.704863 -0.901361
v -0.043209 0.703712 -0.935336
v -0.015648 0.704863 -0.935336
v -0.015648 0.703712 -0.965967
v 0.004407 0.703712 -0.965967
v 0.004407 0.704863 -0.935336
v 0.035511 0.703712 -0.935336
v 0.004407 0.703712 -0.870729
v 0.035511 0.703712 -0.901361
v 0.004407 0.704863 -0.901361
v 0.004407 0.703712 -0.585015
v 0.004407 0.704863 -0.554384
v 0.035511 0.703712 -0.554384
v 0.004407 0.703712 -0.489777
v 0.035511 0.703712 -0.520408
v 0.004407 0.704863 -0.520408
v 0.004407 0.703712 -0.204063
v 0.004407 0.704863 -0.173431
v 0.035511 0.703712 -0.173431
v 0.004407 0.703712 -0.108824
v 0.035511 0.703712 -0.139456
v 0.004407 0.704863 -0.139456
v 0.004407 0.703712 0.176890
v 0.004407 0.704863 0.207521
v 0.035511 0.703712 0.207521
v 0.004407 0.703712 0.272128
v 0.035511 0.703712 0.241497
v 0.004407 0.704863 0.241497
v 0.004407 0.704863 0.527211
v 0.004407 0.704863 0.588474
v 0.031968 0.703712 0.588474
v 0.031968 0.703712 0.527211
v 0.004407 0.704863 0.683712
v 0.031968 0.703712 0.683712
v 0.031968 0.703712 0.622449
v 0.004407 0.704863 0.622449
v 0.031968 0.632163 0.527211
v 0.031968 0.632163 0.588474
v 0.034686 0.629860 0.588474
v 0.004407 0.629860 0.557842
v 0.004407 0.631011 0.527211
v 0.031968 0.632163 0.683712
v 0.004407 0.631011 0.683712
v 0.004407 0.629860 0.653080
v 0.034686 0.629860 0.622449
v 0.031968 0.632163 0.622449
v -0.043209 0.632163 0.527211
v -0.015648 0.631011 0.527211
v -0.015648 0.629860 0.557842
v -0.043209 0.629860 0.588474
v -0.043209 0.632163 0.588474
v -0.043209 0.632163 0.683712
v -0.043209 0.632163 0.622449
v -0.043209 0.629860 0.622449
v -0.015648 0.629860 0.653080
v -0.015648 0.631011 0.683712
v -0.015648 0.704863 0.907062
v -0.043209 0.703712 0.907062
v -0.015648 0.703712 0.937693
v 0.004407 0.704863 0.907062
v 0.004407 0.703712 0.937693
v 0.031968 0.703712 0.907062
v 0.031968 0.632163 0.907062
v 0.004407 0.632163 0.937693
v 0.004407 0.631011 0.907062
v -0.043209 0.632163 0.907062
v -0.015648 0.631011 0.907062
v -0.015648 0.632163 0.937693
v -0.015648 0.704863 -1.027063
v -0.015648 0.703712 -1.057695
v -0.043209 0.703712 -1.027063
v 0.004407 0.704863 -1.027063
v 0.031968 0.703712 -1.027063
v 0.004407 0.703712 -1.057695
v 0.031968 0.632163 -1.027063
v 0.004407 0.631011 -1.027063
v 0.004407 0.632163 -1.057695
v -0.043209 0.632163 -1.027063
v -0.015648 0.632163 -1.057695
v -0.015648 0.631011 -1.027063
v 0.004407 0.350089 0.653080
v 0.004407 0.348938 0.683712
v 0.031968 0.347786 0.683712
v 0.035466 0.347786 0.622449
v 0.034686 0.350089 0.622449
v 0.004407 0.263649 0.653080
v 0.034686 0.263649 0.622449
v 0.035466 0.265952 0.622449
v 0.031968 0.265952 0.683712
v 0.004407 0.264800 0.683712
v -0.043209 0.350089 0.622449
v -0.043209 0.347786 0.622449
v -0.043209 0.347786 0.683712
v -0.015648 0.348938 0.683712
v -0.015648 0.350089 0.653080
v -0.043209 0.263649 0.622449
v -0.015648 0.263649 0.653080
v -0.015648 0.264800 0.683712
v -0.043209 0.265952 0.683712
v -0.043209 0.265952 0.622449
v 0.034686 0.263649 0.588474
v 0.004407 0.263649 0.557842
v 0.004407 0.264800 0.527211
v 0.031968 0.265952 0.527211
v 0.035466 0.265952 0.588474
v 0.034686 0.350089 0.588474
v 0.035466 0.347786 0.588474
v 0.031968 0.347786 0.527211
v 0.004407 0.348938 0.527211
v 0.004407 0.350089 0.557842
v -0.043209 0.263649 0.588474
v -0.043209 0.265952 0.588474
v -0.043209 0.265952 0.527211
v -0.015648 0.264800 0.527211
v -0.015648 0.263649 0.557842
v -0.043209 0.350089 0.588474
v -0.015648 0.350089 0.557842
v -0.015648 0.348938 0.527211
v -0.043209 0.347786 0.527211
v -0.043209 0.347786 0.588474
v 0.031969 0.347786 0.905015
v 0.004407 0.348938 0.905015
v 0.004407 0.347786 0.935646
v 0.031969 0.265952 0.905015
v 0.004407 0.265952 0.935646
v 0.004407 0.264800 0.905015
v -0.043209 0.347786 0.905015
v -0.015648 0.347786 0.935646
v -0.015648 0.348938 0.905015
v -0.043209 0.265952 0.905015
v -0.015648 0.264800 0.905015
v -0.015648 0.265952 0.935646
v 0.031968 0.265952 -1.027309
v 0.004407 0.264800 -1.027309
v 0.004407 0.265952 -1.057940
v 0.031968 0.347786 -1.027309
v 0.004407 0.347786 -1.057940
v 0.004407 0.348938 -1.027309
v -0.043210 0.265952 -1.027309
v -0.015649 0.265952 -1.057940
v -0.015649 0.264800 -1.027309
v -0.043210 0.347786 -1.027309
v -0.015649 0.348938 -1.027309
v -0.015649 0.347786 -1.057940
v -0.015648 -0.293209 -1.061205
v -0.043209 -0.293209 -1.091837
v -0.015648 -0.294360 -1.091837
v -0.015648 -0.219187 -1.091837
v -0.043209 -0.220338 -1.091837
v -0.015648 -0.220338 -1.061205
v -0.043209 -0.293209 -3.030574
v -0.015648 -0.293209 -3.061205
v -0.015648 -0.294360 -3.030574
v -0.015648 -0.219187 -3.030574
v -0.015648 -0.220338 -3.061205
v -0.043209 -0.220338 -3.030574
v -0.015648 -0.294360 -2.996599
v -0.015648 -0.294360 -2.935336
v -0.043209 -0.293209 -2.935336
v -0.043209 -0.293209 -2.996599
v -0.015648 -0.294360 -2.901361
v -0.015648 -0.294360 -2.840098
v -0.043209 -0.293209 -2.840098
v -0.043209 -0.293209 -2.901361
v -0.015648 -0.294360 -2.806123
v -0.015648 -0.294360 -2.744860
v -0.043209 -0.293209 -2.744860
v -0.043209 -0.293209 -2.806123
v -0.015648 -0.294360 -2.710884
v -0.015648 -0.294360 -2.649622
v -0.043209 -0.293209 -2.649622
v -0.043209 -0.293209 -2.710884
v -0.015648 -0.294360 -2.615646
v -0.015648 -0.294360 -2.554384
v -0.043209 -0.293209 -2.554384
v -0.043209 -0.293209 -2.615646
v -0.015648 -0.294360 -2.520408
v -0.015648 -0.294360 -2.459146
v -0.043209 -0.293209 -2.459146
v -0.043209 -0.293209 -2.520408
v -0.015648 -0.294360 -2.425170
v -0.015648 -0.294360 -2.363907
v -0.043209 -0.293209 -2.363907
v -0.043209 -0.293209 -2.425170
v -0.015648 -0.294360 -2.329932
v -0.015648 -0.294360 -2.268669
v -0.043209 -0.293209 -2.268669
v -0.043209 -0.293209 -2.329932
v -0.015648 -0.294360 -2.234694
v -0.015648 -0.294360 -2.173431
v -0.043209 -0.293209 -2.173431
v -0.043209 -0.293209 -2.234694
v -0.015648 -0.294360 -2.139456
v -0.015648 -0.294360 -2.078193
v -0.043209 -0.293209 -2.078193
v -0.043209 -0.293209 -2.139456
v -0.015648 -0.294360 -2.044218
v -0.015648 -0.294360 -1.982955
v -0.043209 -0.293209 -1.982955
v -0.043209 -0.293209 -2.044218
v -0.015648 -0.294360 -1.948980
v -0.015648 -0.294360 -1.887717
v -0.043209 -0.293209 -1.887717
v -0.043209 -0.293209 -1.948980
v -0.015648 -0.294360 -1.853742
v -0.015648 -0.294360 -1.792479
v -0.043209 -0.293209 -1.792479
v -0.043209 -0.293209 -1.853742
v -0.015648 -0.294360 -1.758503
v -0.015648 -0.294360 -1.697241
v -0.043209 -0.293209 -1.697241
v -0.043209 -0.293209 -1.758503
v -0.015648 -0.294360 -1.663265
v -0.015648 -0.294360 -1.602003
v -0.043209 -0.293209 -1.602003
v -0.043209 -0.293209 -1.663265
v -0.015648 -0.294360 -1.568027
v -0.015648 -0.294360 -1.506765
v -0.043209 -0.293209 -1.506765
v -0.043209 -0.293209 -1.568027
v -0.015648 -0.294360 -1.472789
v -0.015648 -0.294360 -1.411526
v -0.043209 -0.293209 -1.411526
v -0.043209 -0.293209 -1.472789
v -0.015648 -0.294360 -1.377551
v -0.015648 -0.294360 -1.316288
v -0.043209 -0.293209 -1.316288
v -0.043209 -0.293209 -1.377551
v -0.015648 -0.294360 -1.282313
v -0.015648 -0.294360 -1.221050
v -0.043209 -0.293209 -1.221050
v -0.043209 -0.293209 -1.282313
v -0.015648 -0.294360 -1.125812
v -0.043209 -0.293209 -1.125812
v -0.043209 -0.293209 -1.187075
v -0.015648 -0.294360 -1.187075
v -0.015648 -0.219187 -1.125812
v -0.015648 -0.219187 -1.187075
v -0.043209 -0.220338 -1.187075
v -0.043209 -0.220338 -1.125812
v -0.015648 -0.219187 -1.221050
v -0.015648 -0.219187 -1.282313
v -0.043209 -0.220338 -1.282313
v -0.043209 -0.220338 -1.221050
v -0.015648 -0.219187 -1.316288
v -0.015648 -0.218036 -1.346920
v -0.043209 -0.218036 -1.377551
v -0.043209 -0.220338 -1.377551
v -0.043209 -0.220338 -1.316288
v -0.043209 -0.218036 -1.411526
v -0.015648 -0.218036 -1.442158
v -0.015648 -0.219187 -1.472789
v -0.043209 -0.220338 -1.472789
v -0.043209 -0.220338 -1.411526
v -0.015648 -0.219187 -1.506764
v -0.015648 -0.219187 -1.568027
v -0.043209 -0.220338 -1.568027
v -0.043209 -0.220338 -1.506764
v -0.015648 -0.219187 -1.602003
v -0.015648 -0.219187 -1.663265
v -0.043209 -0.220338 -1.663265
v -0.043209 -0.220338 -1.602003
v -0.015648 -0.219187 -1.697241
v -0.015648 -0.218036 -1.727872
v -0.043209 -0.218036 -1.758503
v -0.043209 -0.220338 -1.758503
v -0.043209 -0.220338 -1.697241
v -0.043209 -0.218036 -1.792479
v -0.015648 -0.218036 -1.823110
v -0.015648 -0.219187 -1.853741
v -0.043209 -0.220338 -1.853741
v -0.043209 -0.220338 -1.792479
v -0.015648 -0.219187 -1.887717
v -0.015648 -0.219187 -1.948980
v -0.043209 -0.220338 -1.948980
v -0.043209 -0.220338 -1.887717
v -0.015648 -0.219187 -1.982955
v -0.015648 -0.219187 -2.044218
v -0.043209 -0.220338 -2.044218
v -0.043209 -0.220338 -1.982955
v -0.015648 -0.219187 -2.078193
v -0.015648 -0.218036 -2.108824
v -0.043209 -0.218036 -2.139456
v -0.043209 -0.220338 -2.139456
v -0.043209 -0.220338 -2.078193
v -0.043209 -0.218036 -2.173431
v -0.015648 -0.218036 -2.204062
v -0.015648 -0.219187 -2.234694
v -0.043209 -0.220338 -2.234694
v -0.043209 -0.220338 -2.173431
v -0.015648 -0.219187 -2.268669
v -0.015648 -0.219187 -2.329932
v -0.043209 -0.220338 -2.329932
v -0.043209 -0.220338 -2.268669
v -0.015648 -0.219187 -2.363907
v -0.015648 -0.219187 -2.425170
v -0.043209 -0.220338 -2.425170
v -0.043209 -0.220338 -2.363907
v -0.015648 -0.219187 -2.459145
v -0.015648 -0.218036 -2.489777
v -0.043209 -0.218036 -2.520408
v -0.043209 -0.220338 -2.520408
v -0.043209 -0.220338 -2.459145
v -0.043209 -0.218036 -2.554384
v -0.015648 -0.218036 -2.585015
v -0.015648 -0.219187 -2.615646
v -0.043209 -0.220338 -2.615646
v -0.043209 -0.220338 -2.554384
v -0.015648 -0.219187 -2.649621
v -0.015648 -0.219187 -2.710884
v -0.043209 -0.220338 -2.710884
v -0.043209 -0.220338 -2.649621
v -0.015648 -0.219187 -2.744860
v -0.015648 -0.219187 -2.806122
v -0.043209 -0.220338 -2.806122
v -0.043209 -0.220338 -2.744860
v -0.015648 -0.219187 -2.840098
v -0.015648 -0.218036 -2.870729
v -0.043209 -0.218036 -2.901361
v -0.043209 -0.220338 -2.901361
v -0.043209 -0.220338 -2.840098
v -0.015648 -0.219187 -2.996599
v -0.043209 -0.220338 -2.996599
v -0.043209 -0.220338 -2.935336
v -0.043209 -0.218036 -2.935336
v -0.015648 -0.218036 -2.965967
v 0.004407 -0.293209 -1.061205
v 0.004407 -0.294360 -1.091837
v 0.059530 -0.294360 -1.091837
v 0.059530 -0.293209 -1.061205
v 0.004407 -0.220338 -1.061205
v 0.059530 -0.220338 -1.061205
v 0.059530 -0.219187 -1.091837
v 0.004407 -0.219187 -1.091837
v 0.004407 -0.293209 -3.061205
v 0.059529 -0.293209 -3.061205
v 0.059529 -0.294360 -3.030574
v 0.004407 -0.294360 -3.030574
v 0.004407 -0.220338 -3.061205
v 0.004407 -0.219187 -3.030574
v 0.059529 -0.219187 -3.030574
v 0.059529 -0.220338 -3.061205
v 0.004407 -0.218036 -2.965967
v 0.035511 -0.218036 -2.935336
v 0.031968 -0.220338 -2.935336
v 0.059529 -0.220338 -2.965967
v 0.059529 -0.219187 -2.996599
v 0.004407 -0.219187 -2.996599
v 0.004407 -0.218036 -2.870729
v 0.004407 -0.219187 -2.840098
v 0.059529 -0.219187 -2.840098
v 0.059529 -0.220338 -2.870729
v 0.031968 -0.220338 -2.901361
v 0.035511 -0.218036 -2.901361
v 0.004407 -0.219187 -2.806122
v 0.004407 -0.219187 -2.744860
v 0.031968 -0.220338 -2.744860
v 0.059529 -0.220338 -2.775491
v 0.059529 -0.219187 -2.806122
v 0.004407 -0.219187 -2.710884
v 0.004407 -0.219187 -2.649621
v 0.059529 -0.219187 -2.649621
v 0.059529 -0.220338 -2.680253
v 0.031968 -0.220338 -2.710884
v 0.004407 -0.218036 -2.585015
v 0.035511 -0.218036 -2.554384
v 0.031968 -0.220338 -2.554384
v 0.059529 -0.220338 -2.585015
v 0.059529 -0.219187 -2.615646
v 0.004407 -0.219187 -2.615646
v 0.004407 -0.218036 -2.489777
v 0.004407 -0.219187 -2.459146
v 0.059529 -0.219187 -2.459146
v 0.059529 -0.220338 -2.489777
v 0.031968 -0.220338 -2.520408
v 0.035511 -0.218036 -2.520408
v 0.004407 -0.219187 -2.425170
v 0.004407 -0.219187 -2.363907
v 0.031968 -0.220338 -2.363907
v 0.059529 -0.220338 -2.394539
v 0.059529 -0.219187 -2.425170
v 0.004407 -0.219187 -2.329932
v 0.004407 -0.219187 -2.268669
v 0.059529 -0.219187 -2.268669
v 0.059529 -0.220338 -2.299301
v 0.031968 -0.220338 -2.329932
v 0.004407 -0.218036 -2.204062
v 0.035511 -0.218036 -2.173431
v 0.031968 -0.220338 -2.173431
v 0.059529 -0.220338 -2.204062
v 0.059529 -0.219187 -2.234694
v 0.004407 -0.219187 -2.234694
v 0.004407 -0.218036 -2.108824
v 0.004407 -0.219187 -2.078193
v 0.059529 -0.219187 -2.078193
v 0.059529 -0.220338 -2.108824
v 0.031968 -0.220338 -2.139456
v 0.035511 -0.218036 -2.139456
v 0.004407 -0.219187 -2.044218
v 0.004407 -0.219187 -1.982955
v 0.031968 -0.220338 -1.982955
v 0.059529 -0.220338 -2.013586
v 0.059529 -0.219187 -2.044218
v 0.004407 -0.219187 -1.948980
v 0.004407 -0.219187 -1.887717
v 0.059529 -0.219187 -1.887717
v 0.059529 -0.220338 -1.918348
v 0.031968 -0.220338 -1.948980
v 0.004407 -0.218036 -1.823110
v 0.035511 -0.218036 -1.792479
v 0.031968 -0.220338 -1.792479
v 0.059529 -0.220338 -1.823110
v 0.059529 -0.219187 -1.853742
v 0.004407 -0.219187 -1.853742
v 0.004407 -0.218036 -1.727872
v 0.004407 -0.219187 -1.697241
v 0.059529 -0.219187 -1.697241
v 0.059529 -0.220338 -1.727872
v 0.031968 -0.220338 -1.758503
v 0.035511 -0.218036 -1.758503
v 0.004407 -0.219187 -1.663265
v 0.004407 -0.219187 -1.602003
v 0.031968 -0.220338 -1.602003
v 0.059530 -0.220338 -1.632634
v 0.059529 -0.219187 -1.663265
v 0.004407 -0.219187 -1.568027
v 0.004407 -0.219187 -1.506764
v 0.059530 -0.219187 -1.506764
v 0.059530 -0.220338 -1.537396
v 0.031968 -0.220338 -1.568027
v 0.004407 -0.218036 -1.442158
v 0.034686 -0.218036 -1.411526
v 0.031968 -0.220338 -1.411526
v 0.059530 -0.220338 -1.442158
v 0.059530 -0.219187 -1.472789
v 0.004407 -0.219187 -1.472789
v 0.004407 -0.218036 -1.346920
v 0.004407 -0.219187 -1.316288
v 0.059530 -0.219187 -1.316288
v 0.059530 -0.220338 -1.346920
v 0.031968 -0.220338 -1.377551
v 0.034686 -0.218036 -1.377551
v 0.004407 -0.219187 -1.282313
v 0.004407 -0.219187 -1.221050
v 0.031968 -0.220338 -1.221050
v 0.059530 -0.220338 -1.251682
v 0.059530 -0.219187 -1.282313
v 0.004407 -0.219187 -1.125812
v 0.059530 -0.219187 -1.125812
v 0.059530 -0.220338 -1.156443
v 0.031968 -0.220338 -1.187075
v 0.004407 -0.219187 -1.187075
v 0.004407 -0.294360 -1.125812
v 0.059530 -0.294360 -1.187075
v 0.004407 -0.294360 -1.282313
v 0.059530 -0.294360 -1.221050
v 0.004407 -0.294360 -1.316288
v 0.059530 -0.294360 -1.377551
v 0.004407 -0.294360 -1.472789
v 0.059530 -0.294360 -1.411526
v 0.004407 -0.294360 -1.506765
v 0.059530 -0.294360 -1.568027
v 0.004407 -0.294360 -1.663265
v 0.059530 -0.294360 -1.602003
v 0.004407 -0.294360 -1.697241
v 0.059529 -0.294360 -1.758503
v 0.004407 -0.294360 -1.853742
v 0.059529 -0.294360 -1.792479
v 0.004407 -0.294360 -1.887717
v 0.059529 -0.294360 -1.948980
v 0.004407 -0.294360 -2.044218
v 0.059529 -0.294360 -1.982955
v 0.004407 -0.294360 -2.078193
v 0.059529 -0.294360 -2.139456
v 0.004407 -0.294360 -2.234694
v 0.059529 -0.294360 -2.173431
v 0.004407 -0.294360 -2.268669
v 0.059529 -0.294360 -2.329932
v 0.004407 -0.294360 -2.425170
v 0.059529 -0.294360 -2.363907
v 0.004407 -0.294360 -2.459146
v 0.059529 -0.294360 -2.520408
v 0.004407 -0.294360 -2.615646
v 0.059529 -0.294360 -2.554384
v 0.004407 -0.294360 -2.649622
v 0.059529 -0.294360 -2.710884
v 0.004407 -0.294360 -2.806123
v 0.059529 -0.294360 -2.744860
v 0.004407 -0.294360 -2.840098
v 0.059529 -0.294360 -2.901361
v 0.004407 -0.294360 -2.996599
v 0.059529 -0.294360 -2.935336
v 0.059530 -0.291889 -1.251682
v 0.031968 -0.291889 -1.221050
v 0.059530 -0.291889 -1.442158
v 0.031968 -0.291889 -1.411526
v 0.059530 -0.291889 -1.632634
v 0.031968 -0.291889 -1.602003
v 0.059529 -0.291889 -1.823110
v 0.031968 -0.291889 -1.792479
v 0.059529 -0.291889 -2.013586
v 0.031968 -0.291889 -1.982955
v 0.059529 -0.291889 -2.204062
v 0.031968 -0.291889 -2.173431
v 0.031968 -0.291889 -2.329932
v 0.059529 -0.291889 -2.299301
v 0.059529 -0.291889 -2.394539
v 0.031968 -0.291889 -2.363907
v 0.031968 -0.291889 -2.520408
v 0.059529 -0.291889 -2.489777
v 0.059529 -0.291889 -2.585015
v 0.031968 -0.291889 -2.554384
v 0.031968 -0.291889 -2.710884
v 0.059529 -0.291889 -2.680253
v 0.031968 -0.291889 -2.901361
v 0.059529 -0.291889 -2.870729
v -0.043209 0.703712 -1.377551
v -0.043209 0.703712 -1.316288
v -0.015648 0.704863 -1.316288
v -0.015648 0.704863 -1.377551
v -0.043209 0.703712 -1.411526
v -0.015648 0.704863 -1.411526
v -0.015648 0.704863 -1.472789
v -0.043209 0.703712 -1.472789
v -0.043209 0.703712 -1.758503
v -0.015648 0.703712 -1.727872
v -0.015648 0.704863 -1.758503
v -0.043209 0.703712 -1.792479
v -0.015648 0.704863 -1.792479
v -0.015648 0.703712 -1.823110
v -0.043209 0.703712 -2.139456
v -0.015648 0.703712 -2.108824
v -0.015648 0.704863 -2.139456
v -0.043209 0.703712 -2.173431
v -0.015648 0.704863 -2.173431
v -0.015648 0.703712 -2.204062
v -0.043209 0.703712 -2.520408
v -0.015648 0.703712 -2.489777
v -0.015648 0.704863 -2.520408
v -0.043209 0.703712 -2.554384
v -0.015648 0.704863 -2.554384
v -0.015648 0.703712 -2.585015
v -0.043209 0.703712 -2.901361
v -0.015648 0.703712 -2.870729
v -0.015648 0.704863 -2.901361
v -0.043209 0.703712 -2.935336
v -0.015648 0.704863 -2.935336
v -0.015648 0.703712 -2.965967
v 0.004407 0.703712 -2.965967
v 0.004407 0.704863 -2.935336
v 0.035511 0.703712 -2.935336
v 0.004407 0.703712 -2.870729
v 0.035511 0.703712 -2.901361
v 0.004407 0.704863 -2.901361
v 0.004407 0.703712 -2.585015
v 0.004407 0.704863 -2.554384
v 0.035511 0.703712 -2.554384
v 0.004407 0.703712 -2.489777
v 0.035511 0.703712 -2.520408
v 0.004407 0.704863 -2.520408
v 0.004407 0.703712 -2.204062
v 0.004407 0.704863 -2.173431
v 0.035511 0.703712 -2.173431
v 0.004407 0.703712 -2.108824
v 0.035511 0.703712 -2.139456
v 0.004407 0.704863 -2.139456
v 0.004407 0.703712 -1.823110
v 0.004407 0.704863 -1.792479
v 0.035511 0.703712 -1.792479
v 0.004407 0.703712 -1.727872
v 0.035511 0.703712 -1.758503
v 0.004407 0.704863 -1.758503
v 0.004407 0.704863 -1.472789
v 0.004407 0.704863 -1.411526
v 0.031968 0.703712 -1.411526
v 0.031968 0.703712 -1.472789
v 0.004407 0.704863 -1.316288
v 0.031968 0.703712 -1.316288
v 0.031968 0.703712 -1.377551
v 0.004407 0.704863 -1.377551
v 0.031968 0.632163 -1.472789
v 0.031968 0.632163 -1.411526
v 0.034686 0.629860 -1.411526
v 0.004407 0.629860 -1.442158
v 0.004407 0.631011 -1.472789
v 0.031968 0.632163 -1.316288
v 0.004407 0.631011 -1.316288
v 0.004407 0.629860 -1.346920
v 0.034686 0.629860 -1.377551
v 0.031968 0.632163 -1.377551
v -0.043209 0.632163 -1.472789
v -0.015648 0.631011 -1.472789
v -0.015648 0.629860 -1.442158
v -0.043209 0.629860 -1.411526
v -0.043209 0.632163 -1.411526
v -0.043209 0.632163 -1.316288
v -0.043209 0.632163 -1.377551
v -0.043209 0.629860 -1.377551
v -0.015648 0.629860 -1.346920
v -0.015648 0.631011 -1.316288
v -0.015648 0.704863 -1.092938
v -0.043209 0.703712 -1.092938
v -0.015648 0.703712 -1.062307
v 0.004407 0.704863 -1.092938
v 0.004407 0.703712 -1.062307
v 0.031968 0.703712 -1.092938
v 0.031968 0.632163 -1.092938
v 0.004407 0.632163 -1.062307
v 0.004407 0.631011 -1.092938
v -0.043209 0.632163 -1.092938
v -0.015648 0.631011 -1.092938
v -0.015648 0.632163 -1.062307
v -0.015648 0.704863 -3.027063
v -0.015648 0.703712 -3.057695
v -0.043209 0.703712 -3.027063
v 0.004407 0.704863 -3.027063
v 0.031968 0.703712 -3.027063
v 0.004407 0.703712 -3.057695
v 0.031968 0.632163 -3.027063
v 0.004407 0.631011 -3.027063
v 0.004407 0.632163 -3.057695
v -0.043209 0.632163 -3.027063
v -0.015648 0.632163 -3.057695
v -0.015648 0.631011 -3.027063
v 0.004407 0.350089 -1.346920
v 0.004407 0.348938 -1.316288
v 0.031968 0.347786 -1.316288
v 0.035466 0.347786 -1.377551
v 0.034686 0.350089 -1.377551
v 0.004407 0.263649 -1.346920
v 0.034686 0.263649 -1.377551
v 0.035466 0.265952 -1.377551
v 0.031968 0.265952 -1.316288
v 0.004407 0.264800 -1.316288
v -0.043209 0.350089 -1.377551
v -0.043209 0.347786 -1.377551
v -0.043209 0.347786 -1.316288
v -0.015648 0.348938 -1.316288
v -0.015648 0.350089 -1.346920
v -0.043209 0.263649 -1.377551
v -0.015648 0.263649 -1.346920
v -0.015648 0.264800 -1.316288
v -0.043209 0.265952 -1.316288
v -0.043209 0.265952 -1.377551
v 0.034686 0.263649 -1.411526
v 0.004407 0.263649 -1.442158
v 0.004407 0.264800 -1.472789
v 0.031968 0.265952 -1.472789
v 0.035466 0.265952 -1.411526
v 0.034686 0.350089 -1.411526
v 0.035466 0.347786 -1.411526
v 0.031968 0.347786 -1.472789
v 0.004407 0.348938 -1.472789
v 0.004407 0.350089 -1.442158
v -0.043209 0.263649 -1.411526
v -0.043209 0.265952 -1.411526
v -0.043209 0.265952 -1.472789
v -0.015648 0.264800 -1.472789
v -0.015648 0.263649 -1.442158
v -0.043209 0.350089 -1.411526
v -0.015648 0.350089 -1.442158
v -0.015648 0.348938 -1.472789
v -0.043209 0.347786 -1.472789
v -0.043209 0.347786 -1.411526
v 0.031968 0.347786 -1.094985
v 0.004407 0.348938 -1.094985
v 0.004407 0.347786 -1.064354
v 0.031968 0.265952 -1.094985
v 0.004407 0.265952 -1.064354
v 0.004407 0.264800 -1.094985
v -0.043209 0.347786 -1.094985
v -0.015648 0.347786 -1.064354
v -0.015648 0.348938 -1.094985
v -0.043209 0.265952 -1.094985
v -0.015648 0.264800 -1.094985
v -0.015648 0.265952 -1.064354
v 0.031968 0.265952 -3.027309
v 0.004407 0.264800 -3.027309
v 0.004407 0.265952 -3.057940
v 0.031968 0.347786 -3.027309
v 0.004407 0.347786 -3.057940
v 0.004407 0.348938 -3.027309
v -0.043210 0.265952 -3.027309
v -0.015649 0.265952 -3.057940
v -0.015649 0.264800 -3.027309
v -0.043210 0.347786 -3.027309
v -0.015649 0.348938 -3.027309
v -0.015649 0.347786 -3.057940
v -0.015648 -0.293209 -3.061205
v -0.043209 -0.293209 -3.091837
v -0.015648 -0.294360 -3.091837
v -0.015648 -0.219187 -3.091837
v -0.043209 -0.220338 -3.091837
v -0.015648 -0.220338 -3.061205
v -0.043210 -0.293209 -5.030574
v -0.015648 -0.293209 -5.061205
v -0.015648 -0.294360 -5.030574
v -0.015648 -0.219187 -5.030574
v -0.015648 -0.220338 -5.061205
v -0.043210 -0.220338 -5.030574
v -0.015648 -0.294360 -4.996599
v -0.015648 -0.294360 -4.935336
v -0.043210 -0.293209 -4.935336
v -0.043210 -0.293209 -4.996599
v -0.015648 -0.294360 -4.901361
v -0.015648 -0.294360 -4.840098
v -0.043210 -0.293209 -4.840098
v -0.043210 -0.293209 -4.901361
v -0.015648 -0.294360 -4.806122
v -0.015648 -0.294360 -4.744860
v -0.043210 -0.293209 -4.744860
v -0.043210 -0.293209 -4.806122
v -0.015648 -0.294360 -4.710885
v -0.015648 -0.294360 -4.649621
v -0.043210 -0.293209 -4.649621
v -0.043210 -0.293209 -4.710885
v -0.015648 -0.294360 -4.615646
v -0.015648 -0.294360 -4.554384
v -0.043210 -0.293209 -4.554384
v -0.043210 -0.293209 -4.615646
v -0.015648 -0.294360 -4.520408
v -0.015648 -0.294360 -4.459146
v -0.043210 -0.293209 -4.459146
v -0.043210 -0.293209 -4.520408
v -0.015648 -0.294360 -4.425170
v -0.015648 -0.294360 -4.363907
v -0.043210 -0.293209 -4.363907
v -0.043210 -0.293209 -4.425170
v -0.015648 -0.294360 -4.329932
v -0.015648 -0.294360 -4.268669
v -0.043210 -0.293209 -4.268669
v -0.043210 -0.293209 -4.329932
v -0.015648 -0.294360 -4.234694
v -0.015648 -0.294360 -4.173431
v -0.043210 -0.293209 -4.173431
v -0.043210 -0.293209 -4.234694
v -0.015648 -0.294360 -4.139456
v -0.015648 -0.294360 -4.078193
v -0.043210 -0.293209 -4.078193
v -0.043210 -0.293209 -4.139456
v -0.015648 -0.294360 -4.044218
v -0.015648 -0.294360 -3.982955
v -0.043210 -0.293209 -3.982955
v -0.043210 -0.293209 -4.044218
v -0.015648 -0.294360 -3.948980
v -0.015648 -0.294360 -3.887717
v -0.043210 -0.293209 -3.887717
v -0.043210 -0.293209 -3.948980
v -0.015648 -0.294360 -3.853742
v -0.015648 -0.294360 -3.792479
v -0.043210 -0.293209 -3.792479
v -0.043210 -0.293209 -3.853742
v -0.015648 -0.294360 -3.758503
v -0.015648 -0.294360 -3.697241
v -0.043210 -0.293209 -3.697241
v -0.043210 -0.293209 -3.758503
v -0.015648 -0.294360 -3.663265
v -0.015648 -0.294360 -3.602003
v -0.043210 -0.293209 -3.602003
v -0.043210 -0.293209 -3.663265
v -0.015648 -0.294360 -3.568027
v -0.015648 -0.294360 -3.506764
v -0.043210 -0.293209 -3.506764
v -0.043210 -0.293209 -3.568027
v -0.015648 -0.294360 -3.472789
v -0.015648 -0.294360 -3.411526
v -0.043210 -0.293209 -3.411526
v -0.043210 -0.293209 -3.472789
v -0.015648 -0.294360 -3.377551
v -0.015648 -0.294360 -3.316288
v -0.043210 -0.293209 -3.316288
v -0.043210 -0.293209 -3.377551
v -0.015648 -0.294360 -3.282313
v -0.015648 -0.294360 -3.221050
v -0.043210 -0.293209 -3.221050
v -0.043210 -0.293209 -3.282313
v -0.015648 -0.294360 -3.125812
v -0.043210 -0.293209 -3.125812
v -0.043210 -0.293209 -3.187075
v -0.015648 -0.294360 -3.187075
v -0.015648 -0.219187 -3.125812
v -0.015648 -0.219187 -3.187075
v -0.043210 -0.220338 -3.187075
v -0.043210 -0.220338 -3.125812
v -0.015648 -0.219187 -3.221050
v -0.015648 -0.219187 -3.282313
v -0.043210 -0.220338 -3.282313
v -0.043210 -0.220338 -3.221050
v -0.015648 -0.219187 -3.316288
v -0.015648 -0.218036 -3.346920
v -0.043210 -0.218036 -3.377551
v -0.043210 -0.220338 -3.377551
v -0.043210 -0.220338 -3.316288
v -0.043210 -0.218036 -3.411526
v -0.015648 -0.218036 -3.442158
v -0.015648 -0.219187 -3.472789
v -0.043210 -0.220338 -3.472789
v -0.043210 -0.220338 -3.411526
v -0.015648 -0.219187 -3.506764
v -0.015648 -0.219187 -3.568027
v -0.043210 -0.220338 -3.568027
v -0.043210 -0.220338 -3.506764
v -0.015648 -0.219187 -3.602003
v -0.015648 -0.219187 -3.663265
v -0.043210 -0.220338 -3.663265
v -0.043210 -0.220338 -3.602003
v -0.015648 -0.219187 -3.697241
v -0.015648 -0.218036 -3.727872
v -0.043210 -0.218036 -3.758503
v -0.043210 -0.220338 -3.758503
v -0.043210 -0.220338 -3.697241
v -0.043210 -0.218036 -3.792479
v -0.015648 -0.218036 -3.823110
v -0.015648 -0.219187 -3.853741
v -0.043210 -0.220338 -3.853741
v -0.043210 -0.220338 -3.792479
v -0.015648 -0.219187 -3.887717
v -0.015648 -0.219187 -3.948980
v -0.043210 -0.220338 -3.948980
v -0.043210 -0.220338 -3.887717
v -0.015648 -0.219187 -3.982955
v -0.015648 -0.219187 -4.044218
v -0.043210 -0.220338 -4.044218
v -0.043210 -0.220338 -3.982955
v -0.015648 -0.219187 -4.078193
v -0.015648 -0.218036 -4.108824
v -0.043210 -0.218036 -4.139456
v -0.043210 -0.220338 -4.139456
v -0.043210 -0.220338 -4.078193
v -0.043210 -0.218036 -4.173431
v -0.015648 -0.218036 -4.204062
v -0.015648 -0.219187 -4.234694
v -0.043210 -0.220338 -4.234694
v -0.043210 -0.220338 -4.173431
v -0.015648 -0.219187 -4.268669
v -0.015648 -0.219187 -4.329932
v -0.043210 -0.220338 -4.329932
v -0.043210 -0.220338 -4.268669
v -0.015648 -0.219187 -4.363907
v -0.015648 -0.219187 -4.425170
v -0.043210 -0.220338 -4.425170
v -0.043210 -0.220338 -4.363907
v -0.015648 -0.219187 -4.459146
v -0.015648 -0.218036 -4.489777
v -0.043210 -0.218036 -4.520408
v -0.043210 -0.220338 -4.520408
v -0.043210 -0.220338 -4.459146
v -0.043210 -0.218036 -4.554383
v -0.015648 -0.218036 -4.585015
v -0.015648 -0.219187 -4.615646
v -0.043210 -0.220338 -4.615646
v -0.043210 -0.220338 -4.554383
v -0.015648 -0.219187 -4.649621
v -0.015648 -0.219187 -4.710884
v -0.043210 -0.220338 -4.710884
v -0.043210 -0.220338 -4.649621
v -0.015648 -0.219187 -4.744860
v -0.015648 -0.219187 -4.806122
v -0.043210 -0.220338 -4.806122
v -0.043210 -0.220338 -4.744860
v -0.015648 -0.219187 -4.840098
v -0.015648 -0.218036 -4.870729
v -0.043210 -0.218036 -4.901361
v -0.043210 -0.220338 -4.901361
v -0.043210 -0.220338 -4.840098
v -0.015648 -0.219187 -4.996599
v -0.043210 -0.220338 -4.996599
v -0.043210 -0.220338 -4.935336
v -0.043210 -0.218036 -4.935336
v -0.015648 -0.218036 -4.965967
v 0.004407 -0.293209 -3.061205
v 0.004407 -0.294360 -3.091837
v 0.059529 -0.294360 -3.091837
v 0.059529 -0.293209 -3.061205
v 0.004407 -0.220338 -3.061205
v 0.059529 -0.220338 -3.061205
v 0.059529 -0.219187 -3.091837
v 0.004407 -0.219187 -3.091837
v 0.004407 -0.293209 -5.061205
v 0.059529 -0.293209 -5.061205
v 0.059529 -0.294360 -5.030574
v 0.004407 -0.294360 -5.030574
v 0.004407 -0.220338 -5.061205
v 0.004407 -0.219187 -5.030574
v 0.059529 -0.219187 -5.030574
v 0.059529 -0.220338 -5.061205
v 0.004407 -0.218036 -4.965967
v 0.035510 -0.218036 -4.935336
v 0.031968 -0.220338 -4.935336
v 0.059529 -0.220338 -4.965967
v 0.059529 -0.219187 -4.996599
v 0.004407 -0.219187 -4.996599
v 0.004407 -0.218036 -4.870729
v 0.004407 -0.219187 -4.840098
v 0.059529 -0.219187 -4.840098
v 0.059529 -0.220338 -4.870729
v 0.031968 -0.220338 -4.901361
v 0.035510 -0.218036 -4.901361
v 0.004407 -0.219187 -4.806122
v 0.004407 -0.219187 -4.744860
v 0.031968 -0.220338 -4.744860
v 0.059529 -0.220338 -4.775491
v 0.059529 -0.219187 -4.806122
v 0.004407 -0.219187 -4.710884
v 0.004407 -0.219187 -4.649621
v 0.059529 -0.219187 -4.649621
v 0.059529 -0.220338 -4.680253
v 0.031968 -0.220338 -4.710884
v 0.004407 -0.218036 -4.585015
v 0.035510 -0.218036 -4.554383
v 0.031968 -0.220338 -4.554383
v 0.059529 -0.220338 -4.585015
v 0.059529 -0.219187 -4.615646
v 0.004407 -0.219187 -4.615646
v 0.004407 -0.218036 -4.489777
v 0.004407 -0.219187 -4.459146
v 0.059529 -0.219187 -4.459146
v 0.059529 -0.220338 -4.489777
v 0.031968 -0.220338 -4.520408
v 0.035510 -0.218036 -4.520408
v 0.004407 -0.219187 -4.425170
v 0.004407 -0.219187 -4.363907
v 0.031968 -0.220338 -4.363907
v 0.059529 -0.220338 -4.394539
v 0.059529 -0.219187 -4.425170
v 0.004407 -0.219187 -4.329932
v 0.004407 -0.219187 -4.268669
v 0.059529 -0.219187 -4.268669
v 0.059529 -0.220338 -4.299301
v 0.031968 -0.220338 -4.329932
v 0.004407 -0.218036 -4.204062
v 0.035510 -0.218036 -4.173431
v 0.031968 -0.220338 -4.173431
v 0.059529 -0.220338 -4.204062
v 0.059529 -0.219187 -4.234694
v 0.004407 -0.219187 -4.234694
v 0.004407 -0.218036 -4.108824
v 0.004407 -0.219187 -4.078193
v 0.059529 -0.219187 -4.078193
v 0.059529 -0.220338 -4.108824
v 0.031968 -0.220338 -4.139456
v 0.035510 -0.218036 -4.139456
v 0.004407 -0.219187 -4.044218
v 0.004407 -0.219187 -3.982955
v 0.031968 -0.220338 -3.982955
v 0.059529 -0.220338 -4.013587
v 0.059529 -0.219187 -4.044218
v 0.004407 -0.219187 -3.948980
v 0.004407 -0.219187 -3.887717
v 0.059529 -0.219187 -3.887717
v 0.059529 -0.220338 -3.918348
v 0.031968 -0.220338 -3.948980
v 0.004407 -0.218036 -3.823110
v 0.035510 -0.218036 -3.792479
v 0.031968 -0.220338 -3.792479
v 0.059529 -0.220338 -3.823110
v 0.059529 -0.219187 -3.853741
v 0.004407 -0.219187 -3.853741
v 0.004407 -0.218036 -3.727872
v 0.004407 -0.219187 -3.697241
v 0.059529 -0.219187 -3.697241
v 0.059529 -0.220338 -3.727872
v 0.031968 -0.220338 -3.758503
v 0.035510 -0.218036 -3.758503
v 0.004407 -0.219187 -3.663265
v 0.004407 -0.219187 -3.602003
v 0.031968 -0.220338 -3.602003
v 0.059529 -0.220338 -3.632634
v 0.059529 -0.219187 -3.663265
v 0.004407 -0.219187 -3.568027
v 0.004407 -0.219187 -3.506764
v 0.059529 -0.219187 -3.506764
v 0.059529 -0.220338 -3.537396
v 0.031968 -0.220338 -3.568027
v 0.004407 -0.218036 -3.442158
v 0.034686 -0.218036 -3.411526
v 0.031968 -0.220338 -3.411526
v 0.059529 -0.220338 -3.442158
v 0.059529 -0.219187 -3.472789
v 0.004407 -0.219187 -3.472789
v 0.004407 -0.218036 -3.346920
v 0.004407 -0.219187 -3.316288
v 0.059529 -0.219187 -3.316288
v 0.059529 -0.220338 -3.346920
v 0.031968 -0.220338 -3.377551
v 0.034686 -0.218036 -3.377551
v 0.004407 -0.219187 -3.282313
v 0.004407 -0.219187 -3.221050
v 0.031968 -0.220338 -3.221050
v 0.059529 -0.220338 -3.251682
v 0.059529 -0.219187 -3.282313
v 0.004407 -0.219187 -3.125812
v 0.059529 -0.219187 -3.125812
v 0.059529 -0.220338 -3.156444
v 0.031968 -0.220338 -3.187075
v 0.004407 -0.219187 -3.187075
v 0.004407 -0.294360 -3.125812
v 0.059529 -0.294360 -3.187075
v 0.004407 -0.294360 -3.282313
v 0.059529 -0.294360 -3.221050
v 0.004407 -0.294360 -3.316288
v 0.059529 -0.294360 -3.377551
v 0.004407 -0.294360 -3.472789
v 0.059529 -0.294360 -3.411526
v 0.004407 -0.294360 -3.506764
v 0.059529 -0.294360 -3.568027
v 0.004407 -0.294360 -3.663265
v 0.059529 -0.294360 -3.602003
v 0.004407 -0.294360 -3.697241
v 0.059529 -0.294360 -3.758503
v 0.004407 -0.294360 -3.853741
v 0.059529 -0.294360 -3.792479
v 0.004407 -0.294360 -3.887717
v 0.059529 -0.294360 -3.948980
v 0.004407 -0.294360 -4.044218
v 0.059529 -0.294360 -3.982955
v 0.004407 -0.294360 -4.078193
v 0.059529 -0.294360 -4.139456
v 0.004407 -0.294360 -4.234694
v 0.059529 -0.294360 -4.173431
v 0.004407 -0.294360 -4.268669
v 0.059529 -0.294360 -4.329932
v 0.004407 -0.294360 -4.425170
v 0.059529 -0.294360 -4.363907
v 0.004407 -0.294360 -4.459146
v 0.059529 -0.294360 -4.520408
v 0.004407 -0.294360 -4.615646
v 0.059529 -0.294360 -4.554384
v 0.004407 -0.294360 -4.649621
v 0.059529 -0.294360 -4.710885
v 0.004407 -0.294360 -4.806122
v 0.059529 -0.294360 -4.744860
v 0.004407 -0.294360 -4.840098
v 0.059529 -0.294360 -4.901361
v 0.004407 -0.294360 -4.996599
v 0.059529 -0.294360 -4.935336
v 0.059529 -0.291889 -3.251682
v 0.031968 -0.291889 -3.221050
v 0.059529 -0.291889 -3.442158
v 0.031968 -0.291889 -3.411526
v 0.059529 -0.291889 -3.632634
v 0.031968 -0.291889 -3.602003
v 0.059529 -0.291889 -3.823110
v 0.031968 -0.291889 -3.792479
v 0.059529 -0.291889 -4.013587
v 0.031968 -0.291889 -3.982955
v 0.059529 -0.291889 -4.204062
v 0.031968 -0.291889 -4.173431
v 0.031968 -0.291889 -4.329932
v 0.059529 -0.291889 -4.299301
v 0.059529 -0.291889 -4.394539
v 0.031968 -0.291889 -4.363907
v 0.031968 -0.291889 -4.520408
v 0.059529 -0.291889 -4.489777
v 0.059529 -0.291889 -4.585015
v 0.031968 -0.291889 -4.554383
v 0.031968 -0.291889 -4.710884
v 0.059529 -0.291889 -4.680253
v 0.031968 -0.291889 -4.901361
v 0.059529 -0.291889 -4.870729
v -0.043210 0.703712 -3.377551
v -0.043210 0.703712 -3.316288
v -0.015648 0.704863 -3.316288
v -0.015648 0.704863 -3.377551
v -0.043210 0.703712 -3.411526
v -0.015648 0.704863 -3.411526
v -0.015648 0.704863 -3.472789
v -0.043210 0.703712 -3.472789
v -0.043210 0.703712 -3.758503
v -0.015648 0.703712 -3.727872
v -0.015648 0.704863 -3.758503
v -0.043210 0.703712 -3.792479
v -0.015648 0.704863 -3.792479
v -0.015648 0.703712 -3.823110
v -0.043210 0.703712 -4.139456
v -0.015648 0.703712 -4.108824
v -0.015648 0.704863 -4.139456
v -0.043210 0.703712 -4.173431
v -0.015648 0.704863 -4.173431
v -0.015648 0.703712 -4.204062
v -0.043210 0.703712 -4.520408
v -0.015648 0.703712 -4.489777
v -0.015648 0.704863 -4.520408
v -0.043210 0.703712 -4.554383
v -0.015648 0.704863 -4.554383
v -0.015648 0.703712 -4.585015
v -0.043210 0.703712 -4.901361
v -0.015648 0.703712 -4.870729
v -0.015648 0.704863 -4.901361
v -0.043210 0.703712 -4.935336
v -0.015648 0.704863 -4.935336
v -0.015648 0.703712 -4.965967
v 0.004407 0.703712 -4.965967
v 0.004407 0.704863 -4.935336
v 0.035510 0.703712 -4.935336
v 0.004407 0.703712 -4.870729
v 0.035510 0.703712 -4.901361
v 0.004407 0.704863 -4.901361
v 0.004407 0.703712 -4.585015
v 0.004407 0.704863 -4.554383
v 0.035510 0.703712 -4.554383
v 0.004407 0.703712 -4.489777
v 0.035510 0.703712 -4.520408
v 0.004407 0.704863 -4.520408
v 0.004407 0.703712 -4.204062
v 0.004407 0.704863 -4.173431
v 0.035510 0.703712 -4.173431
v 0.004407 0.703712 -4.108824
v 0.035510 0.703712 -4.139456
v 0.004407 0.704863 -4.139456
v 0.004407 0.703712 -3.823110
v 0.004407 0.704863 -3.792479
v 0.035510 0.703712 -3.792479
v 0.004407 0.703712 -3.727872
v 0.035510 0.703712 -3.758503
v 0.004407 0.704863 -3.758503
v 0.004407 0.704863 -3.472789
v 0.004407 0.704863 -3.411526
v 0.031968 0.703712 -3.411526
v 0.031968 0.703712 -3.472789
v 0.004407 0.704863 -3.316288
v 0.031968 0.703712 -3.316288
v 0.031968 0.703712 -3.377551
v 0.004407 0.704863 -3.377551
v 0.031968 0.632163 -3.472789
v 0.031968 0.632163 -3.411526
v 0.034686 0.629860 -3.411526
v 0.004407 0.629860 -3.442158
v 0.004407 0.631011 -3.472789
v 0.031968 0.632163 -3.316288
v 0.004407 0.631011 -3.316288
v 0.004407 0.629860 -3.346920
v 0.034686 0.629860 -3.377551
v 0.031968 0.632163 -3.377551
v -0.043210 0.632163 -3.472789
v -0.015648 0.631011 -3.472789
v -0.015648 0.629860 -3.442158
v -0.043210 0.629860 -3.411526
v -0.043210 0.632163 -3.411526
v -0.043210 0.632163 -3.316288
v -0.043210 0.632163 -3.377551
v -0.043210 0.629860 -3.377551
v -0.015648 0.629860 -3.346920
v -0.015648 0.631011 -3.316288
v -0.015648 0.704863 -3.092938
v -0.043209 0.703712 -3.092938
v -0.015648 0.703712 -3.062306
v 0.004407 0.704863 -3.092938
v 0.004407 0.703712 -3.062306
v 0.031968 0.703712 -3.092938
v 0.031968 0.632163 -3.092938
v 0.004407 0.632163 -3.062306
v 0.004407 0.631011 -3.092938
v -0.043209 0.632163 -3.092938
v -0.015648 0.631011 -3.092938
v -0.015648 0.632163 -3.062306
v -0.015648 0.704863 -5.027063
v -0.015648 0.703712 -5.057695
v -0.043210 0.703712 -5.027063
v 0.004407 0.704863 -5.027063
v 0.031968 0.703712 -5.027063
v 0.004407 0.703712 -5.057695
v 0.031968 0.632163 -5.027063
v 0.004407 0.631011 -5.027063
v 0.004407 0.632163 -5.057695
v -0.043210 0.632163 -5.027063
v -0.015648 0.632163 -5.057695
v -0.015648 0.631011 -5.027063
v 0.004407 0.350089 -3.346920
v 0.004407 0.348938 -3.316288
v 0.031968 0.347786 -3.316288
v 0.035466 0.347786 -3.377551
v 0.034686 0.350089 -3.377551
v 0.004407 0.263649 -3.346920
v 0.034686 0.263649 -3.377551
v 0.035466 0.265952 -3.377551
v 0.031968 0.265952 -3.316288
v 0.004407 0.264800 -3.316288
v -0.043210 0.350089 -3.377551
v -0.043210 0.347786 -3.377551
v -0.043210 0.347786 -3.316288
v -0.015648 0.348938 -3.316288
v -0.015648 0.350089 -3.346920
v -0.043210 0.263649 -3.377551
v -0.015648 0.263649 -3.346920
v -0.015648 0.264800 -3.316288
v -0.043210 0.265952 -3.316288
v -0.043210 0.265952 -3.377551
v 0.034686 0.263649 -3.411526
v 0.004407 0.263649 -3.442158
v 0.004407 0.264800 -3.472789
v 0.031968 0.265952 -3.472789
v 0.035466 0.265952 -3.411526
v 0.034686 0.350089 -3.411526
v 0.035466 0.347786 -3.411526
v 0.031968 0.347786 -3.472789
v 0.004407 0.348938 -3.472789
v 0.004407 0.350089 -3.442158
v -0.043210 0.263649 -3.411526
v -0.043210 0.265952 -3.411526
v -0.043210 0.265952 -3.472789
v -0.015648 0.264800 -3.472789
v -0.015648 0.263649 -3.442158
v -0.043210 0.350089 -3.411526
v -0.015648 0.350089 -3.442158
v -0.015648 0.348938 -3.472789
v -0.043210 0.347786 -3.472789
v -0.043210 0.347786 -3.411526
v 0.031968 0.347786 -3.094985
v 0.004407 0.348938 -3.094985
v 0.004407 0.347786 -3.064354
v 0.031968 0.265952 -3.094985
v 0.004407 0.265952 -3.064354
v 0.004407 0.264800 -3.094985
v -0.043209 0.347786 -3.094985
v -0.015648 0.347786 -3.064354
v -0.015648 0.348938 -3.094985
v -0.043209 0.265952 -3.094985
v -0.015648 0.264800 -3.094985
v -0.015648 0.265952 -3.064354
v 0.031968 0.265952 -5.027309
v 0.004406 0.264800 -5.027309
v 0.004406 0.265952 -5.057940
v 0.031968 0.347786 -5.027309
v 0.004406 0.347786 -5.057940
v 0.004406 0.348938 -5.027309
v -0.043210 0.265952 -5.027309
v -0.015649 0.265952 -5.057940
v -0.015649 0.264800 -5.027309
v -0.043210 0.347786 -5.027309
v -0.015649 0.348938 -5.027309
v -0.015649 0.347786 -5.057940
v -0.015648 -0.293209 -5.061205
v -0.043210 -0.293209 -5.091837
v -0.015648 -0.294360 -5.091837
v -0.015648 -0.219187 -5.091837
v -0.043210 -0.220338 -5.091837
v -0.015648 -0.220338 -5.061205
v -0.043210 -0.293209 -7.030574
v -0.015649 -0.293209 -7.061205
v -0.015649 -0.294360 -7.030574
v -0.015649 -0.219187 -7.030574
v -0.015649 -0.220338 -7.061205
v -0.043210 -0.220338 -7.030574
v -0.015649 -0.294360 -6.996599
v -0.015649 -0.294360 -6.935336
v -0.043210 -0.293209 -6.935336
v -0.043210 -0.293209 -6.996599
v -0.015649 -0.294360 -6.901361
v -0.015649 -0.294360 -6.840098
v -0.043210 -0.293209 -6.840098
v -0.043210 -0.293209 -6.901361
v -0.015649 -0.294360 -6.806122
v -0.015649 -0.294360 -6.744860
v -0.043210 -0.293209 -6.744860
v -0.043210 -0.293209 -6.806122
v -0.015649 -0.294360 -6.710885
v -0.015649 -0.294360 -6.649621
v -0.043210 -0.293209 -6.649621
v -0.043210 -0.293209 -6.710885
v -0.015649 -0.294360 -6.615646
v -0.015649 -0.294360 -6.554384
v -0.043210 -0.293209 -6.554384
v -0.043210 -0.293209 -6.615646
v -0.015649 -0.294360 -6.520408
v -0.015649 -0.294360 -6.459146
v -0.043210 -0.293209 -6.459146
v -0.043210 -0.293209 -6.520408
v -0.015649 -0.294360 -6.425170
v -0.015648 -0.294360 -6.363907
v -0.043210 -0.293209 -6.363907
v -0.043210 -0.293209 -6.425170
v -0.015648 -0.294360 -6.329932
v -0.015648 -0.294360 -6.268669
v -0.043210 -0.293209 -6.268669
v -0.043210 -0.293209 -6.329932
v -0.015648 -0.294360 -6.234694
v -0.015648 -0.294360 -6.173431
v -0.043210 -0.293209 -6.173431
v -0.043210 -0.293209 -6.234694
v -0.015648 -0.294360 -6.139456
v -0.015648 -0.294360 -6.078193
v -0.043210 -0.293209 -6.078193
v -0.043210 -0.293209 -6.139456
v -0.015648 -0.294360 -6.044218
v -0.015648 -0.294360 -5.982955
v -0.043210 -0.293209 -5.982955
v -0.043210 -0.293209 -6.044218
v -0.015648 -0.294360 -5.948979
v -0.015648 -0.294360 -5.887717
v -0.043210 -0.293209 -5.887717
v -0.043210 -0.293209 -5.948979
v -0.015648 -0.294360 -5.853742
v -0.015648 -0.294360 -5.792479
v -0.043210 -0.293209 -5.792479
v -0.043210 -0.293209 -5.853742
v -0.015648 -0.294360 -5.758503
v -0.015648 -0.294360 -5.697241
v -0.043210 -0.293209 -5.697241
v -0.043210 -0.293209 -5.758503
v -0.015648 -0.294360 -5.663265
v -0.015648 -0.294360 -5.602003
v -0.043210 -0.293209 -5.602003
v -0.043210 -0.293209 -5.663265
v -0.015648 -0.294360 -5.568027
v -0.015648 -0.294360 -5.506764
v -0.043210 -0.293209 -5.506764
v -0.043210 -0.293209 -5.568027
v -0.015648 -0.294360 -5.472789
v -0.015648 -0.294360 -5.411527
v -0.043210 -0.293209 -5.411527
v -0.043210 -0.293209 -5.472789
v -0.015648 -0.294360 -5.377551
v -0.015648 -0.294360 -5.316288
v -0.043210 -0.293209 -5.316288
v -0.043210 -0.293209 -5.377551
v -0.015648 -0.294360 -5.282313
v -0.015648 -0.294360 -5.221050
v -0.043210 -0.293209 -5.221050
v -0.043210 -0.293209 -5.282313
v -0.015648 -0.294360 -5.125812
v -0.043210 -0.293209 -5.125812
v -0.043210 -0.293209 -5.187075
v -0.015648 -0.294360 -5.187075
v -0.015648 -0.219187 -5.125812
v -0.015648 -0.219187 -5.187075
v -0.043210 -0.220338 -5.187075
v -0.043210 -0.220338 -5.125812
v -0.015648 -0.219187 -5.221050
v -0.015648 -0.219187 -5.282313
v -0.043210 -0.220338 -5.282313
v -0.043210 -0.220338 -5.221050
v -0.015648 -0.219187 -5.316288
v -0.015648 -0.218036 -5.346920
v -0.043210 -0.218036 -5.377551
v -0.043210 -0.220338 -5.377551
v -0.043210 -0.220338 -5.316288
v -0.043210 -0.218036 -5.411526
v -0.015648 -0.218036 -5.442158
v -0.015648 -0.219187 -5.472789
v -0.043210 -0.220338 -5.472789
v -0.043210 -0.220338 -5.411526
v -0.015648 -0.219187 -5.506764
v -0.015648 -0.219187 -5.568027
v -0.043210 -0.220338 -5.568027
v -0.043210 -0.220338 -5.506764
v -0.015648 -0.219187 -5.602003
v -0.015648 -0.219187 -5.663265
v -0.043210 -0.220338 -5.663265
v -0.043210 -0.220338 -5.602003
v -0.015648 -0.219187 -5.697241
v -0.015648 -0.218036 -5.727872
v -0.043210 -0.218036 -5.758503
v -0.043210 -0.220338 -5.758503
v -0.043210 -0.220338 -5.697241
v -0.043210 -0.218036 -5.792479
v -0.015648 -0.218036 -5.823110
v -0.015648 -0.219187 -5.853742
v -0.043210 -0.220338 -5.853742
v -0.043210 -0.220338 -5.792479
v -0.015648 -0.219187 -5.887717
v -0.015648 -0.219187 -5.948979
v -0.043210 -0.220338 -5.948979
v -0.043210 -0.220338 -5.887717
v -0.015648 -0.219187 -5.982955
v -0.015648 -0.219187 -6.044218
v -0.043210 -0.220338 -6.044218
v -0.043210 -0.220338 -5.982955
v -0.015648 -0.219187 -6.078193
v -0.015648 -0.218036 -6.108824
v -0.043210 -0.218036 -6.139456
v -0.043210 -0.220338 -6.139456
v -0.043210 -0.220338 -6.078193
v -0.043210 -0.218036 -6.173431
v -0.015648 -0.218036 -6.204062
v -0.015648 -0.219187 -6.234694
v -0.043210 -0.220338 -6.234694
v -0.043210 -0.220338 -6.173431
v -0.015648 -0.219187 -6.268669
v -0.015648 -0.219187 -6.329932
v -0.043210 -0.220338 -6.329932
v -0.043210 -0.220338 -6.268669
v -0.015648 -0.219187 -6.363907
v -0.015649 -0.219187 -6.425170
v -0.043210 -0.220338 -6.425170
v -0.043210 -0.220338 -6.363907
v -0.015649 -0.219187 -6.459146
v -0.015649 -0.218036 -6.489777
v -0.043210 -0.218036 -6.520408
v -0.043210 -0.220338 -6.520408
v -0.043210 -0.220338 -6.459146
v -0.043210 -0.218036 -6.554383
v -0.015649 -0.218036 -6.585015
v -0.015649 -0.219187 -6.615646
v -0.043210 -0.220338 -6.615646
v -0.043210 -0.220338 -6.554383
v -0.015649 -0.219187 -6.649621
v -0.015649 -0.219187 -6.710884
v -0.043210 -0.220338 -6.710884
v -0.043210 -0.220338 -6.649621
v -0.015649 -0.219187 -6.744860
v -0.015649 -0.219187 -6.806122
v -0.043210 -0.220338 -6.806122
v -0.043210 -0.220338 -6.744860
v -0.015649 -0.219187 -6.840098
v -0.015649 -0.218036 -6.870729
v -0.043210 -0.218036 -6.901361
v -0.043210 -0.220338 -6.901361
v -0.043210 -0.220338 -6.840098
v -0.015649 -0.219187 -6.996599
v -0.043210 -0.220338 -6.996599
v -0.043210 -0.220338 -6.935336
v -0.043210 -0.218036 -6.935336
v -0.015649 -0.218036 -6.965967
v 0.004407 -0.293209 -5.061205
v 0.004407 -0.294360 -5.091837
v 0.059529 -0.294360 -5.091837
v 0.059529 -0.293209 -5.061205
v 0.004407 -0.220338 -5.061205
v 0.059529 -0.220338 -5.061205
v 0.059529 -0.219187 -5.091837
v 0.004407 -0.219187 -5.091837
v 0.004407 -0.293209 -7.061205
v 0.059529 -0.293209 -7.061205
v 0.059529 -0.294360 -7.030574
v 0.004407 -0.294360 -7.030574
v 0.004407 -0.220338 -7.061205
v 0.004407 -0.219187 -7.030574
v 0.059529 -0.219187 -7.030574
v 0.059529 -0.220338 -7.061205
v 0.004407 -0.218036 -6.965967
v 0.035510 -0.218036 -6.935336
v 0.031968 -0.220338 -6.935336
v 0.059529 -0.220338 -6.965967
v 0.059529 -0.219187 -6.996599
v 0.004407 -0.219187 -6.996599
v 0.004407 -0.218036 -6.870729
v 0.004407 -0.219187 -6.840098
v 0.059529 -0.219187 -6.840098
v 0.059529 -0.220338 -6.870729
v 0.031968 -0.220338 -6.901361
v 0.035510 -0.218036 -6.901361
v 0.004407 -0.219187 -6.806122
v 0.004407 -0.219187 -6.744860
v 0.031968 -0.220338 -6.744860
v 0.059529 -0.220338 -6.775491
v 0.059529 -0.219187 -6.806122
v 0.004407 -0.219187 -6.710884
v 0.004407 -0.219187 -6.649621
v 0.059529 -0.219187 -6.649621
v 0.059529 -0.220338 -6.680253
v 0.031968 -0.220338 -6.710884
v 0.004407 -0.218036 -6.585015
v 0.035510 -0.218036 -6.554383
v 0.031968 -0.220338 -6.554383
v 0.059529 -0.220338 -6.585015
v 0.059529 -0.219187 -6.615646
v 0.004407 -0.219187 -6.615646
v 0.004407 -0.218036 -6.489777
v 0.004407 -0.219187 -6.459146
v 0.059529 -0.219187 -6.459146
v 0.059529 -0.220338 -6.489777
v 0.031968 -0.220338 -6.520408
v 0.035510 -0.218036 -6.520408
v 0.004407 -0.219187 -6.425170
v 0.004407 -0.219187 -6.363907
v 0.031968 -0.220338 -6.363907
v 0.059529 -0.220338 -6.394539
v 0.059529 -0.219187 -6.425170
v 0.004407 -0.219187 -6.329932
v 0.004407 -0.219187 -6.268669
v 0.059529 -0.219187 -6.268669
v 0.059529 -0.220338 -6.299301
v 0.031968 -0.220338 -6.329932
v 0.004407 -0.218036 -6.204062
v 0.035510 -0.218036 -6.173431
v 0.031968 -0.220338 -6.173431
v 0.059529 -0.220338 -6.204062
v 0.059529 -0.219187 -6.234694
v 0.004407 -0.219187 -6.234694
v 0.004407 -0.218036 -6.108824
v 0.004407 -0.219187 -6.078193
v 0.059529 -0.219187 -6.078193
v 0.059529 -0.220338 -6.108824
v 0.031968 -0.220338 -6.139456
v 0.035510 -0.218036 -6.139456
v 0.004407 -0.219187 -6.044218
v 0.004407 -0.219187 -5.982955
v 0.031968 -0.220338 -5.982955
v 0.059529 -0.220338 -6.013587
v 0.059529 -0.219187 -6.044218
v 0.004407 -0.219187 -5.948979
v 0.004407 -0.219187 -5.887717
v 0.059529 -0.219187 -5.887717
v 0.059529 -0.220338 -5.918348
v 0.031968 -0.220338 -5.948979
v 0.004407 -0.218036 -5.823110
v 0.035510 -0.218036 -5.792479
v 0.031968 -0.220338 -5.792479
v 0.059529 -0.220338 -5.823110
v 0.059529 -0.219187 -5.853742
v 0.004407 -0.219187 -5.853742
v 0.004407 -0.218036 -5.727872
v 0.004407 -0.219187 -5.697241
v 0.059529 -0.219187 -5.697241
v 0.059529 -0.220338 -5.727872
v 0.031968 -0.220338 -5.758503
v 0.035510 -0.218036 -5.758503
v 0.004407 -0.219187 -5.663265
v 0.004407 -0.219187 -5.602003
v 0.031968 -0.220338 -5.602003
v 0.059529 -0.220338 -5.632634
v 0.059529 -0.219187 -5.663265
v 0.004407 -0.219187 -5.568027
v 0.004407 -0.219187 -5.506764
v 0.059529 -0.219187 -5.506764
v 0.059529 -0.220338 -5.537396
v 0.031968 -0.220338 -5.568027
v 0.004407 -0.218036 -5.442158
v 0.034686 -0.218036 -5.411526
v 0.031968 -0.220338 -5.411526
v 0.059529 -0.220338 -5.442158
v 0.059529 -0.219187 -5.472789
v 0.004407 -0.219187 -5.472789
v 0.004407 -0.218036 -5.346920
v 0.004407 -0.219187 -5.316288
v 0.059529 -0.219187 -5.316288
v 0.059529 -0.220338 -5.346920
v 0.031968 -0.220338 -5.377551
v 0.034686 -0.218036 -5.377551
v 0.004407 -0.219187 -5.282313
v 0.004407 -0.219187 -5.221050
v 0.031968 -0.220338 -5.221050
v 0.059529 -0.220338 -5.251681
v 0.059529 -0.219187 -5.282313
v 0.004407 -0.219187 -5.125812
v 0.059529 -0.219187 -5.125812
v 0.059529 -0.220338 -5.156444
v 0.031968 -0.220338 -5.187075
v 0.004407 -0.219187 -5.187075
v 0.004407 -0.294360 -5.125812
v 0.059529 -0.294360 -5.187075
v 0.004407 -0.294360 -5.282313
v 0.059529 -0.294360 -5.221050
v 0.004407 -0.294360 -5.316288
v 0.059529 -0.294360 -5.377551
v 0.004407 -0.294360 -5.472789
v 0.059529 -0.294360 -5.411527
v 0.004407 -0.294360 -5.506764
v 0.059529 -0.294360 -5.568027
v 0.004407 -0.294360 -5.663265
v 0.059529 -0.294360 -5.602003
v 0.004407 -0.294360 -5.697241
v 0.059529 -0.294360 -5.758503
v 0.004407 -0.294360 -5.853742
v 0.059529 -0.294360 -5.792479
v 0.004407 -0.294360 -5.887717
v 0.059529 -0.294360 -5.948979
v 0.004407 -0.294360 -6.044218
v 0.059529 -0.294360 -5.982955
v 0.004407 -0.294360 -6.078193
v 0.059529 -0.294360 -6.139456
v 0.004407 -0.294360 -6.234694
v 0.059529 -0.294360 -6.173431
v 0.004407 -0.294360 -6.268669
v 0.059529 -0.294360 -6.329932
v 0.004407 -0.294360 -6.425170
v 0.059529 -0.294360 -6.363907
v 0.004407 -0.294360 -6.459146
v 0.059529 -0.294360 -6.520408
v 0.004407 -0.294360 -6.615646
v 0.059529 -0.294360 -6.554384
v 0.004407 -0.294360 -6.649621
v 0.059529 -0.294360 -6.710885
v 0.004407 -0.294360 -6.806122
v 0.059529 -0.294360 -6.744860
v 0.004407 -0.294360 -6.840098
v 0.059529 -0.294360 -6.901361
v 0.004407 -0.294360 -6.996599
v 0.059529 -0.294360 -6.935336
v 0.059529 -0.291889 -5.251681
v 0.031968 -0.291889 -5.221050
v 0.059529 -0.291889 -5.442158
v 0.031968 -0.291889 -5.411526
v 0.059529 -0.291889 -5.632634
v 0.031968 -0.291889 -5.602003
v 0.059529 -0.291889 -5.823110
v 0.031968 -0.291889 -5.792479
v 0.059529 -0.291889 -6.013587
v 0.031968 -0.291889 -5.982955
v 0.059529 -0.291889 -6.204062
v 0.031968 -0.291889 -6.173431
v 0.031968 -0.291889 -6.329932
v 0.059529 -0.291889 -6.299301
v 0.059529 -0.291889 -6.394539
v 0.031968 -0.291889 -6.363907
v 0.031968 -0.291889 -6.520408
v 0.059529 -0.291889 -6.489777
v 0.059529 -0.291889 -6.585015
v 0.031968 -0.291889 -6.554383
v 0.031968 -0.291889 -6.710884
v 0.059529 -0.291889 -6.680253
v 0.031968 -0.291889 -6.901361
v 0.059529 -0.291889 -6.870729
v -0.043210 0.703712 -5.377551
v -0.043210 0.703712 -5.316288
v -0.015648 0.704863 -5.316288
v -0.015648 0.704863 -5.377551
v -0.043210 0.703712 -5.411526
v -0.015648 0.704863 -5.411526
v -0.015648 0.704863 -5.472789
v -0.043210 0.703712 -5.472789
v -0.043210 0.703712 -5.758503
v -0.015648 0.703712 -5.727872
v -0.015648 0.704863 -5.758503
v -0.043210 0.703712 -5.792479
v -0.015648 0.704863 -5.792479
v -0.015648 0.703712 -5.823110
v -0.043210 0.703712 -6.139456
v -0.015648 0.703712 -6.108824
v -0.015648 0.704863 -6.139456
v -0.043210 0.703712 -6.173431
v -0.015648 0.704863 -6.173431
v -0.015648 0.703712 -6.204062
v -0.043210 0.703712 -6.520408
v -0.015649 0.703712 -6.489777
v -0.015649 0.704863 -6.520408
v -0.043210 0.703712 -6.554383
v -0.015649 0.704863 -6.554383
v -0.015649 0.703712 -6.585015
v -0.043210 0.703712 -6.901361
v -0.015649 0.703712 -6.870729
v -0.015649 0.704863 -6.901361
v -0.043210 0.703712 -6.935336
v -0.015649 0.704863 -6.935336
v -0.015649 0.703712 -6.965967
v 0.004407 0.703712 -6.965967
v 0.004407 0.704863 -6.935336
v 0.035510 0.703712 -6.935336
v 0.004407 0.703712 -6.870729
v 0.035510 0.703712 -6.901361
v 0.004407 0.704863 -6.901361
v 0.004407 0.703712 -6.585015
v 0.004407 0.704863 -6.554383
v 0.035510 0.703712 -6.554383
v 0.004407 0.703712 -6.489777
v 0.035510 0.703712 -6.520408
v 0.004407 0.704863 -6.520408
v 0.004407 0.703712 -6.204062
v 0.004407 0.704863 -6.173431
v 0.035510 0.703712 -6.173431
v 0.004407 0.703712 -6.108824
v 0.035510 0.703712 -6.139456
v 0.004407 0.704863 -6.139456
v 0.004407 0.703712 -5.823110
v 0.004407 0.704863 -5.792479
v 0.035510 0.703712 -5.792479
v 0.004407 0.703712 -5.727872
v 0.035510 0.703712 -5.758503
v 0.004407 0.704863 -5.758503
v 0.004407 0.704863 -5.472789
v 0.004407 0.704863 -5.411526
v 0.031968 0.703712 -5.411526
v 0.031968 0.703712 -5.472789
v 0.004407 0.704863 -5.316288
v 0.031968 0.703712 -5.316288
v 0.031968 0.703712 -5.377551
v 0.004407 0.704863 -5.377551
v 0.031968 0.632163 -5.472789
v 0.031968 0.632163 -5.411526
v 0.034686 0.629860 -5.411526
v 0.004407 0.629860 -5.442158
v 0.004407 0.631011 -5.472789
v 0.031968 0.632163 -5.316288
v 0.004407 0.631011 -5.316288
v 0.004407 0.629860 -5.346920
v 0.034686 0.629860 -5.377551
v 0.031968 0.632163 -5.377551
v -0.043210 0.632163 -5.472789
v -0.015648 0.631011 -5.472789
v -0.015648 0.629860 -5.442158
v -0.043210 0.629860 -5.411526
v -0.043210 0.632163 -5.411526
v -0.043210 0.632163 -5.316288
v -0.043210 0.632163 -5.377551
v -0.043210 0.629860 -5.377551
v -0.015648 0.629860 -5.346920
v -0.015648 0.631011 -5.316288
v -0.015648 0.704863 -5.092938
v -0.043210 0.703712 -5.092938
v -0.015648 0.703712 -5.062306
v 0.004407 0.704863 -5.092938
v 0.004407 0.703712 -5.062306
v 0.031968 0.703712 -5.092938
v 0.031968 0.632163 -5.092938
v 0.004407 0.632163 -5.062306
v 0.004407 0.631011 -5.092938
v -0.043210 0.632163 -5.092938
v -0.015648 0.631011 -5.092938
v -0.015648 0.632163 -5.062306
v -0.015649 0.704863 -7.027063
v -0.015649 0.703712 -7.057695
v -0.043210 0.703712 -7.027063
v 0.004407 0.704863 -7.027063
v 0.031968 0.703712 -7.027063
v 0.004407 0.703712 -7.057695
v 0.031968 0.632163 -7.027063
v 0.004407 0.631011 -7.027063
v 0.004407 0.632163 -7.057695
v -0.043210 0.632163 -7.027063
v -0.015649 0.632163 -7.057695
v -0.015649 0.631011 -7.027063
v 0.004407 0.350089 -5.346920
v 0.004407 0.348938 -5.316288
v 0.031968 0.347786 -5.316288
v 0.035466 0.347786 -5.377551
v 0.034686 0.350089 -5.377551
v 0.004407 0.263649 -5.346920
v 0.034686 0.263649 -5.377551
v 0.035466 0.265952 -5.377551
v 0.031968 0.265952 -5.316288
v 0.004407 0.264800 -5.316288
v -0.043210 0.350089 -5.377551
v -0.043210 0.347786 -5.377551
v -0.043210 0.347786 -5.316288
v -0.015648 0.348938 -5.316288
v -0.015648 0.350089 -5.346920
v -0.043210 0.263649 -5.377551
v -0.015648 0.263649 -5.346920
v -0.015648 0.264800 -5.316288
v -0.043210 0.265952 -5.316288
v -0.043210 0.265952 -5.377551
v 0.034686 0.263649 -5.411526
v 0.004407 0.263649 -5.442158
v 0.004407 0.264800 -5.472789
v 0.031968 0.265952 -5.472789
v 0.035466 0.265952 -5.411526
v 0.034686 0.350089 -5.411526
v 0.035466 0.347786 -5.411526
v 0.031968 0.347786 -5.472789
v 0.004407 0.348938 -5.472789
v 0.004407 0.350089 -5.442158
v -0.043210 0.263649 -5.411526
v -0.043210 0.265952 -5.411526
v -0.043210 0.265952 -5.472789
v -0.015648 0.264800 -5.472789
v -0.015648 0.263649 -5.442158
v -0.043210 0.350089 -5.411526
v -0.015648 0.350089 -5.442158
v -0.015648 0.348938 -5.472789
v -0.043210 0.347786 -5.472789
v -0.043210 0.347786 -5.411526
v 0.031968 0.347786 -5.094985
v 0.004407 0.348938 -5.094985
v 0.004407 0.347786 -5.064354
v 0.031968 0.265952 -5.094985
v 0.004407 0.265952 -5.064354
v 0.004407 0.264800 -5.094985
v -0.043209 0.347786 -5.094985
v -0.015648 0.347786 -5.064354
v -0.015648 0.348938 -5.094985
v -0.043209 0.265952 -5.094985
v -0.015648 0.264800 -5.094985
v -0.015648 0.265952 -5.064354
v 0.031967 0.265952 -7.027309
v 0.004406 0.264800 -7.027309
v 0.004406 0.265952 -7.057940
v 0.031967 0.347786 -7.027309
v 0.004406 0.347786 -7.057940
v 0.004406 0.348938 -7.027309
v -0.043210 0.265952 -7.027309
v -0.015649 0.265952 -7.057940
v -0.015649 0.264800 -7.027309
v -0.043210 0.347786 -7.027309
v -0.015649 0.348938 -7.027309
v -0.015649 0.347786 -7.057940
v -0.015649 -0.293209 -7.061205
v -0.043210 -0.293209 -7.091837
v -0.015649 -0.294360 -7.091837
v -0.015649 -0.219187 -7.091837
v -0.043210 -0.220338 -7.091837
v -0.015649 -0.220338 -7.061205
v -0.043210 -0.293209 -9.030574
v -0.015649 -0.293209 -9.061205
v -0.015649 -0.294360 -9.030574
v -0.015649 -0.219187 -9.030574
v -0.015649 -0.220338 -9.061205
v -0.043210 -0.220338 -9.030574
v -0.015649 -0.294360 -8.996598
v -0.015649 -0.294360 -8.935336
v -0.043210 -0.293209 -8.935336
v -0.043210 -0.293209 -8.996598
v -0.015649 -0.294360 -8.901361
v -0.015649 -0.294360 -8.840097
v -0.043210 -0.293209 -8.840097
v -0.043210 -0.293209 -8.901361
v -0.015649 -0.294360 -8.806123
v -0.015649 -0.294360 -8.744860
v -0.043210 -0.293209 -8.744860
v -0.043210 -0.293209 -8.806123
v -0.015649 -0.294360 -8.710884
v -0.015649 -0.294360 -8.649622
v -0.043210 -0.293209 -8.649622
v -0.043210 -0.293209 -8.710884
v -0.015649 -0.294360 -8.615646
v -0.015649 -0.294360 -8.554383
v -0.043210 -0.293209 -8.554383
v -0.043210 -0.293209 -8.615646
v -0.015649 -0.294360 -8.520409
v -0.015649 -0.294360 -8.459146
v -0.043210 -0.293209 -8.459146
v -0.043210 -0.293209 -8.520409
v -0.015649 -0.294360 -8.425170
v -0.015649 -0.294360 -8.363908
v -0.043210 -0.293209 -8.363908
v -0.043210 -0.293209 -8.425170
v -0.015649 -0.294360 -8.329932
v -0.015649 -0.294360 -8.268669
v -0.043210 -0.293209 -8.268669
v -0.043210 -0.293209 -8.329932
v -0.015649 -0.294360 -8.234694
v -0.015649 -0.294360 -8.173431
v -0.043210 -0.293209 -8.173431
v -0.043210 -0.293209 -8.234694
v -0.015649 -0.294360 -8.139456
v -0.015649 -0.294360 -8.078193
v -0.043210 -0.293209 -8.078193
v -0.043210 -0.293209 -8.139456
v -0.015649 -0.294360 -8.044218
v -0.015649 -0.294360 -7.982955
v -0.043210 -0.293209 -7.982955
v -0.043210 -0.293209 -8.044218
v -0.015649 -0.294360 -7.948979
v -0.015649 -0.294360 -7.887717
v -0.043210 -0.293209 -7.887717
v -0.043210 -0.293209 -7.948979
v -0.015649 -0.294360 -7.853742
v -0.015649 -0.294360 -7.792479
v -0.043210 -0.293209 -7.792479
v -0.043210 -0.293209 -7.853742
v -0.015649 -0.294360 -7.758503
v -0.015649 -0.294360 -7.697241
v -0.043210 -0.293209 -7.697241
v -0.043210 -0.293209 -7.758503
v -0.015649 -0.294360 -7.663265
v -0.015649 -0.294360 -7.602003
v -0.043210 -0.293209 -7.602003
v -0.043210 -0.293209 -7.663265
v -0.015649 -0.294360 -7.568027
v -0.015649 -0.294360 -7.506764
v -0.043210 -0.293209 -7.506764
v -0.043210 -0.293209 -7.568027
v -0.015649 -0.294360 -7.472789
v -0.015649 -0.294360 -7.411527
v -0.043210 -0.293209 -7.411527
v -0.043210 -0.293209 -7.472789
v -0.015649 -0.294360 -7.377551
v -0.015649 -0.294360 -7.316288
v -0.043210 -0.293209 -7.316288
v -0.043210 -0.293209 -7.377551
v -0.015649 -0.294360 -7.282313
v -0.015649 -0.294360 -7.221050
v -0.043210 -0.293209 -7.221050
v -0.043210 -0.293209 -7.282313
v -0.015649 -0.294360 -7.125812
v -0.043210 -0.293209 -7.125812
v -0.043210 -0.293209 -7.187075
v -0.015649 -0.294360 -7.187075
v -0.015649 -0.219187 -7.125812
v -0.015649 -0.219187 -7.187075
v -0.043210 -0.220338 -7.187075
v -0.043210 -0.220338 -7.125812
v -0.015649 -0.219187 -7.221050
v -0.015649 -0.219187 -7.282313
v -0.043210 -0.220338 -7.282313
v -0.043210 -0.220338 -7.221050
v -0.015649 -0.219187 -7.316288
v -0.015649 -0.218036 -7.346920
v -0.043210 -0.218036 -7.377551
v -0.043210 -0.220338 -7.377551
v -0.043210 -0.220338 -7.316288
v -0.043210 -0.218036 -7.411526
v -0.015649 -0.218036 -7.442158
v -0.015649 -0.219187 -7.472789
v -0.043210 -0.220338 -7.472789
v -0.043210 -0.220338 -7.411526
v -0.015649 -0.219187 -7.506764
v -0.015649 -0.219187 -7.568027
v -0.043210 -0.220338 -7.568027
v -0.043210 -0.220338 -7.506764
v -0.015649 -0.219187 -7.602003
v -0.015649 -0.219187 -7.663265
v -0.043210 -0.220338 -7.663265
v -0.043210 -0.220338 -7.602003
v -0.015649 -0.219187 -7.697241
v -0.015649 -0.218036 -7.727872
v -0.043210 -0.218036 -7.758503
v -0.043210 -0.220338 -7.758503
v -0.043210 -0.220338 -7.697241
v -0.043210 -0.218036 -7.792479
v -0.015649 -0.218036 -7.823110
v -0.015649 -0.219187 -7.853742
v -0.043210 -0.220338 -7.853742
v -0.043210 -0.220338 -7.792479
v -0.015649 -0.219187 -7.887717
v -0.015649 -0.219187 -7.948979
v -0.043210 -0.220338 -7.948979
v -0.043210 -0.220338 -7.887717
v -0.015649 -0.219187 -7.982955
v -0.015649 -0.219187 -8.044218
v -0.043210 -0.220338 -8.044218
v -0.043210 -0.220338 -7.982955
v -0.015649 -0.219187 -8.078193
v -0.015649 -0.218036 -8.108825
v -0.043210 -0.218036 -8.139456
v -0.043210 -0.220338 -8.139456
v -0.043210 -0.220338 -8.078193
v -0.043210 -0.218036 -8.173431
v -0.015649 -0.218036 -8.204062
v -0.015649 -0.219187 -8.234694
v -0.043210 -0.220338 -8.234694
v -0.043210 -0.220338 -8.173431
v -0.015649 -0.219187 -8.268669
v -0.015649 -0.219187 -8.329932
v -0.043210 -0.220338 -8.329932
v -0.043210 -0.220338 -8.268669
v -0.015649 -0.219187 -8.363907
v -0.015649 -0.219187 -8.425170
v -0.043210 -0.220338 -8.425170
v -0.043210 -0.220338 -8.363907
v -0.015649 -0.219187 -8.459146
v -0.015649 -0.218036 -8.489777
v -0.043210 -0.218036 -8.520409
v -0.043210 -0.220338 -8.520409
v -0.043210 -0.220338 -8.459146
v -0.043210 -0.218036 -8.554383
v -0.015649 -0.218036 -8.585015
v -0.015649 -0.219187 -8.615646
v -0.043210 -0.220338 -8.615646
v -0.043210 -0.220338 -8.554383
v -0.015649 -0.219187 -8.649622
v -0.015649 -0.219187 -8.710884
v -0.043210 -0.220338 -8.710884
v -0.043210 -0.220338 -8.649622
v -0.015649 -0.219187 -8.744860
v -0.015649 -0.219187 -8.806123
v -0.043210 -0.220338 -8.806123
v -0.043210 -0.220338 -8.744860
v -0.015649 -0.219187 -8.840097
v -0.015649 -0.218036 -8.870729
v -0.043210 -0.218036 -8.901361
v -0.043210 -0.220338 -8.901361
v -0.043210 -0.220338 -8.840097
v -0.015649 -0.219187 -8.996598
v -0.043210 -0.220338 -8.996598
v -0.043210 -0.220338 -8.935336
v -0.043210 -0.218036 -8.935336
v -0.015649 -0.218036 -8.965967
v 0.004407 -0.293209 -7.061205
v 0.004407 -0.294360 -7.091837
v 0.059529 -0.294360 -7.091837
v 0.059529 -0.293209 -7.061205
v 0.004407 -0.220338 -7.061205
v 0.059529 -0.220338 -7.061205
v 0.059529 -0.219187 -7.091837
v 0.004407 -0.219187 -7.091837
v 0.004407 -0.293209 -9.061205
v 0.059529 -0.293209 -9.061205
v 0.059529 -0.294360 -9.030574
v 0.004407 -0.294360 -9.030574
v 0.004407 -0.220338 -9.061205
v 0.004407 -0.219187 -9.030574
v 0.059529 -0.219187 -9.030574
v 0.059529 -0.220338 -9.061205
v 0.004407 -0.218036 -8.965967
v 0.035510 -0.218036 -8.935336
v 0.031968 -0.220338 -8.935336
v 0.059529 -0.220338 -8.965967
v 0.059529 -0.219187 -8.996598
v 0.004407 -0.219187 -8.996598
v 0.004407 -0.218036 -8.870729
v 0.004407 -0.219187 -8.840097
v 0.059529 -0.219187 -8.840097
v 0.059529 -0.220338 -8.870729
v 0.031968 -0.220338 -8.901361
v 0.035510 -0.218036 -8.901361
v 0.004407 -0.219187 -8.806123
v 0.004407 -0.219187 -8.744860
v 0.031968 -0.220338 -8.744860
v 0.059529 -0.220338 -8.775491
v 0.059529 -0.219187 -8.806123
v 0.004407 -0.219187 -8.710884
v 0.004407 -0.219187 -8.649622
v 0.059529 -0.219187 -8.649622
v 0.059529 -0.220338 -8.680253
v 0.031968 -0.220338 -8.710884
v 0.004407 -0.218036 -8.585015
v 0.035510 -0.218036 -8.554383
v 0.031968 -0.220338 -8.554383
v 0.059529 -0.220338 -8.585015
v 0.059529 -0.219187 -8.615646
v 0.004407 -0.219187 -8.615646
v 0.004407 -0.218036 -8.489777
v 0.004407 -0.219187 -8.459146
v 0.059529 -0.219187 -8.459146
v 0.059529 -0.220338 -8.489777
v 0.031968 -0.220338 -8.520409
v 0.035510 -0.218036 -8.520409
v 0.004407 -0.219187 -8.425170
v 0.004407 -0.219187 -8.363907
v 0.031968 -0.220338 -8.363907
v 0.059529 -0.220338 -8.394539
v 0.059529 -0.219187 -8.425170
v 0.004407 -0.219187 -8.329932
v 0.004407 -0.219187 -8.268669
v 0.059529 -0.219187 -8.268669
v 0.059529 -0.220338 -8.299300
v 0.031968 -0.220338 -8.329932
v 0.004407 -0.218036 -8.204062
v 0.035510 -0.218036 -8.173431
v 0.031968 -0.220338 -8.173431
v 0.059529 -0.220338 -8.204062
v 0.059529 -0.219187 -8.234694
v 0.004407 -0.219187 -8.234694
v 0.004407 -0.218036 -8.108825
v 0.004407 -0.219187 -8.078193
v 0.059529 -0.219187 -8.078193
v 0.059529 -0.220338 -8.108825
v 0.031968 -0.220338 -8.139456
v 0.035510 -0.218036 -8.139456
v 0.004407 -0.219187 -8.044218
v 0.004407 -0.219187 -7.982955
v 0.031968 -0.220338 -7.982955
v 0.059529 -0.220338 -8.013586
v 0.059529 -0.219187 -8.044218
v 0.004407 -0.219187 -7.948979
v 0.004407 -0.219187 -7.887717
v 0.059529 -0.219187 -7.887717
v 0.059529 -0.220338 -7.918348
v 0.031968 -0.220338 -7.948979
v 0.004407 -0.218036 -7.823110
v 0.035510 -0.218036 -7.792479
v 0.031968 -0.220338 -7.792479
v 0.059529 -0.220338 -7.823110
v 0.059529 -0.219187 -7.853742
v 0.004407 -0.219187 -7.853742
v 0.004407 -0.218036 -7.727872
v 0.004407 -0.219187 -7.697241
v 0.059529 -0.219187 -7.697241
v 0.059529 -0.220338 -7.727872
v 0.031968 -0.220338 -7.758503
v 0.035510 -0.218036 -7.758503
v 0.004407 -0.219187 -7.663265
v 0.004407 -0.219187 -7.602003
v 0.031968 -0.220338 -7.602003
v 0.059529 -0.220338 -7.632634
v 0.059529 -0.219187 -7.663265
v 0.004407 -0.219187 -7.568027
v 0.004407 -0.219187 -7.506764
v 0.059529 -0.219187 -7.506764
v 0.059529 -0.220338 -7.537396
v 0.031968 -0.220338 -7.568027
v 0.004407 -0.218036 -7.442158
v 0.034686 -0.218036 -7.411526
v 0.031968 -0.220338 -7.411526
v 0.059529 -0.220338 -7.442158
v 0.059529 -0.219187 -7.472789
v 0.004407 -0.219187 -7.472789
v 0.004407 -0.218036 -7.346920
v 0.004407 -0.219187 -7.316288
v 0.059529 -0.219187 -7.316288
v 0.059529 -0.220338 -7.346920
v 0.031968 -0.220338 -7.377551
v 0.034686 -0.218036 -7.377551
v 0.004407 -0.219187 -7.282313
v 0.004407 -0.219187 -7.221050
v 0.031968 -0.220338 -7.221050
v 0.059529 -0.220338 -7.251681
v 0.059529 -0.219187 -7.282313
v 0.004407 -0.219187 -7.125812
v 0.059529 -0.219187 -7.125812
v 0.059529 -0.220338 -7.156444
v 0.031968 -0.220338 -7.187075
v 0.004407 -0.219187 -7.187075
v 0.004407 -0.294360 -7.125812
v 0.059529 -0.294360 -7.187075
v 0.004407 -0.294360 -7.282313
v 0.059529 -0.294360 -7.221050
v 0.004407 -0.294360 -7.316288
v 0.059529 -0.294360 -7.377551
v 0.004407 -0.294360 -7.472789
v 0.059529 -0.294360 -7.411527
v 0.004407 -0.294360 -7.506764
v 0.059529 -0.294360 -7.568027
v 0.004407 -0.294360 -7.663265
v 0.059529 -0.294360 -7.602003
v 0.004407 -0.294360 -7.697241
v 0.059529 -0.294360 -7.758503
v 0.004407 -0.294360 -7.853742
v 0.059529 -0.294360 -7.792479
v 0.004407 -0.294360 -7.887717
v 0.059529 -0.294360 -7.948979
v 0.004407 -0.294360 -8.044218
v 0.059529 -0.294360 -7.982955
v 0.004407 -0.294360 -8.078193
v 0.059529 -0.294360 -8.139456
v 0.004407 -0.294360 -8.234694
v 0.059529 -0.294360 -8.173431
v 0.004407 -0.294360 -8.268669
v 0.059529 -0.294360 -8.329932
v 0.004407 -0.294360 -8.425170
v 0.059529 -0.294360 -8.363907
v 0.004407 -0.294360 -8.459146
v 0.059529 -0.294360 -8.520409
v 0.004407 -0.294360 -8.615646
v 0.059529 -0.294360 -8.554383
v 0.004407 -0.294360 -8.649622
v 0.059529 -0.294360 -8.710884
v 0.004407 -0.294360 -8.806123
v 0.059529 -0.294360 -8.744860
v 0.004407 -0.294360 -8.840097
v 0.059529 -0.294360 -8.901361
v 0.004407 -0.294360 -8.996598
v 0.059529 -0.294360 -8.935336
v 0.059529 -0.291889 -7.251681
v 0.031968 -0.291889 -7.221050
v 0.059529 -0.291889 -7.442158
v 0.031968 -0.291889 -7.411526
v 0.059529 -0.291889 -7.632634
v 0.031968 -0.291889 -7.602003
v 0.059529 -0.291889 -7.823110
v 0.031968 -0.291889 -7.792479
v 0.059529 -0.291889 -8.013586
v 0.031968 -0.291889 -7.982955
v 0.059529 -0.291889 -8.204062
v 0.031968 -0.291889 -8.173431
v 0.031968 -0.291889 -8.329932
v 0.059529 -0.291889 -8.299300
v 0.059529 -0.291889 -8.394539
v 0.031968 -0.291889 -8.363907
v 0.031968 -0.291889 -8.520409
v 0.059529 -0.291889 -8.489777
v 0.059529 -0.291889 -8.585015
v 0.031968 -0.291889 -8.554383
v 0.031968 -0.291889 -8.710884
v 0.059529 -0.291889 -8.680253
v 0.031968 -0.291889 -8.901361
v 0.059529 -0.291889 -8.870729
v -0.043210 0.703712 -7.377551
v -0.043210 0.703712 -7.316288
v -0.015649 0.704863 -7.316288
v -0.015649 0.704863 -7.377551
v -0.043210 0.703712 -7.411526
v -0.015649 0.704863 -7.411526
v -0.015649 0.704863 -7.472789
v -0.043210 0.703712 -7.472789
v -0.043210 0.703712 -7.758503
v -0.015649 0.703712 -7.727872
v -0.015649 0.704863 -7.758503
v -0.043210 0.703712 -7.792479
v -0.015649 0.704863 -7.792479
v -0.015649 0.703712 -7.823110
v -0.043210 0.703712 -8.139456
v -0.015649 0.703712 -8.108825
v -0.015649 0.704863 -8.139456
v -0.043210 0.703712 -8.173431
v -0.015649 0.704863 -8.173431
v -0.015649 0.703712 -8.204062
v -0.043210 0.703712 -8.520409
v -0.015649 0.703712 -8.489777
v -0.015649 0.704863 -8.520409
v -0.043210 0.703712 -8.554383
v -0.015649 0.704863 -8.554383
v -0.015649 0.703712 -8.585015
v -0.043210 0.703712 -8.901361
v -0.015649 0.703712 -8.870729
v -0.015649 0.704863 -8.901361
v -0.043210 0.703712 -8.935336
v -0.015649 0.704863 -8.935336
v -0.015649 0.703712 -8.965967
v 0.004407 0.703712 -8.965967
v 0.004407 0.704863 -8.935336
v 0.035510 0.703712 -8.935336
v 0.004407 0.703712 -8.870729
v 0.035510 0.703712 -8.901361
v 0.004407 0.704863 -8.901361
v 0.004407 0.703712 -8.585015
v 0.004407 0.704863 -8.554383
v 0.035510 0.703712 -8.554383
v 0.004407 0.703712 -8.489777
v 0.035510 0.703712 -8.520409
v 0.004407 0.704863 -8.520409
v 0.004407 0.703712 -8.204062
v 0.004407 0.704863 -8.173431
v 0.035510 0.703712 -8.173431
v 0.004407 0.703712 -8.108825
v 0.035510 0.703712 -8.139456
v 0.004407 0.704863 -8.139456
v 0.004407 0.703712 -7.823110
v 0.004407 0.704863 -7.792479
v 0.035510 0.703712 -7.792479
v 0.004407 0.703712 -7.727872
v 0.035510 0.703712 -7.758503
v 0.004407 0.704863 -7.758503
v 0.004407 0.704863 -7.472789
v 0.004407 0.704863 -7.411526
v 0.031968 0.703712 -7.411526
v 0.031968 0.703712 -7.472789
v 0.004407 0.704863 -7.316288
v 0.031968 0.703712 -7.316288
v 0.031968 0.703712 -7.377551
v 0.004407 0.704863 -7.377551
v 0.031968 0.632163 -7.472789
v 0.031968 0.632163 -7.411526
v 0.034686 0.629860 -7.411526
v 0.004407 0.629860 -7.442158
v 0.004407 0.631011 -7.472789
v 0.031968 0.632163 -7.316288
v 0.004407 0.631011 -7.316288
v 0.004407 0.629860 -7.346920
v 0.034686 0.629860 -7.377551
v 0.031968 0.632163 -7.377551
v -0.043210 0.632163 -7.472789
v -0.015649 0.631011 -7.472789
v -0.015649 0.629860 -7.442158
v -0.043210 0.629860 -7.411526
v -0.043210 0.632163 -7.411526
v -0.043210 0.632163 -7.316288
v -0.043210 0.632163 -7.377551
v -0.043210 0.629860 -7.377551
v -0.015649 0.629860 -7.346920
v -0.015649 0.631011 -7.316288
v -0.015649 0.704863 -7.092938
v -0.043210 0.703712 -7.092938
v -0.015649 0.703712 -7.062306
v 0.004407 0.704863 -7.092938
v 0.004407 0.703712 -7.062306
v 0.031968 0.703712 -7.092938
v 0.031968 0.632163 -7.092938
v 0.004407 0.632163 -7.062306
v 0.004407 0.631011 -7.092938
v -0.043210 0.632163 -7.092938
v -0.015649 0.631011 -7.092938
v -0.015649 0.632163 -7.062306
v -0.015649 0.704863 -9.027063
v -0.015649 0.703712 -9.057695
v -0.043210 0.703712 -9.027063
v 0.004407 0.704863 -9.027063
v 0.031968 0.703712 -9.027063
v 0.004407 0.703712 -9.057695
v 0.031968 0.632163 -9.027063
v 0.004407 0.631011 -9.027063
v 0.004407 0.632163 -9.057695
v -0.043210 0.632163 -9.027063
v -0.015649 0.632163 -9.057695
v -0.015649 0.631011 -9.027063
v 0.004407 0.350089 -7.346920
v 0.004407 0.348938 -7.316288
v 0.031968 0.347786 -7.316288
v 0.035466 0.347786 -7.377551
v 0.034686 0.350089 -7.377551
v 0.004407 0.263649 -7.346920
v 0.034686 0.263649 -7.377551
v 0.035466 0.265952 -7.377551
v 0.031968 0.265952 -7.316288
v 0.004407 0.264800 -7.316288
v -0.043210 0.350089 -7.377551
v -0.043210 0.347786 -7.377551
v -0.043210 0.347786 -7.316288
v -0.015649 0.348938 -7.316288
v -0.015649 0.350089 -7.346920
v -0.043210 0.263649 -7.377551
v -0.015649 0.263649 -7.346920
v -0.015649 0.264800 -7.316288
v -0.043210 0.265952 -7.316288
v -0.043210 0.265952 -7.377551
v 0.034686 0.263649 -7.411526
v 0.004407 0.263649 -7.442158
v 0.004407 0.264800 -7.472789
v 0.031968 0.265952 -7.472789
v 0.035466 0.265952 -7.411526
v 0.034686 0.350089 -7.411526
v 0.035466 0.347786 -7.411526
v 0.031968 0.347786 -7.472789
v 0.004407 0.348938 -7.472789
v 0.004407 0.350089 -7.442158
v -0.043210 0.263649 -7.411526
v -0.043210 0.265952 -7.411526
v -0.043210 0.265952 -7.472789
v -0.015649 0.264800 -7.472789
v -0.015649 0.263649 -7.442158
v -0.043210 0.350089 -7.411526
v -0.015649 0.350089 -7.442158
v -0.015649 0.348938 -7.472789
v -0.043210 0.347786 -7.472789
v -0.043210 0.347786 -7.411526
v 0.031968 0.347786 -7.094985
v 0.004407 0.348938 -7.094985
v 0.004407 0.347786 -7.064354
v 0.031968 0.265952 -7.094985
v 0.004407 0.265952 -7.064354
v 0.004407 0.264800 -7.094985
v -0.043210 0.347786 -7.094985
v -0.015648 0.347786 -7.064354
v -0.015648 0.348938 -7.094985
v -0.043210 0.265952 -7.094985
v -0.015648 0.264800 -7.094985
v -0.015648 0.265952 -7.064354
v 0.031967 0.265952 -9.027309
v 0.004406 0.264800 -9.027309
v 0.004406 0.265952 -9.057940
v 0.031967 0.347786 -9.027309
v 0.004406 0.347786 -9.057940
v 0.004406 0.348938 -9.027309
v -0.043210 0.265952 -9.027309
v -0.015649 0.265952 -9.057940
v -0.015649 0.264800 -9.027309
v -0.043210 0.347786 -9.027309
v -0.015649 0.348938 -9.027309
v -0.015649 0.347786 -9.057940
v -0.015649 -0.293209 -9.061205
v -0.043210 -0.293209 -9.091837
v -0.015649 -0.294360 -9.091837
v -0.015649 -0.219187 -9.091837
v -0.043210 -0.220338 -9.091837
v -0.015649 -0.220338 -9.061205
v -0.043210 -0.293209 -11.030574
v -0.015649 -0.293209 -11.061205
v -0.015649 -0.294360 -11.030574
v -0.015649 -0.219187 -11.030574
v -0.015649 -0.220338 -11.061205
v -0.043210 -0.220338 -11.030574
v -0.015649 -0.294360 -10.996598
v -0.015649 -0.294360 -10.935336
v -0.043210 -0.293209 -10.935336
v -0.043210 -0.293209 -10.996598
v -0.015649 -0.294360 -10.901361
v -0.015649 -0.294360 -10.840097
v -0.043210 -0.293209 -10.840097
v -0.043210 -0.293209 -10.901361
v -0.015649 -0.294360 -10.806123
v -0.015649 -0.294360 -10.744860
v -0.043210 -0.293209 -10.744860
v -0.043210 -0.293209 -10.806123
v -0.015649 -0.294360 -10.710884
v -0.015649 -0.294360 -10.649622
v -0.043210 -0.293209 -10.649622
v -0.043210 -0.293209 -10.710884
v -0.015649 -0.294360 -10.615646
v -0.015649 -0.294360 -10.554383
v -0.043210 -0.293209 -10.554383
v -0.043210 -0.293209 -10.615646
v -0.015649 -0.294360 -10.520409
v -0.015649 -0.294360 -10.459146
v -0.043210 -0.293209 -10.459146
v -0.043210 -0.293209 -10.520409
v -0.015649 -0.294360 -10.425170
v -0.015649 -0.294360 -10.363908
v -0.043210 -0.293209 -10.363908
v -0.043210 -0.293209 -10.425170
v -0.015649 -0.294360 -10.329932
v -0.015649 -0.294360 -10.268669
v -0.043210 -0.293209 -10.268669
v -0.043210 -0.293209 -10.329932
v -0.015649 -0.294360 -10.234694
v -0.015649 -0.294360 -10.173431
v -0.043210 -0.293209 -10.173431
v -0.043210 -0.293209 -10.234694
v -0.015649 -0.294360 -10.139456
v -0.015649 -0.294360 -10.078193
v -0.043210 -0.293209 -10.078193
v -0.043210 -0.293209 -10.139456
v -0.015649 -0.294360 -10.044218
v -0.015649 -0.294360 -9.982955
v -0.043210 -0.293209 -9.982955
v -0.043210 -0.293209 -10.044218
v -0.015649 -0.294360 -9.948979
v -0.015649 -0.294360 -9.887717
v -0.043210 -0.293209 -9.887717
v -0.043210 -0.293209 -9.948979
v -0.015649 -0.294360 -9.853742
v -0.015649 -0.294360 -9.792479
v -0.043210 -0.293209 -9.792479
v -0.043210 -0.293209 -9.853742
v -0.015649 -0.294360 -9.758503
v -0.015649 -0.294360 -9.697241
v -0.043210 -0.293209 -9.697241
v -0.043210 -0.293209 -9.758503
v -0.015649 -0.294360 -9.663265
v -0.015649 -0.294360 -9.602002
v -0.043210 -0.293209 -9.602002
v -0.043210 -0.293209 -9.663265
v -0.015649 -0.294360 -9.568027
v -0.015649 -0.294360 -9.506764
v -0.043210 -0.293209 -9.506764
v -0.043210 -0.293209 -9.568027
v -0.015649 -0.294360 -9.472789
v -0.015649 -0.294360 -9.411527
v -0.043210 -0.293209 -9.411527
v -0.043210 -0.293209 -9.472789
v -0.015649 -0.294360 -9.377551
v -0.015649 -0.294360 -9.316288
v -0.043210 -0.293209 -9.316288
v -0.043210 -0.293209 -9.377551
v -0.015649 -0.294360 -9.282313
v -0.015649 -0.294360 -9.221050
v -0.043210 -0.293209 -9.221050
v -0.043210 -0.293209 -9.282313
v -0.015649 -0.294360 -9.125813
v -0.043210 -0.293209 -9.125813
v -0.043210 -0.293209 -9.187075
v -0.015649 -0.294360 -9.187075
v -0.015649 -0.219187 -9.125813
v -0.015649 -0.219187 -9.187075
v -0.043210 -0.220338 -9.187075
v -0.043210 -0.220338 -9.125813
v -0.015649 -0.219187 -9.221050
v -0.015649 -0.219187 -9.282313
v -0.043210 -0.220338 -9.282313
v -0.043210 -0.220338 -9.221050
v -0.015649 -0.219187 -9.316288
v -0.015649 -0.218036 -9.346920
v -0.043210 -0.218036 -9.377551
v -0.043210 -0.220338 -9.377551
v -0.043210 -0.220338 -9.316288
v -0.043210 -0.218036 -9.411527
v -0.015649 -0.218036 -9.442158
v -0.015649 -0.219187 -9.472789
v -0.043210 -0.220338 -9.472789
v -0.043210 -0.220338 -9.411527
v -0.015649 -0.219187 -9.506764
v -0.015649 -0.219187 -9.568027
v -0.043210 -0.220338 -9.568027
v -0.043210 -0.220338 -9.506764
v -0.015649 -0.219187 -9.602002
v -0.015649 -0.219187 -9.663265
v -0.043210 -0.220338 -9.663265
v -0.043210 -0.220338 -9.602002
v -0.015649 -0.219187 -9.697241
v -0.015649 -0.218036 -9.727872
v -0.043210 -0.218036 -9.758503
v -0.043210 -0.220338 -9.758503
v -0.043210 -0.220338 -9.697241
v -0.043210 -0.218036 -9.792479
v -0.015649 -0.218036 -9.823111
v -0.015649 -0.219187 -9.853742
v -0.043210 -0.220338 -9.853742
v -0.043210 -0.220338 -9.792479
v -0.015649 -0.219187 -9.887717
v -0.015649 -0.219187 -9.948979
v -0.043210 -0.220338 -9.948979
v -0.043210 -0.220338 -9.887717
v -0.015649 -0.219187 -9.982955
v -0.015649 -0.219187 -10.044218
v -0.043210 -0.220338 -10.044218
v -0.043210 -0.220338 -9.982955
v -0.015649 -0.219187 -10.078193
v -0.015649 -0.218036 -10.108825
v -0.043210 -0.218036 -10.139456
v -0.043210 -0.220338 -10.139456
v -0.043210 -0.220338 -10.078193
v -0.043210 -0.218036 -10.173431
v -0.015649 -0.218036 -10.204062
v -0.015649 -0.219187 -10.234694
v -0.043210 -0.220338 -10.234694
v -0.043210 -0.220338 -10.173431
v -0.015649 -0.219187 -10.268669
v -0.015649 -0.219187 -10.329932
v -0.043210 -0.220338 -10.329932
v -0.043210 -0.220338 -10.268669
v -0.015649 -0.219187 -10.363907
v -0.015649 -0.219187 -10.425170
v -0.043210 -0.220338 -10.425170
v -0.043210 -0.220338 -10.363907
v -0.015649 -0.219187 -10.459146
v -0.015649 -0.218036 -10.489777
v -0.043210 -0.218036 -10.520409
v -0.043210 -0.220338 -10.520409
v -0.043210 -0.220338 -10.459146
v -0.043210 -0.218036 -10.554383
v -0.015649 -0.218036 -10.585015
v -0.015649 -0.219187 -10.615646
v -0.043210 -0.220338 -10.615646
v -0.043210 -0.220338 -10.554383
v -0.015649 -0.219187 -10.649622
v -0.015649 -0.219187 -10.710884
v -0.043210 -0.220338 -10.710884
v -0.043210 -0.220338 -10.649622
v -0.015649 -0.219187 -10.744860
v -0.015649 -0.219187 -10.806123
v -0.043210 -0.220338 -10.806123
v -0.043210 -0.220338 -10.744860
v -0.015649 -0.219187 -10.840097
v -0.015649 -0.218036 -10.870729
v -0.043210 -0.218036 -10.901361
v -0.043210 -0.220338 -10.901361
v -0.043210 -0.220338 -10.840097
v -0.015649 -0.219187 -10.996598
v -0.043210 -0.220338 -10.996598
v -0.043210 -0.220338 -10.935336
v -0.043210 -0.218036 -10.935336
v -0.015649 -0.218036 -10.965967
v 0.004407 -0.293209 -9.061205
v 0.004407 -0.294360 -9.091837
v 0.059529 -0.294360 -9.091837
v 0.059529 -0.293209 -9.061205
v 0.004407 -0.220338 -9.061205
v 0.059529 -0.220338 -9.061205
v 0.059529 -0.219187 -9.091837
v 0.004407 -0.219187 -9.091837
v 0.004407 -0.293209 -11.061205
v 0.059529 -0.293209 -11.061205
v 0.059529 -0.294360 -11.030574
v 0.004407 -0.294360 -11.030574
v 0.004407 -0.220338 -11.061205
v 0.004407 -0.219187 -11.030574
v 0.059529 -0.219187 -11.030574
v 0.059529 -0.220338 -11.061205
v 0.004407 -0.218036 -10.965967
v 0.035510 -0.218036 -10.935336
v 0.031968 -0.220338 -10.935336
v 0.059529 -0.220338 -10.965967
v 0.059529 -0.219187 -10.996598
v 0.004407 -0.219187 -10.996598
v 0.004407 -0.218036 -10.870729
v 0.004407 -0.219187 -10.840097
v 0.059529 -0.219187 -10.840097
v 0.059529 -0.220338 -10.870729
v 0.031968 -0.220338 -10.901361
v 0.035510 -0.218036 -10.901361
v 0.004407 -0.219187 -10.806123
v 0.004407 -0.219187 -10.744860
v 0.031968 -0.220338 -10.744860
v 0.059529 -0.220338 -10.775491
v 0.059529 -0.219187 -10.806123
v 0.004407 -0.219187 -10.710884
v 0.004407 -0.219187 -10.649622
v 0.059529 -0.219187 -10.649622
v 0.059529 -0.220338 -10.680253
v 0.031968 -0.220338 -10.710884
v 0.004407 -0.218036 -10.585015
v 0.035510 -0.218036 -10.554383
v 0.031968 -0.220338 -10.554383
v 0.059529 -0.220338 -10.585015
v 0.059529 -0.219187 -10.615646
v 0.004407 -0.219187 -10.615646
v 0.004407 -0.218036 -10.489777
v 0.004407 -0.219187 -10.459146
v 0.059529 -0.219187 -10.459146
v 0.059529 -0.220338 -10.489777
v 0.031968 -0.220338 -10.520409
v 0.035510 -0.218036 -10.520409
v 0.004407 -0.219187 -10.425170
v 0.004407 -0.219187 -10.363907
v 0.031968 -0.220338 -10.363907
v 0.059529 -0.220338 -10.394539
v 0.059529 -0.219187 -10.425170
v 0.004407 -0.219187 -10.329932
v 0.004407 -0.219187 -10.268669
v 0.059529 -0.219187 -10.268669
v 0.059529 -0.220338 -10.299300
v 0.031968 -0.220338 -10.329932
v 0.004407 -0.218036 -10.204062
v 0.035510 -0.218036 -10.173431
v 0.031968 -0.220338 -10.173431
v 0.059529 -0.220338 -10.204062
v 0.059529 -0.219187 -10.234694
v 0.004407 -0.219187 -10.234694
v 0.004407 -0.218036 -10.108825
v 0.004407 -0.219187 -10.078193
v 0.059529 -0.219187 -10.078193
v 0.059529 -0.220338 -10.108825
v 0.031968 -0.220338 -10.139456
v 0.035510 -0.218036 -10.139456
v 0.004407 -0.219187 -10.044218
v 0.004407 -0.219187 -9.982955
v 0.031968 -0.220338 -9.982955
v 0.059529 -0.220338 -10.013586
v 0.059529 -0.219187 -10.044218
v 0.004407 -0.219187 -9.948979
v 0.004407 -0.219187 -9.887717
v 0.059529 -0.219187 -9.887717
v 0.059529 -0.220338 -9.918348
v 0.031968 -0.220338 -9.948979
v 0.004407 -0.218036 -9.823111
v 0.035510 -0.218036 -9.792479
v 0.031968 -0.220338 -9.792479
v 0.059529 -0.220338 -9.823111
v 0.059529 -0.219187 -9.853742
v 0.004407 -0.219187 -9.853742
v 0.004407 -0.218036 -9.727872
v 0.004407 -0.219187 -9.697241
v 0.059529 -0.219187 -9.697241
v 0.059529 -0.220338 -9.727872
v 0.031968 -0.220338 -9.758503
v 0.035510 -0.218036 -9.758503
v 0.004407 -0.219187 -9.663265
v 0.004407 -0.219187 -9.602002
v 0.031968 -0.220338 -9.602002
v 0.059529 -0.220338 -9.632634
v 0.059529 -0.219187 -9.663265
v 0.004407 -0.219187 -9.568027
v 0.004407 -0.219187 -9.506764
v 0.059529 -0.219187 -9.506764
v 0.059529 -0.220338 -9.537395
v 0.031968 -0.220338 -9.568027
v 0.004407 -0.218036 -9.442158
v 0.034686 -0.218036 -9.411527
v 0.031968 -0.220338 -9.411527
v 0.059529 -0.220338 -9.442158
v 0.059529 -0.219187 -9.472789
v 0.004407 -0.219187 -9.472789
v 0.004407 -0.218036 -9.346920
v 0.004407 -0.219187 -9.316288
v 0.059529 -0.219187 -9.316288
v 0.059529 -0.220338 -9.346920
v 0.031968 -0.220338 -9.377551
v 0.034686 -0.218036 -9.377551
v 0.004407 -0.219187 -9.282313
v 0.004407 -0.219187 -9.221050
v 0.031968 -0.220338 -9.221050
v 0.059529 -0.220338 -9.251681
v 0.059529 -0.219187 -9.282313
v 0.004407 -0.219187 -9.125813
v 0.059529 -0.219187 -9.125813
v 0.059529 -0.220338 -9.156444
v 0.031968 -0.220338 -9.187075
v 0.004407 -0.219187 -9.187075
v 0.004407 -0.294360 -9.125813
v 0.059529 -0.294360 -9.187075
v 0.004407 -0.294360 -9.282313
v 0.059529 -0.294360 -9.221050
v 0.004407 -0.294360 -9.316288
v 0.059529 -0.294360 -9.377551
v 0.004407 -0.294360 -9.472789
v 0.059529 -0.294360 -9.411527
v 0.004407 -0.294360 -9.506764
v 0.059529 -0.294360 -9.568027
v 0.004407 -0.294360 -9.663265
v 0.059529 -0.294360 -9.602002
v 0.004407 -0.294360 -9.697241
v 0.059529 -0.294360 -9.758503
v 0.004407 -0.294360 -9.853742
v 0.059529 -0.294360 -9.792479
v 0.004407 -0.294360 -9.887717
v 0.059529 -0.294360 -9.948979
v 0.004407 -0.294360 -10.044218
v 0.059529 -0.294360 -9.982955
v 0.004407 -0.294360 -10.078193
v 0.059529 -0.294360 -10.139456
v 0.004407 -0.294360 -10.234694
v 0.059529 -0.294360 -10.173431
v 0.004407 -0.294360 -10.268669
v 0.059529 -0.294360 -10.329932
v 0.004407 -0.294360 -10.425170
v 0.059529 -0.294360 -10.363907
v 0.004407 -0.294360 -10.459146
v 0.059529 -0.294360 -10.520409
v 0.004407 -0.294360 -10.615646
v 0.059529 -0.294360 -10.554383
v 0.004407 -0.294360 -10.649622
v 0.059529 -0.294360 -10.710884
v 0.004407 -0.294360 -10.806123
v 0.059529 -0.294360 -10.744860
v 0.004407 -0.294360 -10.840097
v 0.059529 -0.294360 -10.901361
v 0.004407 -0.294360 -10.996598
v 0.059529 -0.294360 -10.935336
v 0.059529 -0.291889 -9.251681
v 0.031968 -0.291889 -9.221050
v 0.059529 -0.291889 -9.442158
v 0.031968 -0.291889 -9.411527
v 0.059529 -0.291889 -9.632634
v 0.031968 -0.291889 -9.602002
v 0.059529 -0.291889 -9.823111
v 0.031968 -0.291889 -9.792479
v 0.059529 -0.291889 -10.013586
v 0.031968 -0.291889 -9.982955
v 0.059529 -0.291889 -10.204062
v 0.031968 -0.291889 -10.173431
v 0.031968 -0.291889 -10.329932
v 0.059529 -0.291889 -10.299300
v 0.059529 -0.291889 -10.394539
v 0.031968 -0.291889 -10.363907
v 0.031968 -0.291889 -10.520409
v 0.059529 -0.291889 -10.489777
v 0.059529 -0.291889 -10.585015
v 0.031968 -0.291889 -10.554383
v 0.031968 -0.291889 -10.710884
v 0.059529 -0.291889 -10.680253
v 0.031968 -0.291889 -10.901361
v 0.059529 -0.291889 -10.870729
v -0.043210 0.703712 -9.377551
v -0.043210 0.703712 -9.316288
v -0.015649 0.704863 -9.316288
v -0.015649 0.704863 -9.377551
v -0.043210 0.703712 -9.411527
v -0.015649 0.704863 -9.411527
v -0.015649 0.704863 -9.472789
v -0.043210 0.703712 -9.472789
v -0.043210 0.703712 -9.758503
v -0.015649 0.703712 -9.727872
v -0.015649 0.704863 -9.758503
v -0.043210 0.703712 -9.792479
v -0.015649 0.704863 -9.792479
v -0.015649 0.703712 -9.823111
v -0.043210 0.703712 -10.139456
v -0.015649 0.703712 -10.108825
v -0.015649 0.704863 -10.139456
v -0.043210 0.703712 -10.173431
v -0.015649 0.704863 -10.173431
v -0.015649 0.703712 -10.204062
v -0.043210 0.703712 -10.520409
v -0.015649 0.703712 -10.489777
v -0.015649 0.704863 -10.520409
v -0.043210 0.703712 -10.554383
v -0.015649 0.704863 -10.554383
v -0.015649 0.703712 -10.585015
v -0.043210 0.703712 -10.901361
v -0.015649 0.703712 -10.870729
v -0.015649 0.704863 -10.901361
v -0.043210 0.703712 -10.935336
v -0.015649 0.704863 -10.935336
v -0.015649 0.703712 -10.965967
v 0.004407 0.703712 -10.965967
v 0.004407 0.704863 -10.935336
v 0.035510 0.703712 -10.935336
v 0.004407 0.703712 -10.870729
v 0.035510 0.703712 -10.901361
v 0.004407 0.704863 -10.901361
v 0.004407 0.703712 -10.585015
v 0.004407 0.704863 -10.554383
v 0.035510 0.703712 -10.554383
v 0.004407 0.703712 -10.489777
v 0.035510 0.703712 -10.520409
v 0.004407 0.704863 -10.520409
v 0.004407 0.703712 -10.204062
v 0.004407 0.704863 -10.173431
v 0.035510 0.703712 -10.173431
v 0.004407 0.703712 -10.108825
v 0.035510 0.703712 -10.139456
v 0.004407 0.704863 -10.139456
v 0.004407 0.703712 -9.823111
v 0.004407 0.704863 -9.792479
v 0.035510 0.703712 -9.792479
v 0.004407 0.703712 -9.727872
v 0.035510 0.703712 -9.758503
v 0.004407 0.704863 -9.758503
v 0.004407 0.704863 -9.472789
v 0.004407 0.704863 -9.411527
v 0.031968 0.703712 -9.411527
v 0.031968 0.703712 -9.472789
v 0.004407 0.704863 -9.316288
v 0.031968 0.703712 -9.316288
v 0.031968 0.703712 -9.377551
v 0.004407 0.704863 -9.377551
v 0.031968 0.632163 -9.472789
v 0.031968 0.632163 -9.411527
v 0.034686 0.629860 -9.411527
v 0.004407 0.629860 -9.442158
v 0.004407 0.631011 -9.472789
v 0.031968 0.632163 -9.316288
v 0.004407 0.631011 -9.316288
v 0.004407 0.629860 -9.346920
v 0.034686 0.629860 -9.377551
v 0.031968 0.632163 -9.377551
v -0.043210 0.632163 -9.472789
v -0.015649 0.631011 -9.472789
v -0.015649 0.629860 -9.442158
v -0.043210 0.629860 -9.411527
v -0.043210 0.632163 -9.411527
v -0.043210 0.632163 -9.316288
v -0.043210 0.632163 -9.377551
v -0.043210 0.629860 -9.377551
v -0.015649 0.629860 -9.346920
v -0.015649 0.631011 -9.316288
v -0.015649 0.704863 -9.092937
v -0.043210 0.703712 -9.092937
v -0.015649 0.703712 -9.062306
v 0.004407 0.704863 -9.092937
v 0.004407 0.703712 -9.062306
v 0.031968 0.703712 -9.092937
v 0.031968 0.632163 -9.092937
v 0.004407 0.632163 -9.062306
v 0.004407 0.631011 -9.092937
v -0.043210 0.632163 -9.092937
v -0.015649 0.631011 -9.092937
v -0.015649 0.632163 -9.062306
v -0.015649 0.704863 -11.027063
v -0.015649 0.703712 -11.057695
v -0.043210 0.703712 -11.027063
v 0.004407 0.704863 -11.027063
v 0.031968 0.703712 -11.027063
v 0.004407 0.703712 -11.057695
v 0.031968 0.632163 -11.027063
v 0.004407 0.631011 -11.027063
v 0.004407 0.632163 -11.057695
v -0.043210 0.632163 -11.027063
v -0.015649 0.632163 -11.057695
v -0.015649 0.631011 -11.027063
v 0.004407 0.350089 -9.346920
v 0.004407 0.348938 -9.316288
v 0.031968 0.347786 -9.316288
v 0.035466 0.347786 -9.377551
v 0.034686 0.350089 -9.377551
v 0.004407 0.263649 -9.346920
v 0.034686 0.263649 -9.377551
v 0.035466 0.265952 -9.377551
v 0.031968 0.265952 -9.316288
v 0.004407 0.264800 -9.316288
v -0.043210 0.350089 -9.377551
v -0.043210 0.347786 -9.377551
v -0.043210 0.347786 -9.316288
v -0.015649 0.348938 -9.316288
v -0.015649 0.350089 -9.346920
v -0.043210 0.263649 -9.377551
v -0.015649 0.263649 -9.346920
v -0.015649 0.264800 -9.316288
v -0.043210 0.265952 -9.316288
v -0.043210 0.265952 -9.377551
v 0.034686 0.263649 -9.411527
v 0.004407 0.263649 -9.442158
v 0.004407 0.264800 -9.472789
v 0.031968 0.265952 -9.472789
v 0.035466 0.265952 -9.411527
v 0.034686 0.350089 -9.411527
v 0.035466 0.347786 -9.411527
v 0.031968 0.347786 -9.472789
v 0.004407 0.348938 -9.472789
v 0.004407 0.350089 -9.442158
v -0.043210 0.263649 -9.411527
v -0.043210 0.265952 -9.411527
v -0.043210 0.265952 -9.472789
v -0.015649 0.264800 -9.472789
v -0.015649 0.263649 -9.442158
v -0.043210 0.350089 -9.411527
v -0.015649 0.350089 -9.442158
v -0.015649 0.348938 -9.472789
v -0.043210 0.347786 -9.472789
v -0.043210 0.347786 -9.411527
v 0.031968 0.347786 -9.094985
v 0.004407 0.348938 -9.094985
v 0.004407 0.347786 -9.064354
v 0.031968 0.265952 -9.094985
v 0.004407 0.265952 -9.064354
v 0.004407 0.264800 -9.094985
v -0.043210 0.347786 -9.094985
v -0.015649 0.347786 -9.064354
v -0.015649 0.348938 -9.094985
v -0.043210 0.265952 -9.094985
v -0.015649 0.264800 -9.094985
v -0.015649 0.265952 -9.064354
v 0.031967 0.265952 -11.027309
v 0.004406 0.264800 -11.027309
v 0.004406 0.265952 -11.057940
v 0.031967 0.347786 -11.027309
v 0.004406 0.347786 -11.057940
v 0.004406 0.348938 -11.027309
v -0.043210 0.265952 -11.027309
v -0.015649 0.265952 -11.057940
v -0.015649 0.264800 -11.027309
v -0.043210 0.347786 -11.027309
v -0.015649 0.348938 -11.027309
v -0.015649 0.347786 -11.057940
v -0.015649 -0.293209 -11.061205
v -0.043210 -0.293209 -11.091837
v -0.015649 -0.294360 -11.091837
v -0.015649 -0.219187 -11.091837
v -0.043210 -0.220338 -11.091837
v -0.015649 -0.220338 -11.061205
v -0.043210 -0.293209 -13.030574
v -0.015649 -0.293209 -13.061205
v -0.015649 -0.294360 -13.030574
v -0.015649 -0.219187 -13.030574
v -0.015649 -0.220338 -13.061205
v -0.043210 -0.220338 -13.030574
v -0.015649 -0.294360 -12.996598
v -0.015649 -0.294360 -12.935336
v -0.043210 -0.293209 -12.935336
v -0.043210 -0.293209 -12.996598
v -0.015649 -0.294360 -12.901361
v -0.015649 -0.294360 -12.840097
v -0.043210 -0.293209 -12.840097
v -0.043210 -0.293209 -12.901361
v -0.015649 -0.294360 -12.806123
v -0.015649 -0.294360 -12.744860
v -0.043210 -0.293209 -12.744860
v -0.043210 -0.293209 -12.806123
v -0.015649 -0.294360 -12.710884
v -0.015649 -0.294360 -12.649622
v -0.043210 -0.293209 -12.649622
v -0.043210 -0.293209 -12.710884
v -0.015649 -0.294360 -12.615646
v -0.015649 -0.294360 -12.554383
v -0.043210 -0.293209 -12.554383
v -0.043210 -0.293209 -12.615646
v -0.015649 -0.294360 -12.520409
v -0.015649 -0.294360 -12.459146
v -0.043210 -0.293209 -12.459146
v -0.043210 -0.293209 -12.520409
v -0.015649 -0.294360 -12.425170
v -0.015649 -0.294360 -12.363908
v -0.043210 -0.293209 -12.363908
v -0.043210 -0.293209 -12.425170
v -0.015649 -0.294360 -12.329932
v -0.015649 -0.294360 -12.268669
v -0.043210 -0.293209 -12.268669
v -0.043210 -0.293209 -12.329932
v -0.015649 -0.294360 -12.234694
v -0.015649 -0.294360 -12.173431
v -0.043210 -0.293209 -12.173431
v -0.043210 -0.293209 -12.234694
v -0.015649 -0.294360 -12.139456
v -0.015649 -0.294360 -12.078193
v -0.043210 -0.293209 -12.078193
v -0.043210 -0.293209 -12.139456
v -0.015649 -0.294360 -12.044218
v -0.015649 -0.294360 -11.982955
v -0.043210 -0.293209 -11.982955
v -0.043210 -0.293209 -12.044218
v -0.015649 -0.294360 -11.948979
v -0.015649 -0.294360 -11.887717
v -0.043210 -0.293209 -11.887717
v -0.043210 -0.293209 -11.948979
v -0.015649 -0.294360 -11.853742
v -0.015649 -0.294360 -11.792479
v -0.043210 -0.293209 -11.792479
v -0.043210 -0.293209 -11.853742
v -0.015649 -0.294360 -11.758503
v -0.015649 -0.294360 -11.697241
v -0.043210 -0.293209 -11.697241
v -0.043210 -0.293209 -11.758503
v -0.015649 -0.294360 -11.663265
v -0.015649 -0.294360 -11.602002
v -0.043210 -0.293209 -11.602002
v -0.043210 -0.293209 -11.663265
v -0.015649 -0.294360 -11.568027
v -0.015649 -0.294360 -11.506764
v -0.043210 -0.293209 -11.506764
v -0.043210 -0.293209 -11.568027
v -0.015649 -0.294360 -11.472789
v -0.015649 -0.294360 -11.411527
v -0.043210 -0.293209 -11.411527
v -0.043210 -0.293209 -11.472789
v -0.015649 -0.294360 -11.377551
v -0.015649 -0.294360 -11.316288
v -0.043210 -0.293209 -11.316288
v -0.043210 -0.293209 -11.377551
v -0.015649 -0.294360 -11.282313
v -0.015649 -0.294360 -11.221050
v -0.043210 -0.293209 -11.221050
v -0.043210 -0.293209 -11.282313
v -0.015649 -0.294360 -11.125813
v -0.043210 -0.293209 -11.125813
v -0.043210 -0.293209 -11.187075
v -0.015649 -0.294360 -11.187075
v -0.015649 -0.219187 -11.125813
v -0.015649 -0.219187 -11.187075
v -0.043210 -0.220338 -11.187075
v -0.043210 -0.220338 -11.125813
v -0.015649 -0.219187 -11.221050
v -0.015649 -0.219187 -11.282313
v -0.043210 -0.220338 -11.282313
v -0.043210 -0.220338 -11.221050
v -0.015649 -0.219187 -11.316288
v -0.015649 -0.218036 -11.346920
v -0.043210 -0.218036 -11.377551
v -0.043210 -0.220338 -11.377551
v -0.043210 -0.220338 -11.316288
v -0.043210 -0.218036 -11.411527
v -0.015649 -0.218036 -11.442158
v -0.015649 -0.219187 -11.472789
v -0.043210 -0.220338 -11.472789
v -0.043210 -0.220338 -11.411527
v -0.015649 -0.219187 -11.506764
v -0.015649 -0.219187 -11.568027
v -0.043210 -0.220338 -11.568027
v -0.043210 -0.220338 -11.506764
v -0.015649 -0.219187 -11.602002
v -0.015649 -0.219187 -11.663265
v -0.043210 -0.220338 -11.663265
v -0.043210 -0.220338 -11.602002
v -0.015649 -0.219187 -11.697241
v -0.015649 -0.218036 -11.727872
v -0.043210 -0.218036 -11.758503
v -0.043210 -0.220338 -11.758503
v -0.043210 -0.220338 -11.697241
v -0.043210 -0.218036 -11.792479
v -0.015649 -0.218036 -11.823111
v -0.015649 -0.219187 -11.853742
v -0.043210 -0.220338 -11.853742
v -0.043210 -0.220338 -11.792479
v -0.015649 -0.219187 -11.887717
v -0.015649 -0.219187 -11.948979
v -0.043210 -0.220338 -11.948979
v -0.043210 -0.220338 -11.887717
v -0.015649 -0.219187 -11.982955
v -0.015649 -0.219187 -12.044218
v -0.043210 -0.220338 -12.044218
v -0.043210 -0.220338 -11.982955
v -0.015649 -0.219187 -12.078193
v -0.015649 -0.218036 -12.108825
v -0.043210 -0.218036 -12.139456
v -0.043210 -0.220338 -12.139456
v -0.043210 -0.220338 -12.078193
v -0.043210 -0.218036 -12.173431
v -0.015649 -0.218036 -12.204062
v -0.015649 -0.219187 -12.234694
v -0.043210 -0.220338 -12.234694
v -0.043210 -0.220338 -12.173431
v -0.015649 -0.219187 -12.268669
v -0.015649 -0.219187 -12.329932
v -0.043210 -0.220338 -12.329932
v -0.043210 -0.220338 -12.268669
v -0.015649 -0.219187 -12.363907
v -0.015649 -0.219187 -12.425170
v -0.043210 -0.220338 -12.425170
v -0.043210 -0.220338 -12.363907
v -0.015649 -0.219187 -12.459146
v -0.015649 -0.218036 -12.489777
v -0.043210 -0.218036 -12.520409
v -0.043210 -0.220338 -12.520409
v -0.043210 -0.220338 -12.459146
v -0.043210 -0.218036 -12.554383
v -0.015649 -0.218036 -12.585015
v -0.015649 -0.219187 -12.615646
v -0.043210 -0.220338 -12.615646
v -0.043210 -0.220338 -12.554383
v -0.015649 -0.219187 -12.649622
v -0.015649 -0.219187 -12.710884
v -0.043210 -0.220338 -12.710884
v -0.043210 -0.220338 -12.649622
v -0.015649 -0.219187 -12.744860
v -0.015649 -0.219187 -12.806123
v -0.043210 -0.220338 -12.806123
v -0.043210 -0.220338 -12.744860
v -0.015649 -0.219187 -12.840097
v -0.015649 -0.218036 -12.870729
v -0.043210 -0.218036 -12.901361
v -0.043210 -0.220338 -12.901361
v -0.043210 -0.220338 -12.840097
v -0.015649 -0.219187 -12.996598
v -0.043210 -0.220338 -12.996598
v -0.043210 -0.220338 -12.935336
v -0.043210 -0.218036 -12.935336
v -0.015649 -0.218036 -12.965967
v 0.004407 -0.293209 -11.061205
v 0.004407 -0.294360 -11.091837
v 0.059529 -0.294360 -11.091837
v 0.059529 -0.293209 -11.061205
v 0.004407 -0.220338 -11.061205
v 0.059529 -0.220338 -11.061205
v 0.059529 -0.219187 -11.091837
v 0.004407 -0.219187 -11.091837
v 0.004407 -0.293209 -13.061205
v 0.059529 -0.293209 -13.061205
v 0.059529 -0.294360 -13.030574
v 0.004407 -0.294360 -13.030574
v 0.004407 -0.220338 -13.061205
v 0.004407 -0.219187 -13.030574
v 0.059529 -0.219187 -13.030574
v 0.059529 -0.220338 -13.061205
v 0.004407 -0.218036 -12.965967
v 0.035510 -0.218036 -12.935336
v 0.031968 -0.220338 -12.935336
v 0.059529 -0.220338 -12.965967
v 0.059529 -0.219187 -12.996598
v 0.004407 -0.219187 -12.996598
v 0.004407 -0.218036 -12.870729
v 0.004407 -0.219187 -12.840097
v 0.059529 -0.219187 -12.840097
v 0.059529 -0.220338 -12.870729
v 0.031968 -0.220338 -12.901361
v 0.035510 -0.218036 -12.901361
v 0.004407 -0.219187 -12.806123
v 0.004407 -0.219187 -12.744860
v 0.031968 -0.220338 -12.744860
v 0.059529 -0.220338 -12.775491
v 0.059529 -0.219187 -12.806123
v 0.004407 -0.219187 -12.710884
v 0.004407 -0.219187 -12.649622
v 0.059529 -0.219187 -12.649622
v 0.059529 -0.220338 -12.680253
v 0.031968 -0.220338 -12.710884
v 0.004407 -0.218036 -12.585015
v 0.035510 -0.218036 -12.554383
v 0.031968 -0.220338 -12.554383
v 0.059529 -0.220338 -12.585015
v 0.059529 -0.219187 -12.615646
v 0.004407 -0.219187 -12.615646
v 0.004407 -0.218036 -12.489777
v 0.004407 -0.219187 -12.459146
v 0.059529 -0.219187 -12.459146
v 0.059529 -0.220338 -12.489777
v 0.031968 -0.220338 -12.520409
v 0.035510 -0.218036 -12.520409
v 0.004407 -0.219187 -12.425170
v 0.004407 -0.219187 -12.363907
v 0.031968 -0.220338 -12.363907
v 0.059529 -0.220338 -12.394539
v 0.059529 -0.219187 -12.425170
v 0.004407 -0.219187 -12.329932
v 0.004407 -0.219187 -12.268669
v 0.059529 -0.219187 -12.268669
v 0.059529 -0.220338 -12.299300
v 0.031968 -0.220338 -12.329932
v 0.004407 -0.218036 -12.204062
v 0.035510 -0.218036 -12.173431
v 0.031968 -0.220338 -12.173431
v 0.059529 -0.220338 -12.204062
v 0.059529 -0.219187 -12.234694
v 0.004407 -0.219187 -12.234694
v 0.004407 -0.218036 -12.108825
v 0.004407 -0.219187 -12.078193
v 0.059529 -0.219187 -12.078193
v 0.059529 -0.220338 -12.108825
v 0.031968 -0.220338 -12.139456
v 0.035510 -0.218036 -12.139456
v 0.004407 -0.219187 -12.044218
v 0.004407 -0.219187 -11.982955
v 0.031968 -0.220338 -11.982955
v 0.059529 -0.220338 -12.013586
v 0.059529 -0.219187 -12.044218
v 0.004407 -0.219187 -11.948979
v 0.004407 -0.219187 -11.887717
v 0.059529 -0.219187 -11.887717
v 0.059529 -0.220338 -11.918348
v 0.031968 -0.220338 -11.948979
v 0.004407 -0.218036 -11.823111
v 0.035510 -0.218036 -11.792479
v 0.031968 -0.220338 -11.792479
v 0.059529 -0.220338 -11.823111
v 0.059529 -0.219187 -11.853742
v 0.004407 -0.219187 -11.853742
v 0.004407 -0.218036 -11.727872
v 0.004407 -0.219187 -11.697241
v 0.059529 -0.219187 -11.697241
v 0.059529 -0.220338 -11.727872
v 0.031968 -0.220338 -11.758503
v 0.035510 -0.218036 -11.758503
v 0.004407 -0.219187 -11.663265
v 0.004407 -0.219187 -11.602002
v 0.031968 -0.220338 -11.602002
v 0.059529 -0.220338 -11.632634
v 0.059529 -0.219187 -11.663265
v 0.004407 -0.219187 -11.568027
v 0.004407 -0.219187 -11.506764
v 0.059529 -0.219187 -11.506764
v 0.059529 -0.220338 -11.537395
v 0.031968 -0.220338 -11.568027
v 0.004407 -0.218036 -11.442158
v 0.034685 -0.218036 -11.411527
v 0.031968 -0.220338 -11.411527
v 0.059529 -0.220338 -11.442158
v 0.059529 -0.219187 -11.472789
v 0.004407 -0.219187 -11.472789
v 0.004407 -0.218036 -11.346920
v 0.004407 -0.219187 -11.316288
v 0.059529 -0.219187 -11.316288
v 0.059529 -0.220338 -11.346920
v 0.031968 -0.220338 -11.377551
v 0.034685 -0.218036 -11.377551
v 0.004407 -0.219187 -11.282313
v 0.004407 -0.219187 -11.221050
v 0.031968 -0.220338 -11.221050
v 0.059529 -0.220338 -11.251681
v 0.059529 -0.219187 -11.282313
v 0.004407 -0.219187 -11.125813
v 0.059529 -0.219187 -11.125813
v 0.059529 -0.220338 -11.156444
v 0.031968 -0.220338 -11.187075
v 0.004407 -0.219187 -11.187075
v 0.004407 -0.294360 -11.125813
v 0.059529 -0.294360 -11.187075
v 0.004407 -0.294360 -11.282313
v 0.059529 -0.294360 -11.221050
v 0.004407 -0.294360 -11.316288
v 0.059529 -0.294360 -11.377551
v 0.004407 -0.294360 -11.472789
v 0.059529 -0.294360 -11.411527
v 0.004407 -0.294360 -11.506764
v 0.059529 -0.294360 -11.568027
v 0.004407 -0.294360 -11.663265
v 0.059529 -0.294360 -11.602002
v 0.004407 -0.294360 -11.697241
v 0.059529 -0.294360 -11.758503
v 0.004407 -0.294360 -11.853742
v 0.059529 -0.294360 -11.792479
v 0.004407 -0.294360 -11.887717
v 0.059529 -0.294360 -11.948979
v 0.004407 -0.294360 -12.044218
v 0.059529 -0.294360 -11.982955
v 0.004407 -0.294360 -12.078193
v 0.059529 -0.294360 -12.139456
v 0.004407 -0.294360 -12.234694
v 0.059529 -0.294360 -12.173431
v 0.004407 -0.294360 -12.268669
v 0.059529 -0.294360 -12.329932
v 0.004407 -0.294360 -12.425170
v 0.059529 -0.294360 -12.363907
v 0.004407 -0.294360 -12.459146
v 0.059529 -0.294360 -12.520409
v 0.004407 -0.294360 -12.615646
v 0.059529 -0.294360 -12.554383
v 0.004407 -0.294360 -12.649622
v 0.059529 -0.294360 -12.710884
v 0.004407 -0.294360 -12.806123
v 0.059529 -0.294360 -12.744860
v 0.004407 -0.294360 -12.840097
v 0.059529 -0.294360 -12.901361
v 0.004407 -0.294360 -12.996598
v 0.059529 -0.294360 -12.935336
v 0.059529 -0.291889 -11.251681
v 0.031968 -0.291889 -11.221050
v 0.059529 -0.291889 -11.442158
v 0.031968 -0.291889 -11.411527
v 0.059529 -0.291889 -11.632634
v 0.031968 -0.291889 -11.602002
v 0.059529 -0.291889 -11.823111
v 0.031968 -0.291889 -11.792479
v 0.059529 -0.291889 -12.013586
v 0.031968 -0.291889 -11.982955
v 0.059529 -0.291889 -12.204062
v 0.031968 -0.291889 -12.173431
v 0.031968 -0.291889 -12.329932
v 0.059529 -0.291889 -12.299300
v 0.059529 -0.291889 -12.394539
v 0.031968 -0.291889 -12.363907
v 0.031968 -0.291889 -12.520409
v 0.059529 -0.291889 -12.489777
v 0.059529 -0.291889 -12.585015
v 0.031968 -0.291889 -12.554383
v 0.031968 -0.291889 -12.710884
v 0.059529 -0.291889 -12.680253
v 0.031968 -0.291889 -12.901361
v 0.059529 -0.291889 -12.870729
v -0.043210 0.703712 -11.377551
v -0.043210 0.703712 -11.316288
v -0.015649 0.704863 -11.316288
v -0.015649 0.704863 -11.377551
v -0.043210 0.703712 -11.411527
v -0.015649 0.704863 -11.411527
v -0.015649 0.704863 -11.472789
v -0.043210 0.703712 -11.472789
v -0.043210 0.703712 -11.758503
v -0.015649 0.703712 -11.727872
v -0.015649 0.704863 -11.758503
v -0.043210 0.703712 -11.792479
v -0.015649 0.704863 -11.792479
v -0.015649 0.703712 -11.823111
v -0.043210 0.703712 -12.139456
v -0.015649 0.703712 -12.108825
v -0.015649 0.704863 -12.139456
v -0.043210 0.703712 -12.173431
v -0.015649 0.704863 -12.173431
v -0.015649 0.703712 -12.204062
v -0.043210 0.703712 -12.520409
v -0.015649 0.703712 -12.489777
v -0.015649 0.704863 -12.520409
v -0.043210 0.703712 -12.554383
v -0.015649 0.704863 -12.554383
v -0.015649 0.703712 -12.585015
v -0.043210 0.703712 -12.901361
v -0.015649 0.703712 -12.870729
v -0.015649 0.704863 -12.901361
v -0.043210 0.703712 -12.935336
v -0.015649 0.704863 -12.935336
v -0.015649 0.703712 -12.965967
v 0.004407 0.703712 -12.965967
v 0.004407 0.704863 -12.935336
v 0.035510 0.703712 -12.935336
v 0.004407 0.703712 -12.870729
v 0.035510 0.703712 -12.901361
v 0.004407 0.704863 -12.901361
v 0.004407 0.703712 -12.585015
v 0.004407 0.704863 -12.554383
v 0.035510 0.703712 -12.554383
v 0.004407 0.703712 -12.489777
v 0.035510 0.703712 -12.520409
v 0.004407 0.704863 -12.520409
v 0.004407 0.703712 -12.204062
v 0.004407 0.704863 -12.173431
v 0.035510 0.703712 -12.173431
v 0.004407 0.703712 -12.108825
v 0.035510 0.703712 -12.139456
v 0.004407 0.704863 -12.139456
v 0.004407 0.703712 -11.823111
v 0.004407 0.704863 -11.792479
v 0.035510 0.703712 -11.792479
v 0.004407 0.703712 -11.727872
v 0.035510 0.703712 -11.758503
v 0.004407 0.704863 -11.758503
v 0.004407 0.704863 -11.472789
v 0.004407 0.704863 -11.411527
v 0.031968 0.703712 -11.411527
v 0.031968 0.703712 -11.472789
v 0.004407 0.704863 -11.316288
v 0.031968 0.703712 -11.316288
v 0.031968 0.703712 -11.377551
v 0.004407 0.704863 -11.377551
v 0.031968 0.632163 -11.472789
v 0.031968 0.632163 -11.411527
v 0.034685 0.629860 -11.411527
v 0.004407 0.629860 -11.442158
v 0.004407 0.631011 -11.472789
v 0.031968 0.632163 -11.316288
v 0.004407 0.631011 -11.316288
v 0.004407 0.629860 -11.346920
v 0.034685 0.629860 -11.377551
v 0.031968 0.632163 -11.377551
v -0.043210 0.632163 -11.472789
v -0.015649 0.631011 -11.472789
v -0.015649 0.629860 -11.442158
v -0.043210 0.629860 -11.411527
v -0.043210 0.632163 -11.411527
v -0.043210 0.632163 -11.316288
v -0.043210 0.632163 -11.377551
v -0.043210 0.629860 -11.377551
v -0.015649 0.629860 -11.346920
v -0.015649 0.631011 -11.316288
v -0.015649 0.704863 -11.092937
v -0.043210 0.703712 -11.092937
v -0.015649 0.703712 -11.062306
v 0.004407 0.704863 -11.092937
v 0.004407 0.703712 -11.062306
v 0.031968 0.703712 -11.092937
v 0.031968 0.632163 -11.092937
v 0.004407 0.632163 -11.062306
v 0.004407 0.631011 -11.092937
v -0.043210 0.632163 -11.092937
v -0.015649 0.631011 -11.092937
v -0.015649 0.632163 -11.062306
v -0.015649 0.704863 -13.027063
v -0.015649 0.703712 -13.057695
v -0.043210 0.703712 -13.027063
v 0.004407 0.704863 -13.027063
v 0.031968 0.703712 -13.027063
v 0.004407 0.703712 -13.057695
v 0.031968 0.632163 -13.027063
v 0.004407 0.631011 -13.027063
v 0.004407 0.632163 -13.057695
v -0.043210 0.632163 -13.027063
v -0.015649 0.632163 -13.057695
v -0.015649 0.631011 -13.027063
v 0.004407 0.350089 -11.346920
v 0.004407 0.348938 -11.316288
v 0.031968 0.347786 -11.316288
v 0.035466 0.347786 -11.377551
v 0.034685 0.350089 -11.377551
v 0.004407 0.263649 -11.346920
v 0.034685 0.263649 -11.377551
v 0.035466 0.265952 -11.377551
v 0.031968 0.265952 -11.316288
v 0.004407 0.264800 -11.316288
v -0.043210 0.350089 -11.377551
v -0.043210 0.347786 -11.377551
v -0.043210 0.347786 -11.316288
v -0.015649 0.348938 -11.316288
v -0.015649 0.350089 -11.346920
v -0.043210 0.263649 -11.377551
v -0.015649 0.263649 -11.346920
v -0.015649 0.264800 -11.316288
v -0.043210 0.265952 -11.316288
v -0.043210 0.265952 -11.377551
v 0.034685 0.263649 -11.411527
v 0.004407 0.263649 -11.442158
v 0.004407 0.264800 -11.472789
v 0.031968 0.265952 -11.472789
v 0.035466 0.265952 -11.411527
v 0.034685 0.350089 -11.411527
v 0.035466 0.347786 -11.411527
v 0.031968 0.347786 -11.472789
v 0.004407 0.348938 -11.472789
v 0.004407 0.350089 -11.442158
v -0.043210 0.263649 -11.411527
v -0.043210 0.265952 -11.411527
v -0.043210 0.265952 -11.472789
v -0.015649 0.264800 -11.472789
v -0.015649 0.263649 -11.442158
v -0.043210 0.350089 -11.411527
v -0.015649 0.350089 -11.442158
v -0.015649 0.348938 -11.472789
v -0.043210 0.347786 -11.472789
v -0.043210 0.347786 -11.411527
v 0.031968 0.347786 -11.094985
v 0.004407 0.348938 -11.094985
v 0.004407 0.347786 -11.064354
v 0.031968 0.265952 -11.094985
v 0.004407 0.265952 -11.064354
v 0.004407 0.264800 -11.094985
v -0.043210 0.347786 -11.094985
v -0.015649 0.347786 -11.064354
v -0.015649 0.348938 -11.094985
v -0.043210 0.265952 -11.094985
v -0.015649 0.264800 -11.094985
v -0.015649 0.265952 -11.064354
v 0.031967 0.265952 -13.027309
v 0.004406 0.264800 -13.027309
v 0.004406 0.265952 -13.057940
v 0.031967 0.347786 -13.027309
v 0.004406 0.347786 -13.057940
v 0.004406 0.348938 -13.027309
v -0.043211 0.265952 -13.027309
v -0.015649 0.265952 -13.057940
v -0.015649 0.264800 -13.027309
v -0.043211 0.347786 -13.027309
v -0.015649 0.348938 -13.027309
v -0.015649 0.347786 -13.057940
v -0.015649 -0.293209 -13.061205
v -0.043210 -0.293209 -13.091837
v -0.015649 -0.294360 -13.091837
v -0.015649 -0.219187 -13.091837
v -0.043210 -0.220338 -13.091837
v -0.015649 -0.220338 -13.061205
v -0.043210 -0.293209 -15.030574
v -0.015649 -0.293209 -15.061205
v -0.015649 -0.294360 -15.030574
v -0.015649 -0.219187 -15.030574
v -0.015649 -0.220338 -15.061205
v -0.043210 -0.220338 -15.030574
v -0.015649 -0.294360 -14.996598
v -0.015649 -0.294360 -14.935336
v -0.043210 -0.293209 -14.935336
v -0.043210 -0.293209 -14.996598
v -0.015649 -0.294360 -14.901361
v -0.015649 -0.294360 -14.840097
v -0.043210 -0.293209 -14.840097
v -0.043210 -0.293209 -14.901361
v -0.015649 -0.294360 -14.806123
v -0.015649 -0.294360 -14.744860
v -0.043210 -0.293209 -14.744860
v -0.043210 -0.293209 -14.806123
v -0.015649 -0.294360 -14.710884
v -0.015649 -0.294360 -14.649622
v -0.043210 -0.293209 -14.649622
v -0.043210 -0.293209 -14.710884
v -0.015649 -0.294360 -14.615646
v -0.015649 -0.294360 -14.554383
v -0.043210 -0.293209 -14.554383
v -0.043210 -0.293209 -14.615646
v -0.015649 -0.294360 -14.520409
v -0.015649 -0.294360 -14.459146
v -0.043210 -0.293209 -14.459146
v -0.043210 -0.293209 -14.520409
v -0.015649 -0.294360 -14.425170
v -0.015649 -0.294360 -14.363908
v -0.043210 -0.293209 -14.363908
v -0.043210 -0.293209 -14.425170
v -0.015649 -0.294360 -14.329932
v -0.015649 -0.294360 -14.268669
v -0.043210 -0.293209 -14.268669
v -0.043210 -0.293209 -14.329932
v -0.015649 -0.294360 -14.234694
v -0.015649 -0.294360 -14.173431
v -0.043210 -0.293209 -14.173431
v -0.043210 -0.293209 -14.234694
v -0.015649 -0.294360 -14.139456
v -0.015649 -0.294360 -14.078193
v -0.043210 -0.293209 -14.078193
v -0.043210 -0.293209 -14.139456
v -0.015649 -0.294360 -14.044218
v -0.015649 -0.294360 -13.982955
v -0.043210 -0.293209 -13.982955
v -0.043210 -0.293209 -14.044218
v -0.015649 -0.294360 -13.948979
v -0.015649 -0.294360 -13.887717
v -0.043210 -0.293209 -13.887717
v -0.043210 -0.293209 -13.948979
v -0.015649 -0.294360 -13.853742
v -0.015649 -0.294360 -13.792479
v -0.043210 -0.293209 -13.792479
v -0.043210 -0.293209 -13.853742
v -0.015649 -0.294360 -13.758503
v -0.015649 -0.294360 -13.697241
v -0.043210 -0.293209 -13.697241
v -0.043210 -0.293209 -13.758503
v -0.015649 -0.294360 -13.663265
v -0.015649 -0.294360 -13.602002
v -0.043210 -0.293209 -13.602002
v -0.043210 -0.293209 -13.663265
v -0.015649 -0.294360 -13.568027
v -0.015649 -0.294360 -13.506764
v -0.043210 -0.293209 -13.506764
v -0.043210 -0.293209 -13.568027
v -0.015649 -0.294360 -13.472789
v -0.015649 -0.294360 -13.411527
v -0.043210 -0.293209 -13.411527
v -0.043210 -0.293209 -13.472789
v -0.015649 -0.294360 -13.377551
v -0.015649 -0.294360 -13.316288
v -0.043210 -0.293209 -13.316288
v -0.043210 -0.293209 -13.377551
v -0.015649 -0.294360 -13.282313
v -0.015649 -0.294360 -13.221050
v -0.043210 -0.293209 -13.221050
v -0.043210 -0.293209 -13.282313
v -0.015649 -0.294360 -13.125813
v -0.043210 -0.293209 -13.125813
v -0.043210 -0.293209 -13.187075
v -0.015649 -0.294360 -13.187075
v -0.015649 -0.219187 -13.125813
v -0.015649 -0.219187 -13.187075
v -0.043210 -0.220338 -13.187075
v -0.043210 -0.220338 -13.125813
v -0.015649 -0.219187 -13.221050
v -0.015649 -0.219187 -13.282313
v -0.043210 -0.220338 -13.282313
v -0.043210 -0.220338 -13.221050
v -0.015649 -0.219187 -13.316288
v -0.015649 -0.218036 -13.346920
v -0.043210 -0.218036 -13.377551
v -0.043210 -0.220338 -13.377551
v -0.043210 -0.220338 -13.316288
v -0.043210 -0.218036 -13.411527
v -0.015649 -0.218036 -13.442158
v -0.015649 -0.219187 -13.472789
v -0.043210 -0.220338 -13.472789
v -0.043210 -0.220338 -13.411527
v -0.015649 -0.219187 -13.506764
v -0.015649 -0.219187 -13.568027
v -0.043210 -0.220338 -13.568027
v -0.043210 -0.220338 -13.506764
v -0.015649 -0.219187 -13.602002
v -0.015649 -0.219187 -13.663265
v -0.043210 -0.220338 -13.663265
v -0.043210 -0.220338 -13.602002
v -0.015649 -0.219187 -13.697241
v -0.015649 -0.218036 -13.727872
v -0.043210 -0.218036 -13.758503
v -0.043210 -0.220338 -13.758503
v -0.043210 -0.220338 -13.697241
v -0.043210 -0.218036 -13.792479
v -0.015649 -0.218036 -13.823111
v -0.015649 -0.219187 -13.853742
v -0.043210 -0.220338 -13.853742
v -0.043210 -0.220338 -13.792479
v -0.015649 -0.219187 -13.887717
v -0.015649 -0.219187 -13.948979
v -0.043210 -0.220338 -13.948979
v -0.043210 -0.220338 -13.887717
v -0.015649 -0.219187 -13.982955
v -0.015649 -0.219187 -14.044218
v -0.043210 -0.220338 -14.044218
v -0.043210 -0.220338 -13.982955
v -0.015649 -0.219187 -14.078193
v -0.015649 -0.218036 -14.108825
v -0.043210 -0.218036 -14.139456
v -0.043210 -0.220338 -14.139456
v -0.043210 -0.220338 -14.078193
v -0.043210 -0.218036 -14.173431
v -0.015649 -0.218036 -14.204062
v -0.015649 -0.219187 -14.234694
v -0.043210 -0.220338 -14.234694
v -0.043210 -0.220338 -14.173431
v -0.015649 -0.219187 -14.268669
v -0.015649 -0.219187 -14.329932
v -0.043210 -0.220338 -14.329932
v -0.043210 -0.220338 -14.268669
v -0.015649 -0.219187 -14.363907
v -0.015649 -0.219187 -14.425170
v -0.043210 -0.220338 -14.425170
v -0.043210 -0.220338 -14.363907
v -0.015649 -0.219187 -14.459146
v -0.015649 -0.218036 -14.489777
v -0.043210 -0.218036 -14.520409
v -0.043210 -0.220338 -14.520409
v -0.043210 -0.220338 -14.459146
v -0.043210 -0.218036 -14.554383
v -0.015649 -0.218036 -14.585015
v -0.015649 -0.219187 -14.615646
v -0.043210 -0.220338 -14.615646
v -0.043210 -0.220338 -14.554383
v -0.015649 -0.219187 -14.649622
v -0.015649 -0.219187 -14.710884
v -0.043210 -0.220338 -14.710884
v -0.043210 -0.220338 -14.649622
v -0.015649 -0.219187 -14.744860
v -0.015649 -0.219187 -14.806123
v -0.043210 -0.220338 -14.806123
v -0.043210 -0.220338 -14.744860
v -0.015649 -0.219187 -14.840097
v -0.015649 -0.218036 -14.870729
v -0.043210 -0.218036 -14.901361
v -0.043210 -0.220338 -14.901361
v -0.043210 -0.220338 -14.840097
v -0.015649 -0.219187 -14.996598
v -0.043210 -0.220338 -14.996598
v -0.043210 -0.220338 -14.935336
v -0.043210 -0.218036 -14.935336
v -0.015649 -0.218036 -14.965967
v 0.004407 -0.293209 -13.061205
v 0.004407 -0.294360 -13.091837
v 0.059529 -0.294360 -13.091837
v 0.059529 -0.293209 -13.061205
v 0.004407 -0.220338 -13.061205
v 0.059529 -0.220338 -13.061205
v 0.059529 -0.219187 -13.091837
v 0.004407 -0.219187 -13.091837
v 0.004407 -0.293209 -15.061205
v 0.059529 -0.293209 -15.061205
v 0.059529 -0.294360 -15.030574
v 0.004407 -0.294360 -15.030574
v 0.004407 -0.220338 -15.061205
v 0.004407 -0.219187 -15.030574
v 0.059529 -0.219187 -15.030574
v 0.059529 -0.220338 -15.061205
v 0.004407 -0.218036 -14.965967
v 0.035510 -0.218036 -14.935336
v 0.031968 -0.220338 -14.935336
v 0.059529 -0.220338 -14.965967
v 0.059529 -0.219187 -14.996598
v 0.004407 -0.219187 -14.996598
v 0.004407 -0.218036 -14.870729
v 0.004407 -0.219187 -14.840097
v 0.059529 -0.219187 -14.840097
v 0.059529 -0.220338 -14.870729
v 0.031968 -0.220338 -14.901361
v 0.035510 -0.218036 -14.901361
v 0.004407 -0.219187 -14.806123
v 0.004407 -0.219187 -14.744860
v 0.031968 -0.220338 -14.744860
v 0.059529 -0.220338 -14.775491
v 0.059529 -0.219187 -14.806123
v 0.004407 -0.219187 -14.710884
v 0.004407 -0.219187 -14.649622
v 0.059529 -0.219187 -14.649622
v 0.059529 -0.220338 -14.680253
v 0.031968 -0.220338 -14.710884
v 0.004407 -0.218036 -14.585015
v 0.035510 -0.218036 -14.554383
v 0.031968 -0.220338 -14.554383
v 0.059529 -0.220338 -14.585015
v 0.059529 -0.219187 -14.615646
v 0.004407 -0.219187 -14.615646
v 0.004407 -0.218036 -14.489777
v 0.004407 -0.219187 -14.459146
v 0.059529 -0.219187 -14.459146
v 0.059529 -0.220338 -14.489777
v 0.031968 -0.220338 -14.520409
v 0.035510 -0.218036 -14.520409
v 0.004407 -0.219187 -14.425170
v 0.004407 -0.219187 -14.363907
v 0.031968 -0.220338 -14.363907
v 0.059529 -0.220338 -14.394539
v 0.059529 -0.219187 -14.425170
v 0.004407 -0.219187 -14.329932
v 0.004407 -0.219187 -14.268669
v 0.059529 -0.219187 -14.268669
v 0.059529 -0.220338 -14.299300
v 0.031968 -0.220338 -14.329932
v 0.004407 -0.218036 -14.204062
v 0.035510 -0.218036 -14.173431
v 0.031968 -0.220338 -14.173431
v 0.059529 -0.220338 -14.204062
v 0.059529 -0.219187 -14.234694
v 0.004407 -0.219187 -14.234694
v 0.004407 -0.218036 -14.108825
v 0.004407 -0.219187 -14.078193
v 0.059529 -0.219187 -14.078193
v 0.059529 -0.220338 -14.108825
v 0.031968 -0.220338 -14.139456
v 0.035510 -0.218036 -14.139456
v 0.004407 -0.219187 -14.044218
v 0.004407 -0.219187 -13.982955
v 0.031968 -0.220338 -13.982955
v 0.059529 -0.220338 -14.013586
v 0.059529 -0.219187 -14.044218
v 0.004407 -0.219187 -13.948979
v 0.004407 -0.219187 -13.887717
v 0.059529 -0.219187 -13.887717
v 0.059529 -0.220338 -13.918348
v 0.031968 -0.220338 -13.948979
v 0.004407 -0.218036 -13.823111
v 0.035510 -0.218036 -13.792479
v 0.031968 -0.220338 -13.792479
v 0.059529 -0.220338 -13.823111
v 0.059529 -0.219187 -13.853742
v 0.004407 -0.219187 -13.853742
v 0.004407 -0.218036 -13.727872
v 0.004407 -0.219187 -13.697241
v 0.059529 -0.219187 -13.697241
v 0.059529 -0.220338 -13.727872
v 0.031968 -0.220338 -13.758503
v 0.035510 -0.218036 -13.758503
v 0.004407 -0.219187 -13.663265
v 0.004407 -0.219187 -13.602002
v 0.031968 -0.220338 -13.602002
v 0.059529 -0.220338 -13.632634
v 0.059529 -0.219187 -13.663265
v 0.004407 -0.219187 -13.568027
v 0.004407 -0.219187 -13.506764
v 0.059529 -0.219187 -13.506764
v 0.059529 -0.220338 -13.537395
v 0.031968 -0.220338 -13.568027
v 0.004407 -0.218036 -13.442158
v 0.034685 -0.218036 -13.411527
v 0.031968 -0.220338 -13.411527
v 0.059529 -0.220338 -13.442158
v 0.059529 -0.219187 -13.472789
v 0.004407 -0.219187 -13.472789
v 0.004407 -0.218036 -13.346920
v 0.004407 -0.219187 -13.316288
v 0.059529 -0.219187 -13.316288
v 0.059529 -0.220338 -13.346920
v 0.031968 -0.220338 -13.377551
v 0.034685 -0.218036 -13.377551
v 0.004407 -0.219187 -13.282313
v 0.004407 -0.219187 -13.221050
v 0.031968 -0.220338 -13.221050
v 0.059529 -0.220338 -13.251681
v 0.059529 -0.219187 -13.282313
v 0.004407 -0.219187 -13.125813
v 0.059529 -0.219187 -13.125813
v 0.059529 -0.220338 -13.156444
v 0.031968 -0.220338 -13.187075
v 0.004407 -0.219187 -13.187075
v 0.004407 -0.294360 -13.125813
v 0.059529 -0.294360 -13.187075
v 0.004407 -0.294360 -13.282313
v 0.059529 -0.294360 -13.221050
v 0.004407 -0.294360 -13.316288
v 0.059529 -0.294360 -13.377551
v 0.004407 -0.294360 -13.472789
v 0.059529 -0.294360 -13.411527
v 0.004407 -0.294360 -13.506764
v 0.059529 -0.294360 -13.568027
v 0.004407 -0.294360 -13.663265
v 0.059529 -0.294360 -13.602002
v 0.004407 -0.294360 -13.697241
v 0.059529 -0.294360 -13.758503
v 0.004407 -0.294360 -13.853742
v 0.059529 -0.294360 -13.792479
v 0.004407 -0.294360 -13.887717
v 0.059529 -0.294360 -13.948979
v 0.004407 -0.294360 -14.044218
v 0.059529 -0.294360 -13.982955
v 0.004407 -0.294360 -14.078193
v 0.059529 -0.294360 -14.139456
v 0.004407 -0.294360 -14.234694
v 0.059529 -0.294360 -14.173431
v 0.004407 -0.294360 -14.268669
v 0.059529 -0.294360 -14.329932
v 0.004407 -0.294360 -14.425170
v 0.059529 -0.294360 -14.363907
v 0.004407 -0.294360 -14.459146
v 0.059529 -0.294360 -14.520409
v 0.004407 -0.294360 -14.615646
v 0.059529 -0.294360 -14.554383
v 0.004407 -0.294360 -14.649622
v 0.059529 -0.294360 -14.710884
v 0.004407 -0.294360 -14.806123
v 0.059529 -0.294360 -14.744860
v 0.004407 -0.294360 -14.840097
v 0.059529 -0.294360 -14.901361
v 0.004407 -0.294360 -14.996598
v 0.059529 -0.294360 -14.935336
v 0.059529 -0.291889 -13.251681
v 0.031968 -0.291889 -13.221050
v 0.059529 -0.291889 -13.442158
v 0.031968 -0.291889 -13.411527
v 0.059529 -0.291889 -13.632634
v 0.031968 -0.291889 -13.602002
v 0.059529 -0.291889 -13.823111
v 0.031968 -0.291889 -13.792479
v 0.059529 -0.291889 -14.013586
v 0.031968 -0.291889 -13.982955
v 0.059529 -0.291889 -14.204062
v 0.031968 -0.291889 -14.173431
v 0.031968 -0.291889 -14.329932
v 0.059529 -0.291889 -14.299300
v 0.059529 -0.291889 -14.394539
v 0.031968 -0.291889 -14.363907
v 0.031968 -0.291889 -14.520409
v 0.059529 -0.291889 -14.489777
v 0.059529 -0.291889 -14.585015
v 0.031968 -0.291889 -14.554383
v 0.031968 -0.291889 -14.710884
v 0.059529 -0.291889 -14.680253
v 0.031968 -0.291889 -14.901361
v 0.059529 -0.291889 -14.870729
v -0.043210 0.703712 -13.377551
v -0.043210 0.703712 -13.316288
v -0.015649 0.704863 -13.316288
v -0.015649 0.704863 -13.377551
v -0.043210 0.703712 -13.411527
v -0.015649 0.704863 -13.411527
v -0.015649 0.704863 -13.472789
v -0.043210 0.703712 -13.472789
v -0.043210 0.703712 -13.758503
v -0.015649 0.703712 -13.727872
v -0.015649 0.704863 -13.758503
v -0.043210 0.703712 -13.792479
v -0.015649 0.704863 -13.792479
v -0.015649 0.703712 -13.823111
v -0.043210 0.703712 -14.139456
v -0.015649 0.703712 -14.108825
v -0.015649 0.704863 -14.139456
v -0.043210 0.703712 -14.173431
v -0.015649 0.704863 -14.173431
v -0.015649 0.703712 -14.204062
v -0.043210 0.703712 -14.520409
v -0.015649 0.703712 -14.489777
v -0.015649 0.704863 -14.520409
v -0.043210 0.703712 -14.554383
v -0.015649 0.704863 -14.554383
v -0.015649 0.703712 -14.585015
v -0.043210 0.703712 -14.901361
v -0.015649 0.703712 -14.870729
v -0.015649 0.704863 -14.901361
v -0.043210 0.703712 -14.935336
v -0.015649 0.704863 -14.935336
v -0.015649 0.703712 -14.965967
v 0.004407 0.703712 -14.965967
v 0.004407 0.704863 -14.935336
v 0.035510 0.703712 -14.935336
v 0.004407 0.703712 -14.870729
v 0.035510 0.703712 -14.901361
v 0.004407 0.704863 -14.901361
v 0.004407 0.703712 -14.585015
v 0.004407 0.704863 -14.554383
v 0.035510 0.703712 -14.554383
v 0.004407 0.703712 -14.489777
v 0.035510 0.703712 -14.520409
v 0.004407 0.704863 -14.520409
v 0.004407 0.703712 -14.204062
v 0.004407 0.704863 -14.173431
v 0.035510 0.703712 -14.173431
v 0.004407 0.703712 -14.108825
v 0.035510 0.703712 -14.139456
v 0.004407 0.704863 -14.139456
v 0.004407 0.703712 -13.823111
v 0.004407 0.704863 -13.792479
v 0.035510 0.703712 -13.792479
v 0.004407 0.703712 -13.727872
v 0.035510 0.703712 -13.758503
v 0.004407 0.704863 -13.758503
v 0.004407 0.704863 -13.472789
v 0.004407 0.704863 -13.411527
v 0.031968 0.703712 -13.411527
v 0.031968 0.703712 -13.472789
v 0.004407 0.704863 -13.316288
v 0.031968 0.703712 -13.316288
v 0.031968 0.703712 -13.377551
v 0.004407 0.704863 -13.377551
v 0.031968 0.632163 -13.472789
v 0.031968 0.632163 -13.411527
v 0.034685 0.629860 -13.411527
v 0.004407 0.629860 -13.442158
v 0.004407 0.631011 -13.472789
v 0.031968 0.632163 -13.316288
v 0.004407 0.631011 -13.316288
v 0.004407 0.629860 -13.346920
v 0.034685 0.629860 -13.377551
v 0.031968 0.632163 -13.377551
v -0.043210 0.632163 -13.472789
v -0.015649 0.631011 -13.472789
v -0.015649 0.629860 -13.442158
v -0.043210 0.629860 -13.411527
v -0.043210 0.632163 -13.411527
v -0.043210 0.632163 -13.316288
v -0.043210 0.632163 -13.377551
v -0.043210 0.629860 -13.377551
v -0.015649 0.629860 -13.346920
v -0.015649 0.631011 -13.316288
v -0.015649 0.704863 -13.092937
v -0.043210 0.703712 -13.092937
v -0.015649 0.703712 -13.062306
v 0.004407 0.704863 -13.092937
v 0.004407 0.703712 -13.062306
v 0.031968 0.703712 -13.092937
v 0.031968 0.632163 -13.092937
v 0.004407 0.632163 -13.062306
v 0.004407 0.631011 -13.092937
v -0.043210 0.632163 -13.092937
v -0.015649 0.631011 -13.092937
v -0.015649 0.632163 -13.062306
v -0.015649 0.704863 -15.027063
v -0.015649 0.703712 -15.057695
v -0.043210 0.703712 -15.027063
v 0.004407 0.704863 -15.027063
v 0.031968 0.703712 -15.027063
v 0.004407 0.703712 -15.057695
v 0.031968 0.632163 -15.027063
v 0.004407 0.631011 -15.027063
v 0.004407 0.632163 -15.057695
v -0.043210 0.632163 -15.027063
v -0.015649 0.632163 -15.057695
v -0.015649 0.631011 -15.027063
v 0.004407 0.350089 -13.346920
v 0.004407 0.348938 -13.316288
v 0.031968 0.347786 -13.316288
v 0.035465 0.347786 -13.377551
v 0.034685 0.350089 -13.377551
v 0.004407 0.263649 -13.346920
v 0.034685 0.263649 -13.377551
v 0.035465 0.265952 -13.377551
v 0.031968 0.265952 -13.316288
v 0.004407 0.264800 -13.316288
v -0.043210 0.350089 -13.377551
v -0.043210 0.347786 -13.377551
v -0.043210 0.347786 -13.316288
v -0.015649 0.348938 -13.316288
v -0.015649 0.350089 -13.346920
v -0.043210 0.263649 -13.377551
v -0.015649 0.263649 -13.346920
v -0.015649 0.264800 -13.316288
v -0.043210 0.265952 -13.316288
v -0.043210 0.265952 -13.377551
v 0.034685 0.263649 -13.411527
v 0.004407 0.263649 -13.442158
v 0.004407 0.264800 -13.472789
v 0.031968 0.265952 -13.472789
v 0.035465 0.265952 -13.411527
v 0.034685 0.350089 -13.411527
v 0.035465 0.347786 -13.411527
v 0.031968 0.347786 -13.472789
v 0.004407 0.348938 -13.472789
v 0.004407 0.350089 -13.442158
v -0.043210 0.263649 -13.411527
v -0.043210 0.265952 -13.411527
v -0.043210 0.265952 -13.472789
v -0.015649 0.264800 -13.472789
v -0.015649 0.263649 -13.442158
v -0.043210 0.350089 -13.411527
v -0.015649 0.350089 -13.442158
v -0.015649 0.348938 -13.472789
v -0.043210 0.347786 -13.472789
v -0.043210 0.347786 -13.411527
v 0.031968 0.347786 -13.094985
v 0.004407 0.348938 -13.094985
v 0.004407 0.347786 -13.064354
v 0.031968 0.265952 -13.094985
v 0.004407 0.265952 -13.064354
v 0.004407 0.264800 -13.094985
v -0.043210 0.347786 -13.094985
v -0.015649 0.347786 -13.064354
v -0.015649 0.348938 -13.094985
v -0.043210 0.265952 -13.094985
v -0.015649 0.264800 -13.094985
v -0.015649 0.265952 -13.064354
v 0.031967 0.265952 -15.027309
v 0.004406 0.264800 -15.027309
v 0.004406 0.265952 -15.057940
v 0.031967 0.347786 -15.027309
v 0.004406 0.347786 -15.057940
v 0.004406 0.348938 -15.027309
v -0.043211 0.265952 -15.027309
v -0.015650 0.265952 -15.057940
v -0.015650 0.264800 -15.027309
v -0.043211 0.347786 -15.027309
v -0.015650 0.348938 -15.027309
v -0.015650 0.347786 -15.057940
v -0.015649 -0.293209 -15.061205
v -0.043210 -0.293209 -15.091837
v -0.015649 -0.294360 -15.091837
v -0.015649 -0.219187 -15.091837
v -0.043210 -0.220338 -15.091837
v -0.015649 -0.220338 -15.061205
v -0.043210 -0.293209 -17.030575
v -0.015649 -0.293209 -17.061205
v -0.015649 -0.294360 -17.030575
v -0.015649 -0.219187 -17.030575
v -0.015649 -0.220338 -17.061205
v -0.043210 -0.220338 -17.030575
v -0.015649 -0.294360 -16.996599
v -0.015649 -0.294360 -16.935335
v -0.043210 -0.293209 -16.935335
v -0.043210 -0.293209 -16.996599
v -0.015649 -0.294360 -16.901361
v -0.015649 -0.294360 -16.840097
v -0.043210 -0.293209 -16.840097
v -0.043210 -0.293209 -16.901361
v -0.015649 -0.294360 -16.806122
v -0.015649 -0.294360 -16.744860
v -0.043210 -0.293209 -16.744860
v -0.043210 -0.293209 -16.806122
v -0.015649 -0.294360 -16.710884
v -0.015649 -0.294360 -16.649622
v -0.043210 -0.293209 -16.649622
v -0.043210 -0.293209 -16.710884
v -0.015649 -0.294360 -16.615646
v -0.015649 -0.294360 -16.554384
v -0.043210 -0.293209 -16.554384
v -0.043210 -0.293209 -16.615646
v -0.015649 -0.294360 -16.520409
v -0.015649 -0.294360 -16.459145
v -0.043210 -0.293209 -16.459145
v -0.043210 -0.293209 -16.520409
v -0.015649 -0.294360 -16.425171
v -0.015649 -0.294360 -16.363907
v -0.043210 -0.293209 -16.363907
v -0.043210 -0.293209 -16.425171
v -0.015649 -0.294360 -16.329931
v -0.015649 -0.294360 -16.268669
v -0.043210 -0.293209 -16.268669
v -0.043210 -0.293209 -16.329931
v -0.015649 -0.294360 -16.234694
v -0.015649 -0.294360 -16.173431
v -0.043210 -0.293209 -16.173431
v -0.043210 -0.293209 -16.234694
v -0.015649 -0.294360 -16.139456
v -0.015649 -0.294360 -16.078194
v -0.043210 -0.293209 -16.078194
v -0.043210 -0.293209 -16.139456
v -0.015649 -0.294360 -16.044218
v -0.015649 -0.294360 -15.982955
v -0.043210 -0.293209 -15.982955
v -0.043210 -0.293209 -16.044218
v -0.015649 -0.294360 -15.948979
v -0.015649 -0.294360 -15.887717
v -0.043210 -0.293209 -15.887717
v -0.043210 -0.293209 -15.948979
v -0.015649 -0.294360 -15.853742
v -0.015649 -0.294360 -15.792479
v -0.043210 -0.293209 -15.792479
v -0.043210 -0.293209 -15.853742
v -0.015649 -0.294360 -15.758503
v -0.015649 -0.294360 -15.697241
v -0.043210 -0.293209 -15.697241
v -0.043210 -0.293209 -15.758503
v -0.015649 -0.294360 -15.663265
v -0.015649 -0.294360 -15.602002
v -0.043210 -0.293209 -15.602002
v -0.043210 -0.293209 -15.663265
v -0.015649 -0.294360 -15.568027
v -0.015649 -0.294360 -15.506764
v -0.043210 -0.293209 -15.506764
v -0.043210 -0.293209 -15.568027
v -0.015649 -0.294360 -15.472789
v -0.015649 -0.294360 -15.411527
v -0.043210 -0.293209 -15.411527
v -0.043210 -0.293209 -15.472789
v -0.015649 -0.294360 -15.377551
v -0.015649 -0.294360 -15.316288
v -0.043210 -0.293209 -15.316288
v -0.043210 -0.293209 -15.377551
v -0.015649 -0.294360 -15.282313
v -0.015649 -0.294360 -15.221050
v -0.043210 -0.293209 -15.221050
v -0.043210 -0.293209 -15.282313
v -0.015649 -0.294360 -15.125813
v -0.043210 -0.293209 -15.125813
v -0.043210 -0.293209 -15.187075
v -0.015649 -0.294360 -15.187075
v -0.015649 -0.219187 -15.125813
v -0.015649 -0.219187 -15.187075
v -0.043210 -0.220338 -15.187075
v -0.043210 -0.220338 -15.125813
v -0.015649 -0.219187 -15.221050
v -0.015649 -0.219187 -15.282313
v -0.043210 -0.220338 -15.282313
v -0.043210 -0.220338 -15.221050
v -0.015649 -0.219187 -15.316288
v -0.015649 -0.218036 -15.346920
v -0.043210 -0.218036 -15.377551
v -0.043210 -0.220338 -15.377551
v -0.043210 -0.220338 -15.316288
v -0.043210 -0.218036 -15.411527
v -0.015649 -0.218036 -15.442158
v -0.015649 -0.219187 -15.472789
v -0.043210 -0.220338 -15.472789
v -0.043210 -0.220338 -15.411527
v -0.015649 -0.219187 -15.506764
v -0.015649 -0.219187 -15.568027
v -0.043210 -0.220338 -15.568027
v -0.043210 -0.220338 -15.506764
v -0.015649 -0.219187 -15.602002
v -0.015649 -0.219187 -15.663265
v -0.043210 -0.220338 -15.663265
v -0.043210 -0.220338 -15.602002
v -0.015649 -0.219187 -15.697241
v -0.015649 -0.218036 -15.727872
v -0.043210 -0.218036 -15.758503
v -0.043210 -0.220338 -15.758503
v -0.043210 -0.220338 -15.697241
v -0.043210 -0.218036 -15.792479
v -0.015649 -0.218036 -15.823111
v -0.015649 -0.219187 -15.853742
v -0.043210 -0.220338 -15.853742
v -0.043210 -0.220338 -15.792479
v -0.015649 -0.219187 -15.887717
v -0.015649 -0.219187 -15.948979
v -0.043210 -0.220338 -15.948979
v -0.043210 -0.220338 -15.887717
v -0.015649 -0.219187 -15.982955
v -0.015649 -0.219187 -16.044218
v -0.043210 -0.220338 -16.044218
v -0.043210 -0.220338 -15.982955
v -0.015649 -0.219187 -16.078194
v -0.015649 -0.218036 -16.108824
v -0.043210 -0.218036 -16.139456
v -0.043210 -0.220338 -16.139456
v -0.043210 -0.220338 -16.078194
v -0.043210 -0.218036 -16.173431
v -0.015649 -0.218036 -16.204063
v -0.015649 -0.219187 -16.234694
v -0.043210 -0.220338 -16.234694
v -0.043210 -0.220338 -16.173431
v -0.015649 -0.219187 -16.268669
v -0.015649 -0.219187 -16.329931
v -0.043210 -0.220338 -16.329931
v -0.043210 -0.220338 -16.268669
v -0.015649 -0.219187 -16.363907
v -0.015649 -0.219187 -16.425171
v -0.043210 -0.220338 -16.425171
v -0.043210 -0.220338 -16.363907
v -0.015649 -0.219187 -16.459145
v -0.015649 -0.218036 -16.489777
v -0.043210 -0.218036 -16.520409
v -0.043210 -0.220338 -16.520409
v -0.043210 -0.220338 -16.459145
v -0.043210 -0.218036 -16.554384
v -0.015649 -0.218036 -16.585014
v -0.015649 -0.219187 -16.615646
v -0.043210 -0.220338 -16.615646
v -0.043210 -0.220338 -16.554384
v -0.015649 -0.219187 -16.649622
v -0.015649 -0.219187 -16.710884
v -0.043210 -0.220338 -16.710884
v -0.043210 -0.220338 -16.649622
v -0.015649 -0.219187 -16.744860
v -0.015649 -0.219187 -16.806122
v -0.043210 -0.220338 -16.806122
v -0.043210 -0.220338 -16.744860
v -0.015649 -0.219187 -16.840097
v -0.015649 -0.218036 -16.870729
v -0.043210 -0.218036 -16.901360
v -0.043210 -0.220338 -16.901360
v -0.043210 -0.220338 -16.840097
v -0.015649 -0.219187 -16.996599
v -0.043210 -0.220338 -16.996599
v -0.043210 -0.220338 -16.935335
v -0.043210 -0.218036 -16.935335
v -0.015649 -0.218036 -16.965967
v 0.004407 -0.293209 -15.061205
v 0.004407 -0.294360 -15.091837
v 0.059529 -0.294360 -15.091837
v 0.059529 -0.293209 -15.061205
v 0.004407 -0.220338 -15.061205
v 0.059529 -0.220338 -15.061205
v 0.059529 -0.219187 -15.091837
v 0.004407 -0.219187 -15.091837
v 0.004407 -0.293209 -17.061205
v 0.059529 -0.293209 -17.061205
v 0.059529 -0.294360 -17.030575
v 0.004407 -0.294360 -17.030575
v 0.004407 -0.220338 -17.061205
v 0.004407 -0.219187 -17.030575
v 0.059529 -0.219187 -17.030575
v 0.059529 -0.220338 -17.061205
v 0.004407 -0.218036 -16.965967
v 0.035510 -0.218036 -16.935335
v 0.031968 -0.220338 -16.935335
v 0.059529 -0.220338 -16.965967
v 0.059529 -0.219187 -16.996599
v 0.004407 -0.219187 -16.996599
v 0.004407 -0.218036 -16.870729
v 0.004407 -0.219187 -16.840097
v 0.059529 -0.219187 -16.840097
v 0.059529 -0.220338 -16.870729
v 0.031968 -0.220338 -16.901360
v 0.035510 -0.218036 -16.901360
v 0.004407 -0.219187 -16.806122
v 0.004407 -0.219187 -16.744860
v 0.031968 -0.220338 -16.744860
v 0.059529 -0.220338 -16.775492
v 0.059529 -0.219187 -16.806122
v 0.004407 -0.219187 -16.710884
v 0.004407 -0.219187 -16.649622
v 0.059529 -0.219187 -16.649622
v 0.059529 -0.220338 -16.680252
v 0.031968 -0.220338 -16.710884
v 0.004407 -0.218036 -16.585014
v 0.035510 -0.218036 -16.554384
v 0.031968 -0.220338 -16.554384
v 0.059529 -0.220338 -16.585014
v 0.059529 -0.219187 -16.615646
v 0.004407 -0.219187 -16.615646
v 0.004407 -0.218036 -16.489777
v 0.004407 -0.219187 -16.459145
v 0.059529 -0.219187 -16.459145
v 0.059529 -0.220338 -16.489777
v 0.031968 -0.220338 -16.520409
v 0.035510 -0.218036 -16.520409
v 0.004407 -0.219187 -16.425171
v 0.004407 -0.219187 -16.363907
v 0.031968 -0.220338 -16.363907
v 0.059529 -0.220338 -16.394539
v 0.059529 -0.219187 -16.425171
v 0.004407 -0.219187 -16.329931
v 0.004407 -0.219187 -16.268669
v 0.059529 -0.219187 -16.268669
v 0.059529 -0.220338 -16.299301
v 0.031968 -0.220338 -16.329931
v 0.004407 -0.218036 -16.204063
v 0.035510 -0.218036 -16.173431
v 0.031968 -0.220338 -16.173431
v 0.059529 -0.220338 -16.204063
v 0.059529 -0.219187 -16.234694
v 0.004407 -0.219187 -16.234694
v 0.004407 -0.218036 -16.108824
v 0.004407 -0.219187 -16.078194
v 0.059529 -0.219187 -16.078194
v 0.059529 -0.220338 -16.108824
v 0.031968 -0.220338 -16.139456
v 0.035510 -0.218036 -16.139456
v 0.004407 -0.219187 -16.044218
v 0.004407 -0.219187 -15.982955
v 0.031968 -0.220338 -15.982955
v 0.059529 -0.220338 -16.013586
v 0.059529 -0.219187 -16.044218
v 0.004407 -0.219187 -15.948979
v 0.004407 -0.219187 -15.887717
v 0.059529 -0.219187 -15.887717
v 0.059529 -0.220338 -15.918348
v 0.031968 -0.220338 -15.948979
v 0.004407 -0.218036 -15.823111
v 0.035510 -0.218036 -15.792479
v 0.031968 -0.220338 -15.792479
v 0.059529 -0.220338 -15.823111
v 0.059529 -0.219187 -15.853742
v 0.004407 -0.219187 -15.853742
v 0.004407 -0.218036 -15.727872
v 0.004407 -0.219187 -15.697241
v 0.059529 -0.219187 -15.697241
v 0.059529 -0.220338 -15.727872
v 0.031968 -0.220338 -15.758503
v 0.035510 -0.218036 -15.758503
v 0.004407 -0.219187 -15.663265
v 0.004407 -0.219187 -15.602002
v 0.031968 -0.220338 -15.602002
v 0.059529 -0.220338 -15.632634
v 0.059529 -0.219187 -15.663265
v 0.004407 -0.219187 -15.568027
v 0.004407 -0.219187 -15.506764
v 0.059529 -0.219187 -15.506764
v 0.059529 -0.220338 -15.537395
v 0.031968 -0.220338 -15.568027
v 0.004407 -0.218036 -15.442158
v 0.034685 -0.218036 -15.411527
v 0.031968 -0.220338 -15.411527
v 0.059529 -0.220338 -15.442158
v 0.059529 -0.219187 -15.472789
v 0.004407 -0.219187 -15.472789
v 0.004407 -0.218036 -15.346920
v 0.004407 -0.219187 -15.316288
v 0.059529 -0.219187 -15.316288
v 0.059529 -0.220338 -15.346920
v 0.031968 -0.220338 -15.377551
v 0.034685 -0.218036 -15.377551
v 0.004407 -0.219187 -15.282313
v 0.004407 -0.219187 -15.221050
v 0.031968 -0.220338 -15.221050
v 0.059529 -0.220338 -15.251681
v 0.059529 -0.219187 -15.282313
v 0.004407 -0.219187 -15.125813
v 0.059529 -0.219187 -15.125813
v 0.059529 -0.220338 -15.156444
v 0.031968 -0.220338 -15.187075
v 0.004407 -0.219187 -15.187075
v 0.004407 -0.294360 -15.125813
v 0.059529 -0.294360 -15.187075
v 0.004407 -0.294360 -15.282313
v 0.059529 -0.294360 -15.221050
v 0.004407 -0.294360 -15.316288
v 0.059529 -0.294360 -15.377551
v 0.004407 -0.294360 -15.472789
v 0.059529 -0.294360 -15.411527
v 0.004407 -0.294360 -15.506764
v 0.059529 -0.294360 -15.568027
v 0.004407 -0.294360 -15.663265
v 0.059529 -0.294360 -15.602002
v 0.004407 -0.294360 -15.697241
v 0.059529 -0.294360 -15.758503
v 0.004407 -0.294360 -15.853742
v 0.059529 -0.294360 -15.792479
v 0.004407 -0.294360 -15.887717
v 0.059529 -0.294360 -15.948979
v 0.004407 -0.294360 -16.044218
v 0.059529 -0.294360 -15.982955
v 0.004407 -0.294360 -16.078194
v 0.059529 -0.294360 -16.139456
v 0.004407 -0.294360 -16.234694
v 0.059529 -0.294360 -16.173431
v 0.004407 -0.294360 -16.268669
v 0.059529 -0.294360 -16.329931
v 0.004407 -0.294360 -16.425171
v 0.059529 -0.294360 -16.363907
v 0.004407 -0.294360 -16.459145
v 0.059529 -0.294360 -16.520409
v 0.004407 -0.294360 -16.615646
v 0.059529 -0.294360 -16.554384
v 0.004407 -0.294360 -16.649622
v 0.059529 -0.294360 -16.710884
v 0.004407 -0.294360 -16.806122
v 0.059529 -0.294360 -16.744860
v 0.004407 -0.294360 -16.840097
v 0.059529 -0.294360 -16.901361
v 0.004407 -0.294360 -16.996599
v 0.059529 -0.294360 -16.935335
v 0.059529 -0.291889 -15.251681
v 0.031968 -0.291889 -15.221050
v 0.059529 -0.291889 -15.442158
v 0.031968 -0.291889 -15.411527
v 0.059529 -0.291889 -15.632634
v 0.031968 -0.291889 -15.602002
v 0.059529 -0.291889 -15.823111
v 0.031968 -0.291889 -15.792479
v 0.059529 -0.291889 -16.013586
v 0.031968 -0.291889 -15.982955
v 0.059529 -0.291889 -16.204063
v 0.031968 -0.291889 -16.173431
v 0.031968 -0.291889 -16.329931
v 0.059529 -0.291889 -16.299301
v 0.059529 -0.291889 -16.394539
v 0.031968 -0.291889 -16.363907
v 0.031968 -0.291889 -16.520409
v 0.059529 -0.291889 -16.489777
v 0.059529 -0.291889 -16.585014
v 0.031968 -0.291889 -16.554384
v 0.031968 -0.291889 -16.710884
v 0.059529 -0.291889 -16.680252
v 0.031968 -0.291889 -16.901360
v 0.059529 -0.291889 -16.870729
v -0.043210 0.703712 -15.377551
v -0.043210 0.703712 -15.316288
v -0.015649 0.704863 -15.316288
v -0.015649 0.704863 -15.377551
v -0.043210 0.703712 -15.411527
v -0.015649 0.704863 -15.411527
v -0.015649 0.704863 -15.472789
v -0.043210 0.703712 -15.472789
v -0.043210 0.703712 -15.758503
v -0.015649 0.703712 -15.727872
v -0.015649 0.704863 -15.758503
v -0.043210 0.703712 -15.792479
v -0.015649 0.704863 -15.792479
v -0.015649 0.703712 -15.823111
v -0.043210 0.703712 -16.139456
v -0.015649 0.703712 -16.108824
v -0.015649 0.704863 -16.139456
v -0.043210 0.703712 -16.173431
v -0.015649 0.704863 -16.173431
v -0.015649 0.703712 -16.204063
v -0.043210 0.703712 -16.520409
v -0.015649 0.703712 -16.489777
v -0.015649 0.704863 -16.520409
v -0.043210 0.703712 -16.554384
v -0.015649 0.704863 -16.554384
v -0.015649 0.703712 -16.585014
v -0.043210 0.703712 -16.901360
v -0.015649 0.703712 -16.870729
v -0.015649 0.704863 -16.901360
v -0.043210 0.703712 -16.935335
v -0.015649 0.704863 -16.935335
v -0.015649 0.703712 -16.965967
v 0.004407 0.703712 -16.965967
v 0.004407 0.704863 -16.935335
v 0.035510 0.703712 -16.935335
v 0.004407 0.703712 -16.870729
v 0.035510 0.703712 -16.901360
v 0.004407 0.704863 -16.901360
v 0.004407 0.703712 -16.585014
v 0.004407 0.704863 -16.554384
v 0.035510 0.703712 -16.554384
v 0.004407 0.703712 -16.489777
v 0.035510 0.703712 -16.520409
v 0.004407 0.704863 -16.520409
v 0.004407 0.703712 -16.204063
v 0.004407 0.704863 -16.173431
v 0.035510 0.703712 -16.173431
v 0.004407 0.703712 -16.108824
v 0.035510 0.703712 -16.139456
v 0.004407 0.704863 -16.139456
v 0.004407 0.703712 -15.823111
v 0.004407 0.704863 -15.792479
v 0.035510 0.703712 -15.792479
v 0.004407 0.703712 -15.727872
v 0.035510 0.703712 -15.758503
v 0.004407 0.704863 -15.758503
v 0.004407 0.704863 -15.472789
v 0.004407 0.704863 -15.411527
v 0.031968 0.703712 -15.411527
v 0.031968 0.703712 -15.472789
v 0.004407 0.704863 -15.316288
v 0.031968 0.703712 -15.316288
v 0.031968 0.703712 -15.377551
v 0.004407 0.704863 -15.377551
v 0.031968 0.632163 -15.472789
v 0.031968 0.632163 -15.411527
v 0.034685 0.629860 -15.411527
v 0.004407 0.629860 -15.442158
v 0.004407 0.631011 -15.472789
v 0.031968 0.632163 -15.316288
v 0.004407 0.631011 -15.316288
v 0.004407 0.629860 -15.346920
v 0.034685 0.629860 -15.377551
v 0.031968 0.632163 -15.377551
v -0.043210 0.632163 -15.472789
v -0.015649 0.631011 -15.472789
v -0.015649 0.629860 -15.442158
v -0.043210 0.629860 -15.411527
v -0.043210 0.632163 -15.411527
v -0.043210 0.632163 -15.316288
v -0.043210 0.632163 -15.377551
v -0.043210 0.629860 -15.377551
v -0.015649 0.629860 -15.346920
v -0.015649 0.631011 -15.316288
v -0.015649 0.704863 -15.092937
v -0.043210 0.703712 -15.092937
v -0.015649 0.703712 -15.062306
v 0.004407 0.704863 -15.092937
v 0.004407 0.703712 -15.062306
v 0.031968 0.703712 -15.092937
v 0.031968 0.632163 -15.092937
v 0.004407 0.632163 -15.062306
v 0.004407 0.631011 -15.092937
v -0.043210 0.632163 -15.092937
v -0.015649 0.631011 -15.092937
v -0.015649 0.632163 -15.062306
v -0.015649 0.704863 -17.027063
v -0.015649 0.703712 -17.057695
v -0.043210 0.703712 -17.027063
v 0.004407 0.704863 -17.027063
v 0.031968 0.703712 -17.027063
v 0.004407 0.703712 -17.057695
v 0.031968 0.632163 -17.027063
v 0.004407 0.631011 -17.027063
v 0.004407 0.632163 -17.057695
v -0.043210 0.632163 -17.027063
v -0.015649 0.632163 -17.057695
v -0.015649 0.631011 -17.027063
v 0.004407 0.350089 -15.346920
v 0.004407 0.348938 -15.316288
v 0.031968 0.347786 -15.316288
v 0.035465 0.347786 -15.377551
v 0.034685 0.350089 -15.377551
v 0.004407 0.263649 -15.346920
v 0.034685 0.263649 -15.377551
v 0.035465 0.265952 -15.377551
v 0.031968 0.265952 -15.316288
v 0.004407 0.264800 -15.316288
v -0.043210 0.350089 -15.377551
v -0.043210 0.347786 -15.377551
v -0.043210 0.347786 -15.316288
v -0.015649 0.348938 -15.316288
v -0.015649 0.350089 -15.346920
v -0.043210 0.263649 -15.377551
v -0.015649 0.263649 -15.346920
v -0.015649 0.264800 -15.316288
v -0.043210 0.265952 -15.316288
v -0.043210 0.265952 -15.377551
v 0.034685 0.263649 -15.411527
v 0.004407 0.263649 -15.442158
v 0.004407 0.264800 -15.472789
v 0.031968 0.265952 -15.472789
v 0.035465 0.265952 -15.411527
v 0.034685 0.350089 -15.411527
v 0.035465 0.347786 -15.411527
v 0.031968 0.347786 -15.472789
v 0.004407 0.348938 -15.472789
v 0.004407 0.350089 -15.442158
v -0.043210 0.263649 -15.411527
v -0.043210 0.265952 -15.411527
v -0.043210 0.265952 -15.472789
v -0.015649 0.264800 -15.472789
v -0.015649 0.263649 -15.442158
v -0.043210 0.350089 -15.411527
v -0.015649 0.350089 -15.442158
v -0.015649 0.348938 -15.472789
v -0.043210 0.347786 -15.472789
v -0.043210 0.347786 -15.411527
v 0.031968 0.347786 -15.094985
v 0.004407 0.348938 -15.094985
v 0.004407 0.347786 -15.064354
v 0.031968 0.265952 -15.094985
v 0.004407 0.265952 -15.064354
v 0.004407 0.264800 -15.094985
v -0.043210 0.347786 -15.094985
v -0.015649 0.347786 -15.064354
v -0.015649 0.348938 -15.094985
v -0.043210 0.265952 -15.094985
v -0.015649 0.264800 -15.094985
v -0.015649 0.265952 -15.064354
v 0.031967 0.265952 -17.027309
v 0.004406 0.264800 -17.027309
v 0.004406 0.265952 -17.057941
v 0.031967 0.347786 -17.027309
v 0.004406 0.347786 -17.057941
v 0.004406 0.348938 -17.027309
v -0.043211 0.265952 -17.027309
v -0.015650 0.265952 -17.057941
v -0.015650 0.264800 -17.027309
v -0.043211 0.347786 -17.027309
v -0.015650 0.348938 -17.027309
v -0.015650 0.347786 -17.057941
v -0.015649 -0.293209 -17.061205
v -0.043210 -0.293209 -17.091837
v -0.015649 -0.294360 -17.091837
v -0.015649 -0.219187 -17.091837
v -0.043210 -0.220338 -17.091837
v -0.015649 -0.220338 -17.061205
v -0.043210 -0.293209 -19.030575
v -0.015649 -0.293209 -19.061205
v -0.015649 -0.294360 -19.030575
v -0.015649 -0.219187 -19.030575
v -0.015649 -0.220338 -19.061205
v -0.043210 -0.220338 -19.030575
v -0.015649 -0.294360 -18.996599
v -0.015649 -0.294360 -18.935335
v -0.043210 -0.293209 -18.935335
v -0.043210 -0.293209 -18.996599
v -0.015649 -0.294360 -18.901361
v -0.015649 -0.294360 -18.840097
v -0.043210 -0.293209 -18.840097
v -0.043210 -0.293209 -18.901361
v -0.015649 -0.294360 -18.806122
v -0.015649 -0.294360 -18.744860
v -0.043210 -0.293209 -18.744860
v -0.043210 -0.293209 -18.806122
v -0.015649 -0.294360 -18.710884
v -0.015649 -0.294360 -18.649622
v -0.043210 -0.293209 -18.649622
v -0.043210 -0.293209 -18.710884
v -0.015649 -0.294360 -18.615646
v -0.015649 -0.294360 -18.554384
v -0.043210 -0.293209 -18.554384
v -0.043210 -0.293209 -18.615646
v -0.015649 -0.294360 -18.520409
v -0.015649 -0.294360 -18.459145
v -0.043210 -0.293209 -18.459145
v -0.043210 -0.293209 -18.520409
v -0.015649 -0.294360 -18.425171
v -0.015649 -0.294360 -18.363907
v -0.043210 -0.293209 -18.363907
v -0.043210 -0.293209 -18.425171
v -0.015649 -0.294360 -18.329931
v -0.015649 -0.294360 -18.268669
v -0.043210 -0.293209 -18.268669
v -0.043210 -0.293209 -18.329931
v -0.015649 -0.294360 -18.234694
v -0.015649 -0.294360 -18.173431
v -0.043210 -0.293209 -18.173431
v -0.043210 -0.293209 -18.234694
v -0.015649 -0.294360 -18.139456
v -0.015649 -0.294360 -18.078194
v -0.043210 -0.293209 -18.078194
v -0.043210 -0.293209 -18.139456
v -0.015649 -0.294360 -18.044218
v -0.015649 -0.294360 -17.982954
v -0.043210 -0.293209 -17.982954
v -0.043210 -0.293209 -18.044218
v -0.015649 -0.294360 -17.948980
v -0.015649 -0.294360 -17.887716
v -0.043210 -0.293209 -17.887716
v -0.043210 -0.293209 -17.948980
v -0.015649 -0.294360 -17.853741
v -0.015649 -0.294360 -17.792479
v -0.043210 -0.293209 -17.792479
v -0.043210 -0.293209 -17.853741
v -0.015649 -0.294360 -17.758503
v -0.015649 -0.294360 -17.697241
v -0.043210 -0.293209 -17.697241
v -0.043210 -0.293209 -17.758503
v -0.015649 -0.294360 -17.663265
v -0.015649 -0.294360 -17.602003
v -0.043210 -0.293209 -17.602003
v -0.043210 -0.293209 -17.663265
v -0.015649 -0.294360 -17.568027
v -0.015649 -0.294360 -17.506765
v -0.043210 -0.293209 -17.506765
v -0.043210 -0.293209 -17.568027
v -0.015649 -0.294360 -17.472790
v -0.015649 -0.294360 -17.411526
v -0.043210 -0.293209 -17.411526
v -0.043210 -0.293209 -17.472790
v -0.015649 -0.294360 -17.377552
v -0.015649 -0.294360 -17.316288
v -0.043210 -0.293209 -17.316288
v -0.043210 -0.293209 -17.377552
v -0.015649 -0.294360 -17.282312
v -0.015649 -0.294360 -17.221050
v -0.043210 -0.293209 -17.221050
v -0.043210 -0.293209 -17.282312
v -0.015649 -0.294360 -17.125813
v -0.043210 -0.293209 -17.125813
v -0.043210 -0.293209 -17.187075
v -0.015649 -0.294360 -17.187075
v -0.015649 -0.219187 -17.125813
v -0.015649 -0.219187 -17.187075
v -0.043210 -0.220338 -17.187075
v -0.043210 -0.220338 -17.125813
v -0.015649 -0.219187 -17.221050
v -0.015649 -0.219187 -17.282312
v -0.043210 -0.220338 -17.282312
v -0.043210 -0.220338 -17.221050
v -0.015649 -0.219187 -17.316288
v -0.015649 -0.218036 -17.346920
v -0.043210 -0.218036 -17.377550
v -0.043210 -0.220338 -17.377550
v -0.043210 -0.220338 -17.316288
v -0.043210 -0.218036 -17.411526
v -0.015649 -0.218036 -17.442158
v -0.015649 -0.219187 -17.472790
v -0.043210 -0.220338 -17.472790
v -0.043210 -0.220338 -17.411526
v -0.015649 -0.219187 -17.506765
v -0.015649 -0.219187 -17.568027
v -0.043210 -0.220338 -17.568027
v -0.043210 -0.220338 -17.506765
v -0.015649 -0.219187 -17.602003
v -0.015649 -0.219187 -17.663265
v -0.043210 -0.220338 -17.663265
v -0.043210 -0.220338 -17.602003
v -0.015649 -0.219187 -17.697241
v -0.015649 -0.218036 -17.727873
v -0.043210 -0.218036 -17.758503
v -0.043210 -0.220338 -17.758503
v -0.043210 -0.220338 -17.697241
v -0.043210 -0.218036 -17.792479
v -0.015649 -0.218036 -17.823111
v -0.015649 -0.219187 -17.853741
v -0.043210 -0.220338 -17.853741
v -0.043210 -0.220338 -17.792479
v -0.015649 -0.219187 -17.887716
v -0.015649 -0.219187 -17.948980
v -0.043210 -0.220338 -17.948980
v -0.043210 -0.220338 -17.887716
v -0.015649 -0.219187 -17.982954
v -0.015649 -0.219187 -18.044218
v -0.043210 -0.220338 -18.044218
v -0.043210 -0.220338 -17.982954
v -0.015649 -0.219187 -18.078194
v -0.015649 -0.218036 -18.108824
v -0.043210 -0.218036 -18.139456
v -0.043210 -0.220338 -18.139456
v -0.043210 -0.220338 -18.078194
v -0.043210 -0.218036 -18.173431
v -0.015649 -0.218036 -18.204063
v -0.015649 -0.219187 -18.234694
v -0.043210 -0.220338 -18.234694
v -0.043210 -0.220338 -18.173431
v -0.015649 -0.219187 -18.268669
v -0.015649 -0.219187 -18.329931
v -0.043210 -0.220338 -18.329931
v -0.043210 -0.220338 -18.268669
v -0.015649 -0.219187 -18.363907
v -0.015649 -0.219187 -18.425171
v -0.043210 -0.220338 -18.425171
v -0.043210 -0.220338 -18.363907
v -0.015649 -0.219187 -18.459145
v -0.015649 -0.218036 -18.489777
v -0.043210 -0.218036 -18.520409
v -0.043210 -0.220338 -18.520409
v -0.043210 -0.220338 -18.459145
v -0.043210 -0.218036 -18.554384
v -0.015649 -0.218036 -18.585014
v -0.015649 -0.219187 -18.615646
v -0.043210 -0.220338 -18.615646
v -0.043210 -0.220338 -18.554384
v -0.015649 -0.219187 -18.649622
v -0.015649 -0.219187 -18.710884
v -0.043210 -0.220338 -18.710884
v -0.043210 -0.220338 -18.649622
v -0.015649 -0.219187 -18.744860
v -0.015649 -0.219187 -18.806122
v -0.043210 -0.220338 -18.806122
v -0.043210 -0.220338 -18.744860
v -0.015649 -0.219187 -18.840097
v -0.015649 -0.218036 -18.870729
v -0.043210 -0.218036 -18.901360
v -0.043210 -0.220338 -18.901360
v -0.043210 -0.220338 -18.840097
v -0.015649 -0.219187 -18.996599
v -0.043210 -0.220338 -18.996599
v -0.043210 -0.220338 -18.935335
v -0.043210 -0.218036 -18.935335
v -0.015649 -0.218036 -18.965967
v 0.004407 -0.293209 -17.061205
v 0.004407 -0.294360 -17.091837
v 0.059529 -0.294360 -17.091837
v 0.059529 -0.293209 -17.061205
v 0.004407 -0.220338 -17.061205
v 0.059529 -0.220338 -17.061205
v 0.059529 -0.219187 -17.091837
v 0.004407 -0.219187 -17.091837
v 0.004406 -0.293209 -19.061205
v 0.059529 -0.293209 -19.061205
v 0.059529 -0.294360 -19.030575
v 0.004406 -0.294360 -19.030575
v 0.004406 -0.220338 -19.061205
v 0.004406 -0.219187 -19.030575
v 0.059529 -0.219187 -19.030575
v 0.059529 -0.220338 -19.061205
v 0.004406 -0.218036 -18.965967
v 0.035510 -0.218036 -18.935335
v 0.031968 -0.220338 -18.935335
v 0.059529 -0.220338 -18.965967
v 0.059529 -0.219187 -18.996599
v 0.004406 -0.219187 -18.996599
v 0.004406 -0.218036 -18.870729
v 0.004406 -0.219187 -18.840097
v 0.059529 -0.219187 -18.840097
v 0.059529 -0.220338 -18.870729
v 0.031968 -0.220338 -18.901360
v 0.035510 -0.218036 -18.901360
v 0.004406 -0.219187 -18.806122
v 0.004406 -0.219187 -18.744860
v 0.031968 -0.220338 -18.744860
v 0.059529 -0.220338 -18.775492
v 0.059529 -0.219187 -18.806122
v 0.004406 -0.219187 -18.710884
v 0.004406 -0.219187 -18.649622
v 0.059529 -0.219187 -18.649622
v 0.059529 -0.220338 -18.680252
v 0.031968 -0.220338 -18.710884
v 0.004406 -0.218036 -18.585014
v 0.035510 -0.218036 -18.554384
v 0.031968 -0.220338 -18.554384
v 0.059529 -0.220338 -18.585014
v 0.059529 -0.219187 -18.615646
v 0.004406 -0.219187 -18.615646
v 0.004406 -0.218036 -18.489777
v 0.004406 -0.219187 -18.459145
v 0.059529 -0.219187 -18.459145
v 0.059529 -0.220338 -18.489777
v 0.031968 -0.220338 -18.520409
v 0.035510 -0.218036 -18.520409
v 0.004406 -0.219187 -18.425171
v 0.004406 -0.219187 -18.363907
v 0.031968 -0.220338 -18.363907
v 0.059529 -0.220338 -18.394539
v 0.059529 -0.219187 -18.425171
v 0.004406 -0.219187 -18.329931
v 0.004406 -0.219187 -18.268669
v 0.059529 -0.219187 -18.268669
v 0.059529 -0.220338 -18.299301
v 0.031968 -0.220338 -18.329931
v 0.004406 -0.218036 -18.204063
v 0.035510 -0.218036 -18.173431
v 0.031968 -0.220338 -18.173431
v 0.059529 -0.220338 -18.204063
v 0.059529 -0.219187 -18.234694
v 0.004406 -0.219187 -18.234694
v 0.004407 -0.218036 -18.108824
v 0.004407 -0.219187 -18.078194
v 0.059529 -0.219187 -18.078194
v 0.059529 -0.220338 -18.108824
v 0.031968 -0.220338 -18.139456
v 0.035510 -0.218036 -18.139456
v 0.004407 -0.219187 -18.044218
v 0.004407 -0.219187 -17.982954
v 0.031968 -0.220338 -17.982954
v 0.059529 -0.220338 -18.013586
v 0.059529 -0.219187 -18.044218
v 0.004407 -0.219187 -17.948980
v 0.004407 -0.219187 -17.887716
v 0.059529 -0.219187 -17.887716
v 0.059529 -0.220338 -17.918348
v 0.031968 -0.220338 -17.948980
v 0.004407 -0.218036 -17.823111
v 0.035510 -0.218036 -17.792479
v 0.031968 -0.220338 -17.792479
v 0.059529 -0.220338 -17.823111
v 0.059529 -0.219187 -17.853741
v 0.004407 -0.219187 -17.853741
v 0.004407 -0.218036 -17.727873
v 0.004407 -0.219187 -17.697241
v 0.059529 -0.219187 -17.697241
v 0.059529 -0.220338 -17.727873
v 0.031968 -0.220338 -17.758503
v 0.035510 -0.218036 -17.758503
v 0.004407 -0.219187 -17.663265
v 0.004407 -0.219187 -17.602003
v 0.031968 -0.220338 -17.602003
v 0.059529 -0.220338 -17.632633
v 0.059529 -0.219187 -17.663265
v 0.004407 -0.219187 -17.568027
v 0.004407 -0.219187 -17.506765
v 0.059529 -0.219187 -17.506765
v 0.059529 -0.220338 -17.537395
v 0.031968 -0.220338 -17.568027
v 0.004407 -0.218036 -17.442158
v 0.034685 -0.218036 -17.411526
v 0.031968 -0.220338 -17.411526
v 0.059529 -0.220338 -17.442158
v 0.059529 -0.219187 -17.472790
v 0.004407 -0.219187 -17.472790
v 0.004407 -0.218036 -17.346920
v 0.004407 -0.219187 -17.316288
v 0.059529 -0.219187 -17.316288
v 0.059529 -0.220338 -17.346920
v 0.031968 -0.220338 -17.377550
v 0.034685 -0.218036 -17.377550
v 0.004407 -0.219187 -17.282312
v 0.004407 -0.219187 -17.221050
v 0.031968 -0.220338 -17.221050
v 0.059529 -0.220338 -17.251682
v 0.059529 -0.219187 -17.282312
v 0.004407 -0.219187 -17.125813
v 0.059529 -0.219187 -17.125813
v 0.059529 -0.220338 -17.156443
v 0.031968 -0.220338 -17.187075
v 0.004407 -0.219187 -17.187075
v 0.004407 -0.294360 -17.125813
v 0.059529 -0.294360 -17.187075
v 0.004407 -0.294360 -17.282312
v 0.059529 -0.294360 -17.221050
v 0.004407 -0.294360 -17.316288
v 0.059529 -0.294360 -17.377552
v 0.004407 -0.294360 -17.472790
v 0.059529 -0.294360 -17.411526
v 0.004407 -0.294360 -17.506765
v 0.059529 -0.294360 -17.568027
v 0.004407 -0.294360 -17.663265
v 0.059529 -0.294360 -17.602003
v 0.004407 -0.294360 -17.697241
v 0.059529 -0.294360 -17.758503
v 0.004407 -0.294360 -17.853741
v 0.059529 -0.294360 -17.792479
v 0.004407 -0.294360 -17.887716
v 0.059529 -0.294360 -17.948980
v 0.004407 -0.294360 -18.044218
v 0.059529 -0.294360 -17.982954
v 0.004407 -0.294360 -18.078194
v 0.059529 -0.294360 -18.139456
v 0.004406 -0.294360 -18.234694
v 0.059529 -0.294360 -18.173431
v 0.004406 -0.294360 -18.268669
v 0.059529 -0.294360 -18.329931
v 0.004406 -0.294360 -18.425171
v 0.059529 -0.294360 -18.363907
v 0.004406 -0.294360 -18.459145
v 0.059529 -0.294360 -18.520409
v 0.004406 -0.294360 -18.615646
v 0.059529 -0.294360 -18.554384
v 0.004406 -0.294360 -18.649622
v 0.059529 -0.294360 -18.710884
v 0.004406 -0.294360 -18.806122
v 0.059529 -0.294360 -18.744860
v 0.004406 -0.294360 -18.840097
v 0.059529 -0.294360 -18.901361
v 0.004406 -0.294360 -18.996599
v 0.059529 -0.294360 -18.935335
v 0.059529 -0.291889 -17.251682
v 0.031968 -0.291889 -17.221050
v 0.059529 -0.291889 -17.442158
v 0.031968 -0.291889 -17.411526
v 0.059529 -0.291889 -17.632633
v 0.031968 -0.291889 -17.602003
v 0.059529 -0.291889 -17.823111
v 0.031968 -0.291889 -17.792479
v 0.059529 -0.291889 -18.013586
v 0.031968 -0.291889 -17.982954
v 0.059529 -0.291889 -18.204063
v 0.031968 -0.291889 -18.173431
v 0.031968 -0.291889 -18.329931
v 0.059529 -0.291889 -18.299301
v 0.059529 -0.291889 -18.394539
v 0.031968 -0.291889 -18.363907
v 0.031968 -0.291889 -18.520409
v 0.059529 -0.291889 -18.489777
v 0.059529 -0.291889 -18.585014
v 0.031968 -0.291889 -18.554384
v 0.031968 -0.291889 -18.710884
v 0.059529 -0.291889 -18.680252
v 0.031968 -0.291889 -18.901360
v 0.059529 -0.291889 -18.870729
v -0.043210 0.703712 -17.377550
v -0.043210 0.703712 -17.316288
v -0.015649 0.704863 -17.316288
v -0.015649 0.704863 -17.377550
v -0.043210 0.703712 -17.411526
v -0.015649 0.704863 -17.411526
v -0.015649 0.704863 -17.472790
v -0.043210 0.703712 -17.472790
v -0.043210 0.703712 -17.758503
v -0.015649 0.703712 -17.727873
v -0.015649 0.704863 -17.758503
v -0.043210 0.703712 -17.792479
v -0.015649 0.704863 -17.792479
v -0.015649 0.703712 -17.823111
v -0.043210 0.703712 -18.139456
v -0.015649 0.703712 -18.108824
v -0.015649 0.704863 -18.139456
v -0.043210 0.703712 -18.173431
v -0.015649 0.704863 -18.173431
v -0.015649 0.703712 -18.204063
v -0.043210 0.703712 -18.520409
v -0.015649 0.703712 -18.489777
v -0.015649 0.704863 -18.520409
v -0.043210 0.703712 -18.554384
v -0.015649 0.704863 -18.554384
v -0.015649 0.703712 -18.585014
v -0.043210 0.703712 -18.901360
v -0.015649 0.703712 -18.870729
v -0.015649 0.704863 -18.901360
v -0.043210 0.703712 -18.935335
v -0.015649 0.704863 -18.935335
v -0.015649 0.703712 -18.965967
v 0.004406 0.703712 -18.965967
v 0.004406 0.704863 -18.935335
v 0.035510 0.703712 -18.935335
v 0.004406 0.703712 -18.870729
v 0.035510 0.703712 -18.901360
v 0.004406 0.704863 -18.901360
v 0.004406 0.703712 -18.585014
v 0.004406 0.704863 -18.554384
v 0.035510 0.703712 -18.554384
v 0.004406 0.703712 -18.489777
v 0.035510 0.703712 -18.520409
v 0.004406 0.704863 -18.520409
v 0.004406 0.703712 -18.204063
v 0.004406 0.704863 -18.173431
v 0.035510 0.703712 -18.173431
v 0.004407 0.703712 -18.108824
v 0.035510 0.703712 -18.139456
v 0.004406 0.704863 -18.139456
v 0.004407 0.703712 -17.823111
v 0.004407 0.704863 -17.792479
v 0.035510 0.703712 -17.792479
v 0.004407 0.703712 -17.727873
v 0.035510 0.703712 -17.758503
v 0.004407 0.704863 -17.758503
v 0.004407 0.704863 -17.472790
v 0.004407 0.704863 -17.411526
v 0.031968 0.703712 -17.411526
v 0.031968 0.703712 -17.472790
v 0.004407 0.704863 -17.316288
v 0.031968 0.703712 -17.316288
v 0.031968 0.703712 -17.377550
v 0.004407 0.704863 -17.377550
v 0.031968 0.632163 -17.472790
v 0.031968 0.632163 -17.411526
v 0.034685 0.629860 -17.411526
v 0.004407 0.629860 -17.442158
v 0.004407 0.631011 -17.472790
v 0.031968 0.632163 -17.316288
v 0.004407 0.631011 -17.316288
v 0.004407 0.629860 -17.346920
v 0.034685 0.629860 -17.377550
v 0.031968 0.632163 -17.377550
v -0.043210 0.632163 -17.472790
v -0.015649 0.631011 -17.472790
v -0.015649 0.629860 -17.442158
v -0.043210 0.629860 -17.411526
v -0.043210 0.632163 -17.411526
v -0.043210 0.632163 -17.316288
v -0.043210 0.632163 -17.377550
v -0.043210 0.629860 -17.377550
v -0.015649 0.629860 -17.346920
v -0.015649 0.631011 -17.316288
v -0.015649 0.704863 -17.092937
v -0.043210 0.703712 -17.092937
v -0.015649 0.703712 -17.062307
v 0.004407 0.704863 -17.092937
v 0.004407 0.703712 -17.062307
v 0.031968 0.703712 -17.092937
v 0.031968 0.632163 -17.092937
v 0.004407 0.632163 -17.062307
v 0.004407 0.631011 -17.092937
v -0.043210 0.632163 -17.092937
v -0.015649 0.631011 -17.092937
v -0.015649 0.632163 -17.062307
v -0.015649 0.704863 -19.027063
v -0.015649 0.703712 -19.057695
v -0.043210 0.703712 -19.027063
v 0.004406 0.704863 -19.027063
v 0.031968 0.703712 -19.027063
v 0.004406 0.703712 -19.057695
v 0.031968 0.632163 -19.027063
v 0.004406 0.631011 -19.027063
v 0.004406 0.632163 -19.057695
v -0.043210 0.632163 -19.027063
v -0.015649 0.632163 -19.057695
v -0.015649 0.631011 -19.027063
v 0.004407 0.350089 -17.346920
v 0.004407 0.348938 -17.316288
v 0.031968 0.347786 -17.316288
v 0.035465 0.347786 -17.377550
v 0.034685 0.350089 -17.377550
v 0.004407 0.263649 -17.346920
v 0.034685 0.263649 -17.377550
v 0.035465 0.265952 -17.377550
v 0.031968 0.265952 -17.316288
v 0.004407 0.264800 -17.316288
v -0.043210 0.350089 -17.377550
v -0.043210 0.347786 -17.377550
v -0.043210 0.347786 -17.316288
v -0.015649 0.348938 -17.316288
v -0.015649 0.350089 -17.346920
v -0.043210 0.263649 -17.377550
v -0.015649 0.263649 -17.346920
v -0.015649 0.264800 -17.316288
v -0.043210 0.265952 -17.316288
v -0.043210 0.265952 -17.377550
v 0.034685 0.263649 -17.411526
v 0.004407 0.263649 -17.442158
v 0.004407 0.264800 -17.472790
v 0.031968 0.265952 -17.472790
v 0.035465 0.265952 -17.411526
v 0.034685 0.350089 -17.411526
v 0.035465 0.347786 -17.411526
v 0.031968 0.347786 -17.472790
v 0.004407 0.348938 -17.472790
v 0.004407 0.350089 -17.442158
v -0.043210 0.263649 -17.411526
v -0.043210 0.265952 -17.411526
v -0.043210 0.265952 -17.472790
v -0.015649 0.264800 -17.472790
v -0.015649 0.263649 -17.442158
v -0.043210 0.350089 -17.411526
v -0.015649 0.350089 -17.442158
v -0.015649 0.348938 -17.472790
v -0.043210 0.347786 -17.472790
v -0.043210 0.347786 -17.411526
v 0.031968 0.347786 -17.094986
v 0.004407 0.348938 -17.094986
v 0.004407 0.347786 -17.064354
v 0.031968 0.265952 -17.094986
v 0.004407 0.265952 -17.064354
v 0.004407 0.264800 -17.094986
v -0.043210 0.347786 -17.094986
v -0.015649 0.347786 -17.064354
v -0.015649 0.348938 -17.094986
v -0.043210 0.265952 -17.094986
v -0.015649 0.264800 -17.094986
v -0.015649 0.265952 -17.064354
v 0.031967 0.265952 -19.027309
v 0.004406 0.264800 -19.027309
v 0.004406 0.265952 -19.057941
v 0.031967 0.347786 -19.027309
v 0.004406 0.347786 -19.057941
v 0.004406 0.348938 -19.027309
v -0.043211 0.265952 -19.027309
v -0.015650 0.265952 -19.057941
v -0.015650 0.264800 -19.027309
v -0.043211 0.347786 -19.027309
v -0.015650 0.348938 -19.027309
v -0.015650 0.347786 -19.057941
v -0.015649 -0.293209 -19.061205
v -0.043210 -0.293209 -19.091837
v -0.015649 -0.294360 -19.091837
v -0.015649 -0.219187 -19.091837
v -0.043210 -0.220338 -19.091837
v -0.015649 -0.220338 -19.061205
v -0.043210 -0.293209 -21.030575
v -0.015649 -0.293209 -21.061205
v -0.015649 -0.294360 -21.030575
v -0.015649 -0.219187 -21.030575
v -0.015649 -0.220338 -21.061205
v -0.043210 -0.220338 -21.030575
v -0.015649 -0.294360 -20.996599
v -0.015649 -0.294360 -20.935335
v -0.043210 -0.293209 -20.935335
v -0.043210 -0.293209 -20.996599
v -0.015649 -0.294360 -20.901361
v -0.015649 -0.294360 -20.840097
v -0.043210 -0.293209 -20.840097
v -0.043210 -0.293209 -20.901361
v -0.015649 -0.294360 -20.806122
v -0.015649 -0.294360 -20.744860
v -0.043210 -0.293209 -20.744860
v -0.043210 -0.293209 -20.806122
v -0.015649 -0.294360 -20.710884
v -0.015649 -0.294360 -20.649622
v -0.043210 -0.293209 -20.649622
v -0.043210 -0.293209 -20.710884
v -0.015649 -0.294360 -20.615646
v -0.015649 -0.294360 -20.554384
v -0.043210 -0.293209 -20.554384
v -0.043210 -0.293209 -20.615646
v -0.015649 -0.294360 -20.520409
v -0.015649 -0.294360 -20.459145
v -0.043210 -0.293209 -20.459145
v -0.043210 -0.293209 -20.520409
v -0.015649 -0.294360 -20.425171
v -0.015649 -0.294360 -20.363907
v -0.043210 -0.293209 -20.363907
v -0.043210 -0.293209 -20.425171
v -0.015649 -0.294360 -20.329931
v -0.015649 -0.294360 -20.268669
v -0.043210 -0.293209 -20.268669
v -0.043210 -0.293209 -20.329931
v -0.015649 -0.294360 -20.234694
v -0.015649 -0.294360 -20.173431
v -0.043210 -0.293209 -20.173431
v -0.043210 -0.293209 -20.234694
v -0.015649 -0.294360 -20.139456
v -0.015649 -0.294360 -20.078194
v -0.043210 -0.293209 -20.078194
v -0.043210 -0.293209 -20.139456
v -0.015649 -0.294360 -20.044218
v -0.015649 -0.294360 -19.982954
v -0.043210 -0.293209 -19.982954
v -0.043210 -0.293209 -20.044218
v -0.015649 -0.294360 -19.948980
v -0.015649 -0.294360 -19.887716
v -0.043210 -0.293209 -19.887716
v -0.043210 -0.293209 -19.948980
v -0.015649 -0.294360 -19.853741
v -0.015649 -0.294360 -19.792479
v -0.043210 -0.293209 -19.792479
v -0.043210 -0.293209 -19.853741
v -0.015649 -0.294360 -19.758503
v -0.015649 -0.294360 -19.697241
v -0.043210 -0.293209 -19.697241
v -0.043210 -0.293209 -19.758503
v -0.015649 -0.294360 -19.663265
v -0.015649 -0.294360 -19.602003
v -0.043210 -0.293209 -19.602003
v -0.043210 -0.293209 -19.663265
v -0.015649 -0.294360 -19.568027
v -0.015649 -0.294360 -19.506765
v -0.043210 -0.293209 -19.506765
v -0.043210 -0.293209 -19.568027
v -0.015649 -0.294360 -19.472790
v -0.015649 -0.294360 -19.411526
v -0.043210 -0.293209 -19.411526
v -0.043210 -0.293209 -19.472790
v -0.015649 -0.294360 -19.377552
v -0.015649 -0.294360 -19.316288
v -0.043210 -0.293209 -19.316288
v -0.043210 -0.293209 -19.377552
v -0.015649 -0.294360 -19.282312
v -0.015649 -0.294360 -19.221050
v -0.043210 -0.293209 -19.221050
v -0.043210 -0.293209 -19.282312
v -0.015649 -0.294360 -19.125813
v -0.043210 -0.293209 -19.125813
v -0.043210 -0.293209 -19.187075
v -0.015649 -0.294360 -19.187075
v -0.015649 -0.219187 -19.125813
v -0.015649 -0.219187 -19.187075
v -0.043210 -0.220338 -19.187075
v -0.043210 -0.220338 -19.125813
v -0.015649 -0.219187 -19.221050
v -0.015649 -0.219187 -19.282312
v -0.043210 -0.220338 -19.282312
v -0.043210 -0.220338 -19.221050
v -0.015649 -0.219187 -19.316288
v -0.015649 -0.218036 -19.346920
v -0.043210 -0.218036 -19.377550
v -0.043210 -0.220338 -19.377550
v -0.043210 -0.220338 -19.316288
v -0.043210 -0.218036 -19.411526
v -0.015649 -0.218036 -19.442158
v -0.015649 -0.219187 -19.472790
v -0.043210 -0.220338 -19.472790
v -0.043210 -0.220338 -19.411526
v -0.015649 -0.219187 -19.506765
v -0.015649 -0.219187 -19.568027
v -0.043210 -0.220338 -19.568027
v -0.043210 -0.220338 -19.506765
v -0.015649 -0.219187 -19.602003
v -0.015649 -0.219187 -19.663265
v -0.043210 -0.220338 -19.663265
v -0.043210 -0.220338 -19.602003
v -0.015649 -0.219187 -19.697241
v -0.015649 -0.218036 -19.727873
v -0.043210 -0.218036 -19.758503
v -0.043210 -0.220338 -19.758503
v -0.043210 -0.220338 -19.697241
v -0.043210 -0.218036 -19.792479
v -0.015649 -0.218036 -19.823111
v -0.015649 -0.219187 -19.853741
v -0.043210 -0.220338 -19.853741
v -0.043210 -0.220338 -19.792479
v -0.015649 -0.219187 -19.887716
v -0.015649 -0.219187 -19.948980
v -0.043210 -0.220338 -19.948980
v -0.043210 -0.220338 -19.887716
v -0.015649 -0.219187 -19.982954
v -0.015649 -0.219187 -20.044218
v -0.043210 -0.220338 -20.044218
v -0.043210 -0.220338 -19.982954
v -0.015649 -0.219187 -20.078194
v -0.015649 -0.218036 -20.108824
v -0.043210 -0.218036 -20.139456
v -0.043210 -0.220338 -20.139456
v -0.043210 -0.220338 -20.078194
v -0.043210 -0.218036 -20.173431
v -0.015649 -0.218036 -20.204063
v -0.015649 -0.219187 -20.234694
v -0.043210 -0.220338 -20.234694
v -0.043210 -0.220338 -20.173431
v -0.015649 -0.219187 -20.268669
v -0.015649 -0.219187 -20.329931
v -0.043210 -0.220338 -20.329931
v -0.043210 -0.220338 -20.268669
v -0.015649 -0.219187 -20.363907
v -0.015649 -0.219187 -20.425171
v -0.043210 -0.220338 -20.425171
v -0.043210 -0.220338 -20.363907
v -0.015649 -0.219187 -20.459145
v -0.015649 -0.218036 -20.489777
v -0.043210 -0.218036 -20.520409
v -0.043210 -0.220338 -20.520409
v -0.043210 -0.220338 -20.459145
v -0.043210 -0.218036 -20.554384
v -0.015649 -0.218036 -20.585014
v -0.015649 -0.219187 -20.615646
v -0.043210 -0.220338 -20.615646
v -0.043210 -0.220338 -20.554384
v -0.015649 -0.219187 -20.649622
v -0.015649 -0.219187 -20.710884
v -0.043210 -0.220338 -20.710884
v -0.043210 -0.220338 -20.649622
v -0.015649 -0.219187 -20.744860
v -0.015649 -0.219187 -20.806122
v -0.043210 -0.220338 -20.806122
v -0.043210 -0.220338 -20.744860
v -0.015649 -0.219187 -20.840097
v -0.015649 -0.218036 -20.870729
v -0.043210 -0.218036 -20.901360
v -0.043210 -0.220338 -20.901360
v -0.043210 -0.220338 -20.840097
v -0.015649 -0.219187 -20.996599
v -0.043210 -0.220338 -20.996599
v -0.043210 -0.220338 -20.935335
v -0.043210 -0.218036 -20.935335
v -0.015649 -0.218036 -20.965967
v 0.004406 -0.293209 -19.061205
v 0.004406 -0.294360 -19.091837
v 0.059529 -0.294360 -19.091837
v 0.059529 -0.293209 -19.061205
v 0.004406 -0.220338 -19.061205
v 0.059529 -0.220338 -19.061205
v 0.059529 -0.219187 -19.091837
v 0.004406 -0.219187 -19.091837
v 0.004406 -0.293209 -21.061205
v 0.059529 -0.293209 -21.061205
v 0.059529 -0.294360 -21.030575
v 0.004406 -0.294360 -21.030575
v 0.004406 -0.220338 -21.061205
v 0.004406 -0.219187 -21.030575
v 0.059529 -0.219187 -21.030575
v 0.059529 -0.220338 -21.061205
v 0.004406 -0.218036 -20.965967
v 0.035510 -0.218036 -20.935335
v 0.031968 -0.220338 -20.935335
v 0.059529 -0.220338 -20.965967
v 0.059529 -0.219187 -20.996599
v 0.004406 -0.219187 -20.996599
v 0.004406 -0.218036 -20.870729
v 0.004406 -0.219187 -20.840097
v 0.059529 -0.219187 -20.840097
v 0.059529 -0.220338 -20.870729
v 0.031968 -0.220338 -20.901360
v 0.035510 -0.218036 -20.901360
v 0.004406 -0.219187 -20.806122
v 0.004406 -0.219187 -20.744860
v 0.031968 -0.220338 -20.744860
v 0.059529 -0.220338 -20.775492
v 0.059529 -0.219187 -20.806122
v 0.004406 -0.219187 -20.710884
v 0.004406 -0.219187 -20.649622
v 0.059529 -0.219187 -20.649622
v 0.059529 -0.220338 -20.680252
v 0.031968 -0.220338 -20.710884
v 0.004406 -0.218036 -20.585014
v 0.035510 -0.218036 -20.554384
v 0.031968 -0.220338 -20.554384
v 0.059529 -0.220338 -20.585014
v 0.059529 -0.219187 -20.615646
v 0.004406 -0.219187 -20.615646
v 0.004406 -0.218036 -20.489777
v 0.004406 -0.219187 -20.459145
v 0.059529 -0.219187 -20.459145
v 0.059529 -0.220338 -20.489777
v 0.031968 -0.220338 -20.520409
v 0.035510 -0.218036 -20.520409
v 0.004406 -0.219187 -20.425171
v 0.004406 -0.219187 -20.363907
v 0.031968 -0.220338 -20.363907
v 0.059529 -0.220338 -20.394539
v 0.059529 -0.219187 -20.425171
v 0.004406 -0.219187 -20.329931
v 0.004406 -0.219187 -20.268669
v 0.059529 -0.219187 -20.268669
v 0.059529 -0.220338 -20.299301
v 0.031968 -0.220338 -20.329931
v 0.004406 -0.218036 -20.204063
v 0.035510 -0.218036 -20.173431
v 0.031968 -0.220338 -20.173431
v 0.059529 -0.220338 -20.204063
v 0.059529 -0.219187 -20.234694
v 0.004406 -0.219187 -20.234694
v 0.004406 -0.218036 -20.108824
v 0.004406 -0.219187 -20.078194
v 0.059529 -0.219187 -20.078194
v 0.059529 -0.220338 -20.108824
v 0.031968 -0.220338 -20.139456
v 0.035510 -0.218036 -20.139456
v 0.004406 -0.219187 -20.044218
v 0.004406 -0.219187 -19.982954
v 0.031968 -0.220338 -19.982954
v 0.059529 -0.220338 -20.013586
v 0.059529 -0.219187 -20.044218
v 0.004406 -0.219187 -19.948980
v 0.004406 -0.219187 -19.887716
v 0.059529 -0.219187 -19.887716
v 0.059529 -0.220338 -19.918348
v 0.031968 -0.220338 -19.948980
v 0.004406 -0.218036 -19.823111
v 0.035510 -0.218036 -19.792479
v 0.031968 -0.220338 -19.792479
v 0.059529 -0.220338 -19.823111
v 0.059529 -0.219187 -19.853741
v 0.004406 -0.219187 -19.853741
v 0.004406 -0.218036 -19.727873
v 0.004406 -0.219187 -19.697241
v 0.059529 -0.219187 -19.697241
v 0.059529 -0.220338 -19.727873
v 0.031968 -0.220338 -19.758503
v 0.035510 -0.218036 -19.758503
v 0.004406 -0.219187 -19.663265
v 0.004406 -0.219187 -19.602003
v 0.031968 -0.220338 -19.602003
v 0.059529 -0.220338 -19.632633
v 0.059529 -0.219187 -19.663265
v 0.004406 -0.219187 -19.568027
v 0.004406 -0.219187 -19.506765
v 0.059529 -0.219187 -19.506765
v 0.059529 -0.220338 -19.537395
v 0.031968 -0.220338 -19.568027
v 0.004406 -0.218036 -19.442158
v 0.034685 -0.218036 -19.411526
v 0.031968 -0.220338 -19.411526
v 0.059529 -0.220338 -19.442158
v 0.059529 -0.219187 -19.472790
v 0.004406 -0.219187 -19.472790
v 0.004406 -0.218036 -19.346920
v 0.004406 -0.219187 -19.316288
v 0.059529 -0.219187 -19.316288
v 0.059529 -0.220338 -19.346920
v 0.031968 -0.220338 -19.377550
v 0.034685 -0.218036 -19.377550
v 0.004406 -0.219187 -19.282312
v 0.004406 -0.219187 -19.221050
v 0.031968 -0.220338 -19.221050
v 0.059529 -0.220338 -19.251682
v 0.059529 -0.219187 -19.282312
v 0.004406 -0.219187 -19.125813
v 0.059529 -0.219187 -19.125813
v 0.059529 -0.220338 -19.156443
v 0.031968 -0.220338 -19.187075
v 0.004406 -0.219187 -19.187075
v 0.004406 -0.294360 -19.125813
v 0.059529 -0.294360 -19.187075
v 0.004406 -0.294360 -19.282312
v 0.059529 -0.294360 -19.221050
v 0.004406 -0.294360 -19.316288
v 0.059529 -0.294360 -19.377552
v 0.004406 -0.294360 -19.472790
v 0.059529 -0.294360 -19.411526
v 0.004406 -0.294360 -19.506765
v 0.059529 -0.294360 -19.568027
v 0.004406 -0.294360 -19.663265
v 0.059529 -0.294360 -19.602003
v 0.004406 -0.294360 -19.697241
v 0.059529 -0.294360 -19.758503
v 0.004406 -0.294360 -19.853741
v 0.059529 -0.294360 -19.792479
v 0.004406 -0.294360 -19.887716
v 0.059529 -0.294360 -19.948980
v 0.004406 -0.294360 -20.044218
v 0.059529 -0.294360 -19.982954
v 0.004406 -0.294360 -20.078194
v 0.059529 -0.294360 -20.139456
v 0.004406 -0.294360 -20.234694
v 0.059529 -0.294360 -20.173431
v 0.004406 -0.294360 -20.268669
v 0.059529 -0.294360 -20.329931
v 0.004406 -0.294360 -20.425171
v 0.059529 -0.294360 -20.363907
v 0.004406 -0.294360 -20.459145
v 0.059529 -0.294360 -20.520409
v 0.004406 -0.294360 -20.615646
v 0.059529 -0.294360 -20.554384
v 0.004406 -0.294360 -20.649622
v 0.059529 -0.294360 -20.710884
v 0.004406 -0.294360 -20.806122
v 0.059529 -0.294360 -20.744860
v 0.004406 -0.294360 -20.840097
v 0.059529 -0.294360 -20.901361
v 0.004406 -0.294360 -20.996599
v 0.059529 -0.294360 -20.935335
v 0.059529 -0.291889 -19.251682
v 0.031968 -0.291889 -19.221050
v 0.059529 -0.291889 -19.442158
v 0.031968 -0.291889 -19.411526
v 0.059529 -0.291889 -19.632633
v 0.031968 -0.291889 -19.602003
v 0.059529 -0.291889 -19.823111
v 0.031968 -0.291889 -19.792479
v 0.059529 -0.291889 -20.013586
v 0.031968 -0.291889 -19.982954
v 0.059529 -0.291889 -20.204063
v 0.031968 -0.291889 -20.173431
v 0.031968 -0.291889 -20.329931
v 0.059529 -0.291889 -20.299301
v 0.059529 -0.291889 -20.394539
v 0.031968 -0.291889 -20.363907
v 0.031968 -0.291889 -20.520409
v 0.059529 -0.291889 -20.489777
v 0.059529 -0.291889 -20.585014
v 0.031968 -0.291889 -20.554384
v 0.031968 -0.291889 -20.710884
v 0.059529 -0.291889 -20.680252
v 0.031968 -0.291889 -20.901360
v 0.059529 -0.291889 -20.870729
v -0.043210 0.703712 -19.377550
v -0.043210 0.703712 -19.316288
v -0.015649 0.704863 -19.316288
v -0.015649 0.704863 -19.377550
v -0.043210 0.703712 -19.411526
v -0.015649 0.704863 -19.411526
v -0.015649 0.704863 -19.472790
v -0.043210 0.703712 -19.472790
v -0.043210 0.703712 -19.758503
v -0.015649 0.703712 -19.727873
v -0.015649 0.704863 -19.758503
v -0.043210 0.703712 -19.792479
v -0.015649 0.704863 -19.792479
v -0.015649 0.703712 -19.823111
v -0.043210 0.703712 -20.139456
v -0.015649 0.703712 -20.108824
v -0.015649 0.704863 -20.139456
v -0.043210 0.703712 -20.173431
v -0.015649 0.704863 -20.173431
v -0.015649 0.703712 -20.204063
v -0.043210 0.703712 -20.520409
v -0.015649 0.703712 -20.489777
v -0.015649 0.704863 -20.520409
v -0.043210 0.703712 -20.554384
v -0.015649 0.704863 -20.554384
v -0.015649 0.703712 -20.585014
v -0.043210 0.703712 -20.901360
v -0.015649 0.703712 -20.870729
v -0.015649 0.704863 -20.901360
v -0.043210 0.703712 -20.935335
v -0.015649 0.704863 -20.935335
v -0.015649 0.703712 -20.965967
v 0.004406 0.703712 -20.965967
v 0.004406 0.704863 -20.935335
v 0.035510 0.703712 -20.935335
v 0.004406 0.703712 -20.870729
v 0.035510 0.703712 -20.901360
v 0.004406 0.704863 -20.901360
v 0.004406 0.703712 -20.585014
v 0.004406 0.704863 -20.554384
v 0.035510 0.703712 -20.554384
v 0.004406 0.703712 -20.489777
v 0.035510 0.703712 -20.520409
v 0.004406 0.704863 -20.520409
v 0.004406 0.703712 -20.204063
v 0.004406 0.704863 -20.173431
v 0.035510 0.703712 -20.173431
v 0.004406 0.703712 -20.108824
v 0.035510 0.703712 -20.139456
v 0.004406 0.704863 -20.139456
v 0.004406 0.703712 -19.823111
v 0.004406 0.704863 -19.792479
v 0.035510 0.703712 -19.792479
v 0.004406 0.703712 -19.727873
v 0.035510 0.703712 -19.758503
v 0.004406 0.704863 -19.758503
v 0.004406 0.704863 -19.472790
v 0.004406 0.704863 -19.411526
v 0.031968 0.703712 -19.411526
v 0.031968 0.703712 -19.472790
v 0.004406 0.704863 -19.316288
v 0.031968 0.703712 -19.316288
v 0.031968 0.703712 -19.377550
v 0.004406 0.704863 -19.377550
v 0.031968 0.632163 -19.472790
v 0.031968 0.632163 -19.411526
v 0.034685 0.629860 -19.411526
v 0.004406 0.629860 -19.442158
v 0.004406 0.631011 -19.472790
v 0.031968 0.632163 -19.316288
v 0.004406 0.631011 -19.316288
v 0.004406 0.629860 -19.346920
v 0.034685 0.629860 -19.377550
v 0.031968 0.632163 -19.377550
v -0.043210 0.632163 -19.472790
v -0.015649 0.631011 -19.472790
v -0.015649 0.629860 -19.442158
v -0.043210 0.629860 -19.411526
v -0.043210 0.632163 -19.411526
v -0.043210 0.632163 -19.316288
v -0.043210 0.632163 -19.377550
v -0.043210 0.629860 -19.377550
v -0.015649 0.629860 -19.346920
v -0.015649 0.631011 -19.316288
v -0.015649 0.704863 -19.092937
v -0.043210 0.703712 -19.092937
v -0.015649 0.703712 -19.062307
v 0.004406 0.704863 -19.092937
v 0.004406 0.703712 -19.062307
v 0.031968 0.703712 -19.092937
v 0.031968 0.632163 -19.092937
v 0.004406 0.632163 -19.062307
v 0.004406 0.631011 -19.092937
v -0.043210 0.632163 -19.092937
v -0.015649 0.631011 -19.092937
v -0.015649 0.632163 -19.062307
v -0.015649 0.704863 -21.027063
v -0.015649 0.703712 -21.057695
v -0.043210 0.703712 -21.027063
v 0.004406 0.704863 -21.027063
v 0.031968 0.703712 -21.027063
v 0.004406 0.703712 -21.057695
v 0.031968 0.632163 -21.027063
v 0.004406 0.631011 -21.027063
v 0.004406 0.632163 -21.057695
v -0.043210 0.632163 -21.027063
v -0.015649 0.632163 -21.057695
v -0.015649 0.631011 -21.027063
v 0.004406 0.350089 -19.346920
v 0.004406 0.348938 -19.316288
v 0.031968 0.347786 -19.316288
v 0.035465 0.347786 -19.377550
v 0.034685 0.350089 -19.377550
v 0.004406 0.263649 -19.346920
v 0.034685 0.263649 -19.377550
v 0.035465 0.265952 -19.377550
v 0.031968 0.265952 -19.316288
v 0.004406 0.264800 -19.316288
v -0.043210 0.350089 -19.377550
v -0.043210 0.347786 -19.377550
v -0.043210 0.347786 -19.316288
v -0.015649 0.348938 -19.316288
v -0.015649 0.350089 -19.346920
v -0.043210 0.263649 -19.377550
v -0.015649 0.263649 -19.346920
v -0.015649 0.264800 -19.316288
v -0.043210 0.265952 -19.316288
v -0.043210 0.265952 -19.377550
v 0.034685 0.263649 -19.411526
v 0.004406 0.263649 -19.442158
v 0.004406 0.264800 -19.472790
v 0.031968 0.265952 -19.472790
v 0.035465 0.265952 -19.411526
v 0.034685 0.350089 -19.411526
v 0.035465 0.347786 -19.411526
v 0.031968 0.347786 -19.472790
v 0.004406 0.348938 -19.472790
v 0.004406 0.350089 -19.442158
v -0.043210 0.263649 -19.411526
v -0.043210 0.265952 -19.411526
v -0.043210 0.265952 -19.472790
v -0.015649 0.264800 -19.472790
v -0.015649 0.263649 -19.442158
v -0.043210 0.350089 -19.411526
v -0.015649 0.350089 -19.442158
v -0.015649 0.348938 -19.472790
v -0.043210 0.347786 -19.472790
v -0.043210 0.347786 -19.411526
v 0.031968 0.347786 -19.094986
v 0.004407 0.348938 -19.094986
v 0.004407 0.347786 -19.064354
v 0.031968 0.265952 -19.094986
v 0.004407 0.265952 -19.064354
v 0.004407 0.264800 -19.094986
v -0.043210 0.347786 -19.094986
v -0.015649 0.347786 -19.064354
v -0.015649 0.348938 -19.094986
v -0.043210 0.265952 -19.094986
v -0.015649 0.264800 -19.094986
v -0.015649 0.265952 -19.064354
v 0.031967 0.265952 -21.027309
v 0.004406 0.264800 -21.027309
v 0.004406 0.265952 -21.057941
v 0.031967 0.347786 -21.027309
v 0.004406 0.347786 -21.057941
v 0.004406 0.348938 -21.027309
v -0.043211 0.265952 -21.027309
v -0.015650 0.265952 -21.057941
v -0.015650 0.264800 -21.027309
v -0.043211 0.347786 -21.027309
v -0.015650 0.348938 -21.027309
v -0.015650 0.347786 -21.057941
v -0.015649 -0.293209 -21.061205
v -0.043210 -0.293209 -21.091837
v -0.015649 -0.294360 -21.091837
v -0.015649 -0.219187 -21.091837
v -0.043210 -0.220338 -21.091837
v -0.015649 -0.220338 -21.061205
v -0.043210 -0.293209 -23.030575
v -0.015649 -0.293209 -23.061205
v -0.015649 -0.294360 -23.030575
v -0.015649 -0.219187 -23.030575
v -0.015649 -0.220338 -23.061205
v -0.043210 -0.220338 -23.030575
v -0.015649 -0.294360 -22.996599
v -0.015649 -0.294360 -22.935335
v -0.043210 -0.293209 -22.935335
v -0.043210 -0.293209 -22.996599
v -0.015649 -0.294360 -22.901361
v -0.015649 -0.294360 -22.840097
v -0.043210 -0.293209 -22.840097
v -0.043210 -0.293209 -22.901361
v -0.015649 -0.294360 -22.806122
v -0.015649 -0.294360 -22.744860
v -0.043210 -0.293209 -22.744860
v -0.043210 -0.293209 -22.806122
v -0.015649 -0.294360 -22.710884
v -0.015649 -0.294360 -22.649622
v -0.043210 -0.293209 -22.649622
v -0.043210 -0.293209 -22.710884
v -0.015649 -0.294360 -22.615646
v -0.015649 -0.294360 -22.554384
v -0.043210 -0.293209 -22.554384
v -0.043210 -0.293209 -22.615646
v -0.015649 -0.294360 -22.520409
v -0.015649 -0.294360 -22.459145
v -0.043210 -0.293209 -22.459145
v -0.043210 -0.293209 -22.520409
v -0.015649 -0.294360 -22.425171
v -0.015649 -0.294360 -22.363907
v -0.043210 -0.293209 -22.363907
v -0.043210 -0.293209 -22.425171
v -0.015649 -0.294360 -22.329931
v -0.015649 -0.294360 -22.268669
v -0.043210 -0.293209 -22.268669
v -0.043210 -0.293209 -22.329931
v -0.015649 -0.294360 -22.234694
v -0.015649 -0.294360 -22.173431
v -0.043210 -0.293209 -22.173431
v -0.043210 -0.293209 -22.234694
v -0.015649 -0.294360 -22.139456
v -0.015649 -0.294360 -22.078194
v -0.043210 -0.293209 -22.078194
v -0.043210 -0.293209 -22.139456
v -0.015649 -0.294360 -22.044218
v -0.015649 -0.294360 -21.982954
v -0.043210 -0.293209 -21.982954
v -0.043210 -0.293209 -22.044218
v -0.015649 -0.294360 -21.948980
v -0.015649 -0.294360 -21.887716
v -0.043210 -0.293209 -21.887716
v -0.043210 -0.293209 -21.948980
v -0.015649 -0.294360 -21.853741
v -0.015649 -0.294360 -21.792479
v -0.043210 -0.293209 -21.792479
v -0.043210 -0.293209 -21.853741
v -0.015649 -0.294360 -21.758503
v -0.015649 -0.294360 -21.697241
v -0.043210 -0.293209 -21.697241
v -0.043210 -0.293209 -21.758503
v -0.015649 -0.294360 -21.663265
v -0.015649 -0.294360 -21.602003
v -0.043210 -0.293209 -21.602003
v -0.043210 -0.293209 -21.663265
v -0.015649 -0.294360 -21.568027
v -0.015649 -0.294360 -21.506765
v -0.043210 -0.293209 -21.506765
v -0.043210 -0.293209 -21.568027
v -0.015649 -0.294360 -21.472790
v -0.015649 -0.294360 -21.411526
v -0.043210 -0.293209 -21.411526
v -0.043210 -0.293209 -21.472790
v -0.015649 -0.294360 -21.377552
v -0.015649 -0.294360 -21.316288
v -0.043210 -0.293209 -21.316288
v -0.043210 -0.293209 -21.377552
v -0.015649 -0.294360 -21.282312
v -0.015649 -0.294360 -21.221050
v -0.043210 -0.293209 -21.221050
v -0.043210 -0.293209 -21.282312
v -0.015649 -0.294360 -21.125813
v -0.043210 -0.293209 -21.125813
v -0.043210 -0.293209 -21.187075
v -0.015649 -0.294360 -21.187075
v -0.015649 -0.219187 -21.125813
v -0.015649 -0.219187 -21.187075
v -0.043210 -0.220338 -21.187075
v -0.043210 -0.220338 -21.125813
v -0.015649 -0.219187 -21.221050
v -0.015649 -0.219187 -21.282312
v -0.043210 -0.220338 -21.282312
v -0.043210 -0.220338 -21.221050
v -0.015649 -0.219187 -21.316288
v -0.015649 -0.218036 -21.346920
v -0.043210 -0.218036 -21.377550
v -0.043210 -0.220338 -21.377550
v -0.043210 -0.220338 -21.316288
v -0.043210 -0.218036 -21.411526
v -0.015649 -0.218036 -21.442158
v -0.015649 -0.219187 -21.472790
v -0.043210 -0.220338 -21.472790
v -0.043210 -0.220338 -21.411526
v -0.015649 -0.219187 -21.506765
v -0.015649 -0.219187 -21.568027
v -0.043210 -0.220338 -21.568027
v -0.043210 -0.220338 -21.506765
v -0.015649 -0.219187 -21.602003
v -0.015649 -0.219187 -21.663265
v -0.043210 -0.220338 -21.663265
v -0.043210 -0.220338 -21.602003
v -0.015649 -0.219187 -21.697241
v -0.015649 -0.218036 -21.727873
v -0.043210 -0.218036 -21.758503
v -0.043210 -0.220338 -21.758503
v -0.043210 -0.220338 -21.697241
v -0.043210 -0.218036 -21.792479
v -0.015649 -0.218036 -21.823111
v -0.015649 -0.219187 -21.853741
v -0.043210 -0.220338 -21.853741
v -0.043210 -0.220338 -21.792479
v -0.015649 -0.219187 -21.887716
v -0.015649 -0.219187 -21.948980
v -0.043210 -0.220338 -21.948980
v -0.043210 -0.220338 -21.887716
v -0.015649 -0.219187 -21.982954
v -0.015649 -0.219187 -22.044218
v -0.043210 -0.220338 -22.044218
v -0.043210 -0.220338 -21.982954
v -0.015649 -0.219187 -22.078194
v -0.015649 -0.218036 -22.108824
v -0.043210 -0.218036 -22.139456
v -0.043210 -0.220338 -22.139456
v -0.043210 -0.220338 -22.078194
v -0.043210 -0.218036 -22.173431
v -0.015649 -0.218036 -22.204063
v -0.015649 -0.219187 -22.234694
v -0.043210 -0.220338 -22.234694
v -0.043210 -0.220338 -22.173431
v -0.015649 -0.219187 -22.268669
v -0.015649 -0.219187 -22.329931
v -0.043210 -0.220338 -22.329931
v -0.043210 -0.220338 -22.268669
v -0.015649 -0.219187 -22.363907
v -0.015649 -0.219187 -22.425171
v -0.043210 -0.220338 -22.425171
v -0.043210 -0.220338 -22.363907
v -0.015649 -0.219187 -22.459145
v -0.015649 -0.218036 -22.489777
v -0.043210 -0.218036 -22.520409
v -0.043210 -0.220338 -22.520409
v -0.043210 -0.220338 -22.459145
v -0.043210 -0.218036 -22.554384
v -0.015649 -0.218036 -22.585014
v -0.015649 -0.219187 -22.615646
v -0.043210 -0.220338 -22.615646
v -0.043210 -0.220338 -22.554384
v -0.015649 -0.219187 -22.649622
v -0.015649 -0.219187 -22.710884
v -0.043210 -0.220338 -22.710884
v -0.043210 -0.220338 -22.649622
v -0.015649 -0.219187 -22.744860
v -0.015649 -0.219187 -22.806122
v -0.043210 -0.220338 -22.806122
v -0.043210 -0.220338 -22.744860
v -0.015649 -0.219187 -22.840097
v -0.015649 -0.218036 -22.870729
v -0.043210 -0.218036 -22.901360
v -0.043210 -0.220338 -22.901360
v -0.043210 -0.220338 -22.840097
v -0.015649 -0.219187 -22.996599
v -0.043210 -0.220338 -22.996599
v -0.043210 -0.220338 -22.935335
v -0.043210 -0.218036 -22.935335
v -0.015649 -0.218036 -22.965967
v 0.004406 -0.293209 -21.061205
v 0.004406 -0.294360 -21.091837
v 0.059529 -0.294360 -21.091837
v 0.059529 -0.293209 -21.061205
v 0.004406 -0.220338 -21.061205
v 0.059529 -0.220338 -21.061205
v 0.059529 -0.219187 -21.091837
v 0.004406 -0.219187 -21.091837
v 0.004406 -0.293209 -23.061205
v 0.059529 -0.293209 -23.061205
v 0.059529 -0.294360 -23.030575
v 0.004406 -0.294360 -23.030575
v 0.004406 -0.220338 -23.061205
v 0.004406 -0.219187 -23.030575
v 0.059529 -0.219187 -23.030575
v 0.059529 -0.220338 -23.061205
v 0.004406 -0.218036 -22.965967
v 0.035510 -0.218036 -22.935335
v 0.031967 -0.220338 -22.935335
v 0.059529 -0.220338 -22.965967
v 0.059529 -0.219187 -22.996599
v 0.004406 -0.219187 -22.996599
v 0.004406 -0.218036 -22.870729
v 0.004406 -0.219187 -22.840097
v 0.059529 -0.219187 -22.840097
v 0.059529 -0.220338 -22.870729
v 0.031967 -0.220338 -22.901360
v 0.035510 -0.218036 -22.901360
v 0.004406 -0.219187 -22.806122
v 0.004406 -0.219187 -22.744860
v 0.031967 -0.220338 -22.744860
v 0.059529 -0.220338 -22.775492
v 0.059529 -0.219187 -22.806122
v 0.004406 -0.219187 -22.710884
v 0.004406 -0.219187 -22.649622
v 0.059529 -0.219187 -22.649622
v 0.059529 -0.220338 -22.680252
v 0.031967 -0.220338 -22.710884
v 0.004406 -0.218036 -22.585014
v 0.035510 -0.218036 -22.554384
v 0.031967 -0.220338 -22.554384
v 0.059529 -0.220338 -22.585014
v 0.059529 -0.219187 -22.615646
v 0.004406 -0.219187 -22.615646
v 0.004406 -0.218036 -22.489777
v 0.004406 -0.219187 -22.459145
v 0.059529 -0.219187 -22.459145
v 0.059529 -0.220338 -22.489777
v 0.031967 -0.220338 -22.520409
v 0.035510 -0.218036 -22.520409
v 0.004406 -0.219187 -22.425171
v 0.004406 -0.219187 -22.363907
v 0.031967 -0.220338 -22.363907
v 0.059529 -0.220338 -22.394539
v 0.059529 -0.219187 -22.425171
v 0.004406 -0.219187 -22.329931
v 0.004406 -0.219187 -22.268669
v 0.059529 -0.219187 -22.268669
v 0.059529 -0.220338 -22.299301
v 0.031967 -0.220338 -22.329931
v 0.004406 -0.218036 -22.204063
v 0.035510 -0.218036 -22.173431
v 0.031967 -0.220338 -22.173431
v 0.059529 -0.220338 -22.204063
v 0.059529 -0.219187 -22.234694
v 0.004406 -0.219187 -22.234694
v 0.004406 -0.218036 -22.108824
v 0.004406 -0.219187 -22.078194
v 0.059529 -0.219187 -22.078194
v 0.059529 -0.220338 -22.108824
v 0.031967 -0.220338 -22.139456
v 0.035510 -0.218036 -22.139456
v 0.004406 -0.219187 -22.044218
v 0.004406 -0.219187 -21.982954
v 0.031967 -0.220338 -21.982954
v 0.059529 -0.220338 -22.013586
v 0.059529 -0.219187 -22.044218
v 0.004406 -0.219187 -21.948980
v 0.004406 -0.219187 -21.887716
v 0.059529 -0.219187 -21.887716
v 0.059529 -0.220338 -21.918348
v 0.031967 -0.220338 -21.948980
v 0.004406 -0.218036 -21.823111
v 0.035510 -0.218036 -21.792479
v 0.031967 -0.220338 -21.792479
v 0.059529 -0.220338 -21.823111
v 0.059529 -0.219187 -21.853741
v 0.004406 -0.219187 -21.853741
v 0.004406 -0.218036 -21.727873
v 0.004406 -0.219187 -21.697241
v 0.059529 -0.219187 -21.697241
v 0.059529 -0.220338 -21.727873
v 0.031967 -0.220338 -21.758503
v 0.035510 -0.218036 -21.758503
v 0.004406 -0.219187 -21.663265
v 0.004406 -0.219187 -21.602003
v 0.031967 -0.220338 -21.602003
v 0.059529 -0.220338 -21.632633
v 0.059529 -0.219187 -21.663265
v 0.004406 -0.219187 -21.568027
v 0.004406 -0.219187 -21.506765
v 0.059529 -0.219187 -21.506765
v 0.059529 -0.220338 -21.537395
v 0.031967 -0.220338 -21.568027
v 0.004406 -0.218036 -21.442158
v 0.034685 -0.218036 -21.411526
v 0.031967 -0.220338 -21.411526
v 0.059529 -0.220338 -21.442158
v 0.059529 -0.219187 -21.472790
v 0.004406 -0.219187 -21.472790
v 0.004406 -0.218036 -21.346920
v 0.004406 -0.219187 -21.316288
v 0.059529 -0.219187 -21.316288
v 0.059529 -0.220338 -21.346920
v 0.031967 -0.220338 -21.377550
v 0.034685 -0.218036 -21.377550
v 0.004406 -0.219187 -21.282312
v 0.004406 -0.219187 -21.221050
v 0.031968 -0.220338 -21.221050
v 0.059529 -0.220338 -21.251682
v 0.059529 -0.219187 -21.282312
v 0.004406 -0.219187 -21.125813
v 0.059529 -0.219187 -21.125813
v 0.059529 -0.220338 -21.156443
v 0.031968 -0.220338 -21.187075
v 0.004406 -0.219187 -21.187075
v 0.004406 -0.294360 -21.125813
v 0.059529 -0.294360 -21.187075
v 0.004406 -0.294360 -21.282312
v 0.059529 -0.294360 -21.221050
v 0.004406 -0.294360 -21.316288
v 0.059529 -0.294360 -21.377552
v 0.004406 -0.294360 -21.472790
v 0.059529 -0.294360 -21.411526
v 0.004406 -0.294360 -21.506765
v 0.059529 -0.294360 -21.568027
v 0.004406 -0.294360 -21.663265
v 0.059529 -0.294360 -21.602003
v 0.004406 -0.294360 -21.697241
v 0.059529 -0.294360 -21.758503
v 0.004406 -0.294360 -21.853741
v 0.059529 -0.294360 -21.792479
v 0.004406 -0.294360 -21.887716
v 0.059529 -0.294360 -21.948980
v 0.004406 -0.294360 -22.044218
v 0.059529 -0.294360 -21.982954
v 0.004406 -0.294360 -22.078194
v 0.059529 -0.294360 -22.139456
v 0.004406 -0.294360 -22.234694
v 0.059529 -0.294360 -22.173431
v 0.004406 -0.294360 -22.268669
v 0.059529 -0.294360 -22.329931
v 0.004406 -0.294360 -22.425171
v 0.059529 -0.294360 -22.363907
v 0.004406 -0.294360 -22.459145
v 0.059529 -0.294360 -22.520409
v 0.004406 -0.294360 -22.615646
v 0.059529 -0.294360 -22.554384
v 0.004406 -0.294360 -22.649622
v 0.059529 -0.294360 -22.710884
v 0.004406 -0.294360 -22.806122
v 0.059529 -0.294360 -22.744860
v 0.004406 -0.294360 -22.840097
v 0.059529 -0.294360 -22.901361
v 0.004406 -0.294360 -22.996599
v 0.059529 -0.294360 -22.935335
v 0.059529 -0.291889 -21.251682
v 0.031968 -0.291889 -21.221050
v 0.059529 -0.291889 -21.442158
v 0.031967 -0.291889 -21.411526
v 0.059529 -0.291889 -21.632633
v 0.031967 -0.291889 -21.602003
v 0.059529 -0.291889 -21.823111
v 0.031967 -0.291889 -21.792479
v 0.059529 -0.291889 -22.013586
v 0.031967 -0.291889 -21.982954
v 0.059529 -0.291889 -22.204063
v 0.031967 -0.291889 -22.173431
v 0.031967 -0.291889 -22.329931
v 0.059529 -0.291889 -22.299301
v 0.059529 -0.291889 -22.394539
v 0.031967 -0.291889 -22.363907
v 0.031967 -0.291889 -22.520409
v 0.059529 -0.291889 -22.489777
v 0.059529 -0.291889 -22.585014
v 0.031967 -0.291889 -22.554384
v 0.031967 -0.291889 -22.710884
v 0.059529 -0.291889 -22.680252
v 0.031967 -0.291889 -22.901360
v 0.059529 -0.291889 -22.870729
v -0.043210 0.703712 -21.377550
v -0.043210 0.703712 -21.316288
v -0.015649 0.704863 -21.316288
v -0.015649 0.704863 -21.377550
v -0.043210 0.703712 -21.411526
v -0.015649 0.704863 -21.411526
v -0.015649 0.704863 -21.472790
v -0.043210 0.703712 -21.472790
v -0.043210 0.703712 -21.758503
v -0.015649 0.703712 -21.727873
v -0.015649 0.704863 -21.758503
v -0.043210 0.703712 -21.792479
v -0.015649 0.704863 -21.792479
v -0.015649 0.703712 -21.823111
v -0.043210 0.703712 -22.139456
v -0.015649 0.703712 -22.108824
v -0.015649 0.704863 -22.139456
v -0.043210 0.703712 -22.173431
v -0.015649 0.704863 -22.173431
v -0.015649 0.703712 -22.204063
v -0.043210 0.703712 -22.520409
v -0.015649 0.703712 -22.489777
v -0.015649 0.704863 -22.520409
v -0.043210 0.703712 -22.554384
v -0.015649 0.704863 -22.554384
v -0.015649 0.703712 -22.585014
v -0.043210 0.703712 -22.901360
v -0.015649 0.703712 -22.870729
v -0.015649 0.704863 -22.901360
v -0.043210 0.703712 -22.935335
v -0.015649 0.704863 -22.935335
v -0.015649 0.703712 -22.965967
v 0.004406 0.703712 -22.965967
v 0.004406 0.704863 -22.935335
v 0.035510 0.703712 -22.935335
v 0.004406 0.703712 -22.870729
v 0.035510 0.703712 -22.901360
v 0.004406 0.704863 -22.901360
v 0.004406 0.703712 -22.585014
v 0.004406 0.704863 -22.554384
v 0.035510 0.703712 -22.554384
v 0.004406 0.703712 -22.489777
v 0.035510 0.703712 -22.520409
v 0.004406 0.704863 -22.520409
v 0.004406 0.703712 -22.204063
v 0.004406 0.704863 -22.173431
v 0.035510 0.703712 -22.173431
v 0.004406 0.703712 -22.108824
v 0.035510 0.703712 -22.139456
v 0.004406 0.704863 -22.139456
v 0.004406 0.703712 -21.823111
v 0.004406 0.704863 -21.792479
v 0.035510 0.703712 -21.792479
v 0.004406 0.703712 -21.727873
v 0.035510 0.703712 -21.758503
v 0.004406 0.704863 -21.758503
v 0.004406 0.704863 -21.472790
v 0.004406 0.704863 -21.411526
v 0.031967 0.703712 -21.411526
v 0.031967 0.703712 -21.472790
v 0.004406 0.704863 -21.316288
v 0.031968 0.703712 -21.316288
v 0.031967 0.703712 -21.377550
v 0.004406 0.704863 -21.377550
v 0.031967 0.632163 -21.472790
v 0.031967 0.632163 -21.411526
v 0.034685 0.629860 -21.411526
v 0.004406 0.629860 -21.442158
v 0.004406 0.631011 -21.472790
v 0.031968 0.632163 -21.316288
v 0.004406 0.631011 -21.316288
v 0.004406 0.629860 -21.346920
v 0.034685 0.629860 -21.377550
v 0.031967 0.632163 -21.377550
v -0.043210 0.632163 -21.472790
v -0.015649 0.631011 -21.472790
v -0.015649 0.629860 -21.442158
v -0.043210 0.629860 -21.411526
v -0.043210 0.632163 -21.411526
v -0.043210 0.632163 -21.316288
v -0.043210 0.632163 -21.377550
v -0.043210 0.629860 -21.377550
v -0.015649 0.629860 -21.346920
v -0.015649 0.631011 -21.316288
v -0.015649 0.704863 -21.092937
v -0.043210 0.703712 -21.092937
v -0.015649 0.703712 -21.062307
v 0.004406 0.704863 -21.092937
v 0.004406 0.703712 -21.062307
v 0.031968 0.703712 -21.092937
v 0.031968 0.632163 -21.092937
v 0.004406 0.632163 -21.062307
v 0.004406 0.631011 -21.092937
v -0.043210 0.632163 -21.092937
v -0.015649 0.631011 -21.092937
v -0.015649 0.632163 -21.062307
v -0.015649 0.704863 -23.027063
v -0.015649 0.703712 -23.057695
v -0.043210 0.703712 -23.027063
v 0.004406 0.704863 -23.027063
v 0.031967 0.703712 -23.027063
v 0.004406 0.703712 -23.057695
v 0.031967 0.632163 -23.027063
v 0.004406 0.631011 -23.027063
v 0.004406 0.632163 -23.057695
v -0.043210 0.632163 -23.027063
v -0.015649 0.632163 -23.057695
v -0.015649 0.631011 -23.027063
v 0.004406 0.350089 -21.346920
v 0.004406 0.348938 -21.316288
v 0.031968 0.347786 -21.316288
v 0.035465 0.347786 -21.377550
v 0.034685 0.350089 -21.377550
v 0.004406 0.263649 -21.346920
v 0.034685 0.263649 -21.377550
v 0.035465 0.265952 -21.377550
v 0.031968 0.265952 -21.316288
v 0.004406 0.264800 -21.316288
v -0.043210 0.350089 -21.377550
v -0.043210 0.347786 -21.377550
v -0.043210 0.347786 -21.316288
v -0.015649 0.348938 -21.316288
v -0.015649 0.350089 -21.346920
v -0.043210 0.263649 -21.377550
v -0.015649 0.263649 -21.346920
v -0.015649 0.264800 -21.316288
v -0.043210 0.265952 -21.316288
v -0.043210 0.265952 -21.377550
v 0.034685 0.263649 -21.411526
v 0.004406 0.263649 -21.442158
v 0.004406 0.264800 -21.472790
v 0.031967 0.265952 -21.472790
v 0.035465 0.265952 -21.411526
v 0.034685 0.350089 -21.411526
v 0.035465 0.347786 -21.411526
v 0.031967 0.347786 -21.472790
v 0.004406 0.348938 -21.472790
v 0.004406 0.350089 -21.442158
v -0.043210 0.263649 -21.411526
v -0.043210 0.265952 -21.411526
v -0.043210 0.265952 -21.472790
v -0.015649 0.264800 -21.472790
v -0.015649 0.263649 -21.442158
v -0.043210 0.350089 -21.411526
v -0.015649 0.350089 -21.442158
v -0.015649 0.348938 -21.472790
v -0.043210 0.347786 -21.472790
v -0.043210 0.347786 -21.411526
v 0.031968 0.347786 -21.094986
v 0.004406 0.348938 -21.094986
v 0.004406 0.347786 -21.064354
v 0.031968 0.265952 -21.094986
v 0.004406 0.265952 -21.064354
v 0.004406 0.264800 -21.094986
v -0.043210 0.347786 -21.094986
v -0.015649 0.347786 -21.064354
v -0.015649 0.348938 -21.094986
v -0.043210 0.265952 -21.094986
v -0.015649 0.264800 -21.094986
v -0.015649 0.265952 -21.064354
v 0.031967 0.265952 -23.027309
v 0.004406 0.264800 -23.027309
v 0.004406 0.265952 -23.057941
v 0.031967 0.347786 -23.027309
v 0.004406 0.347786 -23.057941
v 0.004406 0.348938 -23.027309
v -0.043211 0.265952 -23.027309
v -0.015650 0.265952 -23.057941
v -0.015650 0.264800 -23.027309
v -0.043211 0.347786 -23.027309
v -0.015650 0.348938 -23.027309
v -0.015650 0.347786 -23.057941
vn -0.0173 0.9999 -0.0000
vn -0.0163 0.9998 0.0147
vn -0.0000 0.9999 0.0156
vn 0.0040 1.0000 -0.0036
vn -0.0163 0.9998 -0.0147
vn -0.0266 0.9995 -0.0155
vn 0.0088 0.9999 -0.0081
vn -0.0000 0.9999 -0.0156
vn -0.1064 -0.9936 0.0373
vn -0.1064 0.9936 0.0373
vn -0.1003 0.9950 -0.0000
vn -0.1003 -0.9950 -0.0000
vn -0.0415 -0.9945 -0.0958
vn -0.0415 0.9945 -0.0958
vn -0.0000 0.9979 -0.0640
vn -0.0000 -0.9959 -0.0904
vn -0.0641 0.9938 0.0907
vn 0.0411 0.9975 0.0576
vn 0.0382 0.9947 0.0957
vn -0.0415 0.9945 0.0958
vn -0.0163 -0.9998 0.0147
vn -0.0173 -0.9999 -0.0000
vn -0.0000 -1.0000 -0.0000
vn -0.0000 -1.0000 0.0098
vn 0.0126 0.9999 -0.0039
vn 0.0126 0.9999 0.0039
vn -0.4020 0.9150 0.0344
vn -0.4020 0.9150 -0.0344
vn -0.1373 0.9905 0.0127
vn -0.1373 0.9905 -0.0127
vn -0.0000 -0.9959 0.0904
vn -0.0000 0.9979 0.0640
vn -0.0415 -0.9945 0.0958
vn -0.0266 0.9995 0.0155
vn 0.0040 1.0000 0.0036
vn 0.0087 0.9999 0.0081
vn -0.3743 0.9218 -0.1015
vn -0.3743 0.9218 0.1015
vn -0.3742 -0.9218 0.1015
vn -0.3742 -0.9218 -0.1015
vn 1.0000 -0.0000 -0.0000
vn 0.0412 0.9975 -0.0570
vn -0.0641 0.9938 -0.0907
vn -0.0641 -0.9938 -0.0907
vn 0.0611 -0.9938 -0.0929
vn 0.2159 0.9754 0.0440
vn 0.2159 0.9754 -0.0440
vn 0.3489 -0.9315 -0.1030
vn 0.3489 -0.9315 0.1030
vn 0.0088 0.9999 0.0081
vn -0.1064 0.9936 -0.0373
vn 0.9371 0.3489 -0.0000
vn 0.0411 0.9975 -0.0576
vn 0.0382 0.9947 -0.0957
vn 0.2224 0.9739 0.0464
vn 0.2224 0.9739 -0.0464
vn 0.0985 0.9944 -0.0374
vn 0.0985 0.9944 0.0374
vn 0.7164 0.2668 0.6446
vn 0.1003 0.9950 -0.0000
vn 0.1389 -0.9902 -0.0137
vn 0.1064 -0.9936 -0.0373
vn 0.1064 0.9936 -0.0373
vn -0.1064 -0.9936 -0.0373
vn -0.0163 -0.9998 -0.0147
vn -0.0000 -1.0000 -0.0098
vn -0.4020 -0.9150 -0.0344
vn -0.4020 -0.9150 0.0344
vn -0.1373 -0.9905 0.0127
vn 0.0150 0.9998 0.0147
vn 0.0150 0.9998 -0.0147
vn 0.0173 0.9999 -0.0000
vn 0.0163 0.9998 -0.0147
vn 0.1389 -0.9902 0.0137
vn 0.1064 0.9936 0.0373
vn 0.1064 -0.9936 0.0373
vn 0.0611 0.9938 -0.0929
vn 0.0635 -0.9935 -0.0943
vn -0.3743 -0.9218 0.1015
vn -0.3743 -0.9218 -0.1015
vn 0.0267 -0.9995 -0.0160
vn -0.0266 -0.9995 -0.0155
vn 0.0163 -0.9998 -0.0147
vn 0.3489 0.9315 0.1031
vn 0.3489 0.9315 -0.1031
vn 0.4404 -0.8888 -0.1266
vn 0.4404 -0.8888 0.1266
vn 0.0415 -0.9945 0.0958
vn 0.0415 0.9945 0.0958
vn 0.0611 0.9938 0.0929
vn 0.0635 -0.9935 0.0943
vn -0.0641 -0.9938 0.0907
vn 0.0163 0.9998 0.0147
vn 0.4678 -0.8828 0.0425
vn 0.4678 -0.8828 -0.0425
vn 0.0415 -0.9945 -0.0958
vn 0.0415 0.9945 -0.0958
vn -0.0266 -0.9995 0.0155
vn 0.0267 -0.9995 0.0160
vn 0.0163 -0.9998 0.0147
vn -0.1373 -0.9905 -0.0127
vn 0.0260 -0.9995 0.0162
vn 0.0260 0.9995 -0.0162
vn 0.0260 0.9995 0.0162
vn 0.0087 0.9999 -0.0081
vn 0.0412 0.9975 0.0570
vn 0.0611 -0.9938 0.0929
vn 0.1349 0.9907 -0.0165
vn 0.1349 -0.9907 -0.0165
vn 0.1349 -0.9907 0.0165
vn 0.1349 0.9907 0.0165
vn 0.3802 -0.9240 0.0423
vn 0.3802 -0.9240 -0.0423
vn 0.3802 0.9240 -0.0423
vn 0.3802 0.9240 0.0423
vn 0.0260 -0.9995 -0.0162
vn -0.0000 0.9993 0.0376
vn -0.0000 0.9993 -0.0376
vn 0.1142 0.9935 -0.0018
vn 0.0426 0.9991 -0.0016
vn 0.0176 0.9998 -0.0007
vn 0.0176 0.9998 0.0007
vn 0.0426 0.9991 0.0016
vn 0.1142 0.9935 0.0018
vn 0.0270 0.9996 0.0099
vn 0.0179 0.9997 0.0161
vn 0.0083 0.9999 0.0074
vn 0.0083 0.9999 -0.0074
vn 0.0179 0.9997 -0.0161
vn 0.0270 0.9996 -0.0099
vn 0.1106 0.9939 -0.0013
vn 0.0424 0.9991 -0.0013
vn 0.0175 0.9998 -0.0005
vn 0.0175 0.9998 0.0005
vn 0.0424 0.9991 0.0013
vn 0.1106 0.9939 0.0013
vn -0.0000 -0.0000 -1.0000
vn -0.0000 -0.9993 -0.0376
vn -0.0000 -0.0000 1.0000
vn -0.0000 -0.9993 0.0376
vn 0.3691 0.8680 0.3321
vn 0.6421 0.7160 -0.2739
vn -0.0000 1.0000 -0.0000
vn 0.7164 0.2668 -0.6446
vn 0.5597 -0.6582 0.5036
vn 0.8185 -0.4563 -0.3492
vn 0.7165 0.2667 0.6446
vn 0.7165 0.2668 0.6446
vn -0.4021 -0.9150 -0.0344
vn 0.1107 0.9939 -0.0013
vn 0.1107 0.9939 0.0013
vn 0.8184 -0.4563 -0.3492
vn 0.2223 0.9739 0.0464
vn 0.2223 0.9739 -0.0464
vn 0.9372 0.3489 -0.0000
vn 0.5597 -0.6581 0.5036
vn -0.4021 0.9150 -0.0344
vn -0.3742 0.9218 0.1015
vn 0.3489 0.9315 0.1030
vn 0.0427 0.9991 -0.0016
vn 0.8185 -0.4563 -0.3491
vn -0.3742 0.9218 -0.1015
vn 0.9371 0.3490 -0.0000
vn 0.7164 0.2668 0.6447
vn 0.7164 0.2668 -0.6447
vn -0.1373 0.9904 0.0127
vn 0.3489 0.9315 -0.1030
vn -0.1373 0.9904 -0.0127
vn 0.7165 0.2667 -0.6446
vn -0.3743 0.9217 -0.1015
vt 0.866924 0.530551
vt 0.871171 0.530551
vt 0.871171 0.552782
vt 0.866924 0.552782
vt 0.628829 0.530551
vt 0.633076 0.530551
vt 0.633076 0.552782
vt 0.628829 0.552782
vt 0.378829 0.253829
vt 0.621171 0.253829
vt 0.621171 0.258076
vt 0.378829 0.258076
vt 0.378829 0.530551
vt 0.621171 0.530551
vt 0.621171 0.552782
vt 0.378829 0.552782
vt 0.648809 0.530551
vt 0.648809 0.552782
vt 0.648810 0.552782
vt 0.648809 0.530551
vt 0.724067 0.530551
vt 0.728314 0.530551
vt 0.728314 0.552782
vt 0.724067 0.552782
vt 0.128829 0.530551
vt 0.133076 0.530551
vt 0.133076 0.552782
vt 0.128829 0.552782
vt 0.855019 0.530551
vt 0.859266 0.530551
vt 0.859266 0.552782
vt 0.855019 0.552782
vt 0.140734 0.530551
vt 0.144981 0.530551
vt 0.144981 0.613884
vt 0.140734 0.613884
vt 0.152638 0.530551
vt 0.156885 0.530551
vt 0.156885 0.552782
vt 0.152638 0.552782
vt 0.164543 0.530551
vt 0.168790 0.530551
vt 0.168790 0.613884
vt 0.164543 0.613884
vt 0.176448 0.530551
vt 0.180695 0.530551
vt 0.180695 0.552782
vt 0.176448 0.552782
vt 0.188353 0.530551
vt 0.192600 0.530551
vt 0.192600 0.613884
vt 0.188353 0.613884
vt 0.200258 0.530551
vt 0.204504 0.530551
vt 0.204504 0.552782
vt 0.200258 0.552782
vt 0.212162 0.530551
vt 0.216409 0.530551
vt 0.216409 0.613884
vt 0.212162 0.613884
vt 0.224067 0.530551
vt 0.228314 0.530551
vt 0.228314 0.552782
vt 0.224067 0.552782
vt 0.235972 0.530551
vt 0.240219 0.530551
vt 0.240219 0.613884
vt 0.235972 0.613884
vt 0.247877 0.530551
vt 0.252123 0.530551
vt 0.252123 0.552782
vt 0.247877 0.552782
vt 0.259781 0.530551
vt 0.264028 0.530551
vt 0.264028 0.613885
vt 0.259781 0.613884
vt 0.271686 0.530551
vt 0.275933 0.530551
vt 0.275933 0.552782
vt 0.271686 0.552782
vt 0.283591 0.530551
vt 0.287838 0.530551
vt 0.287838 0.613884
vt 0.283591 0.613884
vt 0.295496 0.530551
vt 0.299743 0.530551
vt 0.299743 0.552782
vt 0.295496 0.552782
vt 0.307400 0.530551
vt 0.311647 0.530551
vt 0.311647 0.613884
vt 0.307400 0.613884
vt 0.319305 0.530551
vt 0.323552 0.530551
vt 0.323552 0.552782
vt 0.319305 0.552782
vt 0.331210 0.530551
vt 0.335457 0.530551
vt 0.335457 0.613884
vt 0.331210 0.613884
vt 0.343115 0.530551
vt 0.347362 0.530551
vt 0.347362 0.552782
vt 0.343115 0.552782
vt 0.378829 0.480019
vt 0.621171 0.480019
vt 0.621171 0.484266
vt 0.378829 0.484266
vt 0.378829 0.468115
vt 0.621171 0.468115
vt 0.621171 0.472362
vt 0.378829 0.472362
vt 0.378829 0.456210
vt 0.621171 0.456210
vt 0.621171 0.460457
vt 0.378829 0.460457
vt 0.378829 0.444305
vt 0.621171 0.444305
vt 0.621171 0.448552
vt 0.378829 0.448552
vt 0.378829 0.432400
vt 0.621171 0.432400
vt 0.621171 0.436647
vt 0.378829 0.436647
vt 0.378829 0.420496
vt 0.621171 0.420496
vt 0.621171 0.424743
vt 0.378829 0.424743
vt 0.378829 0.408591
vt 0.621171 0.408591
vt 0.621171 0.412838
vt 0.378829 0.412838
vt 0.378829 0.396686
vt 0.621171 0.396686
vt 0.621171 0.400933
vt 0.378829 0.400933
vt 0.378829 0.384781
vt 0.621171 0.384781
vt 0.621171 0.389028
vt 0.378829 0.389028
vt 0.378829 0.372877
vt 0.621171 0.372877
vt 0.621171 0.377123
vt 0.378829 0.377123
vt 0.378829 0.360972
vt 0.621171 0.360972
vt 0.621171 0.365219
vt 0.378829 0.365219
vt 0.378829 0.349067
vt 0.621171 0.349067
vt 0.621171 0.353314
vt 0.378829 0.353314
vt 0.378829 0.337162
vt 0.621171 0.337162
vt 0.621171 0.341409
vt 0.378829 0.341409
vt 0.378829 0.325257
vt 0.621171 0.325258
vt 0.621171 0.329504
vt 0.378829 0.329504
vt 0.378829 0.313353
vt 0.621171 0.313353
vt 0.621171 0.317600
vt 0.378829 0.317600
vt 0.378829 0.301448
vt 0.621171 0.301448
vt 0.621171 0.305695
vt 0.378829 0.305695
vt 0.378829 0.289543
vt 0.621171 0.289543
vt 0.621171 0.293790
vt 0.378829 0.293790
vt 0.378829 0.277638
vt 0.621171 0.277638
vt 0.621171 0.281885
vt 0.378829 0.281885
vt 0.378829 0.265734
vt 0.621171 0.265734
vt 0.621171 0.269981
vt 0.378829 0.269981
vt 0.378829 0.197218
vt 0.621171 0.197218
vt 0.621171 0.219449
vt 0.378829 0.219449
vt 0.843115 0.530551
vt 0.847362 0.530551
vt 0.847362 0.552782
vt 0.843115 0.552782
vt 0.625000 0.293790
vt 0.625000 0.289543
vt 0.625000 0.289543
vt 0.000000 0.000000
vt 0.827381 0.552782
vt 0.827381 0.530551
vt 0.827381 0.530551
vt 0.835457 0.583333
vt 0.831210 0.583333
vt 0.831210 0.583333
vt 0.835457 0.583333
vt 0.795496 0.530551
vt 0.799742 0.530551
vt 0.799742 0.552782
vt 0.795496 0.552782
vt 0.625000 0.341409
vt 0.625000 0.337162
vt 0.625000 0.337162
vt 0.625000 0.341409
vt 0.779762 0.552782
vt 0.779762 0.530551
vt 0.779762 0.552782
vt 0.787838 0.583333
vt 0.783591 0.583333
vt 0.783591 0.583333
vt 0.787838 0.583333
vt 0.747876 0.530551
vt 0.752124 0.530551
vt 0.752123 0.552782
vt 0.747876 0.552782
vt 0.625000 0.389028
vt 0.625000 0.384781
vt 0.625000 0.384781
vt 0.625000 0.389028
vt 0.827381 0.583333
vt 0.827381 0.583333
vt 0.827381 0.583333
vt 0.732143 0.552782
vt 0.732143 0.530551
vt 0.732143 0.530551
vt 0.732143 0.552782
vt 0.740219 0.583333
vt 0.735972 0.583333
vt 0.735972 0.583333
vt 0.740219 0.583333
vt 0.700257 0.530551
vt 0.704504 0.530551
vt 0.704504 0.552782
vt 0.700257 0.552782
vt 0.625000 0.436647
vt 0.625000 0.432400
vt 0.625000 0.432400
vt 0.625000 0.436647
vt 0.684524 0.552782
vt 0.684524 0.530551
vt 0.684524 0.530551
vt 0.684524 0.552782
vt 0.692600 0.583333
vt 0.688353 0.583333
vt 0.688353 0.583333
vt 0.692600 0.583333
vt 0.652638 0.530551
vt 0.656885 0.530551
vt 0.656885 0.552782
vt 0.652638 0.552782
vt 0.625000 0.484266
vt 0.625000 0.480019
vt 0.625000 0.480019
vt 0.625000 0.484266
vt 0.712162 0.530551
vt 0.716409 0.530551
vt 0.716409 0.552782
vt 0.712162 0.552782
vt 0.355019 0.530551
vt 0.359266 0.530551
vt 0.359266 0.613884
vt 0.355019 0.613884
vt 0.644981 0.583333
vt 0.640734 0.583333
vt 0.378829 0.491924
vt 0.621171 0.491924
vt 0.621171 0.496171
vt 0.378829 0.496171
vt 0.366924 0.530551
vt 0.371171 0.530551
vt 0.371171 0.552782
vt 0.366924 0.552782
vt 0.625000 0.293790
vt 0.625000 0.285714
vt 0.625000 0.285714
vt 0.625000 0.285714
vt 0.625000 0.285714
vt 0.735972 0.530551
vt 0.740219 0.530551
vt 0.740219 0.552782
vt 0.735972 0.552782
vt 0.688353 0.530551
vt 0.692600 0.530551
vt 0.692600 0.552782
vt 0.688353 0.552782
vt 0.640734 0.530551
vt 0.644981 0.530551
vt 0.644980 0.552782
vt 0.640734 0.552782
vt 0.791667 0.530551
vt 0.791667 0.552782
vt 0.791667 0.552782
vt 0.791667 0.530551
vt 0.827381 0.552782
vt 0.664543 0.530551
vt 0.668790 0.530551
vt 0.668790 0.552782
vt 0.664543 0.552782
vt 0.839286 0.583333
vt 0.839286 0.583333
vt 0.839286 0.583333
vt 0.676448 0.530551
vt 0.680695 0.530551
vt 0.680695 0.552782
vt 0.676448 0.552782
vt 0.744047 0.530551
vt 0.744048 0.552782
vt 0.744048 0.552782
vt 0.759781 0.530551
vt 0.764028 0.530551
vt 0.764028 0.552782
vt 0.759781 0.552782
vt 0.771686 0.530551
vt 0.775933 0.530551
vt 0.775933 0.552782
vt 0.771686 0.552782
vt 0.696429 0.530551
vt 0.696429 0.552782
vt 0.696429 0.552782
vt 0.696428 0.530551
vt 0.636905 0.552782
vt 0.636905 0.530551
vt 0.636905 0.530551
vt 0.636905 0.552782
vt 0.831210 0.530551
vt 0.835457 0.530551
vt 0.835457 0.552782
vt 0.831210 0.552782
vt 0.827381 0.552782
vt 0.827381 0.530551
vt 0.827381 0.530551
vt 0.625000 0.293790
vt 0.827381 0.552782
vt 0.827381 0.530551
vt 0.827381 0.552782
vt 0.835457 0.583333
vt 0.831210 0.583333
vt 0.835457 0.583333
vt 0.839286 0.530551
vt 0.839286 0.552782
vt 0.839286 0.552782
vt 0.839286 0.530551
vt 0.839286 0.552782
vt 0.839286 0.552782
vt 0.839286 0.552782
vt 0.839286 0.530551
vt 0.835457 0.583333
vt 0.831210 0.583333
vt 0.831210 0.583333
vt 0.839286 0.530551
vt 0.839286 0.552782
vt 0.783591 0.530551
vt 0.787838 0.530551
vt 0.787838 0.552782
vt 0.783591 0.552782
vt 0.625000 0.297619
vt 0.625000 0.297619
vt 0.839286 0.552782
vt 0.807400 0.530551
vt 0.811647 0.530551
vt 0.811647 0.552782
vt 0.807400 0.552782
vt 0.827381 0.552782
vt 0.839286 0.552782
vt 0.819305 0.530551
vt 0.823552 0.530551
vt 0.823552 0.552782
vt 0.819305 0.552782
vt 0.625000 0.285714
vt 0.827381 0.583333
vt 0.839286 0.530551
vt 0.839286 0.552782
vt 0.839286 0.530551
vt 0.839286 0.583333
vt 0.835457 0.583333
vt 0.625000 0.289543
vt 0.827381 0.552782
vt 0.625000 0.297619
vt 0.625000 0.297619
vt 0.827381 0.552782
vt 0.827381 0.552782
vt 0.378829 0.250000
vt 0.375000 0.219449
vt 0.871171 0.500000
vt 0.875000 0.530551
vt 0.378829 0.500000
vt 0.375000 0.496171
vt 0.625000 0.530551
vt 0.628829 0.500000
vt 0.363095 0.530551
vt 0.363095 0.500000
vt 0.366924 0.500000
vt 0.351190 0.530551
vt 0.351190 0.500000
vt 0.355019 0.500000
vt 0.339286 0.530551
vt 0.339286 0.500000
vt 0.343115 0.500000
vt 0.327381 0.530551
vt 0.327381 0.500000
vt 0.331210 0.500000
vt 0.315476 0.530551
vt 0.315476 0.500000
vt 0.319305 0.500000
vt 0.303571 0.530551
vt 0.303571 0.500000
vt 0.307400 0.500000
vt 0.291667 0.530551
vt 0.291667 0.500000
vt 0.295496 0.500000
vt 0.279762 0.530551
vt 0.279762 0.500000
vt 0.283591 0.500000
vt 0.267857 0.530551
vt 0.267857 0.500000
vt 0.271686 0.500000
vt 0.255952 0.530551
vt 0.255952 0.500000
vt 0.259781 0.500000
vt 0.244048 0.530551
vt 0.244048 0.500000
vt 0.247877 0.500000
vt 0.232143 0.530551
vt 0.232143 0.500000
vt 0.235972 0.500000
vt 0.220238 0.530551
vt 0.220238 0.500000
vt 0.224067 0.500000
vt 0.208333 0.530551
vt 0.208333 0.500000
vt 0.212162 0.500000
vt 0.196429 0.530551
vt 0.196429 0.500000
vt 0.200258 0.500000
vt 0.184524 0.530551
vt 0.184524 0.500000
vt 0.188353 0.500000
vt 0.172619 0.530551
vt 0.172619 0.500000
vt 0.176448 0.500000
vt 0.160714 0.530551
vt 0.160714 0.500000
vt 0.164543 0.500000
vt 0.148810 0.530551
vt 0.148810 0.500000
vt 0.152638 0.500000
vt 0.133076 0.500000
vt 0.136905 0.500000
vt 0.136905 0.530551
vt 0.863095 0.530551
vt 0.863095 0.500000
vt 0.866924 0.500000
vt 0.851190 0.530551
vt 0.851190 0.500000
vt 0.855019 0.500000
vt 0.839286 0.500000
vt 0.843115 0.500000
vt 0.815476 0.530551
vt 0.815476 0.500000
vt 0.819305 0.500000
vt 0.803571 0.530551
vt 0.803571 0.500000
vt 0.807400 0.500000
vt 0.791667 0.500000
vt 0.791667 0.500000
vt 0.795496 0.500000
vt 0.625000 0.345238
vt 0.625000 0.341409
vt 0.767857 0.530551
vt 0.767857 0.500000
vt 0.771686 0.500000
vt 0.755952 0.530551
vt 0.755952 0.500000
vt 0.759781 0.500000
vt 0.744048 0.530551
vt 0.744048 0.500000
vt 0.747876 0.500000
vt 0.625000 0.392857
vt 0.720238 0.530551
vt 0.720238 0.500000
vt 0.724067 0.500000
vt 0.708333 0.530551
vt 0.708333 0.500000
vt 0.712162 0.500000
vt 0.696429 0.500000
vt 0.696429 0.500000
vt 0.700257 0.500000
vt 0.625000 0.440476
vt 0.625000 0.436647
vt 0.672619 0.530551
vt 0.672619 0.500000
vt 0.676448 0.500000
vt 0.660714 0.530551
vt 0.660714 0.500000
vt 0.664543 0.500000
vt 0.648809 0.530551
vt 0.648809 0.500000
vt 0.652638 0.500000
vt 0.633076 0.500000
vt 0.636905 0.500000
vt 0.621171 0.166667
vt 0.625000 0.166667
vt 0.625000 0.197218
vt 0.628829 0.585177
vt 0.621171 0.585177
vt 0.640734 0.583333
vt 0.636905 0.585177
vt 0.633076 0.585177
vt 0.652638 0.585177
vt 0.648810 0.585177
vt 0.664543 0.583333
vt 0.660714 0.585177
vt 0.656885 0.585177
vt 0.676448 0.585177
vt 0.672619 0.585177
vt 0.668790 0.583333
vt 0.684524 0.585177
vt 0.680695 0.585177
vt 0.700257 0.585177
vt 0.696429 0.585177
vt 0.692600 0.583333
vt 0.712162 0.583333
vt 0.708333 0.585177
vt 0.704504 0.585177
vt 0.724067 0.585177
vt 0.720238 0.585177
vt 0.716409 0.583333
vt 0.735972 0.583333
vt 0.732143 0.585177
vt 0.728314 0.585177
vt 0.747876 0.585177
vt 0.744048 0.585177
vt 0.740219 0.583333
vt 0.759781 0.583333
vt 0.755952 0.585177
vt 0.752123 0.585177
vt 0.771686 0.585177
vt 0.767857 0.585177
vt 0.764028 0.583333
vt 0.783591 0.583333
vt 0.779762 0.585177
vt 0.775933 0.585177
vt 0.795496 0.585177
vt 0.791667 0.585177
vt 0.787838 0.583333
vt 0.807400 0.583333
vt 0.803571 0.585177
vt 0.799743 0.585177
vt 0.819305 0.585177
vt 0.815476 0.585177
vt 0.811647 0.583333
vt 0.831210 0.583333
vt 0.827381 0.585177
vt 0.823552 0.585177
vt 0.843115 0.585177
vt 0.839286 0.585177
vt 0.835457 0.583333
vt 0.855019 0.583333
vt 0.851190 0.585177
vt 0.847361 0.585177
vt 0.866924 0.585177
vt 0.863095 0.585177
vt 0.859266 0.583333
vt 0.625000 0.293790
vt 0.625000 0.333333
vt 0.625000 0.380952
vt 0.625000 0.392857
vt 0.625000 0.428571
vt 0.625000 0.436647
vt 0.625000 0.440476
vt 0.625000 0.476190
vt 0.625000 0.480019
vt 0.625000 0.488095
vt 0.827381 0.500000
vt 0.625000 0.297619
vt 0.875000 0.552782
vt 0.128829 0.500000
vt 0.371171 0.500000
vt 0.359266 0.500000
vt 0.347362 0.500000
vt 0.335457 0.500000
vt 0.323552 0.500000
vt 0.311647 0.500000
vt 0.299743 0.500000
vt 0.287838 0.500000
vt 0.275933 0.500000
vt 0.264028 0.500000
vt 0.252123 0.500000
vt 0.240219 0.500000
vt 0.228314 0.500000
vt 0.216409 0.500000
vt 0.204504 0.500000
vt 0.192600 0.500000
vt 0.180695 0.500000
vt 0.168790 0.500000
vt 0.156885 0.500000
vt 0.140734 0.500000
vt 0.144981 0.500000
vt 0.859266 0.500000
vt 0.847362 0.500000
vt 0.823552 0.500000
vt 0.811647 0.500000
vt 0.799742 0.500000
vt 0.775933 0.500000
vt 0.764028 0.500000
vt 0.752123 0.500000
vt 0.728314 0.500000
vt 0.716409 0.500000
vt 0.704504 0.500000
vt 0.680695 0.500000
vt 0.668790 0.500000
vt 0.656885 0.500000
vt 0.125000 0.552782
vt 0.125000 0.530551
vt 0.355019 0.585177
vt 0.335457 0.585177
vt 0.331210 0.585177
vt 0.311647 0.585177
vt 0.307400 0.585177
vt 0.287838 0.585177
vt 0.283591 0.585177
vt 0.264028 0.585177
vt 0.259781 0.585177
vt 0.240219 0.585177
vt 0.235972 0.585177
vt 0.216409 0.585177
vt 0.212162 0.585177
vt 0.192600 0.585177
vt 0.188353 0.585177
vt 0.168790 0.585177
vt 0.164543 0.585177
vt 0.144981 0.585177
vt 0.140734 0.585177
vt 0.128829 0.585177
vt 0.871171 0.585177
vt 0.371171 0.585177
vt 0.359266 0.585177
vt 0.831210 0.500000
vt 0.835457 0.500000
vt 0.783591 0.500000
vt 0.787838 0.500000
vt 0.735972 0.500000
vt 0.740219 0.500000
vt 0.688353 0.500000
vt 0.692600 0.500000
vt 0.640734 0.500000
vt 0.644981 0.500000
vt 0.648810 0.500000
vt 0.636905 0.500000
vt 0.779762 0.500000
s 1
f 93/1/1 4/2/2 190/3/3 304/4/4
f 10/5/5 178/6/6 204/7/7 196/8/8
f 2/9/9 5/10/10 96/11/11 90/12/12
f 8/13/13 11/14/14 195/15/15 191/16/16
f 174/17/17 205/18/18 408/19/19 400/20/20
f 147/21/1 144/22/6 248/23/7 239/24/4
f 3/25/21 89/26/22 309/27/23 184/28/24
f 97/29/1 94/30/1 308/31/25 300/32/26
f 92/33/22 86/34/22 312/35/23 310/36/23
f 85/37/22 82/38/22 313/39/23 311/40/23
f 81/41/22 78/42/22 316/43/23 314/44/23
f 77/45/22 74/46/22 317/47/23 315/48/23
f 73/49/22 70/50/22 320/51/23 318/52/23
f 69/53/22 66/54/22 321/55/23 319/56/23
f 65/57/22 62/58/22 324/59/23 322/60/23
f 61/61/22 58/62/22 325/63/23 323/64/23
f 57/65/22 54/66/22 328/67/23 326/68/23
f 53/69/22 50/70/22 329/71/23 327/72/23
f 49/73/22 46/74/22 332/75/23 330/76/23
f 45/77/22 42/78/22 333/79/23 331/80/23
f 41/81/22 38/82/22 336/83/23 334/84/23
f 37/85/22 34/86/22 337/87/23 335/88/23
f 33/89/22 30/90/22 340/91/23 338/92/23
f 29/93/22 26/94/22 341/95/23 339/96/23
f 25/97/22 22/98/22 344/99/23 342/100/23
f 21/101/22 18/102/22 345/103/23 343/104/23
f 20/105/12 176/106/27 180/107/28 15/108/12
f 24/109/12 171/110/11 177/111/29 19/112/12
f 28/113/12 167/114/11 172/115/11 23/116/12
f 32/117/12 163/118/30 168/119/11 27/120/12
f 36/121/12 158/122/27 164/123/28 31/124/12
f 40/125/12 153/126/11 159/127/29 35/128/12
f 44/129/12 149/130/11 154/131/11 39/132/12
f 48/133/12 145/134/30 150/135/11 43/136/12
f 52/137/12 140/138/27 146/139/28 47/140/12
f 56/141/12 135/142/11 141/143/29 51/144/12
f 60/145/12 131/146/11 136/147/11 55/148/12
f 64/149/12 127/150/30 132/151/11 59/152/12
f 68/153/12 122/154/27 128/155/28 63/156/12
f 72/157/12 117/158/11 123/159/29 67/160/12
f 76/161/12 113/162/11 118/163/11 71/164/12
f 80/165/12 109/166/30 114/167/11 75/168/12
f 84/169/12 104/170/27 110/171/28 79/172/12
f 88/173/12 99/174/11 105/175/29 83/176/12
f 91/177/12 95/178/11 100/179/11 87/180/12
f 183/181/31 187/182/32 6/183/20 1/184/33
f 101/185/34 98/186/1 299/187/35 294/188/36
f 106/189/37 103/190/38 496/191/39 511/189/40
s 0
f 208/192/41 214/192/41 192/192/41
s 1
f 287/193/42 107/194/43 515/195/44 502/193/45
f 298/196/46 288/197/47 501/198/48 487/199/49
f 119/200/34 116/201/1 277/202/35 272/203/50
f 124/204/37 121/205/38 381/206/10 384/207/51
s 0
f 267/192/52 322/192/52 324/192/52
s 1
f 265/208/53 125/209/43 386/209/14 423/210/54
f 276/211/55 266/212/56 425/213/57 427/214/58
f 137/215/34 134/216/1 255/217/35 250/218/50
f 142/219/37 139/220/38 387/221/10 390/222/51
s 0
f 268/192/59 267/192/59 324/192/59
s 1
f 432/223/60 437/224/61 475/225/62 473/223/63
f 243/226/53 143/227/43 392/228/14 417/229/54
f 254/230/55 244/231/56 419/232/57 421/233/58
f 155/234/34 152/235/1 233/236/35 228/237/50
f 160/238/37 157/239/38 393/240/10 396/241/51
s 0
f 316/192/59 290/192/59 289/192/59
s 1
f 221/242/53 161/243/43 398/244/14 411/245/54
f 232/246/55 222/247/56 413/248/57 415/249/58
f 173/250/34 170/251/1 211/252/35 206/253/50
f 181/254/37 175/255/38 399/256/10 402/257/51
s 0
f 246/192/59 245/192/59 332/192/59
s 1
f 151/258/1 148/259/1 238/260/25 234/261/26
f 17/262/22 14/263/22 348/264/23 346/265/23
f 210/266/55 200/267/56 407/267/57 409/266/58
f 16/268/12 179/269/30 12/270/51 7/271/64
f 13/272/22 9/273/65 194/274/66 347/275/23
f 451/276/67 453/190/68 373/191/11 377/189/11
f 374/277/11 452/278/69 466/279/9 458/280/10
f 391/281/5 389/282/2 422/283/70 418/284/71
f 397/285/5 395/286/2 416/287/70 412/288/71
f 403/289/5 401/290/2 410/291/70 406/292/71
s 0
f 236/192/59 235/192/59 336/192/59
s 1
f 120/293/17 271/294/18 426/295/19 382/296/20
f 379/194/1 429/297/72 472/193/73 469/195/5
f 169/298/1 166/299/1 216/300/25 212/301/26
f 442/302/74 434/303/60 462/304/75 463/302/76
s 0
f 213/192/52 342/192/52 344/192/52
s 1
f 165/305/1 162/306/6 226/307/7 217/308/4
f 138/309/17 249/310/18 420/311/19 388/309/20
f 133/312/1 130/313/1 260/314/25 256/315/26
s 0
f 214/192/41 344/192/41 192/192/41
s 1
f 129/316/1 126/317/6 270/318/7 261/319/4
s 0
f 346/192/41 192/192/41 344/192/41
s 1
f 156/320/17 227/321/18 414/322/19 394/323/20
f 199/324/53 182/325/43 404/326/14 405/327/54
f 378/328/1 376/329/1 436/330/72 430/331/72
f 510/332/77 517/333/43 449/334/44 440/297/78
f 516/189/37 491/191/38 454/191/79 450/335/80
f 441/336/81 448/337/82 480/195/65 476/338/83
f 485/339/84 506/340/85 439/340/86 445/341/87
f 468/342/33 464/343/88 461/344/89 459/342/20
f 495/345/17 481/346/90 444/347/91 455/342/92
f 433/348/72 375/349/1 457/342/2 460/347/93
f 446/350/94 438/351/95 431/352/60 435/199/60
f 477/193/96 479/195/13 470/195/14 474/193/97
f 456/353/98 443/354/99 465/347/100 467/342/21
f 385/355/5 383/356/2 428/357/70 424/358/71
f 447/359/101 380/359/11 471/360/51 478/359/64
f 498/345/98 490/343/102 526/361/100 531/342/21
f 115/362/1 112/363/1 282/364/25 278/365/26
f 518/334/6 509/366/103 538/297/73 543/195/5
s 0
f 314/192/41 186/192/41 312/192/41
s 1
f 482/367/104 494/353/34 529/342/2 522/347/93
f 111/368/1 108/369/6 292/370/105 283/371/4
f 493/372/29 499/278/69 530/280/9 527/372/10
f 102/342/17 293/343/106 486/343/107 497/345/92
f 508/224/108 504/373/109 533/224/62 536/224/63
f 532/374/33 525/361/88 523/375/89 528/376/20
f 489/377/110 483/302/111 521/304/75 524/302/76
f 488/339/112 505/197/113 507/352/114 484/378/115
f 512/189/67 500/191/68 492/379/27 520/276/28
f 535/380/96 540/194/13 544/195/14 537/297/97
f 513/381/101 519/382/30 542/359/51 539/359/64
f 503/383/116 514/195/82 541/195/65 534/384/83
f 1/184/33 2/385/9 3/386/21
f 4/2/2 5/387/10 6/388/20
f 7/271/64 8/389/13 9/390/65
f 10/5/5 11/391/14 12/392/51
f 13/272/22 14/393/22 15/394/12 16/395/12
f 17/262/22 18/396/22 19/397/12 20/398/12
f 21/101/22 22/399/22 23/400/12 24/401/12
f 25/97/22 26/402/22 27/403/12 28/404/12
f 29/93/22 30/405/22 31/406/12 32/407/12
f 33/89/22 34/408/22 35/409/12 36/410/12
f 37/85/22 38/411/22 39/412/12 40/413/12
f 41/81/22 42/414/22 43/415/12 44/416/12
f 45/77/22 46/417/22 47/418/12 48/419/12
f 49/73/22 50/420/22 51/421/12 52/422/12
f 53/69/22 54/423/22 55/424/12 56/425/12
f 57/65/22 58/426/22 59/427/12 60/428/12
f 61/61/22 62/429/22 63/430/12 64/431/12
f 65/57/22 66/432/22 67/433/12 68/434/12
f 69/53/22 70/435/22 71/436/12 72/437/12
f 73/49/22 74/438/22 75/439/12 76/440/12
f 77/45/22 78/441/22 79/442/12 80/443/12
f 81/41/22 82/444/22 83/445/12 84/446/12
f 85/37/22 86/447/22 87/448/12 88/449/12
f 89/26/22 90/450/12 91/451/12 92/452/22
f 93/1/1 94/453/1 95/454/11 96/455/11
f 97/29/1 98/456/1 99/457/11 100/458/11
f 101/185/34 102/342/17 103/459/38 104/459/27 105/460/29
f 106/189/37 107/359/43 108/359/6 109/359/30 110/189/28
f 111/368/1 112/461/1 113/462/11 114/463/11
f 115/362/1 116/464/1 117/465/11 118/466/11
f 119/200/34 120/296/17 121/467/38 122/468/27 123/469/29
f 124/204/37 125/470/43 126/470/6 127/470/30 128/471/28
f 129/316/1 130/472/1 131/473/11 132/474/11
f 133/312/1 134/475/1 135/476/11 136/477/11
f 137/215/34 138/478/17 139/479/38 140/479/27 141/480/29
f 142/219/37 143/481/43 144/481/6 145/481/30 146/219/28
f 147/21/1 148/482/1 149/483/11 150/484/11
f 151/258/1 152/485/1 153/486/11 154/487/11
f 155/234/34 156/320/17 157/488/38 158/489/27 159/490/29
f 160/238/37 161/491/43 162/491/6 163/491/30 164/492/28
f 165/305/1 166/493/1 167/494/11 168/495/11
f 169/298/1 170/496/1 171/497/11 172/498/11
f 173/250/34 174/499/17 175/500/38 176/500/27 177/501/29
f 178/6/6 179/502/30 180/503/28 181/503/37 182/326/43
f 187/182/32 188/504/117 189/505/3 190/506/3
f 195/15/15 196/8/8 197/507/8 198/508/118
f 199/324/53 200/267/56 201/509/119 202/510/120 203/511/121 204/7/7
f 205/18/18 206/253/50 207/512/122 208/513/123 209/266/124 210/266/55
f 211/252/35 212/301/26 213/514/125 214/515/126 215/516/127
f 216/300/25 217/308/4 218/517/128 219/518/129 220/519/130
f 221/242/53 222/247/56 223/248/119 224/520/120 225/521/121 226/307/7
f 227/321/18 228/237/50 229/522/122 230/523/123 231/524/124 232/246/55
f 233/236/35 234/261/26 235/525/125 236/526/126 237/527/127
f 238/260/25 239/24/4 240/528/128 241/529/129 242/530/130
f 243/226/53 244/231/56 245/531/119 246/532/120 247/533/121 248/23/7
f 249/310/18 250/218/50 251/534/122 252/535/123 253/536/124 254/230/55
f 255/217/35 256/315/26 257/537/125 258/538/126 259/539/127
f 260/314/25 261/319/4 262/540/128 263/541/129 264/542/130
f 265/208/53 266/212/56 267/543/119 268/544/120 269/545/121 270/318/7
f 271/294/18 272/203/50 273/546/122 274/547/123 275/548/124 276/211/55
f 277/202/35 278/365/26 279/549/125 280/550/126 281/551/127
f 282/364/25 283/371/4 284/552/128 285/553/129 286/554/130
f 287/193/42 288/197/47 289/555/131 290/556/132 291/557/133 292/370/105
f 293/343/106 294/188/36 295/558/134 296/559/135 297/560/136 298/196/46
f 299/187/35 300/32/26 301/561/125 302/562/126 303/563/127
f 304/4/4 305/564/128 306/565/129 307/566/130 308/31/25
f 373/191/11 374/278/11 375/278/1 376/191/1
f 377/189/11 378/567/1 379/359/1 380/359/11
f 381/206/10 382/568/20 383/206/2
f 384/207/51 385/471/5 386/470/14
f 387/221/10 388/569/20 389/221/2
f 390/222/51 391/222/5 392/570/14
f 393/240/10 394/571/20 395/239/2
f 396/241/51 397/572/5 398/573/14
f 399/256/10 400/574/20 401/575/2
f 402/257/51 403/257/5 404/576/14
f 405/327/54 406/292/71 407/267/57
f 408/19/19 409/266/58 410/291/70
f 411/245/54 412/288/71 413/248/57
f 414/322/19 415/249/58 416/287/70
f 417/229/54 418/284/71 419/232/57
f 420/311/19 421/233/58 422/283/70
f 423/210/54 424/358/71 425/213/57
f 426/295/19 427/214/58 428/357/70
f 429/297/72 430/331/72 431/352/60 432/223/60
f 433/348/72 434/303/60 435/199/60 436/330/72
f 437/224/61 438/351/95 439/340/86 440/297/78 441/336/81
f 442/302/74 443/354/99 444/347/91 445/341/87 446/350/94
f 447/359/101 448/359/82 449/359/44 450/359/80 451/359/67
f 452/278/69 453/278/68 454/278/79 455/278/92 456/278/98
f 457/342/2 458/459/10 459/345/20
f 460/347/93 461/344/89 462/304/75
f 463/302/76 464/343/88 465/347/100
f 466/279/9 467/278/21 468/278/33
f 469/195/5 470/195/14 471/577/51
f 472/193/73 473/223/63 474/193/97
f 475/225/62 476/338/83 477/193/96
f 478/359/64 479/359/13 480/578/65
f 481/346/90 482/367/104 483/302/111 484/378/115 485/339/84
f 486/343/107 487/199/49 488/339/112 489/377/110 490/343/102
f 491/191/38 492/191/27 493/278/29 494/278/34 495/279/17
f 496/191/39 497/278/92 498/278/98 499/278/69 500/191/68
f 501/198/48 502/193/45 503/383/116 504/373/109 505/197/113
f 506/340/85 507/352/114 508/224/108 509/366/103 510/332/77
f 511/189/40 512/567/67 513/359/101 514/359/82 515/359/44
f 516/189/37 517/359/43 518/359/6 519/359/30 520/189/28
f 521/304/75 522/347/93 523/375/89
f 524/302/76 525/361/88 526/361/100
f 527/372/10 528/278/20 529/278/2
f 530/280/9 531/278/21 532/372/33
f 533/224/62 534/384/83 535/380/96
f 536/224/63 537/297/97 538/297/73
f 539/359/64 540/359/13 541/360/65
f 542/359/51 543/359/5 544/578/14
f 190/3/3 4/2/2 6/388/20 187/579/32
f 5/10/10 2/9/9 1/184/33 6/183/20
f 89/26/22 3/25/21 2/580/9 90/450/12
f 178/6/6 10/5/5 12/392/51 179/502/30
f 11/14/14 8/13/13 7/271/64 12/270/51
f 194/274/66 9/273/65 8/13/13 191/16/16
f 9/273/65 13/272/22 16/395/12 7/581/64
f 14/263/22 17/262/22 20/398/12 15/582/12
f 18/102/22 21/101/22 24/401/12 19/583/12
f 22/98/22 25/97/22 28/404/12 23/584/12
f 26/94/22 29/93/22 32/407/12 27/585/12
f 30/90/22 33/89/22 36/410/12 31/586/12
f 34/86/22 37/85/22 40/413/12 35/587/12
f 38/82/22 41/81/22 44/416/12 39/588/12
f 42/78/22 45/77/22 48/419/12 43/589/12
f 46/74/22 49/73/22 52/422/12 47/590/12
f 50/70/22 53/69/22 56/425/12 51/591/12
f 54/66/22 57/65/22 60/428/12 55/592/12
f 58/62/22 61/61/22 64/431/12 59/593/12
f 62/58/22 65/57/22 68/434/12 63/594/12
f 66/54/22 69/53/22 72/437/12 67/595/12
f 70/50/22 73/49/22 76/440/12 71/596/12
f 74/46/22 77/45/22 80/443/12 75/597/12
f 78/42/22 81/41/22 84/446/12 79/598/12
f 82/38/22 85/37/22 88/449/12 83/599/12
f 86/34/22 92/33/22 91/600/12 87/601/12
f 4/2/2 93/1/1 96/455/11 5/387/10
f 94/30/1 97/29/1 100/458/11 95/602/11
f 98/186/1 101/185/34 105/460/29 99/603/11
f 103/190/38 106/189/37 110/171/28 104/170/27
f 108/369/6 111/368/1 114/463/11 109/604/30
f 112/363/1 115/362/1 118/466/11 113/605/11
f 116/201/1 119/200/34 123/469/29 117/606/11
f 121/205/38 124/204/37 128/155/28 122/154/27
f 126/317/6 129/316/1 132/474/11 127/607/30
f 130/313/1 133/312/1 136/477/11 131/608/11
f 134/216/1 137/215/34 141/480/29 135/609/11
f 139/220/38 142/219/37 146/139/28 140/138/27
f 144/22/6 147/21/1 150/484/11 145/610/30
f 148/259/1 151/258/1 154/487/11 149/611/11
f 152/235/1 155/234/34 159/490/29 153/612/11
f 157/239/38 160/238/37 164/123/28 158/122/27
f 162/306/6 165/305/1 168/495/11 163/613/30
f 166/299/1 169/298/1 172/498/11 167/614/11
f 170/251/1 173/250/34 177/501/29 171/615/11
f 175/255/38 181/254/37 180/107/28 176/106/27
f 95/178/11 91/177/12 90/12/12 96/11/11
f 99/174/11 88/173/12 87/180/12 100/179/11
f 104/170/27 84/169/12 83/176/12 105/175/29
f 109/166/30 80/165/12 79/172/12 110/171/28
f 113/162/11 76/161/12 75/168/12 114/167/11
f 117/158/11 72/157/12 71/164/12 118/163/11
f 122/154/27 68/153/12 67/160/12 123/159/29
f 127/150/30 64/149/12 63/156/12 128/155/28
f 131/146/11 60/145/12 59/152/12 132/151/11
f 135/142/11 56/141/12 55/148/12 136/147/11
f 140/138/27 52/137/12 51/144/12 141/143/29
f 145/134/30 48/133/12 47/140/12 146/139/28
f 149/130/11 44/129/12 43/136/12 150/135/11
f 153/126/11 40/125/12 39/132/12 154/131/11
f 158/122/27 36/121/12 35/128/12 159/127/29
f 163/118/30 32/117/12 31/124/12 164/123/28
f 167/114/11 28/113/12 27/120/12 168/119/11
f 171/110/11 24/109/12 23/116/12 172/115/11
f 176/106/27 20/105/12 19/112/12 177/111/29
f 179/269/30 16/268/12 15/108/12 180/107/28
f 3/25/21 184/28/24 183/616/31 1/617/33
f 10/5/5 196/8/8 195/15/15 11/14/14
f 182/325/43 199/324/53 204/7/7 178/6/6
f 173/250/34 206/253/50 205/18/18 174/17/17
f 169/298/1 212/301/26 211/252/35 170/251/1
f 165/305/1 217/308/4 216/300/25 166/299/1
f 161/243/43 221/242/53 226/307/7 162/306/6
f 155/234/34 228/237/50 227/321/18 156/320/17
f 151/258/1 234/261/26 233/236/35 152/235/1
f 147/21/1 239/24/4 238/260/25 148/259/1
f 143/227/43 243/226/53 248/23/7 144/22/6
f 137/215/34 250/218/50 249/310/18 138/309/17
f 133/312/1 256/315/26 255/217/35 134/216/1
f 129/316/1 261/319/4 260/314/25 130/313/1
f 125/209/43 265/208/53 270/318/7 126/317/6
f 119/200/34 272/203/50 271/294/18 120/293/17
f 115/362/1 278/365/26 277/202/35 116/201/1
f 111/368/1 283/371/4 282/364/25 112/363/1
f 107/194/43 287/193/42 292/370/105 108/369/6
f 101/185/34 294/188/36 293/343/106 102/342/17
f 97/29/1 300/32/26 299/187/35 98/186/1
f 93/1/1 304/4/4 308/31/25 94/30/1
f 92/33/22 310/36/23 309/27/23 89/26/22
f 85/37/22 311/40/23 312/35/23 86/34/22
f 81/41/22 314/44/23 313/39/23 82/38/22
f 77/45/22 315/48/23 316/43/23 78/42/22
f 73/49/22 318/52/23 317/47/23 74/46/22
f 69/53/22 319/56/23 320/51/23 70/50/22
f 65/57/22 322/60/23 321/55/23 66/54/22
f 61/61/22 323/64/23 324/59/23 62/58/22
f 57/65/22 326/68/23 325/63/23 58/62/22
f 53/69/22 327/72/23 328/67/23 54/66/22
f 49/73/22 330/76/23 329/71/23 50/70/22
f 45/77/22 331/80/23 332/75/23 46/74/22
f 41/81/22 334/84/23 333/79/23 42/78/22
f 37/85/22 335/88/23 336/83/23 38/82/22
f 33/89/22 338/92/23 337/87/23 34/86/22
f 29/93/22 339/96/23 340/91/23 30/90/22
f 25/97/22 342/100/23 341/95/23 26/94/22
f 21/101/22 343/104/23 344/99/23 22/98/22
f 17/262/22 346/265/23 345/103/23 18/102/22
f 13/272/22 347/275/23 348/264/23 14/263/22
f 346/618/23 344/619/23 343/104/23 345/103/23
f 342/620/23 340/621/23 339/96/23 341/95/23
f 338/622/23 336/623/23 335/88/23 337/87/23
f 334/624/23 332/625/23 331/80/23 333/79/23
f 330/626/23 328/627/23 327/72/23 329/71/23
f 326/628/23 324/629/23 323/64/23 325/63/23
f 322/630/23 320/631/23 319/56/23 321/55/23
f 318/632/23 316/633/23 315/48/23 317/47/23
f 314/634/23 312/635/23 311/40/23 313/39/23
f 310/636/23 185/637/23 184/28/24 309/27/23
f 307/566/130 301/561/125 300/32/26 308/31/25
f 303/563/127 295/558/134 294/188/36 299/187/35
f 297/560/136 289/555/131 288/197/47 298/196/46
f 291/557/133 284/552/128 283/371/4 292/370/105
f 286/554/130 279/549/125 278/365/26 282/364/25
f 281/551/127 273/546/122 272/203/50 277/202/35
f 275/548/124 267/543/119 266/212/56 276/211/55
f 269/545/121 262/540/128 261/319/4 270/318/7
f 264/542/130 257/537/125 256/315/26 260/314/25
f 259/539/127 251/534/122 250/218/50 255/217/35
f 253/536/124 245/531/119 244/231/56 254/230/55
f 247/533/121 240/528/128 239/24/4 248/23/7
f 242/530/130 235/525/125 234/261/26 238/260/25
f 237/527/127 229/522/122 228/237/50 233/236/35
f 231/524/124 223/248/119 222/247/56 232/246/55
f 225/521/121 218/517/128 217/308/4 226/307/7
f 220/519/130 213/514/125 212/301/26 216/300/25
f 215/516/127 207/512/122 206/253/50 211/252/35
f 209/266/124 201/509/119 200/267/56 210/266/55
f 203/511/121 197/507/8 196/8/8 204/7/7
f 189/638/3 305/564/128 304/4/4 190/3/3
f 193/639/23 348/640/23 347/275/23 194/274/66
s 0
f 192/192/41 346/192/41 348/192/41
f 192/192/41 348/192/41 193/192/41
f 198/192/137 192/192/137 195/192/137
f 192/192/137 191/192/137 195/192/137
f 191/192/138 192/192/138 193/192/138
f 191/192/138 193/192/138 194/192/138
f 310/192/41 186/192/41 185/192/41
s 1
f 376/329/1 378/328/1 377/641/11 373/642/11
f 383/356/2 385/355/5 384/643/51 381/644/10
f 389/282/2 391/281/5 390/645/51 387/646/10
f 395/286/2 397/285/5 396/647/51 393/648/10
f 401/290/2 403/289/5 402/649/51 399/650/10
f 403/289/5 406/292/71 405/327/54 404/326/14
f 400/20/20 408/19/19 410/291/70 401/290/2
f 397/285/5 412/288/71 411/245/54 398/244/14
f 394/323/20 414/322/19 416/287/70 395/286/2
f 391/281/5 418/284/71 417/229/54 392/228/14
f 388/309/20 420/311/19 422/283/70 389/282/2
f 385/355/5 424/358/71 423/210/54 386/209/14
f 382/296/20 426/295/19 428/357/70 383/356/2
f 378/328/1 430/331/72 429/297/72 379/194/1
f 375/349/1 433/348/72 436/330/72 376/329/1
f 435/199/60 431/352/60 430/331/72 436/330/72
f 427/214/58 425/213/57 424/358/71 428/357/70
f 421/233/58 419/232/57 418/284/71 422/283/70
f 415/249/58 413/248/57 412/288/71 416/287/70
f 409/266/58 407/267/57 406/292/71 410/291/70
f 142/219/37 390/222/51 392/570/14 143/481/43
f 419/232/57 244/231/56 243/226/53 417/229/54
f 437/224/61 432/223/60 431/352/60 438/351/95
f 486/343/107 293/343/106 298/196/46 487/199/49
f 254/230/55 421/233/58 420/311/19 249/310/18
f 387/221/10 139/220/38 138/569/17 388/569/20
f 174/17/17 400/20/20 399/651/10 175/500/38
f 404/326/14 182/325/43 181/652/37 402/503/51
f 451/276/67 377/189/11 380/359/11 447/359/101
f 120/293/17 382/296/20 381/467/10 121/467/38
f 386/209/14 125/209/43 124/653/37 384/653/51
f 496/191/39 103/190/38 102/278/17 497/278/92
f 160/238/37 396/241/51 398/573/14 161/491/43
f 413/248/57 222/247/56 221/242/53 411/245/54
f 199/324/53 405/327/54 407/267/57 200/267/56
f 408/19/19 205/18/18 210/266/55 409/266/58
f 232/246/55 415/249/58 414/322/19 227/321/18
f 393/240/10 157/239/38 156/571/17 394/571/20
f 425/213/57 266/212/56 265/208/53 423/210/54
f 426/295/19 271/294/18 276/211/55 427/214/58
f 510/332/77 440/297/78 439/340/86 506/340/85
f 434/303/60 442/302/74 446/350/94 435/199/60
f 516/189/37 450/335/80 449/359/44 517/359/43
f 373/191/11 453/190/68 452/278/69 374/277/11
f 453/190/68 451/276/67 450/335/80 454/191/79
f 443/354/99 456/353/98 455/342/92 444/347/91
f 438/351/95 446/350/94 445/341/87 439/340/86
f 448/337/82 441/336/81 440/297/78 449/334/44
f 459/342/20 461/344/89 460/347/93 457/342/2
f 461/344/89 464/343/88 463/302/76 462/304/75
f 458/280/10 466/279/9 468/278/33 459/278/20
f 464/343/88 468/342/33 467/342/21 465/347/100
f 374/277/11 458/280/10 457/278/2 375/278/1
f 462/304/75 434/303/60 433/348/72 460/347/93
f 442/302/74 463/302/76 465/347/100 443/354/99
f 466/279/9 452/278/69 456/278/98 467/278/21
f 469/195/5 472/193/73 474/193/97 470/195/14
f 477/193/96 474/193/97 473/223/63 475/225/62
f 478/359/64 471/360/51 470/359/14 479/359/13
f 479/195/13 477/193/96 476/338/83 480/195/65
f 441/336/81 476/338/83 475/225/62 437/224/61
f 472/193/73 429/297/72 432/223/60 473/223/63
f 447/359/101 478/359/64 480/578/65 448/359/82
f 379/194/1 469/195/5 471/577/51 380/577/11
f 444/347/91 481/346/90 485/339/84 445/341/87
f 483/302/111 489/377/110 488/339/112 484/378/115
f 454/191/79 491/191/38 495/279/17 455/278/92
f 492/379/27 500/191/68 499/278/69 493/372/29
f 287/193/42 502/193/45 501/198/48 288/197/47
f 504/373/109 508/224/108 507/352/114 505/197/113
f 106/189/37 511/189/40 515/359/44 107/359/43
f 512/189/67 520/276/28 519/382/30 513/381/101
f 514/195/82 503/383/116 502/193/45 515/195/44
f 517/333/43 510/332/77 509/366/103 518/334/6
f 505/197/113 488/339/112 487/199/49 501/198/48
f 506/340/85 485/339/84 484/378/115 507/352/114
f 490/343/102 498/345/98 497/345/92 486/343/107
f 481/346/90 495/345/17 494/353/34 482/367/104
f 500/191/68 512/189/67 511/189/40 496/191/39
f 491/191/38 516/189/37 520/276/28 492/379/27
f 523/375/89 525/361/88 524/302/76 521/304/75
f 527/372/10 530/280/9 532/372/33 528/278/20
f 525/361/88 532/374/33 531/342/21 526/361/100
f 522/347/93 529/342/2 528/376/20 523/375/89
f 489/377/110 524/302/76 526/361/100 490/343/102
f 530/280/9 499/278/69 498/278/98 531/278/21
f 482/367/104 522/347/93 521/304/75 483/302/111
f 493/372/29 527/372/10 529/278/2 494/278/34
f 535/380/96 537/297/97 536/224/63 533/224/62
f 539/359/64 542/359/51 544/578/14 540/359/13
f 540/194/13 535/380/96 534/384/83 541/195/65
f 543/195/5 538/297/73 537/297/97 544/195/14
f 513/381/101 539/359/64 541/360/65 514/359/82
f 533/224/62 504/373/109 503/383/116 534/384/83
f 508/224/108 536/224/63 538/297/73 509/366/103
f 542/359/51 519/382/30 518/360/6 543/359/5
s 0
f 187/192/139 183/192/139 186/192/139
f 187/192/139 186/192/139 188/192/139
f 183/192/140 184/192/140 185/192/140
f 183/192/140 185/192/140 186/192/140
f 186/192/141 302/192/141 301/192/141
f 268/192/41 324/192/41 326/192/41
f 263/192/41 268/192/41 326/192/41
f 252/192/41 328/192/41 330/192/41
f 230/192/41 336/192/41 338/192/41
f 332/192/41 241/192/41 246/192/41
f 318/192/52 320/192/52 279/192/52
f 245/192/52 330/192/52 332/192/52
f 235/192/52 334/192/52 336/192/52
f 198/192/41 202/192/41 192/192/41
f 241/192/41 332/192/41 334/192/41
f 197/192/41 202/192/41 198/192/41
f 328/192/59 258/192/59 257/192/59
f 197/192/41 203/192/41 202/192/41
f 208/192/142 192/192/142 201/192/142
f 320/192/41 274/192/41 280/192/41
f 201/192/143 209/192/143 208/192/143
f 207/192/41 214/192/41 208/192/41
f 340/192/59 224/192/59 223/192/59
f 207/192/41 215/192/41 214/192/41
f 318/192/52 279/192/52 286/192/52
f 314/192/52 289/192/52 297/192/52
f 219/192/144 342/192/144 220/192/144
f 218/192/41 224/192/41 219/192/41
f 328/192/41 252/192/41 258/192/41
f 218/192/41 225/192/41 224/192/41
f 342/192/52 213/192/52 220/192/52
f 230/192/144 338/192/144 231/192/144
f 229/192/41 236/192/41 230/192/41
f 336/192/41 230/192/41 236/192/41
f 229/192/41 237/192/41 236/192/41
f 330/192/52 245/192/52 253/192/52
f 186/192/41 310/192/41 312/192/41
f 241/192/144 334/192/144 242/192/144
f 240/192/41 246/192/41 241/192/41
f 274/192/41 320/192/41 322/192/41
f 240/192/41 247/192/41 246/192/41
f 322/192/52 267/192/52 275/192/52
f 338/192/52 340/192/52 223/192/52
f 252/192/144 330/192/144 253/192/144
f 251/192/41 258/192/41 252/192/41
f 285/192/41 316/192/41 318/192/41
f 251/192/41 259/192/41 258/192/41
f 334/192/52 235/192/52 242/192/52
f 219/192/41 340/192/41 342/192/41
f 263/192/144 326/192/144 264/192/144
f 262/192/41 268/192/41 263/192/41
f 340/192/41 219/192/41 224/192/41
f 262/192/41 269/192/41 268/192/41
f 320/192/59 280/192/59 279/192/59
f 338/192/52 223/192/52 231/192/52
f 274/192/144 322/192/144 275/192/144
f 273/192/41 280/192/41 274/192/41
f 192/192/145 202/192/145 201/192/145
f 273/192/41 281/192/41 280/192/41
f 326/192/52 328/192/52 264/192/52
f 186/192/41 314/192/41 296/192/41
f 285/192/144 318/192/144 286/192/144
f 284/192/41 290/192/41 285/192/41
f 186/192/41 296/192/41 302/192/41
f 284/192/41 291/192/41 290/192/41
f 214/192/59 213/192/59 344/192/59
f 314/192/52 316/192/52 289/192/52
f 296/192/144 314/192/144 297/192/144
f 295/192/41 302/192/41 296/192/41
f 328/192/52 257/192/52 264/192/52
f 295/192/41 303/192/41 302/192/41
f 306/192/146 186/192/146 301/192/146
f 188/192/41 186/192/41 306/192/41
f 301/192/143 307/192/143 306/192/143
f 305/192/41 188/192/41 306/192/41
f 305/192/41 189/192/41 188/192/41
f 316/192/41 285/192/41 290/192/41
s 1
f 637/1/1 548/2/2 734/3/3 848/4/4
f 554/5/5 722/6/6 748/7/7 740/8/8
f 546/9/9 549/10/10 640/11/11 634/12/12
f 552/13/13 555/14/14 739/15/15 735/16/16
f 718/17/17 749/18/18 952/19/19 944/20/20
f 691/21/1 688/22/6 792/23/7 783/24/4
f 547/25/21 633/26/22 853/27/23 728/28/24
f 641/29/1 638/30/1 852/31/25 844/32/26
f 636/33/22 630/34/22 856/35/23 854/36/23
f 629/37/22 626/38/22 857/39/23 855/40/23
f 625/41/22 622/42/22 860/43/23 858/44/23
f 621/45/22 618/46/22 861/47/23 859/48/23
f 617/49/22 614/50/22 864/51/23 862/52/23
f 613/53/22 610/54/22 865/55/23 863/56/23
f 609/57/22 606/58/22 868/59/23 866/60/23
f 605/61/22 602/62/22 869/63/23 867/64/23
f 601/65/22 598/66/22 872/67/23 870/68/23
f 597/69/22 594/70/22 873/71/23 871/72/23
f 593/73/22 590/74/22 876/75/23 874/76/23
f 589/77/22 586/78/22 877/79/23 875/80/23
f 585/81/22 582/82/22 880/83/23 878/84/23
f 581/85/22 578/86/22 881/87/23 879/88/23
f 577/89/22 574/90/22 884/91/23 882/92/23
f 573/93/22 570/94/22 885/95/23 883/96/23
f 569/97/22 566/98/22 888/99/23 886/100/23
f 565/101/22 562/102/22 889/103/23 887/104/23
f 564/105/12 720/106/27 724/107/28 559/108/12
f 568/109/12 715/110/11 721/111/29 563/112/12
f 572/113/12 711/114/11 716/115/11 567/116/12
f 576/117/12 707/118/30 712/119/11 571/120/12
f 580/121/12 702/122/27 708/123/28 575/124/12
f 584/125/12 697/126/11 703/127/29 579/128/12
f 588/129/12 693/130/11 698/131/11 583/132/12
f 592/133/12 689/134/30 694/135/11 587/136/12
f 596/137/12 684/138/27 690/139/28 591/140/12
f 600/141/12 679/142/11 685/143/29 595/144/12
f 604/145/12 675/146/11 680/147/11 599/148/12
f 608/149/12 671/150/30 676/151/11 603/152/12
f 612/153/12 666/154/27 672/155/28 607/156/12
f 616/157/12 661/158/11 667/159/29 611/160/12
f 620/161/12 657/162/11 662/163/11 615/164/12
f 624/165/12 653/166/30 658/167/11 619/168/12
f 628/169/12 648/170/27 654/171/28 623/172/12
f 632/173/12 643/174/11 649/175/29 627/176/12
f 635/177/12 639/178/11 644/179/11 631/180/12
f 727/181/31 731/182/32 550/183/20 545/184/33
f 645/185/34 642/186/1 843/187/35 838/188/36
f 650/189/37 647/190/38 1040/191/39 1055/189/40
s 0
f 752/192/41 758/192/41 736/192/41
s 1
f 831/193/42 651/194/43 1059/195/44 1046/193/45
f 842/196/46 832/197/47 1045/198/48 1031/199/49
f 663/200/34 660/201/1 821/202/35 816/203/50
f 668/204/37 665/205/38 925/206/10 928/207/51
s 0
f 811/192/52 866/192/52 868/192/52
s 1
f 809/208/53 669/209/43 930/209/14 967/210/54
f 820/211/55 810/212/56 969/213/57 971/214/58
f 681/215/34 678/216/1 799/217/35 794/218/50
f 686/219/37 683/220/38 931/221/10 934/222/51
s 0
f 812/192/59 811/192/59 868/192/59
s 1
f 976/223/60 981/224/61 1019/225/62 1017/223/63
f 787/226/53 687/227/43 936/228/14 961/229/54
f 798/230/55 788/231/56 963/232/57 965/233/58
f 699/234/34 696/235/1 777/236/35 772/237/50
f 704/238/37 701/239/38 937/240/10 940/241/51
s 0
f 860/192/59 834/192/59 833/192/59
s 1
f 765/242/53 705/243/43 942/244/14 955/245/54
f 776/246/55 766/247/56 957/248/57 959/249/58
f 717/250/34 714/251/1 755/252/35 750/253/50
f 725/254/37 719/255/38 943/256/10 946/257/51
s 0
f 790/192/59 789/192/59 876/192/59
s 1
f 695/258/1 692/259/1 782/260/25 778/261/26
f 561/262/22 558/263/22 892/264/23 890/265/23
f 754/266/55 744/267/56 951/267/57 953/266/58
f 560/268/12 723/269/30 556/270/51 551/271/64
f 557/272/22 553/273/65 738/274/66 891/275/23
f 995/276/67 997/190/68 917/191/11 921/189/11
f 918/277/11 996/278/69 1010/279/9 1002/280/10
f 935/281/5 933/282/2 966/283/70 962/284/71
f 941/285/5 939/286/2 960/287/70 956/288/71
f 947/289/5 945/290/2 954/291/70 950/292/71
s 0
f 780/192/59 779/192/59 880/192/59
s 1
f 664/293/17 815/294/18 970/295/19 926/296/20
f 923/194/1 973/297/72 1016/193/73 1013/195/5
f 713/298/1 710/299/1 760/300/25 756/301/26
f 986/302/74 978/303/60 1006/304/75 1007/302/76
s 0
f 757/192/52 886/192/52 888/192/52
s 1
f 709/305/1 706/306/6 770/307/7 761/308/4
f 682/309/17 793/310/18 964/311/19 932/309/20
f 677/312/1 674/313/1 804/314/25 800/315/26
s 0
f 758/192/41 888/192/41 736/192/41
s 1
f 673/316/1 670/317/6 814/318/7 805/319/4
s 0
f 890/192/41 736/192/41 888/192/41
s 1
f 700/320/17 771/321/18 958/322/19 938/323/20
f 743/324/53 726/325/43 948/326/14 949/327/54
f 922/328/1 920/329/1 980/330/72 974/331/72
f 1054/332/77 1061/333/43 993/334/44 984/297/78
f 1060/189/37 1035/191/38 998/191/79 994/335/80
f 985/336/81 992/337/82 1024/195/65 1020/338/83
f 1029/339/84 1050/340/85 983/340/86 989/341/87
f 1012/342/33 1008/343/88 1005/344/89 1003/342/20
f 1039/345/17 1025/346/90 988/347/91 999/342/92
f 977/348/72 919/349/1 1001/342/2 1004/347/93
f 990/350/94 982/351/95 975/352/60 979/199/60
f 1021/193/96 1023/195/13 1014/195/14 1018/193/97
f 1000/353/98 987/354/99 1009/347/100 1011/342/21
f 929/355/5 927/356/2 972/357/70 968/358/71
f 991/359/101 924/359/11 1015/360/51 1022/359/64
f 1042/345/98 1034/343/102 1070/361/100 1075/342/21
f 659/362/1 656/363/1 826/364/25 822/365/26
f 1062/334/6 1053/366/103 1082/297/73 1087/195/5
s 0
f 858/192/41 730/192/41 856/192/41
s 1
f 1026/367/104 1038/353/34 1073/342/2 1066/347/93
f 655/368/1 652/369/6 836/370/105 827/371/4
f 1037/372/29 1043/278/69 1074/280/9 1071/372/10
f 646/342/17 837/343/106 1030/343/107 1041/345/92
f 1052/224/108 1048/373/109 1077/224/62 1080/224/63
f 1076/374/33 1069/361/88 1067/375/89 1072/376/20
f 1033/377/110 1027/302/111 1065/304/75 1068/302/76
f 1032/339/112 1049/197/113 1051/352/114 1028/378/115
f 1056/189/67 1044/191/68 1036/379/27 1064/276/28
f 1079/380/96 1084/194/13 1088/195/14 1081/297/97
f 1057/381/101 1063/382/30 1086/359/51 1083/359/64
f 1047/383/116 1058/195/82 1085/195/65 1078/384/83
f 545/184/33 546/385/9 547/386/21
f 548/2/2 549/387/10 550/388/20
f 551/271/64 552/389/13 553/390/65
f 554/5/5 555/391/14 556/392/51
f 557/272/22 558/393/22 559/394/12 560/395/12
f 561/262/22 562/396/22 563/397/12 564/398/12
f 565/101/22 566/399/22 567/400/12 568/401/12
f 569/97/22 570/402/22 571/403/12 572/404/12
f 573/93/22 574/405/22 575/406/12 576/407/12
f 577/89/22 578/408/22 579/409/12 580/410/12
f 581/85/22 582/411/22 583/412/12 584/413/12
f 585/81/22 586/414/22 587/415/12 588/416/12
f 589/77/22 590/417/22 591/418/12 592/419/12
f 593/73/22 594/420/22 595/421/12 596/422/12
f 597/69/22 598/423/22 599/424/12 600/425/12
f 601/65/22 602/426/22 603/427/12 604/428/12
f 605/61/22 606/429/22 607/430/12 608/431/12
f 609/57/22 610/432/22 611/433/12 612/434/12
f 613/53/22 614/435/22 615/436/12 616/437/12
f 617/49/22 618/438/22 619/439/12 620/440/12
f 621/45/22 622/441/22 623/442/12 624/443/12
f 625/41/22 626/444/22 627/445/12 628/446/12
f 629/37/22 630/447/22 631/448/12 632/449/12
f 633/26/22 634/450/12 635/451/12 636/452/22
f 637/1/1 638/453/1 639/454/11 640/455/11
f 641/29/1 642/456/1 643/457/11 644/458/11
f 645/185/34 646/342/17 647/459/38 648/459/27 649/460/29
f 650/189/37 651/359/43 652/359/6 653/359/30 654/189/28
f 655/368/1 656/461/1 657/462/11 658/463/11
f 659/362/1 660/464/1 661/465/11 662/466/11
f 663/200/34 664/296/17 665/467/38 666/468/27 667/469/29
f 668/204/37 669/470/43 670/470/6 671/470/30 672/471/28
f 673/316/1 674/472/1 675/473/11 676/474/11
f 677/312/1 678/475/1 679/476/11 680/477/11
f 681/215/34 682/478/17 683/479/38 684/479/27 685/480/29
f 686/219/37 687/481/43 688/481/6 689/481/30 690/219/28
f 691/21/1 692/482/1 693/483/11 694/484/11
f 695/258/1 696/485/1 697/486/11 698/487/11
f 699/234/34 700/320/17 701/488/38 702/489/27 703/490/29
f 704/238/37 705/491/43 706/491/6 707/491/30 708/492/28
f 709/305/1 710/493/1 711/494/11 712/495/11
f 713/298/1 714/496/1 715/497/11 716/498/11
f 717/250/34 718/499/17 719/500/38 720/500/27 721/501/29
f 722/6/6 723/502/30 724/503/28 725/503/37 726/326/43
f 731/182/32 732/504/117 733/505/3 734/506/3
f 739/15/15 740/8/8 741/507/8 742/508/118
f 743/324/53 744/267/56 745/509/119 746/510/120 747/511/121 748/7/7
f 749/18/18 750/253/50 751/512/122 752/513/123 753/266/124 754/266/55
f 755/252/35 756/301/26 757/514/125 758/515/126 759/516/127
f 760/300/25 761/308/4 762/517/128 763/518/129 764/519/130
f 765/242/53 766/247/56 767/248/119 768/520/120 769/521/121 770/307/7
f 771/321/18 772/237/50 773/522/122 774/523/123 775/524/124 776/246/55
f 777/236/35 778/261/26 779/525/125 780/526/126 781/527/127
f 782/260/25 783/24/4 784/528/128 785/529/129 786/530/130
f 787/226/53 788/231/56 789/531/119 790/532/120 791/533/121 792/23/7
f 793/310/18 794/218/50 795/534/122 796/535/123 797/536/124 798/230/55
f 799/217/35 800/315/26 801/537/125 802/538/126 803/539/127
f 804/314/25 805/319/4 806/540/128 807/541/129 808/542/130
f 809/208/53 810/212/56 811/543/119 812/544/120 813/545/121 814/318/7
f 815/294/18 816/203/50 817/546/122 818/547/123 819/548/124 820/211/55
f 821/202/35 822/365/26 823/549/125 824/550/126 825/551/127
f 826/364/25 827/371/4 828/552/128 829/553/129 830/554/130
f 831/193/42 832/197/47 833/555/131 834/556/132 835/557/133 836/370/105
f 837/343/106 838/188/36 839/558/134 840/559/135 841/560/136 842/196/46
f 843/187/35 844/32/26 845/561/125 846/562/126 847/563/127
f 848/4/4 849/564/128 850/565/129 851/566/130 852/31/25
f 917/191/11 918/278/11 919/278/1 920/191/1
f 921/189/11 922/567/1 923/359/1 924/359/11
f 925/206/10 926/568/20 927/206/2
f 928/207/51 929/471/5 930/470/14
f 931/221/10 932/569/20 933/221/2
f 934/222/51 935/222/5 936/570/14
f 937/240/10 938/571/20 939/239/2
f 940/241/51 941/572/5 942/573/14
f 943/256/10 944/574/20 945/575/2
f 946/257/51 947/257/5 948/576/14
f 949/327/54 950/292/71 951/267/57
f 952/19/19 953/266/58 954/291/70
f 955/245/54 956/288/71 957/248/57
f 958/322/19 959/249/58 960/287/70
f 961/229/54 962/284/71 963/232/57
f 964/311/19 965/233/58 966/283/70
f 967/210/54 968/358/71 969/213/57
f 970/295/19 971/214/58 972/357/70
f 973/297/72 974/331/72 975/352/60 976/223/60
f 977/348/72 978/303/60 979/199/60 980/330/72
f 981/224/61 982/351/95 983/340/86 984/297/78 985/336/81
f 986/302/74 987/354/99 988/347/91 989/341/87 990/350/94
f 991/359/101 992/359/82 993/359/44 994/359/80 995/359/67
f 996/278/69 997/278/68 998/278/79 999/278/92 1000/278/98
f 1001/342/2 1002/459/10 1003/345/20
f 1004/347/93 1005/344/89 1006/304/75
f 1007/302/76 1008/343/88 1009/347/100
f 1010/279/9 1011/278/21 1012/278/33
f 1013/195/5 1014/195/14 1015/577/51
f 1016/193/73 1017/223/63 1018/193/97
f 1019/225/62 1020/338/83 1021/193/96
f 1022/359/64 1023/359/13 1024/578/65
f 1025/346/90 1026/367/104 1027/302/111 1028/378/115 1029/339/84
f 1030/343/107 1031/199/49 1032/339/112 1033/377/110 1034/343/102
f 1035/191/38 1036/191/27 1037/278/29 1038/278/34 1039/279/17
f 1040/191/39 1041/278/92 1042/278/98 1043/278/69 1044/191/68
f 1045/198/48 1046/193/45 1047/383/116 1048/373/109 1049/197/113
f 1050/340/85 1051/352/114 1052/224/108 1053/366/103 1054/332/77
f 1055/189/40 1056/567/67 1057/359/101 1058/359/82 1059/359/44
f 1060/189/37 1061/359/43 1062/359/6 1063/359/30 1064/189/28
f 1065/304/75 1066/347/93 1067/375/89
f 1068/302/76 1069/361/88 1070/361/100
f 1071/372/10 1072/278/20 1073/278/2
f 1074/280/9 1075/278/21 1076/372/33
f 1077/224/62 1078/384/83 1079/380/96
f 1080/224/63 1081/297/97 1082/297/73
f 1083/359/64 1084/359/13 1085/360/65
f 1086/359/51 1087/359/5 1088/578/14
f 734/3/3 548/2/2 550/388/20 731/579/32
f 549/10/10 546/9/9 545/184/33 550/183/20
f 633/26/22 547/25/21 546/580/9 634/450/12
f 722/6/6 554/5/5 556/392/51 723/502/30
f 555/14/14 552/13/13 551/271/64 556/270/51
f 738/274/66 553/273/65 552/13/13 735/16/16
f 553/273/65 557/272/22 560/395/12 551/581/64
f 558/263/22 561/262/22 564/398/12 559/582/12
f 562/102/22 565/101/22 568/401/12 563/583/12
f 566/98/22 569/97/22 572/404/12 567/584/12
f 570/94/22 573/93/22 576/407/12 571/585/12
f 574/90/22 577/89/22 580/410/12 575/586/12
f 578/86/22 581/85/22 584/413/12 579/587/12
f 582/82/22 585/81/22 588/416/12 583/588/12
f 586/78/22 589/77/22 592/419/12 587/589/12
f 590/74/22 593/73/22 596/422/12 591/590/12
f 594/70/22 597/69/22 600/425/12 595/591/12
f 598/66/22 601/65/22 604/428/12 599/592/12
f 602/62/22 605/61/22 608/431/12 603/593/12
f 606/58/22 609/57/22 612/434/12 607/594/12
f 610/54/22 613/53/22 616/437/12 611/595/12
f 614/50/22 617/49/22 620/440/12 615/596/12
f 618/46/22 621/45/22 624/443/12 619/597/12
f 622/42/22 625/41/22 628/446/12 623/598/12
f 626/38/22 629/37/22 632/449/12 627/599/12
f 630/34/22 636/33/22 635/600/12 631/601/12
f 548/2/2 637/1/1 640/455/11 549/387/10
f 638/30/1 641/29/1 644/458/11 639/602/11
f 642/186/1 645/185/34 649/460/29 643/603/11
f 647/190/38 650/189/37 654/171/28 648/170/27
f 652/369/6 655/368/1 658/463/11 653/604/30
f 656/363/1 659/362/1 662/466/11 657/605/11
f 660/201/1 663/200/34 667/469/29 661/606/11
f 665/205/38 668/204/37 672/155/28 666/154/27
f 670/317/6 673/316/1 676/474/11 671/607/30
f 674/313/1 677/312/1 680/477/11 675/608/11
f 678/216/1 681/215/34 685/480/29 679/609/11
f 683/220/38 686/219/37 690/139/28 684/138/27
f 688/22/6 691/21/1 694/484/11 689/610/30
f 692/259/1 695/258/1 698/487/11 693/611/11
f 696/235/1 699/234/34 703/490/29 697/612/11
f 701/239/38 704/238/37 708/123/28 702/122/27
f 706/306/6 709/305/1 712/495/11 707/613/30
f 710/299/1 713/298/1 716/498/11 711/614/11
f 714/251/1 717/250/34 721/501/29 715/615/11
f 719/255/38 725/254/37 724/107/28 720/106/27
f 639/178/11 635/177/12 634/12/12 640/11/11
f 643/174/11 632/173/12 631/180/12 644/179/11
f 648/170/27 628/169/12 627/176/12 649/175/29
f 653/166/30 624/165/12 623/172/12 654/171/28
f 657/162/11 620/161/12 619/168/12 658/167/11
f 661/158/11 616/157/12 615/164/12 662/163/11
f 666/154/27 612/153/12 611/160/12 667/159/29
f 671/150/30 608/149/12 607/156/12 672/155/28
f 675/146/11 604/145/12 603/152/12 676/151/11
f 679/142/11 600/141/12 599/148/12 680/147/11
f 684/138/27 596/137/12 595/144/12 685/143/29
f 689/134/30 592/133/12 591/140/12 690/139/28
f 693/130/11 588/129/12 587/136/12 694/135/11
f 697/126/11 584/125/12 583/132/12 698/131/11
f 702/122/27 580/121/12 579/128/12 703/127/29
f 707/118/30 576/117/12 575/124/12 708/123/28
f 711/114/11 572/113/12 571/120/12 712/119/11
f 715/110/11 568/109/12 567/116/12 716/115/11
f 720/106/27 564/105/12 563/112/12 721/111/29
f 723/269/30 560/268/12 559/108/12 724/107/28
f 547/25/21 728/28/24 727/616/31 545/617/33
f 554/5/5 740/8/8 739/15/15 555/14/14
f 726/325/43 743/324/53 748/7/7 722/6/6
f 717/250/34 750/253/50 749/18/18 718/17/17
f 713/298/1 756/301/26 755/252/35 714/251/1
f 709/305/1 761/308/4 760/300/25 710/299/1
f 705/243/43 765/242/53 770/307/7 706/306/6
f 699/234/34 772/237/50 771/321/18 700/320/17
f 695/258/1 778/261/26 777/236/35 696/235/1
f 691/21/1 783/24/4 782/260/25 692/259/1
f 687/227/43 787/226/53 792/23/7 688/22/6
f 681/215/34 794/218/50 793/310/18 682/309/17
f 677/312/1 800/315/26 799/217/35 678/216/1
f 673/316/1 805/319/4 804/314/25 674/313/1
f 669/209/43 809/208/53 814/318/7 670/317/6
f 663/200/34 816/203/50 815/294/18 664/293/17
f 659/362/1 822/365/26 821/202/35 660/201/1
f 655/368/1 827/371/4 826/364/25 656/363/1
f 651/194/43 831/193/42 836/370/105 652/369/6
f 645/185/34 838/188/36 837/343/106 646/342/17
f 641/29/1 844/32/26 843/187/35 642/186/1
f 637/1/1 848/4/4 852/31/25 638/30/1
f 636/33/22 854/36/23 853/27/23 633/26/22
f 629/37/22 855/40/23 856/35/23 630/34/22
f 625/41/22 858/44/23 857/39/23 626/38/22
f 621/45/22 859/48/23 860/43/23 622/42/22
f 617/49/22 862/52/23 861/47/23 618/46/22
f 613/53/22 863/56/23 864/51/23 614/50/22
f 609/57/22 866/60/23 865/55/23 610/54/22
f 605/61/22 867/64/23 868/59/23 606/58/22
f 601/65/22 870/68/23 869/63/23 602/62/22
f 597/69/22 871/72/23 872/67/23 598/66/22
f 593/73/22 874/76/23 873/71/23 594/70/22
f 589/77/22 875/80/23 876/75/23 590/74/22
f 585/81/22 878/84/23 877/79/23 586/78/22
f 581/85/22 879/88/23 880/83/23 582/82/22
f 577/89/22 882/92/23 881/87/23 578/86/22
f 573/93/22 883/96/23 884/91/23 574/90/22
f 569/97/22 886/100/23 885/95/23 570/94/22
f 565/101/22 887/104/23 888/99/23 566/98/22
f 561/262/22 890/265/23 889/103/23 562/102/22
f 557/272/22 891/275/23 892/264/23 558/263/22
f 890/618/23 888/619/23 887/104/23 889/103/23
f 886/620/23 884/621/23 883/96/23 885/95/23
f 882/622/23 880/623/23 879/88/23 881/87/23
f 878/624/23 876/625/23 875/80/23 877/79/23
f 874/626/23 872/627/23 871/72/23 873/71/23
f 870/628/23 868/629/23 867/64/23 869/63/23
f 866/630/23 864/631/23 863/56/23 865/55/23
f 862/632/23 860/633/23 859/48/23 861/47/23
f 858/634/23 856/635/23 855/40/23 857/39/23
f 854/636/23 729/637/23 728/28/24 853/27/23
f 851/566/130 845/561/125 844/32/26 852/31/25
f 847/563/127 839/558/134 838/188/36 843/187/35
f 841/560/136 833/555/131 832/197/47 842/196/46
f 835/557/133 828/552/128 827/371/4 836/370/105
f 830/554/130 823/549/125 822/365/26 826/364/25
f 825/551/127 817/546/122 816/203/50 821/202/35
f 819/548/124 811/543/119 810/212/56 820/211/55
f 813/545/121 806/540/128 805/319/4 814/318/7
f 808/542/130 801/537/125 800/315/26 804/314/25
f 803/539/127 795/534/122 794/218/50 799/217/35
f 797/536/124 789/531/119 788/231/56 798/230/55
f 791/533/121 784/528/128 783/24/4 792/23/7
f 786/530/130 779/525/125 778/261/26 782/260/25
f 781/527/127 773/522/122 772/237/50 777/236/35
f 775/524/124 767/248/119 766/247/56 776/246/55
f 769/521/121 762/517/128 761/308/4 770/307/7
f 764/519/130 757/514/125 756/301/26 760/300/25
f 759/516/127 751/512/122 750/253/50 755/252/35
f 753/266/124 745/509/119 744/267/56 754/266/55
f 747/511/121 741/507/8 740/8/8 748/7/7
f 733/638/3 849/564/128 848/4/4 734/3/3
f 737/639/23 892/640/23 891/275/23 738/274/66
s 0
f 736/192/41 890/192/41 892/192/41
f 736/192/41 892/192/41 737/192/41
f 742/192/137 736/192/137 739/192/137
f 736/192/137 735/192/137 739/192/137
f 735/192/138 736/192/138 737/192/138
f 735/192/138 737/192/138 738/192/138
f 854/192/41 730/192/41 729/192/41
s 1
f 920/329/1 922/328/1 921/641/11 917/642/11
f 927/356/2 929/355/5 928/643/51 925/644/10
f 933/282/2 935/281/5 934/645/51 931/646/10
f 939/286/2 941/285/5 940/647/51 937/648/10
f 945/290/2 947/289/5 946/649/51 943/650/10
f 947/289/5 950/292/71 949/327/54 948/326/14
f 944/20/20 952/19/19 954/291/70 945/290/2
f 941/285/5 956/288/71 955/245/54 942/244/14
f 938/323/20 958/322/19 960/287/70 939/286/2
f 935/281/5 962/284/71 961/229/54 936/228/14
f 932/309/20 964/311/19 966/283/70 933/282/2
f 929/355/5 968/358/71 967/210/54 930/209/14
f 926/296/20 970/295/19 972/357/70 927/356/2
f 922/328/1 974/331/72 973/297/72 923/194/1
f 919/349/1 977/348/72 980/330/72 920/329/1
f 979/199/60 975/352/60 974/331/72 980/330/72
f 971/214/58 969/213/57 968/358/71 972/357/70
f 965/233/58 963/232/57 962/284/71 966/283/70
f 959/249/58 957/248/57 956/288/71 960/287/70
f 953/266/58 951/267/57 950/292/71 954/291/70
f 686/219/37 934/222/51 936/570/14 687/481/43
f 963/232/57 788/231/56 787/226/53 961/229/54
f 981/224/61 976/223/60 975/352/60 982/351/95
f 1030/343/107 837/343/106 842/196/46 1031/199/49
f 798/230/55 965/233/58 964/311/19 793/310/18
f 931/221/10 683/220/38 682/569/17 932/569/20
f 718/17/17 944/20/20 943/651/10 719/500/38
f 948/326/14 726/325/43 725/652/37 946/503/51
f 995/276/67 921/189/11 924/359/11 991/359/101
f 664/293/17 926/296/20 925/467/10 665/467/38
f 930/209/14 669/209/43 668/653/37 928/653/51
f 1040/191/39 647/190/38 646/278/17 1041/278/92
f 704/238/37 940/241/51 942/573/14 705/491/43
f 957/248/57 766/247/56 765/242/53 955/245/54
f 743/324/53 949/327/54 951/267/57 744/267/56
f 952/19/19 749/18/18 754/266/55 953/266/58
f 776/246/55 959/249/58 958/322/19 771/321/18
f 937/240/10 701/239/38 700/571/17 938/571/20
f 969/213/57 810/212/56 809/208/53 967/210/54
f 970/295/19 815/294/18 820/211/55 971/214/58
f 1054/332/77 984/297/78 983/340/86 1050/340/85
f 978/303/60 986/302/74 990/350/94 979/199/60
f 1060/189/37 994/335/80 993/359/44 1061/359/43
f 917/191/11 997/190/68 996/278/69 918/277/11
f 997/190/68 995/276/67 994/335/80 998/191/79
f 987/354/99 1000/353/98 999/342/92 988/347/91
f 982/351/95 990/350/94 989/341/87 983/340/86
f 992/337/82 985/336/81 984/297/78 993/334/44
f 1003/342/20 1005/344/89 1004/347/93 1001/342/2
f 1005/344/89 1008/343/88 1007/302/76 1006/304/75
f 1002/280/10 1010/279/9 1012/278/33 1003/278/20
f 1008/343/88 1012/342/33 1011/342/21 1009/347/100
f 918/277/11 1002/280/10 1001/278/2 919/278/1
f 1006/304/75 978/303/60 977/348/72 1004/347/93
f 986/302/74 1007/302/76 1009/347/100 987/354/99
f 1010/279/9 996/278/69 1000/278/98 1011/278/21
f 1013/195/5 1016/193/73 1018/193/97 1014/195/14
f 1021/193/96 1018/193/97 1017/223/63 1019/225/62
f 1022/359/64 1015/360/51 1014/359/14 1023/359/13
f 1023/195/13 1021/193/96 1020/338/83 1024/195/65
f 985/336/81 1020/338/83 1019/225/62 981/224/61
f 1016/193/73 973/297/72 976/223/60 1017/223/63
f 991/359/101 1022/359/64 1024/578/65 992/359/82
f 923/194/1 1013/195/5 1015/577/51 924/577/11
f 988/347/91 1025/346/90 1029/339/84 989/341/87
f 1027/302/111 1033/377/110 1032/339/112 1028/378/115
f 998/191/79 1035/191/38 1039/279/17 999/278/92
f 1036/379/27 1044/191/68 1043/278/69 1037/372/29
f 831/193/42 1046/193/45 1045/198/48 832/197/47
f 1048/373/109 1052/224/108 1051/352/114 1049/197/113
f 650/189/37 1055/189/40 1059/359/44 651/359/43
f 1056/189/67 1064/276/28 1063/382/30 1057/381/101
f 1058/195/82 1047/383/116 1046/193/45 1059/195/44
f 1061/333/43 1054/332/77 1053/366/103 1062/334/6
f 1049/197/113 1032/339/112 1031/199/49 1045/198/48
f 1050/340/85 1029/339/84 1028/378/115 1051/352/114
f 1034/343/102 1042/345/98 1041/345/92 1030/343/107
f 1025/346/90 1039/345/17 1038/353/34 1026/367/104
f 1044/191/68 1056/189/67 1055/189/40 1040/191/39
f 1035/191/38 1060/189/37 1064/276/28 1036/379/27
f 1067/375/89 1069/361/88 1068/302/76 1065/304/75
f 1071/372/10 1074/280/9 1076/372/33 1072/278/20
f 1069/361/88 1076/374/33 1075/342/21 1070/361/100
f 1066/347/93 1073/342/2 1072/376/20 1067/375/89
f 1033/377/110 1068/302/76 1070/361/100 1034/343/102
f 1074/280/9 1043/278/69 1042/278/98 1075/278/21
f 1026/367/104 1066/347/93 1065/304/75 1027/302/111
f 1037/372/29 1071/372/10 1073/278/2 1038/278/34
f 1079/380/96 1081/297/97 1080/224/63 1077/224/62
f 1083/359/64 1086/359/51 1088/578/14 1084/359/13
f 1084/194/13 1079/380/96 1078/384/83 1085/195/65
f 1087/195/5 1082/297/73 1081/297/97 1088/195/14
f 1057/381/101 1083/359/64 1085/360/65 1058/359/82
f 1077/224/62 1048/373/109 1047/383/116 1078/384/83
f 1052/224/108 1080/224/63 1082/297/73 1053/366/103
f 1086/359/51 1063/382/30 1062/360/6 1087/359/5
s 0
f 731/192/139 727/192/139 730/192/139
f 731/192/139 730/192/139 732/192/139
f 727/192/140 728/192/140 729/192/140
f 727/192/140 729/192/140 730/192/140
f 730/192/141 846/192/141 845/192/141
f 812/192/41 868/192/41 870/192/41
f 807/192/41 812/192/41 870/192/41
f 796/192/41 872/192/41 874/192/41
f 774/192/41 880/192/41 882/192/41
f 876/192/41 785/192/41 790/192/41
f 862/192/52 864/192/52 823/192/52
f 789/192/52 874/192/52 876/192/52
f 779/192/52 878/192/52 880/192/52
f 742/192/41 746/192/41 736/192/41
f 785/192/41 876/192/41 878/192/41
f 741/192/41 746/192/41 742/192/41
f 872/192/59 802/192/59 801/192/59
f 741/192/41 747/192/41 746/192/41
f 752/192/142 736/192/142 745/192/142
f 864/192/41 818/192/41 824/192/41
f 745/192/143 753/192/143 752/192/143
f 751/192/41 758/192/41 752/192/41
f 884/192/59 768/192/59 767/192/59
f 751/192/41 759/192/41 758/192/41
f 862/192/52 823/192/52 830/192/52
f 858/192/52 833/192/52 841/192/52
f 763/192/144 886/192/144 764/192/144
f 762/192/41 768/192/41 763/192/41
f 872/192/41 796/192/41 802/192/41
f 762/192/41 769/192/41 768/192/41
f 886/192/52 757/192/52 764/192/52
f 774/192/144 882/192/144 775/192/144
f 773/192/41 780/192/41 774/192/41
f 880/192/41 774/192/41 780/192/41
f 773/192/41 781/192/41 780/192/41
f 874/192/52 789/192/52 797/192/52
f 730/192/41 854/192/41 856/192/41
f 785/192/144 878/192/144 786/192/144
f 784/192/41 790/192/41 785/192/41
f 818/192/41 864/192/41 866/192/41
f 784/192/41 791/192/41 790/192/41
f 866/192/52 811/192/52 819/192/52
f 882/192/52 884/192/52 767/192/52
f 796/192/144 874/192/144 797/192/144
f 795/192/41 802/192/41 796/192/41
f 829/192/41 860/192/41 862/192/41
f 795/192/41 803/192/41 802/192/41
f 878/192/52 779/192/52 786/192/52
f 763/192/41 884/192/41 886/192/41
f 807/192/144 870/192/144 808/192/144
f 806/192/41 812/192/41 807/192/41
f 884/192/41 763/192/41 768/192/41
f 806/192/41 813/192/41 812/192/41
f 864/192/59 824/192/59 823/192/59
f 882/192/52 767/192/52 775/192/52
f 818/192/144 866/192/144 819/192/144
f 817/192/41 824/192/41 818/192/41
f 736/192/145 746/192/145 745/192/145
f 817/192/41 825/192/41 824/192/41
f 870/192/52 872/192/52 808/192/52
f 730/192/41 858/192/41 840/192/41
f 829/192/144 862/192/144 830/192/144
f 828/192/41 834/192/41 829/192/41
f 730/192/41 840/192/41 846/192/41
f 828/192/41 835/192/41 834/192/41
f 758/192/59 757/192/59 888/192/59
f 858/192/52 860/192/52 833/192/52
f 840/192/144 858/192/144 841/192/144
f 839/192/41 846/192/41 840/192/41
f 872/192/52 801/192/52 808/192/52
f 839/192/41 847/192/41 846/192/41
f 850/192/146 730/192/146 845/192/146
f 732/192/41 730/192/41 850/192/41
f 845/192/143 851/192/143 850/192/143
f 849/192/41 732/192/41 850/192/41
f 849/192/41 733/192/41 732/192/41
f 860/192/41 829/192/41 834/192/41
s 1
f 1181/1/1 1092/2/2 1278/3/3 1392/4/4
f 1098/5/5 1266/6/6 1292/7/7 1284/8/8
f 1090/9/9 1093/10/10 1184/11/11 1178/12/12
f 1096/13/13 1099/14/14 1283/15/15 1279/16/16
f 1262/17/17 1293/18/18 1496/19/19 1488/20/20
f 1235/21/1 1232/22/6 1336/23/7 1327/24/4
f 1091/25/21 1177/26/22 1397/27/23 1272/28/24
f 1185/29/1 1182/30/1 1396/31/25 1388/32/26
f 1180/33/22 1174/34/22 1400/35/23 1398/36/23
f 1173/37/22 1170/38/22 1401/39/23 1399/40/23
f 1169/41/22 1166/42/22 1404/43/23 1402/44/23
f 1165/45/22 1162/46/22 1405/47/23 1403/48/23
f 1161/49/22 1158/50/22 1408/51/23 1406/52/23
f 1157/53/22 1154/54/22 1409/55/23 1407/56/23
f 1153/57/22 1150/58/22 1412/59/23 1410/60/23
f 1149/61/22 1146/62/22 1413/63/23 1411/64/23
f 1145/65/22 1142/66/22 1416/67/23 1414/68/23
f 1141/69/22 1138/70/22 1417/71/23 1415/72/23
f 1137/73/22 1134/74/22 1420/75/23 1418/76/23
f 1133/77/22 1130/78/22 1421/79/23 1419/80/23
f 1129/81/22 1126/82/22 1424/83/23 1422/84/23
f 1125/85/22 1122/86/22 1425/87/23 1423/88/23
f 1121/89/22 1118/90/22 1428/91/23 1426/92/23
f 1117/93/22 1114/94/22 1429/95/23 1427/96/23
f 1113/97/22 1110/98/22 1432/99/23 1430/100/23
f 1109/101/22 1106/102/22 1433/103/23 1431/104/23
f 1108/105/12 1264/106/27 1268/107/28 1103/108/12
f 1112/109/12 1259/110/11 1265/111/29 1107/112/12
f 1116/113/12 1255/114/11 1260/115/11 1111/116/12
f 1120/117/12 1251/118/30 1256/119/11 1115/120/12
f 1124/121/12 1246/122/27 1252/123/28 1119/124/12
f 1128/125/12 1241/126/11 1247/127/29 1123/128/12
f 1132/129/12 1237/130/11 1242/131/11 1127/132/12
f 1136/133/12 1233/134/30 1238/135/11 1131/136/12
f 1140/137/12 1228/138/27 1234/139/28 1135/140/12
f 1144/141/12 1223/142/11 1229/143/29 1139/144/12
f 1148/145/12 1219/146/11 1224/147/11 1143/148/12
f 1152/149/12 1215/150/30 1220/151/11 1147/152/12
f 1156/153/12 1210/154/27 1216/155/28 1151/156/12
f 1160/157/12 1205/158/11 1211/159/29 1155/160/12
f 1164/161/12 1201/162/11 1206/163/11 1159/164/12
f 1168/165/12 1197/166/30 1202/167/11 1163/168/12
f 1172/169/12 1192/170/27 1198/171/28 1167/172/12
f 1176/173/12 1187/174/11 1193/175/29 1171/176/12
f 1179/177/12 1183/178/11 1188/179/11 1175/180/12
f 1271/181/31 1275/182/32 1094/183/20 1089/184/33
f 1189/185/34 1186/186/1 1387/187/35 1382/188/36
f 1194/189/37 1191/190/38 1584/191/39 1599/189/40
s 0
f 1296/192/41 1302/192/41 1280/192/41
s 1
f 1375/193/42 1195/194/43 1603/195/44 1590/193/45
f 1386/196/46 1376/197/47 1589/198/48 1575/199/49
f 1207/200/34 1204/201/1 1365/202/35 1360/203/50
f 1212/204/37 1209/205/38 1469/206/10 1472/207/51
s 0
f 1355/192/52 1410/192/52 1412/192/52
s 1
f 1353/208/53 1213/209/43 1474/209/14 1511/210/54
f 1364/211/55 1354/212/56 1513/213/57 1515/214/58
f 1225/215/34 1222/216/1 1343/217/35 1338/218/50
f 1230/219/37 1227/220/38 1475/221/10 1478/222/51
s 0
f 1356/192/59 1355/192/59 1412/192/59
s 1
f 1520/223/60 1525/224/61 1563/225/62 1561/223/63
f 1331/226/53 1231/227/43 1480/228/14 1505/229/54
f 1342/230/55 1332/231/56 1507/232/57 1509/233/58
f 1243/234/34 1240/235/1 1321/236/35 1316/237/50
f 1248/238/37 1245/239/38 1481/240/10 1484/241/51
s 0
f 1404/192/59 1378/192/59 1377/192/59
s 1
f 1309/242/53 1249/243/43 1486/244/14 1499/245/54
f 1320/246/55 1310/247/56 1501/248/57 1503/249/58
f 1261/250/34 1258/251/1 1299/252/35 1294/253/50
f 1269/254/37 1263/255/38 1487/256/10 1490/257/51
s 0
f 1334/192/59 1333/192/59 1420/192/59
s 1
f 1239/258/1 1236/259/1 1326/260/25 1322/261/26
f 1105/262/22 1102/263/22 1436/264/23 1434/265/23
f 1298/266/55 1288/267/56 1495/267/57 1497/266/58
f 1104/268/12 1267/269/30 1100/270/51 1095/271/64
f 1101/272/22 1097/273/65 1282/274/66 1435/275/23
f 1539/276/67 1541/190/68 1461/191/11 1465/189/11
f 1462/277/11 1540/278/69 1554/279/9 1546/280/10
f 1479/281/5 1477/282/2 1510/283/70 1506/284/71
f 1485/285/5 1483/286/2 1504/287/70 1500/288/71
f 1491/289/5 1489/290/2 1498/291/70 1494/292/71
s 0
f 1324/192/59 1323/192/59 1424/192/59
s 1
f 1208/293/17 1359/294/18 1514/295/19 1470/296/20
f 1467/194/1 1517/297/72 1560/193/73 1557/195/5
f 1257/298/1 1254/299/1 1304/300/25 1300/301/26
f 1530/302/74 1522/303/60 1550/304/75 1551/302/76
s 0
f 1301/192/52 1430/192/52 1432/192/52
s 1
f 1253/305/1 1250/306/6 1314/307/7 1305/308/4
f 1226/309/17 1337/310/18 1508/311/19 1476/309/20
f 1221/312/1 1218/313/1 1348/314/25 1344/315/26
s 0
f 1302/192/41 1432/192/41 1280/192/41
s 1
f 1217/316/1 1214/317/6 1358/318/7 1349/319/4
s 0
f 1434/192/41 1280/192/41 1432/192/41
s 1
f 1244/320/17 1315/321/18 1502/322/19 1482/323/20
f 1287/324/53 1270/325/43 1492/326/14 1493/327/54
f 1466/328/1 1464/329/1 1524/330/72 1518/331/72
f 1598/332/77 1605/333/43 1537/334/44 1528/297/78
f 1604/189/37 1579/191/38 1542/191/79 1538/335/80
f 1529/336/81 1536/337/82 1568/195/65 1564/338/83
f 1573/339/84 1594/340/85 1527/340/86 1533/341/87
f 1556/342/33 1552/343/88 1549/344/89 1547/342/20
f 1583/345/17 1569/346/90 1532/347/91 1543/342/92
f 1521/348/72 1463/349/1 1545/342/2 1548/347/93
f 1534/350/94 1526/351/95 1519/352/60 1523/199/60
f 1565/193/96 1567/195/13 1558/195/14 1562/193/97
f 1544/353/98 1531/354/99 1553/347/100 1555/342/21
f 1473/355/5 1471/356/2 1516/357/70 1512/358/71
f 1535/359/101 1468/359/11 1559/360/51 1566/359/64
f 1586/345/98 1578/343/102 1614/361/100 1619/342/21
f 1203/362/1 1200/363/1 1370/364/25 1366/365/26
f 1606/334/6 1597/366/103 1626/297/73 1631/195/5
s 0
f 1402/192/41 1274/192/41 1400/192/41
s 1
f 1570/367/104 1582/353/34 1617/342/2 1610/347/93
f 1199/368/1 1196/369/6 1380/370/105 1371/371/4
f 1581/372/29 1587/278/69 1618/280/9 1615/372/10
f 1190/342/17 1381/343/106 1574/343/107 1585/345/92
f 1596/224/108 1592/373/109 1621/224/62 1624/224/63
f 1620/374/33 1613/361/88 1611/375/89 1616/376/20
f 1577/377/110 1571/302/111 1609/304/75 1612/302/76
f 1576/339/112 1593/197/113 1595/352/114 1572/378/115
f 1600/189/67 1588/191/68 1580/379/27 1608/276/28
f 1623/380/96 1628/194/13 1632/195/14 1625/297/97
f 1601/381/101 1607/382/30 1630/359/51 1627/359/64
f 1591/383/116 1602/195/82 1629/195/65 1622/384/83
f 1089/184/33 1090/385/9 1091/386/21
f 1092/2/2 1093/387/10 1094/388/20
f 1095/271/64 1096/389/13 1097/390/65
f 1098/5/5 1099/391/14 1100/392/51
f 1101/272/22 1102/393/22 1103/394/12 1104/395/12
f 1105/262/22 1106/396/22 1107/397/12 1108/398/12
f 1109/101/22 1110/399/22 1111/400/12 1112/401/12
f 1113/97/22 1114/402/22 1115/403/12 1116/404/12
f 1117/93/22 1118/405/22 1119/406/12 1120/407/12
f 1121/89/22 1122/408/22 1123/409/12 1124/410/12
f 1125/85/22 1126/411/22 1127/412/12 1128/413/12
f 1129/81/22 1130/414/22 1131/415/12 1132/416/12
f 1133/77/22 1134/417/22 1135/418/12 1136/419/12
f 1137/73/22 1138/420/22 1139/421/12 1140/422/12
f 1141/69/22 1142/423/22 1143/424/12 1144/425/12
f 1145/65/22 1146/426/22 1147/427/12 1148/428/12
f 1149/61/22 1150/429/22 1151/430/12 1152/431/12
f 1153/57/22 1154/432/22 1155/433/12 1156/434/12
f 1157/53/22 1158/435/22 1159/436/12 1160/437/12
f 1161/49/22 1162/438/22 1163/439/12 1164/440/12
f 1165/45/22 1166/441/22 1167/442/12 1168/443/12
f 1169/41/22 1170/444/22 1171/445/12 1172/446/12
f 1173/37/22 1174/447/22 1175/448/12 1176/449/12
f 1177/26/22 1178/450/12 1179/451/12 1180/452/22
f 1181/1/1 1182/453/1 1183/454/11 1184/455/11
f 1185/29/1 1186/456/1 1187/457/11 1188/458/11
f 1189/185/34 1190/342/17 1191/459/38 1192/459/27 1193/460/29
f 1194/189/37 1195/359/43 1196/359/6 1197/359/30 1198/189/28
f 1199/368/1 1200/461/1 1201/462/11 1202/463/11
f 1203/362/1 1204/464/1 1205/465/11 1206/466/11
f 1207/200/34 1208/296/17 1209/467/38 1210/468/27 1211/469/29
f 1212/204/37 1213/470/43 1214/470/6 1215/470/30 1216/471/28
f 1217/316/1 1218/472/1 1219/473/11 1220/474/11
f 1221/312/1 1222/475/1 1223/476/11 1224/477/11
f 1225/215/34 1226/478/17 1227/479/38 1228/479/27 1229/480/29
f 1230/219/37 1231/481/43 1232/481/6 1233/481/30 1234/219/28
f 1235/21/1 1236/482/1 1237/483/11 1238/484/11
f 1239/258/1 1240/485/1 1241/486/11 1242/487/11
f 1243/234/34 1244/320/17 1245/488/38 1246/489/27 1247/490/29
f 1248/238/37 1249/491/43 1250/491/6 1251/491/30 1252/492/28
f 1253/305/1 1254/493/1 1255/494/11 1256/495/11
f 1257/298/1 1258/496/1 1259/497/11 1260/498/11
f 1261/250/34 1262/499/17 1263/500/38 1264/500/27 1265/501/29
f 1266/6/6 1267/502/30 1268/503/28 1269/503/37 1270/326/43
f 1275/182/32 1276/504/117 1277/505/3 1278/506/3
f 1283/15/15 1284/8/8 1285/507/8 1286/508/118
f 1287/324/53 1288/267/56 1289/509/119 1290/510/120 1291/511/121 1292/7/7
f 1293/18/18 1294/253/50 1295/512/122 1296/513/123 1297/266/124 1298/266/55
f 1299/252/35 1300/301/26 1301/514/125 1302/515/126 1303/516/127
f 1304/300/25 1305/308/4 1306/517/128 1307/518/129 1308/519/130
f 1309/242/53 1310/247/56 1311/248/119 1312/520/120 1313/521/121 1314/307/7
f 1315/321/18 1316/237/50 1317/522/122 1318/523/123 1319/524/124 1320/246/55
f 1321/236/35 1322/261/26 1323/525/125 1324/526/126 1325/527/127
f 1326/260/25 1327/24/4 1328/528/128 1329/529/129 1330/530/130
f 1331/226/53 1332/231/56 1333/531/119 1334/532/120 1335/533/121 1336/23/7
f 1337/310/18 1338/218/50 1339/534/122 1340/535/123 1341/536/124 1342/230/55
f 1343/217/35 1344/315/26 1345/537/125 1346/538/126 1347/539/127
f 1348/314/25 1349/319/4 1350/540/128 1351/541/129 1352/542/130
f 1353/208/53 1354/212/56 1355/543/119 1356/544/120 1357/545/121 1358/318/7
f 1359/294/18 1360/203/50 1361/546/122 1362/547/123 1363/548/124 1364/211/55
f 1365/202/35 1366/365/26 1367/549/125 1368/550/126 1369/551/127
f 1370/364/25 1371/371/4 1372/552/128 1373/553/129 1374/554/130
f 1375/193/42 1376/197/47 1377/555/131 1378/556/132 1379/557/133 1380/370/105
f 1381/343/106 1382/188/36 1383/558/134 1384/559/135 1385/560/136 1386/196/46
f 1387/187/35 1388/32/26 1389/561/125 1390/562/126 1391/563/127
f 1392/4/4 1393/564/128 1394/565/129 1395/566/130 1396/31/25
f 1461/191/11 1462/278/11 1463/278/1 1464/191/1
f 1465/189/11 1466/567/1 1467/359/1 1468/359/11
f 1469/206/10 1470/568/20 1471/206/2
f 1472/207/51 1473/471/5 1474/470/14
f 1475/221/10 1476/569/20 1477/221/2
f 1478/222/51 1479/222/5 1480/570/14
f 1481/240/10 1482/571/20 1483/239/2
f 1484/241/51 1485/572/5 1486/573/14
f 1487/256/10 1488/574/20 1489/575/2
f 1490/257/51 1491/257/5 1492/576/14
f 1493/327/54 1494/292/71 1495/267/57
f 1496/19/19 1497/266/58 1498/291/70
f 1499/245/54 1500/288/71 1501/248/57
f 1502/322/19 1503/249/58 1504/287/70
f 1505/229/54 1506/284/71 1507/232/57
f 1508/311/19 1509/233/58 1510/283/70
f 1511/210/54 1512/358/71 1513/213/57
f 1514/295/19 1515/214/58 1516/357/70
f 1517/297/72 1518/331/72 1519/352/60 1520/223/60
f 1521/348/72 1522/303/60 1523/199/60 1524/330/72
f 1525/224/61 1526/351/95 1527/340/86 1528/297/78 1529/336/81
f 1530/302/74 1531/354/99 1532/347/91 1533/341/87 1534/350/94
f 1535/359/101 1536/359/82 1537/359/44 1538/359/80 1539/359/67
f 1540/278/69 1541/278/68 1542/278/79 1543/278/92 1544/278/98
f 1545/342/2 1546/459/10 1547/345/20
f 1548/347/93 1549/344/89 1550/304/75
f 1551/302/76 1552/343/88 1553/347/100
f 1554/279/9 1555/278/21 1556/278/33
f 1557/195/5 1558/195/14 1559/577/51
f 1560/193/73 1561/223/63 1562/193/97
f 1563/225/62 1564/338/83 1565/193/96
f 1566/359/64 1567/359/13 1568/578/65
f 1569/346/90 1570/367/104 1571/302/111 1572/378/115 1573/339/84
f 1574/343/107 1575/199/49 1576/339/112 1577/377/110 1578/343/102
f 1579/191/38 1580/191/27 1581/278/29 1582/278/34 1583/279/17
f 1584/191/39 1585/278/92 1586/278/98 1587/278/69 1588/191/68
f 1589/198/48 1590/193/45 1591/383/116 1592/373/109 1593/197/113
f 1594/340/85 1595/352/114 1596/224/108 1597/366/103 1598/332/77
f 1599/189/40 1600/567/67 1601/359/101 1602/359/82 1603/359/44
f 1604/189/37 1605/359/43 1606/359/6 1607/359/30 1608/189/28
f 1609/304/75 1610/347/93 1611/375/89
f 1612/302/76 1613/361/88 1614/361/100
f 1615/372/10 1616/278/20 1617/278/2
f 1618/280/9 1619/278/21 1620/372/33
f 1621/224/62 1622/384/83 1623/380/96
f 1624/224/63 1625/297/97 1626/297/73
f 1627/359/64 1628/359/13 1629/360/65
f 1630/359/51 1631/359/5 1632/578/14
f 1278/3/3 1092/2/2 1094/388/20 1275/579/32
f 1093/10/10 1090/9/9 1089/184/33 1094/183/20
f 1177/26/22 1091/25/21 1090/580/9 1178/450/12
f 1266/6/6 1098/5/5 1100/392/51 1267/502/30
f 1099/14/14 1096/13/13 1095/271/64 1100/270/51
f 1282/274/66 1097/273/65 1096/13/13 1279/16/16
f 1097/273/65 1101/272/22 1104/395/12 1095/581/64
f 1102/263/22 1105/262/22 1108/398/12 1103/582/12
f 1106/102/22 1109/101/22 1112/401/12 1107/583/12
f 1110/98/22 1113/97/22 1116/404/12 1111/584/12
f 1114/94/22 1117/93/22 1120/407/12 1115/585/12
f 1118/90/22 1121/89/22 1124/410/12 1119/586/12
f 1122/86/22 1125/85/22 1128/413/12 1123/587/12
f 1126/82/22 1129/81/22 1132/416/12 1127/588/12
f 1130/78/22 1133/77/22 1136/419/12 1131/589/12
f 1134/74/22 1137/73/22 1140/422/12 1135/590/12
f 1138/70/22 1141/69/22 1144/425/12 1139/591/12
f 1142/66/22 1145/65/22 1148/428/12 1143/592/12
f 1146/62/22 1149/61/22 1152/431/12 1147/593/12
f 1150/58/22 1153/57/22 1156/434/12 1151/594/12
f 1154/54/22 1157/53/22 1160/437/12 1155/595/12
f 1158/50/22 1161/49/22 1164/440/12 1159/596/12
f 1162/46/22 1165/45/22 1168/443/12 1163/597/12
f 1166/42/22 1169/41/22 1172/446/12 1167/598/12
f 1170/38/22 1173/37/22 1176/449/12 1171/599/12
f 1174/34/22 1180/33/22 1179/600/12 1175/601/12
f 1092/2/2 1181/1/1 1184/455/11 1093/387/10
f 1182/30/1 1185/29/1 1188/458/11 1183/602/11
f 1186/186/1 1189/185/34 1193/460/29 1187/603/11
f 1191/190/38 1194/189/37 1198/171/28 1192/170/27
f 1196/369/6 1199/368/1 1202/463/11 1197/604/30
f 1200/363/1 1203/362/1 1206/466/11 1201/605/11
f 1204/201/1 1207/200/34 1211/469/29 1205/606/11
f 1209/205/38 1212/204/37 1216/155/28 1210/154/27
f 1214/317/6 1217/316/1 1220/474/11 1215/607/30
f 1218/313/1 1221/312/1 1224/477/11 1219/608/11
f 1222/216/1 1225/215/34 1229/480/29 1223/609/11
f 1227/220/38 1230/219/37 1234/139/28 1228/138/27
f 1232/22/6 1235/21/1 1238/484/11 1233/610/30
f 1236/259/1 1239/258/1 1242/487/11 1237/611/11
f 1240/235/1 1243/234/34 1247/490/29 1241/612/11
f 1245/239/38 1248/238/37 1252/123/28 1246/122/27
f 1250/306/6 1253/305/1 1256/495/11 1251/613/30
f 1254/299/1 1257/298/1 1260/498/11 1255/614/11
f 1258/251/1 1261/250/34 1265/501/29 1259/615/11
f 1263/255/38 1269/254/37 1268/107/28 1264/106/27
f 1183/178/11 1179/177/12 1178/12/12 1184/11/11
f 1187/174/11 1176/173/12 1175/180/12 1188/179/11
f 1192/170/27 1172/169/12 1171/176/12 1193/175/29
f 1197/166/30 1168/165/12 1167/172/12 1198/171/28
f 1201/162/11 1164/161/12 1163/168/12 1202/167/11
f 1205/158/11 1160/157/12 1159/164/12 1206/163/11
f 1210/154/27 1156/153/12 1155/160/12 1211/159/29
f 1215/150/30 1152/149/12 1151/156/12 1216/155/28
f 1219/146/11 1148/145/12 1147/152/12 1220/151/11
f 1223/142/11 1144/141/12 1143/148/12 1224/147/11
f 1228/138/27 1140/137/12 1139/144/12 1229/143/29
f 1233/134/30 1136/133/12 1135/140/12 1234/139/28
f 1237/130/11 1132/129/12 1131/136/12 1238/135/11
f 1241/126/11 1128/125/12 1127/132/12 1242/131/11
f 1246/122/27 1124/121/12 1123/128/12 1247/127/29
f 1251/118/30 1120/117/12 1119/124/12 1252/123/28
f 1255/114/11 1116/113/12 1115/120/12 1256/119/11
f 1259/110/11 1112/109/12 1111/116/12 1260/115/11
f 1264/106/27 1108/105/12 1107/112/12 1265/111/29
f 1267/269/30 1104/268/12 1103/108/12 1268/107/28
f 1091/25/21 1272/28/24 1271/616/31 1089/617/33
f 1098/5/5 1284/8/8 1283/15/15 1099/14/14
f 1270/325/43 1287/324/53 1292/7/7 1266/6/6
f 1261/250/34 1294/253/50 1293/18/18 1262/17/17
f 1257/298/1 1300/301/26 1299/252/35 1258/251/1
f 1253/305/1 1305/308/4 1304/300/25 1254/299/1
f 1249/243/43 1309/242/53 1314/307/7 1250/306/6
f 1243/234/34 1316/237/50 1315/321/18 1244/320/17
f 1239/258/1 1322/261/26 1321/236/35 1240/235/1
f 1235/21/1 1327/24/4 1326/260/25 1236/259/1
f 1231/227/43 1331/226/53 1336/23/7 1232/22/6
f 1225/215/34 1338/218/50 1337/310/18 1226/309/17
f 1221/312/1 1344/315/26 1343/217/35 1222/216/1
f 1217/316/1 1349/319/4 1348/314/25 1218/313/1
f 1213/209/43 1353/208/53 1358/318/7 1214/317/6
f 1207/200/34 1360/203/50 1359/294/18 1208/293/17
f 1203/362/1 1366/365/26 1365/202/35 1204/201/1
f 1199/368/1 1371/371/4 1370/364/25 1200/363/1
f 1195/194/43 1375/193/42 1380/370/105 1196/369/6
f 1189/185/34 1382/188/36 1381/343/106 1190/342/17
f 1185/29/1 1388/32/26 1387/187/35 1186/186/1
f 1181/1/1 1392/4/4 1396/31/25 1182/30/1
f 1180/33/22 1398/36/23 1397/27/23 1177/26/22
f 1173/37/22 1399/40/23 1400/35/23 1174/34/22
f 1169/41/22 1402/44/23 1401/39/23 1170/38/22
f 1165/45/22 1403/48/23 1404/43/23 1166/42/22
f 1161/49/22 1406/52/23 1405/47/23 1162/46/22
f 1157/53/22 1407/56/23 1408/51/23 1158/50/22
f 1153/57/22 1410/60/23 1409/55/23 1154/54/22
f 1149/61/22 1411/64/23 1412/59/23 1150/58/22
f 1145/65/22 1414/68/23 1413/63/23 1146/62/22
f 1141/69/22 1415/72/23 1416/67/23 1142/66/22
f 1137/73/22 1418/76/23 1417/71/23 1138/70/22
f 1133/77/22 1419/80/23 1420/75/23 1134/74/22
f 1129/81/22 1422/84/23 1421/79/23 1130/78/22
f 1125/85/22 1423/88/23 1424/83/23 1126/82/22
f 1121/89/22 1426/92/23 1425/87/23 1122/86/22
f 1117/93/22 1427/96/23 1428/91/23 1118/90/22
f 1113/97/22 1430/100/23 1429/95/23 1114/94/22
f 1109/101/22 1431/104/23 1432/99/23 1110/98/22
f 1105/262/22 1434/265/23 1433/103/23 1106/102/22
f 1101/272/22 1435/275/23 1436/264/23 1102/263/22
f 1434/618/23 1432/619/23 1431/104/23 1433/103/23
f 1430/620/23 1428/621/23 1427/96/23 1429/95/23
f 1426/622/23 1424/623/23 1423/88/23 1425/87/23
f 1422/624/23 1420/625/23 1419/80/23 1421/79/23
f 1418/626/23 1416/627/23 1415/72/23 1417/71/23
f 1414/628/23 1412/629/23 1411/64/23 1413/63/23
f 1410/630/23 1408/631/23 1407/56/23 1409/55/23
f 1406/632/23 1404/633/23 1403/48/23 1405/47/23
f 1402/634/23 1400/635/23 1399/40/23 1401/39/23
f 1398/636/23 1273/637/23 1272/28/24 1397/27/23
f 1395/566/130 1389/561/125 1388/32/26 1396/31/25
f 1391/563/127 1383/558/134 1382/188/36 1387/187/35
f 1385/560/136 1377/555/131 1376/197/47 1386/196/46
f 1379/557/133 1372/552/128 1371/371/4 1380/370/105
f 1374/554/130 1367/549/125 1366/365/26 1370/364/25
f 1369/551/127 1361/546/122 1360/203/50 1365/202/35
f 1363/548/124 1355/543/119 1354/212/56 1364/211/55
f 1357/545/121 1350/540/128 1349/319/4 1358/318/7
f 1352/542/130 1345/537/125 1344/315/26 1348/314/25
f 1347/539/127 1339/534/122 1338/218/50 1343/217/35
f 1341/536/124 1333/531/119 1332/231/56 1342/230/55
f 1335/533/121 1328/528/128 1327/24/4 1336/23/7
f 1330/530/130 1323/525/125 1322/261/26 1326/260/25
f 1325/527/127 1317/522/122 1316/237/50 1321/236/35
f 1319/524/124 1311/248/119 1310/247/56 1320/246/55
f 1313/521/121 1306/517/128 1305/308/4 1314/307/7
f 1308/519/130 1301/514/125 1300/301/26 1304/300/25
f 1303/516/127 1295/512/122 1294/253/50 1299/252/35
f 1297/266/124 1289/509/119 1288/267/56 1298/266/55
f 1291/511/121 1285/507/8 1284/8/8 1292/7/7
f 1277/638/3 1393/564/128 1392/4/4 1278/3/3
f 1281/639/23 1436/640/23 1435/275/23 1282/274/66
s 0
f 1280/192/41 1434/192/41 1436/192/41
f 1280/192/41 1436/192/41 1281/192/41
f 1286/192/137 1280/192/137 1283/192/137
f 1280/192/137 1279/192/137 1283/192/137
f 1279/192/138 1280/192/138 1281/192/138
f 1279/192/138 1281/192/138 1282/192/138
f 1398/192/41 1274/192/41 1273/192/41
s 1
f 1464/329/1 1466/328/1 1465/641/11 1461/642/11
f 1471/356/2 1473/355/5 1472/643/51 1469/644/10
f 1477/282/2 1479/281/5 1478/645/51 1475/646/10
f 1483/286/2 1485/285/5 1484/647/51 1481/648/10
f 1489/290/2 1491/289/5 1490/649/51 1487/650/10
f 1491/289/5 1494/292/71 1493/327/54 1492/326/14
f 1488/20/20 1496/19/19 1498/291/70 1489/290/2
f 1485/285/5 1500/288/71 1499/245/54 1486/244/14
f 1482/323/20 1502/322/19 1504/287/70 1483/286/2
f 1479/281/5 1506/284/71 1505/229/54 1480/228/14
f 1476/309/20 1508/311/19 1510/283/70 1477/282/2
f 1473/355/5 1512/358/71 1511/210/54 1474/209/14
f 1470/296/20 1514/295/19 1516/357/70 1471/356/2
f 1466/328/1 1518/331/72 1517/297/72 1467/194/1
f 1463/349/1 1521/348/72 1524/330/72 1464/329/1
f 1523/199/60 1519/352/60 1518/331/72 1524/330/72
f 1515/214/58 1513/213/57 1512/358/71 1516/357/70
f 1509/233/58 1507/232/57 1506/284/71 1510/283/70
f 1503/249/58 1501/248/57 1500/288/71 1504/287/70
f 1497/266/58 1495/267/57 1494/292/71 1498/291/70
f 1230/219/37 1478/222/51 1480/570/14 1231/481/43
f 1507/232/57 1332/231/56 1331/226/53 1505/229/54
f 1525/224/61 1520/223/60 1519/352/60 1526/351/95
f 1574/343/107 1381/343/106 1386/196/46 1575/199/49
f 1342/230/55 1509/233/58 1508/311/19 1337/310/18
f 1475/221/10 1227/220/38 1226/569/17 1476/569/20
f 1262/17/17 1488/20/20 1487/651/10 1263/500/38
f 1492/326/14 1270/325/43 1269/652/37 1490/503/51
f 1539/276/67 1465/189/11 1468/359/11 1535/359/101
f 1208/293/17 1470/296/20 1469/467/10 1209/467/38
f 1474/209/14 1213/209/43 1212/653/37 1472/653/51
f 1584/191/39 1191/190/38 1190/278/17 1585/278/92
f 1248/238/37 1484/241/51 1486/573/14 1249/491/43
f 1501/248/57 1310/247/56 1309/242/53 1499/245/54
f 1287/324/53 1493/327/54 1495/267/57 1288/267/56
f 1496/19/19 1293/18/18 1298/266/55 1497/266/58
f 1320/246/55 1503/249/58 1502/322/19 1315/321/18
f 1481/240/10 1245/239/38 1244/571/17 1482/571/20
f 1513/213/57 1354/212/56 1353/208/53 1511/210/54
f 1514/295/19 1359/294/18 1364/211/55 1515/214/58
f 1598/332/77 1528/297/78 1527/340/86 1594/340/85
f 1522/303/60 1530/302/74 1534/350/94 1523/199/60
f 1604/189/37 1538/335/80 1537/359/44 1605/359/43
f 1461/191/11 1541/190/68 1540/278/69 1462/277/11
f 1541/190/68 1539/276/67 1538/335/80 1542/191/79
f 1531/354/99 1544/353/98 1543/342/92 1532/347/91
f 1526/351/95 1534/350/94 1533/341/87 1527/340/86
f 1536/337/82 1529/336/81 1528/297/78 1537/334/44
f 1547/342/20 1549/344/89 1548/347/93 1545/342/2
f 1549/344/89 1552/343/88 1551/302/76 1550/304/75
f 1546/280/10 1554/279/9 1556/278/33 1547/278/20
f 1552/343/88 1556/342/33 1555/342/21 1553/347/100
f 1462/277/11 1546/280/10 1545/278/2 1463/278/1
f 1550/304/75 1522/303/60 1521/348/72 1548/347/93
f 1530/302/74 1551/302/76 1553/347/100 1531/354/99
f 1554/279/9 1540/278/69 1544/278/98 1555/278/21
f 1557/195/5 1560/193/73 1562/193/97 1558/195/14
f 1565/193/96 1562/193/97 1561/223/63 1563/225/62
f 1566/359/64 1559/360/51 1558/359/14 1567/359/13
f 1567/195/13 1565/193/96 1564/338/83 1568/195/65
f 1529/336/81 1564/338/83 1563/225/62 1525/224/61
f 1560/193/73 1517/297/72 1520/223/60 1561/223/63
f 1535/359/101 1566/359/64 1568/578/65 1536/359/82
f 1467/194/1 1557/195/5 1559/577/51 1468/577/11
f 1532/347/91 1569/346/90 1573/339/84 1533/341/87
f 1571/302/111 1577/377/110 1576/339/112 1572/378/115
f 1542/191/79 1579/191/38 1583/279/17 1543/278/92
f 1580/379/27 1588/191/68 1587/278/69 1581/372/29
f 1375/193/42 1590/193/45 1589/198/48 1376/197/47
f 1592/373/109 1596/224/108 1595/352/114 1593/197/113
f 1194/189/37 1599/189/40 1603/359/44 1195/359/43
f 1600/189/67 1608/276/28 1607/382/30 1601/381/101
f 1602/195/82 1591/383/116 1590/193/45 1603/195/44
f 1605/333/43 1598/332/77 1597/366/103 1606/334/6
f 1593/197/113 1576/339/112 1575/199/49 1589/198/48
f 1594/340/85 1573/339/84 1572/378/115 1595/352/114
f 1578/343/102 1586/345/98 1585/345/92 1574/343/107
f 1569/346/90 1583/345/17 1582/353/34 1570/367/104
f 1588/191/68 1600/189/67 1599/189/40 1584/191/39
f 1579/191/38 1604/189/37 1608/276/28 1580/379/27
f 1611/375/89 1613/361/88 1612/302/76 1609/304/75
f 1615/372/10 1618/280/9 1620/372/33 1616/278/20
f 1613/361/88 1620/374/33 1619/342/21 1614/361/100
f 1610/347/93 1617/342/2 1616/376/20 1611/375/89
f 1577/377/110 1612/302/76 1614/361/100 1578/343/102
f 1618/280/9 1587/278/69 1586/278/98 1619/278/21
f 1570/367/104 1610/347/93 1609/304/75 1571/302/111
f 1581/372/29 1615/372/10 1617/278/2 1582/278/34
f 1623/380/96 1625/297/97 1624/224/63 1621/224/62
f 1627/359/64 1630/359/51 1632/578/14 1628/359/13
f 1628/194/13 1623/380/96 1622/384/83 1629/195/65
f 1631/195/5 1626/297/73 1625/297/97 1632/195/14
f 1601/381/101 1627/359/64 1629/360/65 1602/359/82
f 1621/224/62 1592/373/109 1591/383/116 1622/384/83
f 1596/224/108 1624/224/63 1626/297/73 1597/366/103
f 1630/359/51 1607/382/30 1606/360/6 1631/359/5
s 0
f 1275/192/139 1271/192/139 1274/192/139
f 1275/192/139 1274/192/139 1276/192/139
f 1271/192/140 1272/192/140 1273/192/140
f 1271/192/140 1273/192/140 1274/192/140
f 1274/192/141 1390/192/141 1389/192/141
f 1356/192/41 1412/192/41 1414/192/41
f 1351/192/41 1356/192/41 1414/192/41
f 1340/192/41 1416/192/41 1418/192/41
f 1318/192/41 1424/192/41 1426/192/41
f 1420/192/41 1329/192/41 1334/192/41
f 1406/192/52 1408/192/52 1367/192/52
f 1333/192/52 1418/192/52 1420/192/52
f 1323/192/52 1422/192/52 1424/192/52
f 1286/192/41 1290/192/41 1280/192/41
f 1329/192/41 1420/192/41 1422/192/41
f 1285/192/41 1290/192/41 1286/192/41
f 1416/192/59 1346/192/59 1345/192/59
f 1285/192/41 1291/192/41 1290/192/41
f 1296/192/142 1280/192/142 1289/192/142
f 1408/192/41 1362/192/41 1368/192/41
f 1289/192/143 1297/192/143 1296/192/143
f 1295/192/41 1302/192/41 1296/192/41
f 1428/192/147 1312/192/147 1311/192/147
f 1295/192/41 1303/192/41 1302/192/41
f 1406/192/52 1367/192/52 1374/192/52
f 1402/192/52 1377/192/52 1385/192/52
f 1307/192/144 1430/192/144 1308/192/144
f 1306/192/41 1312/192/41 1307/192/41
f 1416/192/41 1340/192/41 1346/192/41
f 1306/192/41 1313/192/41 1312/192/41
f 1430/192/52 1301/192/52 1308/192/52
f 1318/192/144 1426/192/144 1319/192/144
f 1317/192/41 1324/192/41 1318/192/41
f 1424/192/41 1318/192/41 1324/192/41
f 1317/192/41 1325/192/41 1324/192/41
f 1418/192/52 1333/192/52 1341/192/52
f 1274/192/41 1398/192/41 1400/192/41
f 1329/192/144 1422/192/144 1330/192/144
f 1328/192/41 1334/192/41 1329/192/41
f 1362/192/41 1408/192/41 1410/192/41
f 1328/192/41 1335/192/41 1334/192/41
f 1410/192/52 1355/192/52 1363/192/52
f 1426/192/52 1428/192/52 1311/192/52
f 1340/192/144 1418/192/144 1341/192/144
f 1339/192/41 1346/192/41 1340/192/41
f 1373/192/41 1404/192/41 1406/192/41
f 1339/192/41 1347/192/41 1346/192/41
f 1422/192/52 1323/192/52 1330/192/52
f 1307/192/41 1428/192/41 1430/192/41
f 1351/192/144 1414/192/144 1352/192/144
f 1350/192/41 1356/192/41 1351/192/41
f 1428/192/41 1307/192/41 1312/192/41
f 1350/192/41 1357/192/41 1356/192/41
f 1408/192/59 1368/192/59 1367/192/59
f 1426/192/52 1311/192/52 1319/192/52
f 1362/192/144 1410/192/144 1363/192/144
f 1361/192/41 1368/192/41 1362/192/41
f 1280/192/145 1290/192/145 1289/192/145
f 1361/192/41 1369/192/41 1368/192/41
f 1414/192/52 1416/192/52 1352/192/52
f 1274/192/41 1402/192/41 1384/192/41
f 1373/192/144 1406/192/144 1374/192/144
f 1372/192/41 1378/192/41 1373/192/41
f 1274/192/41 1384/192/41 1390/192/41
f 1372/192/41 1379/192/41 1378/192/41
f 1302/192/148 1301/192/148 1432/192/148
f 1402/192/52 1404/192/52 1377/192/52
f 1384/192/144 1402/192/144 1385/192/144
f 1383/192/41 1390/192/41 1384/192/41
f 1416/192/52 1345/192/52 1352/192/52
f 1383/192/41 1391/192/41 1390/192/41
f 1394/192/146 1274/192/146 1389/192/146
f 1276/192/41 1274/192/41 1394/192/41
f 1389/192/143 1395/192/143 1394/192/143
f 1393/192/41 1276/192/41 1394/192/41
f 1393/192/41 1277/192/41 1276/192/41
f 1404/192/41 1373/192/41 1378/192/41
s 1
f 1725/1/1 1636/2/2 1822/3/3 1936/4/4
f 1642/5/5 1810/6/6 1836/7/7 1828/8/8
f 1634/9/9 1637/10/10 1728/11/11 1722/12/12
f 1640/13/13 1643/14/14 1827/15/15 1823/16/16
f 1806/17/17 1837/18/18 2040/19/19 2032/20/20
f 1779/21/1 1776/22/6 1880/23/7 1871/24/4
f 1635/25/21 1721/26/22 1941/27/23 1816/28/24
f 1729/29/1 1726/30/1 1940/31/25 1932/32/26
f 1724/33/22 1718/34/22 1944/35/23 1942/36/23
f 1717/37/22 1714/38/22 1945/39/23 1943/40/23
f 1713/41/22 1710/42/22 1948/43/23 1946/44/23
f 1709/45/22 1706/46/22 1949/47/23 1947/48/23
f 1705/49/22 1702/50/22 1952/51/23 1950/52/23
f 1701/53/22 1698/54/22 1953/55/23 1951/56/23
f 1697/57/22 1694/58/22 1956/59/23 1954/60/23
f 1693/61/22 1690/62/22 1957/63/23 1955/64/23
f 1689/65/22 1686/66/22 1960/67/23 1958/68/23
f 1685/69/22 1682/70/22 1961/71/23 1959/72/23
f 1681/73/22 1678/74/22 1964/75/23 1962/76/23
f 1677/77/22 1674/78/22 1965/79/23 1963/80/23
f 1673/81/22 1670/82/22 1968/83/23 1966/84/23
f 1669/85/22 1666/86/22 1969/87/23 1967/88/23
f 1665/89/22 1662/90/22 1972/91/23 1970/92/23
f 1661/93/22 1658/94/22 1973/95/23 1971/96/23
f 1657/97/22 1654/98/22 1976/99/23 1974/100/23
f 1653/101/22 1650/102/22 1977/103/23 1975/104/23
f 1652/105/12 1808/106/27 1812/107/28 1647/108/12
f 1656/109/12 1803/110/11 1809/111/29 1651/112/12
f 1660/113/12 1799/114/11 1804/115/11 1655/116/12
f 1664/117/12 1795/118/30 1800/119/11 1659/120/12
f 1668/121/12 1790/122/27 1796/123/28 1663/124/12
f 1672/125/12 1785/126/11 1791/127/29 1667/128/12
f 1676/129/12 1781/130/11 1786/131/11 1671/132/12
f 1680/133/12 1777/134/30 1782/135/11 1675/136/12
f 1684/137/12 1772/138/27 1778/139/28 1679/140/12
f 1688/141/12 1767/142/11 1773/143/29 1683/144/12
f 1692/145/12 1763/146/11 1768/147/11 1687/148/12
f 1696/149/12 1759/150/30 1764/151/11 1691/152/12
f 1700/153/12 1754/154/27 1760/155/28 1695/156/12
f 1704/157/12 1749/158/11 1755/159/29 1699/160/12
f 1708/161/12 1745/162/11 1750/163/11 1703/164/12
f 1712/165/12 1741/166/30 1746/167/11 1707/168/12
f 1716/169/12 1736/170/27 1742/171/28 1711/172/12
f 1720/173/12 1731/174/11 1737/175/29 1715/176/12
f 1723/177/12 1727/178/11 1732/179/11 1719/180/12
f 1815/181/31 1819/182/32 1638/183/20 1633/184/33
f 1733/185/34 1730/186/1 1931/187/35 1926/188/36
f 1738/189/37 1735/190/38 2128/191/79 2143/189/40
s 0
f 1840/192/41 1846/192/41 1824/192/41
s 1
f 1919/193/42 1739/194/43 2147/195/44 2134/193/45
f 1930/196/46 1920/197/47 2133/198/48 2119/199/49
f 1751/200/34 1748/201/1 1909/202/35 1904/203/50
f 1756/204/37 1753/205/38 2013/206/10 2016/207/51
s 0
f 1899/192/52 1954/192/52 1956/192/52
s 1
f 1897/208/53 1757/209/43 2018/209/14 2055/210/54
f 1908/211/55 1898/212/56 2057/213/57 2059/214/58
f 1769/215/34 1766/216/1 1887/217/35 1882/218/50
f 1774/219/37 1771/220/38 2019/221/10 2022/222/51
s 0
f 1900/192/148 1899/192/148 1956/192/148
s 1
f 2064/223/60 2069/224/61 2107/225/62 2105/223/63
f 1875/226/53 1775/227/43 2024/228/14 2049/229/54
f 1886/230/55 1876/231/56 2051/232/57 2053/233/58
f 1787/234/34 1784/235/1 1865/236/35 1860/237/50
f 1792/238/37 1789/239/38 2025/240/10 2028/241/51
s 0
f 1948/192/59 1922/192/59 1921/192/59
s 1
f 1853/242/53 1793/243/43 2030/244/14 2043/245/54
f 1864/246/55 1854/247/56 2045/248/57 2047/249/58
f 1805/250/34 1802/251/1 1843/252/35 1838/253/50
f 1813/254/37 1807/255/38 2031/256/10 2034/257/51
s 0
f 1878/192/59 1877/192/59 1964/192/59
s 1
f 1783/258/1 1780/259/1 1870/260/25 1866/261/26
f 1649/262/22 1646/263/22 1980/264/23 1978/265/23
f 1842/266/55 1832/267/56 2039/267/57 2041/266/58
f 1648/268/12 1811/269/30 1644/270/51 1639/271/64
f 1645/272/22 1641/273/65 1826/274/66 1979/275/23
f 2083/276/149 2085/190/68 2005/191/11 2009/189/11
f 2006/277/11 2084/278/69 2098/279/9 2090/280/10
f 2023/281/5 2021/282/2 2054/283/70 2050/284/71
f 2029/285/5 2027/286/2 2048/287/70 2044/288/71
f 2035/289/5 2033/290/2 2042/291/70 2038/292/71
s 0
f 1868/192/59 1867/192/59 1968/192/59
s 1
f 1752/293/17 1903/294/18 2058/295/19 2014/296/20
f 2011/194/1 2061/297/72 2104/193/73 2101/195/5
f 1801/298/1 1798/299/1 1848/300/25 1844/301/26
f 2074/302/74 2066/303/60 2094/304/75 2095/302/76
s 0
f 1845/192/52 1974/192/52 1976/192/52
s 1
f 1797/305/1 1794/306/6 1858/307/7 1849/308/4
f 1770/309/17 1881/310/18 2052/311/19 2020/309/20
f 1765/312/1 1762/313/1 1892/314/25 1888/315/26
s 0
f 1846/192/41 1976/192/41 1824/192/41
s 1
f 1761/316/1 1758/317/6 1902/318/7 1893/319/4
s 0
f 1978/192/41 1824/192/41 1976/192/41
s 1
f 1788/320/17 1859/321/18 2046/322/19 2026/323/20
f 1831/324/53 1814/325/43 2036/326/14 2037/327/54
f 2010/328/1 2008/329/1 2068/330/72 2062/331/72
f 2142/332/77 2149/333/43 2081/334/44 2072/297/78
f 2148/189/37 2123/191/38 2086/191/79 2082/335/80
f 2073/336/81 2080/337/82 2112/195/65 2108/338/83
f 2117/339/84 2138/340/85 2071/340/86 2077/341/87
f 2100/342/33 2096/343/88 2093/344/89 2091/342/20
f 2127/345/17 2113/346/90 2076/347/91 2087/342/92
f 2065/348/72 2007/349/1 2089/342/2 2092/347/93
f 2078/350/94 2070/351/95 2063/352/60 2067/199/60
f 2109/193/96 2111/195/13 2102/195/14 2106/193/97
f 2088/353/98 2075/354/99 2097/347/100 2099/342/21
f 2017/355/5 2015/356/2 2060/357/70 2056/358/71
f 2079/359/101 2012/359/11 2103/360/51 2110/359/64
f 2130/345/98 2122/343/102 2158/361/100 2163/342/21
f 1747/362/1 1744/363/1 1914/364/25 1910/365/26
f 2150/334/6 2141/366/103 2170/297/73 2175/195/5
s 0
f 1946/192/41 1818/192/41 1944/192/41
s 1
f 2114/367/104 2126/353/34 2161/342/2 2154/347/93
f 1743/368/1 1740/369/6 1924/370/105 1915/371/4
f 2125/372/29 2131/278/69 2162/280/9 2159/372/10
f 1734/342/17 1925/343/106 2118/343/107 2129/345/92
f 2140/224/108 2136/373/109 2165/224/62 2168/224/63
f 2164/374/33 2157/361/88 2155/375/89 2160/376/20
f 2121/377/110 2115/302/111 2153/304/75 2156/302/76
f 2120/339/112 2137/197/113 2139/352/114 2116/378/115
f 2144/189/67 2132/191/68 2124/379/27 2152/276/28
f 2167/380/96 2172/194/13 2176/195/14 2169/297/97
f 2145/381/101 2151/382/30 2174/359/51 2171/359/64
f 2135/383/116 2146/195/82 2173/195/65 2166/384/83
f 1633/184/33 1634/385/9 1635/386/21
f 1636/2/2 1637/387/10 1638/388/20
f 1639/271/64 1640/389/13 1641/390/65
f 1642/5/5 1643/391/14 1644/392/51
f 1645/272/22 1646/393/22 1647/394/12 1648/395/12
f 1649/262/22 1650/396/22 1651/397/12 1652/398/12
f 1653/101/22 1654/399/22 1655/400/12 1656/401/12
f 1657/97/22 1658/402/22 1659/403/12 1660/404/12
f 1661/93/22 1662/405/22 1663/406/12 1664/407/12
f 1665/89/22 1666/408/22 1667/409/12 1668/410/12
f 1669/85/22 1670/411/22 1671/412/12 1672/413/12
f 1673/81/22 1674/414/22 1675/415/12 1676/416/12
f 1677/77/22 1678/417/22 1679/418/12 1680/419/12
f 1681/73/22 1682/420/22 1683/421/12 1684/422/12
f 1685/69/22 1686/423/22 1687/424/12 1688/425/12
f 1689/65/22 1690/426/22 1691/427/12 1692/428/12
f 1693/61/22 1694/429/22 1695/430/12 1696/431/12
f 1697/57/22 1698/432/22 1699/433/12 1700/434/12
f 1701/53/22 1702/435/22 1703/436/12 1704/437/12
f 1705/49/22 1706/438/22 1707/439/12 1708/440/12
f 1709/45/22 1710/441/22 1711/442/12 1712/443/12
f 1713/41/22 1714/444/22 1715/445/12 1716/446/12
f 1717/37/22 1718/447/22 1719/448/12 1720/449/12
f 1721/26/22 1722/450/12 1723/451/12 1724/452/22
f 1725/1/1 1726/453/1 1727/454/11 1728/455/11
f 1729/29/1 1730/456/1 1731/457/11 1732/458/11
f 1733/185/34 1734/342/17 1735/459/38 1736/459/27 1737/460/29
f 1738/189/37 1739/359/43 1740/359/6 1741/359/30 1742/189/28
f 1743/368/1 1744/461/1 1745/462/11 1746/463/11
f 1747/362/1 1748/464/1 1749/465/11 1750/466/11
f 1751/200/34 1752/296/17 1753/467/38 1754/468/27 1755/469/29
f 1756/204/37 1757/470/43 1758/470/6 1759/470/30 1760/471/28
f 1761/316/1 1762/472/1 1763/473/11 1764/474/11
f 1765/312/1 1766/475/1 1767/476/11 1768/477/11
f 1769/215/34 1770/478/17 1771/479/38 1772/479/27 1773/480/29
f 1774/219/37 1775/481/43 1776/481/6 1777/481/30 1778/219/28
f 1779/21/1 1780/482/1 1781/483/11 1782/484/11
f 1783/258/1 1784/485/1 1785/486/11 1786/487/11
f 1787/234/34 1788/320/17 1789/488/38 1790/489/27 1791/490/29
f 1792/238/37 1793/491/43 1794/491/6 1795/491/30 1796/492/28
f 1797/305/1 1798/493/1 1799/494/11 1800/495/11
f 1801/298/1 1802/496/1 1803/497/11 1804/498/11
f 1805/250/34 1806/499/17 1807/500/38 1808/500/27 1809/501/29
f 1810/6/6 1811/502/30 1812/503/28 1813/503/37 1814/326/43
f 1819/182/32 1820/504/117 1821/505/3 1822/506/3
f 1827/15/15 1828/8/8 1829/507/8 1830/508/118
f 1831/324/53 1832/267/56 1833/509/119 1834/510/120 1835/511/121 1836/7/7
f 1837/18/18 1838/253/50 1839/512/122 1840/513/123 1841/266/124 1842/266/55
f 1843/252/35 1844/301/26 1845/514/125 1846/515/126 1847/516/127
f 1848/300/25 1849/308/4 1850/517/128 1851/518/129 1852/519/130
f 1853/242/53 1854/247/56 1855/248/119 1856/520/120 1857/521/121 1858/307/7
f 1859/321/18 1860/237/50 1861/522/122 1862/523/123 1863/524/124 1864/246/55
f 1865/236/35 1866/261/26 1867/525/125 1868/526/126 1869/527/127
f 1870/260/25 1871/24/4 1872/528/128 1873/529/129 1874/530/130
f 1875/226/53 1876/231/56 1877/531/119 1878/532/120 1879/533/121 1880/23/7
f 1881/310/18 1882/218/50 1883/534/122 1884/535/123 1885/536/124 1886/230/55
f 1887/217/35 1888/315/26 1889/537/125 1890/538/126 1891/539/127
f 1892/314/25 1893/319/4 1894/540/128 1895/541/129 1896/542/130
f 1897/208/53 1898/212/56 1899/543/119 1900/544/120 1901/545/121 1902/318/7
f 1903/294/18 1904/203/50 1905/546/122 1906/547/123 1907/548/124 1908/211/55
f 1909/202/35 1910/365/26 1911/549/125 1912/550/126 1913/551/127
f 1914/364/25 1915/371/4 1916/552/128 1917/553/129 1918/554/130
f 1919/193/42 1920/197/47 1921/555/150 1922/556/132 1923/557/133 1924/370/105
f 1925/343/106 1926/188/36 1927/558/134 1928/559/135 1929/560/151 1930/196/46
f 1931/187/35 1932/32/26 1933/561/125 1934/562/126 1935/563/127
f 1936/4/4 1937/564/128 1938/565/129 1939/566/130 1940/31/25
f 2005/191/11 2006/278/11 2007/278/1 2008/191/1
f 2009/189/11 2010/567/1 2011/359/1 2012/359/11
f 2013/206/10 2014/568/20 2015/206/2
f 2016/207/51 2017/471/5 2018/470/14
f 2019/221/10 2020/569/20 2021/221/2
f 2022/222/51 2023/222/5 2024/570/14
f 2025/240/10 2026/571/20 2027/239/2
f 2028/241/51 2029/572/5 2030/573/14
f 2031/256/10 2032/574/20 2033/575/2
f 2034/257/51 2035/257/5 2036/576/14
f 2037/327/54 2038/292/71 2039/267/57
f 2040/19/19 2041/266/58 2042/291/70
f 2043/245/54 2044/288/71 2045/248/57
f 2046/322/19 2047/249/58 2048/287/70
f 2049/229/54 2050/284/71 2051/232/57
f 2052/311/19 2053/233/58 2054/283/70
f 2055/210/54 2056/358/71 2057/213/57
f 2058/295/19 2059/214/58 2060/357/70
f 2061/297/72 2062/331/72 2063/352/60 2064/223/60
f 2065/348/72 2066/303/60 2067/199/60 2068/330/72
f 2069/224/61 2070/351/95 2071/340/86 2072/297/78 2073/336/81
f 2074/302/74 2075/354/99 2076/347/91 2077/341/87 2078/350/94
f 2079/359/101 2080/359/82 2081/359/44 2082/359/80 2083/359/149
f 2084/278/69 2085/278/68 2086/278/79 2087/278/92 2088/278/98
f 2089/342/2 2090/459/10 2091/345/20
f 2092/347/93 2093/344/89 2094/304/75
f 2095/302/76 2096/343/88 2097/347/100
f 2098/279/9 2099/278/21 2100/278/33
f 2101/195/5 2102/195/14 2103/577/51
f 2104/193/73 2105/223/63 2106/193/97
f 2107/225/62 2108/338/83 2109/193/96
f 2110/359/64 2111/359/13 2112/578/65
f 2113/346/90 2114/367/104 2115/302/111 2116/378/115 2117/339/84
f 2118/343/107 2119/199/49 2120/339/112 2121/377/110 2122/343/102
f 2123/191/38 2124/191/27 2125/278/29 2126/278/34 2127/279/17
f 2128/191/79 2129/278/92 2130/278/98 2131/278/69 2132/191/68
f 2133/198/48 2134/193/45 2135/383/116 2136/373/109 2137/197/113
f 2138/340/85 2139/352/114 2140/224/108 2141/366/103 2142/332/77
f 2143/189/40 2144/567/67 2145/359/101 2146/359/82 2147/359/44
f 2148/189/37 2149/359/43 2150/359/6 2151/359/30 2152/189/28
f 2153/304/75 2154/347/93 2155/375/89
f 2156/302/76 2157/361/88 2158/361/100
f 2159/372/10 2160/278/20 2161/278/2
f 2162/280/9 2163/278/21 2164/372/33
f 2165/224/62 2166/384/83 2167/380/96
f 2168/224/63 2169/297/97 2170/297/73
f 2171/359/64 2172/359/13 2173/360/65
f 2174/359/51 2175/359/5 2176/578/14
f 1822/3/3 1636/2/2 1638/388/20 1819/579/32
f 1637/10/10 1634/9/9 1633/184/33 1638/183/20
f 1721/26/22 1635/25/21 1634/580/9 1722/450/12
f 1810/6/6 1642/5/5 1644/392/51 1811/502/30
f 1643/14/14 1640/13/13 1639/271/64 1644/270/51
f 1826/274/66 1641/273/65 1640/13/13 1823/16/16
f 1641/273/65 1645/272/22 1648/395/12 1639/581/64
f 1646/263/22 1649/262/22 1652/398/12 1647/582/12
f 1650/102/22 1653/101/22 1656/401/12 1651/583/12
f 1654/98/22 1657/97/22 1660/404/12 1655/584/12
f 1658/94/22 1661/93/22 1664/407/12 1659/585/12
f 1662/90/22 1665/89/22 1668/410/12 1663/586/12
f 1666/86/22 1669/85/22 1672/413/12 1667/587/12
f 1670/82/22 1673/81/22 1676/416/12 1671/588/12
f 1674/78/22 1677/77/22 1680/419/12 1675/589/12
f 1678/74/22 1681/73/22 1684/422/12 1679/590/12
f 1682/70/22 1685/69/22 1688/425/12 1683/591/12
f 1686/66/22 1689/65/22 1692/428/12 1687/592/12
f 1690/62/22 1693/61/22 1696/431/12 1691/593/12
f 1694/58/22 1697/57/22 1700/434/12 1695/594/12
f 1698/54/22 1701/53/22 1704/437/12 1699/595/12
f 1702/50/22 1705/49/22 1708/440/12 1703/596/12
f 1706/46/22 1709/45/22 1712/443/12 1707/597/12
f 1710/42/22 1713/41/22 1716/446/12 1711/598/12
f 1714/38/22 1717/37/22 1720/449/12 1715/599/12
f 1718/34/22 1724/33/22 1723/600/12 1719/601/12
f 1636/2/2 1725/1/1 1728/455/11 1637/387/10
f 1726/30/1 1729/29/1 1732/458/11 1727/602/11
f 1730/186/1 1733/185/34 1737/460/29 1731/603/11
f 1735/190/38 1738/189/37 1742/171/28 1736/170/27
f 1740/369/6 1743/368/1 1746/463/11 1741/604/30
f 1744/363/1 1747/362/1 1750/466/11 1745/605/11
f 1748/201/1 1751/200/34 1755/469/29 1749/606/11
f 1753/205/38 1756/204/37 1760/155/28 1754/154/27
f 1758/317/6 1761/316/1 1764/474/11 1759/607/30
f 1762/313/1 1765/312/1 1768/477/11 1763/608/11
f 1766/216/1 1769/215/34 1773/480/29 1767/609/11
f 1771/220/38 1774/219/37 1778/139/28 1772/138/27
f 1776/22/6 1779/21/1 1782/484/11 1777/610/30
f 1780/259/1 1783/258/1 1786/487/11 1781/611/11
f 1784/235/1 1787/234/34 1791/490/29 1785/612/11
f 1789/239/38 1792/238/37 1796/123/28 1790/122/27
f 1794/306/6 1797/305/1 1800/495/11 1795/613/30
f 1798/299/1 1801/298/1 1804/498/11 1799/614/11
f 1802/251/1 1805/250/34 1809/501/29 1803/615/11
f 1807/255/38 1813/254/37 1812/107/28 1808/106/27
f 1727/178/11 1723/177/12 1722/12/12 1728/11/11
f 1731/174/11 1720/173/12 1719/180/12 1732/179/11
f 1736/170/27 1716/169/12 1715/176/12 1737/175/29
f 1741/166/30 1712/165/12 1711/172/12 1742/171/28
f 1745/162/11 1708/161/12 1707/168/12 1746/167/11
f 1749/158/11 1704/157/12 1703/164/12 1750/163/11
f 1754/154/27 1700/153/12 1699/160/12 1755/159/29
f 1759/150/30 1696/149/12 1695/156/12 1760/155/28
f 1763/146/11 1692/145/12 1691/152/12 1764/151/11
f 1767/142/11 1688/141/12 1687/148/12 1768/147/11
f 1772/138/27 1684/137/12 1683/144/12 1773/143/29
f 1777/134/30 1680/133/12 1679/140/12 1778/139/28
f 1781/130/11 1676/129/12 1675/136/12 1782/135/11
f 1785/126/11 1672/125/12 1671/132/12 1786/131/11
f 1790/122/27 1668/121/12 1667/128/12 1791/127/29
f 1795/118/30 1664/117/12 1663/124/12 1796/123/28
f 1799/114/11 1660/113/12 1659/120/12 1800/119/11
f 1803/110/11 1656/109/12 1655/116/12 1804/115/11
f 1808/106/27 1652/105/12 1651/112/12 1809/111/29
f 1811/269/30 1648/268/12 1647/108/12 1812/107/28
f 1635/25/21 1816/28/24 1815/616/31 1633/617/33
f 1642/5/5 1828/8/8 1827/15/15 1643/14/14
f 1814/325/43 1831/324/53 1836/7/7 1810/6/6
f 1805/250/34 1838/253/50 1837/18/18 1806/17/17
f 1801/298/1 1844/301/26 1843/252/35 1802/251/1
f 1797/305/1 1849/308/4 1848/300/25 1798/299/1
f 1793/243/43 1853/242/53 1858/307/7 1794/306/6
f 1787/234/34 1860/237/50 1859/321/18 1788/320/17
f 1783/258/1 1866/261/26 1865/236/35 1784/235/1
f 1779/21/1 1871/24/4 1870/260/25 1780/259/1
f 1775/227/43 1875/226/53 1880/23/7 1776/22/6
f 1769/215/34 1882/218/50 1881/310/18 1770/309/17
f 1765/312/1 1888/315/26 1887/217/35 1766/216/1
f 1761/316/1 1893/319/4 1892/314/25 1762/313/1
f 1757/209/43 1897/208/53 1902/318/7 1758/317/6
f 1751/200/34 1904/203/50 1903/294/18 1752/293/17
f 1747/362/1 1910/365/26 1909/202/35 1748/201/1
f 1743/368/1 1915/371/4 1914/364/25 1744/363/1
f 1739/194/43 1919/193/42 1924/370/105 1740/369/6
f 1733/185/34 1926/188/36 1925/343/106 1734/342/17
f 1729/29/1 1932/32/26 1931/187/35 1730/186/1
f 1725/1/1 1936/4/4 1940/31/25 1726/30/1
f 1724/33/22 1942/36/23 1941/27/23 1721/26/22
f 1717/37/22 1943/40/23 1944/35/23 1718/34/22
f 1713/41/22 1946/44/23 1945/39/23 1714/38/22
f 1709/45/22 1947/48/23 1948/43/23 1710/42/22
f 1705/49/22 1950/52/23 1949/47/23 1706/46/22
f 1701/53/22 1951/56/23 1952/51/23 1702/50/22
f 1697/57/22 1954/60/23 1953/55/23 1698/54/22
f 1693/61/22 1955/64/23 1956/59/23 1694/58/22
f 1689/65/22 1958/68/23 1957/63/23 1690/62/22
f 1685/69/22 1959/72/23 1960/67/23 1686/66/22
f 1681/73/22 1962/76/23 1961/71/23 1682/70/22
f 1677/77/22 1963/80/23 1964/75/23 1678/74/22
f 1673/81/22 1966/84/23 1965/79/23 1674/78/22
f 1669/85/22 1967/88/23 1968/83/23 1670/82/22
f 1665/89/22 1970/92/23 1969/87/23 1666/86/22
f 1661/93/22 1971/96/23 1972/91/23 1662/90/22
f 1657/97/22 1974/100/23 1973/95/23 1658/94/22
f 1653/101/22 1975/104/23 1976/99/23 1654/98/22
f 1649/262/22 1978/265/23 1977/103/23 1650/102/22
f 1645/272/22 1979/275/23 1980/264/23 1646/263/22
f 1978/618/23 1976/619/23 1975/104/23 1977/103/23
f 1974/620/23 1972/621/23 1971/96/23 1973/95/23
f 1970/622/23 1968/623/23 1967/88/23 1969/87/23
f 1966/624/23 1964/625/23 1963/80/23 1965/79/23
f 1962/626/23 1960/627/23 1959/72/23 1961/71/23
f 1958/628/23 1956/629/23 1955/64/23 1957/63/23
f 1954/630/23 1952/631/23 1951/56/23 1953/55/23
f 1950/632/23 1948/633/23 1947/48/23 1949/47/23
f 1946/634/23 1944/635/23 1943/40/23 1945/39/23
f 1942/636/23 1817/637/23 1816/28/24 1941/27/23
f 1939/566/130 1933/561/125 1932/32/26 1940/31/25
f 1935/563/127 1927/558/134 1926/188/36 1931/187/35
f 1929/560/151 1921/555/150 1920/197/47 1930/196/46
f 1923/557/133 1916/552/128 1915/371/4 1924/370/105
f 1918/554/130 1911/549/125 1910/365/26 1914/364/25
f 1913/551/127 1905/546/122 1904/203/50 1909/202/35
f 1907/548/124 1899/543/119 1898/212/56 1908/211/55
f 1901/545/121 1894/540/128 1893/319/4 1902/318/7
f 1896/542/130 1889/537/125 1888/315/26 1892/314/25
f 1891/539/127 1883/534/122 1882/218/50 1887/217/35
f 1885/536/124 1877/531/119 1876/231/56 1886/230/55
f 1879/533/121 1872/528/128 1871/24/4 1880/23/7
f 1874/530/130 1867/525/125 1866/261/26 1870/260/25
f 1869/527/127 1861/522/122 1860/237/50 1865/236/35
f 1863/524/124 1855/248/119 1854/247/56 1864/246/55
f 1857/521/121 1850/517/128 1849/308/4 1858/307/7
f 1852/519/130 1845/514/125 1844/301/26 1848/300/25
f 1847/516/127 1839/512/122 1838/253/50 1843/252/35
f 1841/266/124 1833/509/119 1832/267/56 1842/266/55
f 1835/511/121 1829/507/8 1828/8/8 1836/7/7
f 1821/638/3 1937/564/128 1936/4/4 1822/3/3
f 1825/639/23 1980/640/23 1979/275/23 1826/274/66
s 0
f 1824/192/41 1978/192/41 1980/192/41
f 1824/192/41 1980/192/41 1825/192/41
f 1830/192/137 1824/192/137 1827/192/137
f 1824/192/137 1823/192/137 1827/192/137
f 1823/192/138 1824/192/138 1825/192/138
f 1823/192/138 1825/192/138 1826/192/138
f 1942/192/41 1818/192/41 1817/192/41
s 1
f 2008/329/1 2010/328/1 2009/641/11 2005/642/11
f 2015/356/2 2017/355/5 2016/643/51 2013/644/10
f 2021/282/2 2023/281/5 2022/645/51 2019/646/10
f 2027/286/2 2029/285/5 2028/647/51 2025/648/10
f 2033/290/2 2035/289/5 2034/649/51 2031/650/10
f 2035/289/5 2038/292/71 2037/327/54 2036/326/14
f 2032/20/20 2040/19/19 2042/291/70 2033/290/2
f 2029/285/5 2044/288/71 2043/245/54 2030/244/14
f 2026/323/20 2046/322/19 2048/287/70 2027/286/2
f 2023/281/5 2050/284/71 2049/229/54 2024/228/14
f 2020/309/20 2052/311/19 2054/283/70 2021/282/2
f 2017/355/5 2056/358/71 2055/210/54 2018/209/14
f 2014/296/20 2058/295/19 2060/357/70 2015/356/2
f 2010/328/1 2062/331/72 2061/297/72 2011/194/1
f 2007/349/1 2065/348/72 2068/330/72 2008/329/1
f 2067/199/60 2063/352/60 2062/331/72 2068/330/72
f 2059/214/58 2057/213/57 2056/358/71 2060/357/70
f 2053/233/58 2051/232/57 2050/284/71 2054/283/70
f 2047/249/58 2045/248/57 2044/288/71 2048/287/70
f 2041/266/58 2039/267/57 2038/292/71 2042/291/70
f 1774/219/37 2022/222/51 2024/570/14 1775/481/43
f 2051/232/57 1876/231/56 1875/226/53 2049/229/54
f 2069/224/61 2064/223/60 2063/352/60 2070/351/95
f 2118/343/107 1925/343/106 1930/196/46 2119/199/49
f 1886/230/55 2053/233/58 2052/311/19 1881/310/18
f 2019/221/10 1771/220/38 1770/569/17 2020/569/20
f 1806/17/17 2032/20/20 2031/651/10 1807/500/38
f 2036/326/14 1814/325/43 1813/652/37 2034/503/51
f 2083/276/149 2009/189/11 2012/359/11 2079/359/101
f 1752/293/17 2014/296/20 2013/467/10 1753/467/38
f 2018/209/14 1757/209/43 1756/653/37 2016/653/51
f 2128/191/79 1735/190/38 1734/278/17 2129/278/92
f 1792/238/37 2028/241/51 2030/573/14 1793/491/43
f 2045/248/57 1854/247/56 1853/242/53 2043/245/54
f 1831/324/53 2037/327/54 2039/267/57 1832/267/56
f 2040/19/19 1837/18/18 1842/266/55 2041/266/58
f 1864/246/55 2047/249/58 2046/322/19 1859/321/18
f 2025/240/10 1789/239/38 1788/571/17 2026/571/20
f 2057/213/57 1898/212/56 1897/208/53 2055/210/54
f 2058/295/19 1903/294/18 1908/211/55 2059/214/58
f 2142/332/77 2072/297/78 2071/340/86 2138/340/85
f 2066/303/60 2074/302/74 2078/350/94 2067/199/60
f 2148/189/37 2082/335/80 2081/359/44 2149/359/43
f 2005/191/11 2085/190/68 2084/278/69 2006/277/11
f 2085/190/68 2083/276/149 2082/335/80 2086/191/79
f 2075/354/99 2088/353/98 2087/342/92 2076/347/91
f 2070/351/95 2078/350/94 2077/341/87 2071/340/86
f 2080/337/82 2073/336/81 2072/297/78 2081/334/44
f 2091/342/20 2093/344/89 2092/347/93 2089/342/2
f 2093/344/89 2096/343/88 2095/302/76 2094/304/75
f 2090/280/10 2098/279/9 2100/278/33 2091/278/20
f 2096/343/88 2100/342/33 2099/342/21 2097/347/100
f 2006/277/11 2090/280/10 2089/278/2 2007/278/1
f 2094/304/75 2066/303/60 2065/348/72 2092/347/93
f 2074/302/74 2095/302/76 2097/347/100 2075/354/99
f 2098/279/9 2084/278/69 2088/278/98 2099/278/21
f 2101/195/5 2104/193/73 2106/193/97 2102/195/14
f 2109/193/96 2106/193/97 2105/223/63 2107/225/62
f 2110/359/64 2103/360/51 2102/359/14 2111/359/13
f 2111/195/13 2109/193/96 2108/338/83 2112/195/65
f 2073/336/81 2108/338/83 2107/225/62 2069/224/61
f 2104/193/73 2061/297/72 2064/223/60 2105/223/63
f 2079/359/101 2110/359/64 2112/578/65 2080/359/82
f 2011/194/1 2101/195/5 2103/577/51 2012/577/11
f 2076/347/91 2113/346/90 2117/339/84 2077/341/87
f 2115/302/111 2121/377/110 2120/339/112 2116/378/115
f 2086/191/79 2123/191/38 2127/279/17 2087/278/92
f 2124/379/27 2132/191/68 2131/278/69 2125/372/29
f 1919/193/42 2134/193/45 2133/198/48 1920/197/47
f 2136/373/109 2140/224/108 2139/352/114 2137/197/113
f 1738/189/37 2143/189/40 2147/359/44 1739/359/43
f 2144/189/67 2152/276/28 2151/382/30 2145/381/101
f 2146/195/82 2135/383/116 2134/193/45 2147/195/44
f 2149/333/43 2142/332/77 2141/366/103 2150/334/6
f 2137/197/113 2120/339/112 2119/199/49 2133/198/48
f 2138/340/85 2117/339/84 2116/378/115 2139/352/114
f 2122/343/102 2130/345/98 2129/345/92 2118/343/107
f 2113/346/90 2127/345/17 2126/353/34 2114/367/104
f 2132/191/68 2144/189/67 2143/189/40 2128/191/79
f 2123/191/38 2148/189/37 2152/276/28 2124/379/27
f 2155/375/89 2157/361/88 2156/302/76 2153/304/75
f 2159/372/10 2162/280/9 2164/372/33 2160/278/20
f 2157/361/88 2164/374/33 2163/342/21 2158/361/100
f 2154/347/93 2161/342/2 2160/376/20 2155/375/89
f 2121/377/110 2156/302/76 2158/361/100 2122/343/102
f 2162/280/9 2131/278/69 2130/278/98 2163/278/21
f 2114/367/104 2154/347/93 2153/304/75 2115/302/111
f 2125/372/29 2159/372/10 2161/278/2 2126/278/34
f 2167/380/96 2169/297/97 2168/224/63 2165/224/62
f 2171/359/64 2174/359/51 2176/578/14 2172/359/13
f 2172/194/13 2167/380/96 2166/384/83 2173/195/65
f 2175/195/5 2170/297/73 2169/297/97 2176/195/14
f 2145/381/101 2171/359/64 2173/360/65 2146/359/82
f 2165/224/62 2136/373/109 2135/383/116 2166/384/83
f 2140/224/108 2168/224/63 2170/297/73 2141/366/103
f 2174/359/51 2151/382/30 2150/360/6 2175/359/5
s 0
f 1819/192/139 1815/192/139 1818/192/139
f 1819/192/139 1818/192/139 1820/192/139
f 1815/192/140 1816/192/140 1817/192/140
f 1815/192/140 1817/192/140 1818/192/140
f 1818/192/141 1934/192/141 1933/192/141
f 1900/192/41 1956/192/41 1958/192/41
f 1895/192/41 1900/192/41 1958/192/41
f 1884/192/41 1960/192/41 1962/192/41
f 1862/192/41 1968/192/41 1970/192/41
f 1964/192/41 1873/192/41 1878/192/41
f 1950/192/52 1952/192/52 1911/192/52
f 1877/192/52 1962/192/52 1964/192/52
f 1867/192/52 1966/192/52 1968/192/52
f 1830/192/41 1834/192/41 1824/192/41
f 1873/192/41 1964/192/41 1966/192/41
f 1829/192/41 1834/192/41 1830/192/41
f 1960/192/148 1890/192/148 1889/192/148
f 1829/192/41 1835/192/41 1834/192/41
f 1840/192/142 1824/192/142 1833/192/142
f 1952/192/41 1906/192/41 1912/192/41
f 1833/192/143 1841/192/143 1840/192/143
f 1839/192/41 1846/192/41 1840/192/41
f 1972/192/147 1856/192/147 1855/192/147
f 1839/192/41 1847/192/41 1846/192/41
f 1950/192/52 1911/192/52 1918/192/52
f 1946/192/52 1921/192/52 1929/192/52
f 1851/192/144 1974/192/144 1852/192/144
f 1850/192/41 1856/192/41 1851/192/41
f 1960/192/41 1884/192/41 1890/192/41
f 1850/192/41 1857/192/41 1856/192/41
f 1974/192/52 1845/192/52 1852/192/52
f 1862/192/144 1970/192/144 1863/192/144
f 1861/192/41 1868/192/41 1862/192/41
f 1968/192/41 1862/192/41 1868/192/41
f 1861/192/41 1869/192/41 1868/192/41
f 1962/192/52 1877/192/52 1885/192/52
f 1818/192/41 1942/192/41 1944/192/41
f 1873/192/144 1966/192/144 1874/192/144
f 1872/192/41 1878/192/41 1873/192/41
f 1906/192/41 1952/192/41 1954/192/41
f 1872/192/41 1879/192/41 1878/192/41
f 1954/192/52 1899/192/52 1907/192/52
f 1970/192/52 1972/192/52 1855/192/52
f 1884/192/144 1962/192/144 1885/192/144
f 1883/192/41 1890/192/41 1884/192/41
f 1917/192/41 1948/192/41 1950/192/41
f 1883/192/41 1891/192/41 1890/192/41
f 1966/192/52 1867/192/52 1874/192/52
f 1851/192/41 1972/192/41 1974/192/41
f 1895/192/144 1958/192/144 1896/192/144
f 1894/192/41 1900/192/41 1895/192/41
f 1972/192/41 1851/192/41 1856/192/41
f 1894/192/41 1901/192/41 1900/192/41
f 1952/192/59 1912/192/59 1911/192/59
f 1970/192/52 1855/192/52 1863/192/52
f 1906/192/144 1954/192/144 1907/192/144
f 1905/192/41 1912/192/41 1906/192/41
f 1824/192/145 1834/192/145 1833/192/145
f 1905/192/41 1913/192/41 1912/192/41
f 1958/192/52 1960/192/52 1896/192/52
f 1818/192/41 1946/192/41 1928/192/41
f 1917/192/144 1950/192/144 1918/192/144
f 1916/192/41 1922/192/41 1917/192/41
f 1818/192/41 1928/192/41 1934/192/41
f 1916/192/41 1923/192/41 1922/192/41
f 1846/192/148 1845/192/148 1976/192/148
f 1946/192/52 1948/192/52 1921/192/52
f 1928/192/144 1946/192/144 1929/192/144
f 1927/192/41 1934/192/41 1928/192/41
f 1960/192/52 1889/192/52 1896/192/52
f 1927/192/41 1935/192/41 1934/192/41
f 1938/192/152 1818/192/152 1933/192/152
f 1820/192/41 1818/192/41 1938/192/41
f 1933/192/143 1939/192/143 1938/192/143
f 1937/192/41 1820/192/41 1938/192/41
f 1937/192/41 1821/192/41 1820/192/41
f 1948/192/41 1917/192/41 1922/192/41
s 1
f 2269/1/1 2180/2/2 2366/3/3 2480/4/4
f 2186/5/5 2354/6/6 2380/7/7 2372/8/8
f 2178/9/9 2181/10/10 2272/11/11 2266/12/12
f 2184/13/13 2187/14/14 2371/15/15 2367/16/16
f 2350/17/17 2381/18/18 2584/19/19 2576/20/20
f 2323/21/1 2320/22/6 2424/23/7 2415/24/4
f 2179/25/21 2265/26/22 2485/27/23 2360/28/24
f 2273/29/1 2270/30/1 2484/31/25 2476/32/26
f 2268/33/22 2262/34/22 2488/35/23 2486/36/23
f 2261/37/22 2258/38/22 2489/39/23 2487/40/23
f 2257/41/22 2254/42/22 2492/43/23 2490/44/23
f 2253/45/22 2250/46/22 2493/47/23 2491/48/23
f 2249/49/22 2246/50/22 2496/51/23 2494/52/23
f 2245/53/22 2242/54/22 2497/55/23 2495/56/23
f 2241/57/22 2238/58/22 2500/59/23 2498/60/23
f 2237/61/22 2234/62/22 2501/63/23 2499/64/23
f 2233/65/22 2230/66/22 2504/67/23 2502/68/23
f 2229/69/22 2226/70/22 2505/71/23 2503/72/23
f 2225/73/22 2222/74/22 2508/75/23 2506/76/23
f 2221/77/22 2218/78/22 2509/79/23 2507/80/23
f 2217/81/22 2214/82/22 2512/83/23 2510/84/23
f 2213/85/22 2210/86/22 2513/87/23 2511/88/23
f 2209/89/22 2206/90/22 2516/91/23 2514/92/23
f 2205/93/22 2202/94/22 2517/95/23 2515/96/23
f 2201/97/22 2198/98/22 2520/99/23 2518/100/23
f 2197/101/22 2194/102/22 2521/103/23 2519/104/23
f 2196/105/12 2352/106/27 2356/107/28 2191/108/12
f 2200/109/12 2347/110/11 2353/111/29 2195/112/12
f 2204/113/12 2343/114/11 2348/115/11 2199/116/12
f 2208/117/12 2339/118/30 2344/119/11 2203/120/12
f 2212/121/12 2334/122/27 2340/123/28 2207/124/12
f 2216/125/12 2329/126/11 2335/127/29 2211/128/12
f 2220/129/12 2325/130/11 2330/131/11 2215/132/12
f 2224/133/12 2321/134/30 2326/135/11 2219/136/12
f 2228/137/12 2316/138/27 2322/139/28 2223/140/12
f 2232/141/12 2311/142/11 2317/143/29 2227/144/12
f 2236/145/12 2307/146/11 2312/147/11 2231/148/12
f 2240/149/12 2303/150/30 2308/151/11 2235/152/12
f 2244/153/12 2298/154/27 2304/155/28 2239/156/12
f 2248/157/12 2293/158/11 2299/159/29 2243/160/12
f 2252/161/12 2289/162/11 2294/163/11 2247/164/12
f 2256/165/12 2285/166/30 2290/167/11 2251/168/12
f 2260/169/12 2280/170/27 2286/171/28 2255/172/12
f 2264/173/12 2275/174/11 2281/175/29 2259/176/12
f 2267/177/12 2271/178/11 2276/179/11 2263/180/12
f 2359/181/31 2363/182/32 2182/183/20 2177/184/33
f 2277/185/34 2274/186/1 2475/187/35 2470/188/36
f 2282/189/37 2279/190/38 2672/191/79 2687/189/40
s 0
f 2384/192/41 2390/192/41 2368/192/41
s 1
f 2463/193/42 2283/194/43 2691/195/44 2678/193/45
f 2474/196/46 2464/197/47 2677/198/48 2663/199/49
f 2295/200/34 2292/201/1 2453/202/35 2448/203/50
f 2300/204/37 2297/205/38 2557/206/10 2560/207/51
s 0
f 2443/192/52 2498/192/52 2500/192/52
s 1
f 2441/208/53 2301/209/43 2562/209/14 2599/210/54
f 2452/211/55 2442/212/56 2601/213/57 2603/214/58
f 2313/215/34 2310/216/1 2431/217/35 2426/218/50
f 2318/219/37 2315/220/38 2563/221/10 2566/222/51
s 0
f 2444/192/148 2443/192/148 2500/192/148
s 1
f 2608/223/60 2613/224/61 2651/225/62 2649/223/63
f 2419/226/53 2319/227/43 2568/228/14 2593/229/54
f 2430/230/153 2420/231/154 2595/232/57 2597/233/58
f 2331/234/34 2328/235/1 2409/236/35 2404/237/50
f 2336/238/37 2333/239/38 2569/240/10 2572/241/51
s 0
f 2492/192/59 2466/192/59 2465/192/59
s 1
f 2397/242/53 2337/243/43 2574/244/14 2587/245/54
f 2408/246/55 2398/247/56 2589/248/57 2591/249/58
f 2349/250/34 2346/251/1 2387/252/35 2382/253/50
f 2357/254/37 2351/255/38 2575/256/10 2578/257/51
s 0
f 2422/192/59 2421/192/59 2508/192/59
s 1
f 2327/258/1 2324/259/1 2414/260/25 2410/261/26
f 2193/262/22 2190/263/22 2524/264/23 2522/265/23
f 2386/266/55 2376/267/56 2583/267/57 2585/266/58
f 2192/268/12 2355/269/30 2188/270/51 2183/271/64
f 2189/272/22 2185/273/65 2370/274/66 2523/275/23
f 2627/276/149 2629/190/68 2549/191/11 2553/189/11
f 2550/277/11 2628/278/69 2642/279/9 2634/280/10
f 2567/281/5 2565/282/2 2598/283/70 2594/284/71
f 2573/285/5 2571/286/2 2592/287/70 2588/288/71
f 2579/289/5 2577/290/2 2586/291/70 2582/292/71
s 0
f 2412/192/59 2411/192/59 2512/192/59
s 1
f 2296/293/17 2447/294/18 2602/295/19 2558/296/20
f 2555/194/1 2605/297/72 2648/193/73 2645/195/5
f 2345/298/1 2342/299/1 2392/300/25 2388/301/26
f 2618/302/74 2610/303/60 2638/304/75 2639/302/76
s 0
f 2389/192/52 2518/192/52 2520/192/52
s 1
f 2341/305/1 2338/306/6 2402/307/7 2393/308/4
f 2314/309/17 2425/310/18 2596/311/19 2564/309/20
f 2309/312/1 2306/313/1 2436/314/25 2432/315/26
s 0
f 2390/192/41 2520/192/41 2368/192/41
s 1
f 2305/316/1 2302/317/6 2446/318/7 2437/319/4
s 0
f 2522/192/41 2368/192/41 2520/192/41
s 1
f 2332/320/17 2403/321/18 2590/322/19 2570/323/20
f 2375/324/53 2358/325/43 2580/326/14 2581/327/54
f 2554/328/1 2552/329/1 2612/330/72 2606/331/72
f 2686/332/77 2693/333/43 2625/334/44 2616/297/78
f 2692/189/37 2667/191/38 2630/191/79 2626/335/80
f 2617/336/81 2624/337/82 2656/195/65 2652/338/83
f 2661/339/84 2682/340/85 2615/340/86 2621/341/87
f 2644/342/33 2640/343/88 2637/344/89 2635/342/20
f 2671/345/17 2657/346/90 2620/347/91 2631/342/92
f 2609/348/72 2551/349/1 2633/342/2 2636/347/93
f 2622/350/94 2614/351/95 2607/352/60 2611/199/60
f 2653/193/96 2655/195/13 2646/195/14 2650/193/97
f 2632/353/98 2619/354/99 2641/347/100 2643/342/21
f 2561/355/5 2559/356/2 2604/357/70 2600/358/71
f 2623/359/101 2556/359/11 2647/360/51 2654/359/64
f 2674/345/98 2666/343/102 2702/361/100 2707/342/21
f 2291/362/1 2288/363/1 2458/364/25 2454/365/26
f 2694/334/6 2685/366/103 2714/297/73 2719/195/5
s 0
f 2490/192/41 2362/192/41 2488/192/41
s 1
f 2658/367/104 2670/353/34 2705/342/2 2698/347/93
f 2287/368/1 2284/369/6 2468/370/105 2459/371/4
f 2669/372/29 2675/278/69 2706/280/9 2703/372/10
f 2278/342/17 2469/343/106 2662/343/107 2673/345/92
f 2684/224/108 2680/373/109 2709/224/62 2712/224/63
f 2708/374/33 2701/361/88 2699/375/89 2704/376/20
f 2665/377/110 2659/302/111 2697/304/75 2700/302/76
f 2664/339/112 2681/197/113 2683/352/114 2660/378/115
f 2688/189/67 2676/191/68 2668/379/27 2696/276/28
f 2711/380/96 2716/194/13 2720/195/14 2713/297/97
f 2689/381/101 2695/382/30 2718/359/51 2715/359/64
f 2679/383/116 2690/195/82 2717/195/65 2710/384/83
f 2177/184/33 2178/385/9 2179/386/21
f 2180/2/2 2181/387/10 2182/388/20
f 2183/271/64 2184/389/13 2185/390/65
f 2186/5/5 2187/391/14 2188/392/51
f 2189/272/22 2190/393/22 2191/394/12 2192/395/12
f 2193/262/22 2194/396/22 2195/397/12 2196/398/12
f 2197/101/22 2198/399/22 2199/400/12 2200/401/12
f 2201/97/22 2202/402/22 2203/403/12 2204/404/12
f 2205/93/22 2206/405/22 2207/406/12 2208/407/12
f 2209/89/22 2210/408/22 2211/409/12 2212/410/12
f 2213/85/22 2214/411/22 2215/412/12 2216/413/12
f 2217/81/22 2218/414/22 2219/415/12 2220/416/12
f 2221/77/22 2222/417/22 2223/418/12 2224/419/12
f 2225/73/22 2226/420/22 2227/421/12 2228/422/12
f 2229/69/22 2230/423/22 2231/424/12 2232/425/12
f 2233/65/22 2234/426/22 2235/427/12 2236/428/12
f 2237/61/22 2238/429/22 2239/430/12 2240/431/12
f 2241/57/22 2242/432/22 2243/433/12 2244/434/12
f 2245/53/22 2246/435/22 2247/436/12 2248/437/12
f 2249/49/22 2250/438/22 2251/439/12 2252/440/12
f 2253/45/22 2254/441/22 2255/442/12 2256/443/12
f 2257/41/22 2258/444/22 2259/445/12 2260/446/12
f 2261/37/22 2262/447/22 2263/448/12 2264/449/12
f 2265/26/22 2266/450/12 2267/451/12 2268/452/22
f 2269/1/1 2270/453/1 2271/454/11 2272/455/11
f 2273/29/1 2274/456/1 2275/457/11 2276/458/11
f 2277/185/34 2278/342/17 2279/459/38 2280/459/27 2281/460/29
f 2282/189/37 2283/359/43 2284/359/6 2285/359/30 2286/189/28
f 2287/368/1 2288/461/1 2289/462/11 2290/463/11
f 2291/362/1 2292/464/1 2293/465/11 2294/466/11
f 2295/200/34 2296/296/17 2297/467/38 2298/468/27 2299/469/29
f 2300/204/37 2301/470/43 2302/470/6 2303/470/30 2304/471/28
f 2305/316/1 2306/472/1 2307/473/11 2308/474/11
f 2309/312/1 2310/475/1 2311/476/11 2312/477/11
f 2313/215/34 2314/478/17 2315/479/38 2316/479/27 2317/480/29
f 2318/219/37 2319/481/43 2320/481/6 2321/481/30 2322/219/28
f 2323/21/1 2324/482/1 2325/483/11 2326/484/11
f 2327/258/1 2328/485/1 2329/486/11 2330/487/11
f 2331/234/34 2332/320/17 2333/488/38 2334/489/27 2335/490/29
f 2336/238/37 2337/491/43 2338/491/6 2339/491/30 2340/492/28
f 2341/305/1 2342/493/1 2343/494/11 2344/495/11
f 2345/298/1 2346/496/1 2347/497/11 2348/498/11
f 2349/250/34 2350/499/17 2351/500/38 2352/500/27 2353/501/29
f 2354/6/6 2355/502/30 2356/503/28 2357/503/37 2358/326/43
f 2363/182/32 2364/504/117 2365/505/3 2366/506/3
f 2371/15/15 2372/8/8 2373/507/8 2374/508/118
f 2375/324/53 2376/267/56 2377/509/119 2378/510/120 2379/511/121 2380/7/7
f 2381/18/18 2382/253/50 2383/512/122 2384/513/123 2385/266/124 2386/266/55
f 2387/252/35 2388/301/26 2389/514/125 2390/515/126 2391/516/127
f 2392/300/25 2393/308/4 2394/517/128 2395/518/129 2396/519/130
f 2397/242/53 2398/247/56 2399/248/119 2400/520/120 2401/521/121 2402/307/7
f 2403/321/18 2404/237/50 2405/522/122 2406/523/123 2407/524/124 2408/246/55
f 2409/236/35 2410/261/26 2411/525/125 2412/526/126 2413/527/127
f 2414/260/25 2415/24/4 2416/528/128 2417/529/129 2418/530/130
f 2419/226/53 2420/231/154 2421/531/119 2422/532/120 2423/533/121 2424/23/7
f 2425/310/18 2426/218/50 2427/534/122 2428/535/123 2429/536/124 2430/230/153
f 2431/217/35 2432/315/26 2433/537/125 2434/538/126 2435/539/127
f 2436/314/25 2437/319/4 2438/540/128 2439/541/129 2440/542/130
f 2441/208/53 2442/212/56 2443/543/119 2444/544/120 2445/545/121 2446/318/7
f 2447/294/18 2448/203/50 2449/546/122 2450/547/123 2451/548/124 2452/211/55
f 2453/202/35 2454/365/26 2455/549/125 2456/550/126 2457/551/127
f 2458/364/25 2459/371/4 2460/552/128 2461/553/129 2462/554/130
f 2463/193/42 2464/197/47 2465/555/150 2466/556/132 2467/557/133 2468/370/105
f 2469/343/106 2470/188/36 2471/558/134 2472/559/135 2473/560/151 2474/196/46
f 2475/187/35 2476/32/26 2477/561/125 2478/562/126 2479/563/127
f 2480/4/4 2481/564/128 2482/565/129 2483/566/130 2484/31/25
f 2549/191/11 2550/278/11 2551/278/1 2552/191/1
f 2553/189/11 2554/567/1 2555/359/1 2556/359/11
f 2557/206/10 2558/568/20 2559/206/2
f 2560/207/51 2561/471/5 2562/470/14
f 2563/221/10 2564/569/20 2565/221/2
f 2566/222/51 2567/222/5 2568/570/14
f 2569/240/10 2570/571/20 2571/239/2
f 2572/241/51 2573/572/5 2574/573/14
f 2575/256/10 2576/574/20 2577/575/2
f 2578/257/51 2579/257/5 2580/576/14
f 2581/327/54 2582/292/71 2583/267/57
f 2584/19/19 2585/266/58 2586/291/70
f 2587/245/54 2588/288/71 2589/248/57
f 2590/322/19 2591/249/58 2592/287/70
f 2593/229/54 2594/284/71 2595/232/57
f 2596/311/19 2597/233/58 2598/283/70
f 2599/210/54 2600/358/71 2601/213/57
f 2602/295/19 2603/214/58 2604/357/70
f 2605/297/72 2606/331/72 2607/352/60 2608/223/60
f 2609/348/72 2610/303/60 2611/199/60 2612/330/72
f 2613/224/61 2614/351/95 2615/340/86 2616/297/78 2617/336/81
f 2618/302/74 2619/354/99 2620/347/91 2621/341/87 2622/350/94
f 2623/359/101 2624/359/82 2625/359/44 2626/359/80 2627/359/149
f 2628/278/69 2629/278/68 2630/278/79 2631/278/92 2632/278/98
f 2633/342/2 2634/459/10 2635/345/20
f 2636/347/93 2637/344/89 2638/304/75
f 2639/302/76 2640/343/88 2641/347/100
f 2642/279/9 2643/278/21 2644/278/33
f 2645/195/5 2646/195/14 2647/577/51
f 2648/193/73 2649/223/63 2650/193/97
f 2651/225/62 2652/338/83 2653/193/96
f 2654/359/64 2655/359/13 2656/578/65
f 2657/346/90 2658/367/104 2659/302/111 2660/378/115 2661/339/84
f 2662/343/107 2663/199/49 2664/339/112 2665/377/110 2666/343/102
f 2667/191/38 2668/191/27 2669/278/29 2670/278/34 2671/279/17
f 2672/191/79 2673/278/92 2674/278/98 2675/278/69 2676/191/68
f 2677/198/48 2678/193/45 2679/383/116 2680/373/109 2681/197/113
f 2682/340/85 2683/352/114 2684/224/108 2685/366/103 2686/332/77
f 2687/189/40 2688/567/67 2689/359/101 2690/359/82 2691/359/44
f 2692/189/37 2693/359/43 2694/359/6 2695/359/30 2696/189/28
f 2697/304/75 2698/347/93 2699/375/89
f 2700/302/76 2701/361/88 2702/361/100
f 2703/372/10 2704/278/20 2705/278/2
f 2706/280/9 2707/278/21 2708/372/33
f 2709/224/62 2710/384/83 2711/380/96
f 2712/224/63 2713/297/97 2714/297/73
f 2715/359/64 2716/359/13 2717/360/65
f 2718/359/51 2719/359/5 2720/578/14
f 2366/3/3 2180/2/2 2182/388/20 2363/579/32
f 2181/10/10 2178/9/9 2177/184/33 2182/183/20
f 2265/26/22 2179/25/21 2178/580/9 2266/450/12
f 2354/6/6 2186/5/5 2188/392/51 2355/502/30
f 2187/14/14 2184/13/13 2183/271/64 2188/270/51
f 2370/274/66 2185/273/65 2184/13/13 2367/16/16
f 2185/273/65 2189/272/22 2192/395/12 2183/581/64
f 2190/263/22 2193/262/22 2196/398/12 2191/582/12
f 2194/102/22 2197/101/22 2200/401/12 2195/583/12
f 2198/98/22 2201/97/22 2204/404/12 2199/584/12
f 2202/94/22 2205/93/22 2208/407/12 2203/585/12
f 2206/90/22 2209/89/22 2212/410/12 2207/586/12
f 2210/86/22 2213/85/22 2216/413/12 2211/587/12
f 2214/82/22 2217/81/22 2220/416/12 2215/588/12
f 2218/78/22 2221/77/22 2224/419/12 2219/589/12
f 2222/74/22 2225/73/22 2228/422/12 2223/590/12
f 2226/70/22 2229/69/22 2232/425/12 2227/591/12
f 2230/66/22 2233/65/22 2236/428/12 2231/592/12
f 2234/62/22 2237/61/22 2240/431/12 2235/593/12
f 2238/58/22 2241/57/22 2244/434/12 2239/594/12
f 2242/54/22 2245/53/22 2248/437/12 2243/595/12
f 2246/50/22 2249/49/22 2252/440/12 2247/596/12
f 2250/46/22 2253/45/22 2256/443/12 2251/597/12
f 2254/42/22 2257/41/22 2260/446/12 2255/598/12
f 2258/38/22 2261/37/22 2264/449/12 2259/599/12
f 2262/34/22 2268/33/22 2267/600/12 2263/601/12
f 2180/2/2 2269/1/1 2272/455/11 2181/387/10
f 2270/30/1 2273/29/1 2276/458/11 2271/602/11
f 2274/186/1 2277/185/34 2281/460/29 2275/603/11
f 2279/190/38 2282/189/37 2286/171/28 2280/170/27
f 2284/369/6 2287/368/1 2290/463/11 2285/604/30
f 2288/363/1 2291/362/1 2294/466/11 2289/605/11
f 2292/201/1 2295/200/34 2299/469/29 2293/606/11
f 2297/205/38 2300/204/37 2304/155/28 2298/154/27
f 2302/317/6 2305/316/1 2308/474/11 2303/607/30
f 2306/313/1 2309/312/1 2312/477/11 2307/608/11
f 2310/216/1 2313/215/34 2317/480/29 2311/609/11
f 2315/220/38 2318/219/37 2322/139/28 2316/138/27
f 2320/22/6 2323/21/1 2326/484/11 2321/610/30
f 2324/259/1 2327/258/1 2330/487/11 2325/611/11
f 2328/235/1 2331/234/34 2335/490/29 2329/612/11
f 2333/239/38 2336/238/37 2340/123/28 2334/122/27
f 2338/306/6 2341/305/1 2344/495/11 2339/613/30
f 2342/299/1 2345/298/1 2348/498/11 2343/614/11
f 2346/251/1 2349/250/34 2353/501/29 2347/615/11
f 2351/255/38 2357/254/37 2356/107/28 2352/106/27
f 2271/178/11 2267/177/12 2266/12/12 2272/11/11
f 2275/174/11 2264/173/12 2263/180/12 2276/179/11
f 2280/170/27 2260/169/12 2259/176/12 2281/175/29
f 2285/166/30 2256/165/12 2255/172/12 2286/171/28
f 2289/162/11 2252/161/12 2251/168/12 2290/167/11
f 2293/158/11 2248/157/12 2247/164/12 2294/163/11
f 2298/154/27 2244/153/12 2243/160/12 2299/159/29
f 2303/150/30 2240/149/12 2239/156/12 2304/155/28
f 2307/146/11 2236/145/12 2235/152/12 2308/151/11
f 2311/142/11 2232/141/12 2231/148/12 2312/147/11
f 2316/138/27 2228/137/12 2227/144/12 2317/143/29
f 2321/134/30 2224/133/12 2223/140/12 2322/139/28
f 2325/130/11 2220/129/12 2219/136/12 2326/135/11
f 2329/126/11 2216/125/12 2215/132/12 2330/131/11
f 2334/122/27 2212/121/12 2211/128/12 2335/127/29
f 2339/118/30 2208/117/12 2207/124/12 2340/123/28
f 2343/114/11 2204/113/12 2203/120/12 2344/119/11
f 2347/110/11 2200/109/12 2199/116/12 2348/115/11
f 2352/106/27 2196/105/12 2195/112/12 2353/111/29
f 2355/269/30 2192/268/12 2191/108/12 2356/107/28
f 2179/25/21 2360/28/24 2359/616/31 2177/617/33
f 2186/5/5 2372/8/8 2371/15/15 2187/14/14
f 2358/325/43 2375/324/53 2380/7/7 2354/6/6
f 2349/250/34 2382/253/50 2381/18/18 2350/17/17
f 2345/298/1 2388/301/26 2387/252/35 2346/251/1
f 2341/305/1 2393/308/4 2392/300/25 2342/299/1
f 2337/243/43 2397/242/53 2402/307/7 2338/306/6
f 2331/234/34 2404/237/50 2403/321/18 2332/320/17
f 2327/258/1 2410/261/26 2409/236/35 2328/235/1
f 2323/21/1 2415/24/4 2414/260/25 2324/259/1
f 2319/227/43 2419/226/53 2424/23/7 2320/22/6
f 2313/215/34 2426/218/50 2425/310/18 2314/309/17
f 2309/312/1 2432/315/26 2431/217/35 2310/216/1
f 2305/316/1 2437/319/4 2436/314/25 2306/313/1
f 2301/209/43 2441/208/53 2446/318/7 2302/317/6
f 2295/200/34 2448/203/50 2447/294/18 2296/293/17
f 2291/362/1 2454/365/26 2453/202/35 2292/201/1
f 2287/368/1 2459/371/4 2458/364/25 2288/363/1
f 2283/194/43 2463/193/42 2468/370/105 2284/369/6
f 2277/185/34 2470/188/36 2469/343/106 2278/342/17
f 2273/29/1 2476/32/26 2475/187/35 2274/186/1
f 2269/1/1 2480/4/4 2484/31/25 2270/30/1
f 2268/33/22 2486/36/23 2485/27/23 2265/26/22
f 2261/37/22 2487/40/23 2488/35/23 2262/34/22
f 2257/41/22 2490/44/23 2489/39/23 2258/38/22
f 2253/45/22 2491/48/23 2492/43/23 2254/42/22
f 2249/49/22 2494/52/23 2493/47/23 2250/46/22
f 2245/53/22 2495/56/23 2496/51/23 2246/50/22
f 2241/57/22 2498/60/23 2497/55/23 2242/54/22
f 2237/61/22 2499/64/23 2500/59/23 2238/58/22
f 2233/65/22 2502/68/23 2501/63/23 2234/62/22
f 2229/69/22 2503/72/23 2504/67/23 2230/66/22
f 2225/73/22 2506/76/23 2505/71/23 2226/70/22
f 2221/77/22 2507/80/23 2508/75/23 2222/74/22
f 2217/81/22 2510/84/23 2509/79/23 2218/78/22
f 2213/85/22 2511/88/23 2512/83/23 2214/82/22
f 2209/89/22 2514/92/23 2513/87/23 2210/86/22
f 2205/93/22 2515/96/23 2516/91/23 2206/90/22
f 2201/97/22 2518/100/23 2517/95/23 2202/94/22
f 2197/101/22 2519/104/23 2520/99/23 2198/98/22
f 2193/262/22 2522/265/23 2521/103/23 2194/102/22
f 2189/272/22 2523/275/23 2524/264/23 2190/263/22
f 2522/618/23 2520/619/23 2519/104/23 2521/103/23
f 2518/620/23 2516/621/23 2515/96/23 2517/95/23
f 2514/622/23 2512/623/23 2511/88/23 2513/87/23
f 2510/624/23 2508/625/23 2507/80/23 2509/79/23
f 2506/626/23 2504/627/23 2503/72/23 2505/71/23
f 2502/628/23 2500/629/23 2499/64/23 2501/63/23
f 2498/630/23 2496/631/23 2495/56/23 2497/55/23
f 2494/632/23 2492/633/23 2491/48/23 2493/47/23
f 2490/634/23 2488/635/23 2487/40/23 2489/39/23
f 2486/636/23 2361/637/23 2360/28/24 2485/27/23
f 2483/566/130 2477/561/125 2476/32/26 2484/31/25
f 2479/563/127 2471/558/134 2470/188/36 2475/187/35
f 2473/560/151 2465/555/150 2464/197/47 2474/196/46
f 2467/557/133 2460/552/128 2459/371/4 2468/370/105
f 2462/554/130 2455/549/125 2454/365/26 2458/364/25
f 2457/551/127 2449/546/122 2448/203/50 2453/202/35
f 2451/548/124 2443/543/119 2442/212/56 2452/211/55
f 2445/545/121 2438/540/128 2437/319/4 2446/318/7
f 2440/542/130 2433/537/125 2432/315/26 2436/314/25
f 2435/539/127 2427/534/122 2426/218/50 2431/217/35
f 2429/536/124 2421/531/119 2420/231/154 2430/230/153
f 2423/533/121 2416/528/128 2415/24/4 2424/23/7
f 2418/530/130 2411/525/125 2410/261/26 2414/260/25
f 2413/527/127 2405/522/122 2404/237/50 2409/236/35
f 2407/524/124 2399/248/119 2398/247/56 2408/246/55
f 2401/521/121 2394/517/128 2393/308/4 2402/307/7
f 2396/519/130 2389/514/125 2388/301/26 2392/300/25
f 2391/516/127 2383/512/122 2382/253/50 2387/252/35
f 2385/266/124 2377/509/119 2376/267/56 2386/266/55
f 2379/511/121 2373/507/8 2372/8/8 2380/7/7
f 2365/638/3 2481/564/128 2480/4/4 2366/3/3
f 2369/639/23 2524/640/23 2523/275/23 2370/274/66
s 0
f 2368/192/41 2522/192/41 2524/192/41
f 2368/192/41 2524/192/41 2369/192/41
f 2374/192/137 2368/192/137 2371/192/137
f 2368/192/137 2367/192/137 2371/192/137
f 2367/192/138 2368/192/138 2369/192/138
f 2367/192/138 2369/192/138 2370/192/138
f 2486/192/41 2362/192/41 2361/192/41
s 1
f 2552/329/1 2554/328/1 2553/641/11 2549/642/11
f 2559/356/2 2561/355/5 2560/643/51 2557/644/10
f 2565/282/2 2567/281/5 2566/645/51 2563/646/10
f 2571/286/2 2573/285/5 2572/647/51 2569/648/10
f 2577/290/2 2579/289/5 2578/649/51 2575/650/10
f 2579/289/5 2582/292/71 2581/327/54 2580/326/14
f 2576/20/20 2584/19/19 2586/291/70 2577/290/2
f 2573/285/5 2588/288/71 2587/245/54 2574/244/14
f 2570/323/20 2590/322/19 2592/287/70 2571/286/2
f 2567/281/5 2594/284/71 2593/229/54 2568/228/14
f 2564/309/20 2596/311/19 2598/283/70 2565/282/2
f 2561/355/5 2600/358/71 2599/210/54 2562/209/14
f 2558/296/20 2602/295/19 2604/357/70 2559/356/2
f 2554/328/1 2606/331/72 2605/297/72 2555/194/1
f 2551/349/1 2609/348/72 2612/330/72 2552/329/1
f 2611/199/60 2607/352/60 2606/331/72 2612/330/72
f 2603/214/58 2601/213/57 2600/358/71 2604/357/70
f 2597/233/58 2595/232/57 2594/284/71 2598/283/70
f 2591/249/58 2589/248/57 2588/288/71 2592/287/70
f 2585/266/58 2583/267/57 2582/292/71 2586/291/70
f 2318/219/37 2566/222/51 2568/570/14 2319/481/43
f 2595/232/57 2420/231/154 2419/226/53 2593/229/54
f 2613/224/61 2608/223/60 2607/352/60 2614/351/95
f 2662/343/107 2469/343/106 2474/196/46 2663/199/49
f 2430/230/153 2597/233/58 2596/311/19 2425/310/18
f 2563/221/10 2315/220/38 2314/569/17 2564/569/20
f 2350/17/17 2576/20/20 2575/651/10 2351/500/38
f 2580/326/14 2358/325/43 2357/652/37 2578/503/51
f 2627/276/149 2553/189/11 2556/359/11 2623/359/101
f 2296/293/17 2558/296/20 2557/467/10 2297/467/38
f 2562/209/14 2301/209/43 2300/653/37 2560/653/51
f 2672/191/79 2279/190/38 2278/278/17 2673/278/92
f 2336/238/37 2572/241/51 2574/573/14 2337/491/43
f 2589/248/57 2398/247/56 2397/242/53 2587/245/54
f 2375/324/53 2581/327/54 2583/267/57 2376/267/56
f 2584/19/19 2381/18/18 2386/266/55 2585/266/58
f 2408/246/55 2591/249/58 2590/322/19 2403/321/18
f 2569/240/10 2333/239/38 2332/571/17 2570/571/20
f 2601/213/57 2442/212/56 2441/208/53 2599/210/54
f 2602/295/19 2447/294/18 2452/211/55 2603/214/58
f 2686/332/77 2616/297/78 2615/340/86 2682/340/85
f 2610/303/60 2618/302/74 2622/350/94 2611/199/60
f 2692/189/37 2626/335/80 2625/359/44 2693/359/43
f 2549/191/11 2629/190/68 2628/278/69 2550/277/11
f 2629/190/68 2627/276/149 2626/335/80 2630/191/79
f 2619/354/99 2632/353/98 2631/342/92 2620/347/91
f 2614/351/95 2622/350/94 2621/341/87 2615/340/86
f 2624/337/82 2617/336/81 2616/297/78 2625/334/44
f 2635/342/20 2637/344/89 2636/347/93 2633/342/2
f 2637/344/89 2640/343/88 2639/302/76 2638/304/75
f 2634/280/10 2642/279/9 2644/278/33 2635/278/20
f 2640/343/88 2644/342/33 2643/342/21 2641/347/100
f 2550/277/11 2634/280/10 2633/278/2 2551/278/1
f 2638/304/75 2610/303/60 2609/348/72 2636/347/93
f 2618/302/74 2639/302/76 2641/347/100 2619/354/99
f 2642/279/9 2628/278/69 2632/278/98 2643/278/21
f 2645/195/5 2648/193/73 2650/193/97 2646/195/14
f 2653/193/96 2650/193/97 2649/223/63 2651/225/62
f 2654/359/64 2647/360/51 2646/359/14 2655/359/13
f 2655/195/13 2653/193/96 2652/338/83 2656/195/65
f 2617/336/81 2652/338/83 2651/225/62 2613/224/61
f 2648/193/73 2605/297/72 2608/223/60 2649/223/63
f 2623/359/101 2654/359/64 2656/578/65 2624/359/82
f 2555/194/1 2645/195/5 2647/577/51 2556/577/11
f 2620/347/91 2657/346/90 2661/339/84 2621/341/87
f 2659/302/111 2665/377/110 2664/339/112 2660/378/115
f 2630/191/79 2667/191/38 2671/279/17 2631/278/92
f 2668/379/27 2676/191/68 2675/278/69 2669/372/29
f 2463/193/42 2678/193/45 2677/198/48 2464/197/47
f 2680/373/109 2684/224/108 2683/352/114 2681/197/113
f 2282/189/37 2687/189/40 2691/359/44 2283/359/43
f 2688/189/67 2696/276/28 2695/382/30 2689/381/101
f 2690/195/82 2679/383/116 2678/193/45 2691/195/44
f 2693/333/43 2686/332/77 2685/366/103 2694/334/6
f 2681/197/113 2664/339/112 2663/199/49 2677/198/48
f 2682/340/85 2661/339/84 2660/378/115 2683/352/114
f 2666/343/102 2674/345/98 2673/345/92 2662/343/107
f 2657/346/90 2671/345/17 2670/353/34 2658/367/104
f 2676/191/68 2688/189/67 2687/189/40 2672/191/79
f 2667/191/38 2692/189/37 2696/276/28 2668/379/27
f 2699/375/89 2701/361/88 2700/302/76 2697/304/75
f 2703/372/10 2706/280/9 2708/372/33 2704/278/20
f 2701/361/88 2708/374/33 2707/342/21 2702/361/100
f 2698/347/93 2705/342/2 2704/376/20 2699/375/89
f 2665/377/110 2700/302/76 2702/361/100 2666/343/102
f 2706/280/9 2675/278/69 2674/278/98 2707/278/21
f 2658/367/104 2698/347/93 2697/304/75 2659/302/111
f 2669/372/29 2703/372/10 2705/278/2 2670/278/34
f 2711/380/96 2713/297/97 2712/224/63 2709/224/62
f 2715/359/64 2718/359/51 2720/578/14 2716/359/13
f 2716/194/13 2711/380/96 2710/384/83 2717/195/65
f 2719/195/5 2714/297/73 2713/297/97 2720/195/14
f 2689/381/101 2715/359/64 2717/360/65 2690/359/82
f 2709/224/62 2680/373/109 2679/383/116 2710/384/83
f 2684/224/108 2712/224/63 2714/297/73 2685/366/103
f 2718/359/51 2695/382/30 2694/360/6 2719/359/5
s 0
f 2363/192/139 2359/192/139 2362/192/139
f 2363/192/139 2362/192/139 2364/192/139
f 2359/192/140 2360/192/140 2361/192/140
f 2359/192/140 2361/192/140 2362/192/140
f 2362/192/141 2478/192/141 2477/192/141
f 2444/192/41 2500/192/41 2502/192/41
f 2439/192/41 2444/192/41 2502/192/41
f 2428/192/41 2504/192/41 2506/192/41
f 2406/192/41 2512/192/41 2514/192/41
f 2508/192/41 2417/192/41 2422/192/41
f 2494/192/52 2496/192/52 2455/192/52
f 2421/192/52 2506/192/52 2508/192/52
f 2411/192/52 2510/192/52 2512/192/52
f 2374/192/41 2378/192/41 2368/192/41
f 2417/192/41 2508/192/41 2510/192/41
f 2373/192/41 2378/192/41 2374/192/41
f 2504/192/59 2434/192/59 2433/192/59
f 2373/192/41 2379/192/41 2378/192/41
f 2384/192/142 2368/192/142 2377/192/142
f 2496/192/41 2450/192/41 2456/192/41
f 2377/192/143 2385/192/143 2384/192/143
f 2383/192/41 2390/192/41 2384/192/41
f 2516/192/59 2400/192/59 2399/192/59
f 2383/192/41 2391/192/41 2390/192/41
f 2494/192/52 2455/192/52 2462/192/52
f 2490/192/52 2465/192/52 2473/192/52
f 2395/192/144 2518/192/144 2396/192/144
f 2394/192/41 2400/192/41 2395/192/41
f 2504/192/41 2428/192/41 2434/192/41
f 2394/192/41 2401/192/41 2400/192/41
f 2518/192/155 2389/192/155 2396/192/155
f 2406/192/144 2514/192/144 2407/192/144
f 2405/192/41 2412/192/41 2406/192/41
f 2512/192/41 2406/192/41 2412/192/41
f 2405/192/41 2413/192/41 2412/192/41
f 2506/192/155 2421/192/155 2429/192/155
f 2362/192/41 2486/192/41 2488/192/41
f 2417/192/144 2510/192/144 2418/192/144
f 2416/192/41 2422/192/41 2417/192/41
f 2450/192/41 2496/192/41 2498/192/41
f 2416/192/41 2423/192/41 2422/192/41
f 2498/192/52 2443/192/52 2451/192/52
f 2514/192/52 2516/192/52 2399/192/52
f 2428/192/144 2506/192/144 2429/192/144
f 2427/192/41 2434/192/41 2428/192/41
f 2461/192/41 2492/192/41 2494/192/41
f 2427/192/41 2435/192/41 2434/192/41
f 2510/192/155 2411/192/155 2418/192/155
f 2395/192/41 2516/192/41 2518/192/41
f 2439/192/144 2502/192/144 2440/192/144
f 2438/192/41 2444/192/41 2439/192/41
f 2516/192/41 2395/192/41 2400/192/41
f 2438/192/41 2445/192/41 2444/192/41
f 2496/192/59 2456/192/59 2455/192/59
f 2514/192/52 2399/192/52 2407/192/52
f 2450/192/144 2498/192/144 2451/192/144
f 2449/192/41 2456/192/41 2450/192/41
f 2368/192/156 2378/192/156 2377/192/156
f 2449/192/41 2457/192/41 2456/192/41
f 2502/192/52 2504/192/52 2440/192/52
f 2362/192/41 2490/192/41 2472/192/41
f 2461/192/144 2494/192/144 2462/192/144
f 2460/192/41 2466/192/41 2461/192/41
f 2362/192/41 2472/192/41 2478/192/41
f 2460/192/41 2467/192/41 2466/192/41
f 2390/192/59 2389/192/59 2520/192/59
f 2490/192/52 2492/192/52 2465/192/52
f 2472/192/144 2490/192/144 2473/192/144
f 2471/192/41 2478/192/41 2472/192/41
f 2504/192/52 2433/192/52 2440/192/52
f 2471/192/41 2479/192/41 2478/192/41
f 2482/192/152 2362/192/152 2477/192/152
f 2364/192/41 2362/192/41 2482/192/41
f 2477/192/143 2483/192/143 2482/192/143
f 2481/192/41 2364/192/41 2482/192/41
f 2481/192/41 2365/192/41 2364/192/41
f 2492/192/41 2461/192/41 2466/192/41
s 1
f 2813/1/1 2724/2/2 2910/3/3 3024/4/4
f 2730/5/5 2898/6/6 2924/7/7 2916/8/8
f 2722/9/9 2725/10/10 2816/11/11 2810/12/12
f 2728/13/13 2731/14/14 2915/15/15 2911/16/16
f 2894/17/17 2925/18/18 3128/19/19 3120/20/20
f 2867/21/1 2864/22/6 2968/23/7 2959/24/4
f 2723/25/21 2809/26/22 3029/27/23 2904/28/24
f 2817/29/1 2814/30/1 3028/31/25 3020/32/26
f 2812/33/22 2806/34/22 3032/35/23 3030/36/23
f 2805/37/22 2802/38/22 3033/39/23 3031/40/23
f 2801/41/22 2798/42/22 3036/43/23 3034/44/23
f 2797/45/22 2794/46/22 3037/47/23 3035/48/23
f 2793/49/22 2790/50/22 3040/51/23 3038/52/23
f 2789/53/22 2786/54/22 3041/55/23 3039/56/23
f 2785/57/22 2782/58/22 3044/59/23 3042/60/23
f 2781/61/22 2778/62/22 3045/63/23 3043/64/23
f 2777/65/22 2774/66/22 3048/67/23 3046/68/23
f 2773/69/22 2770/70/22 3049/71/23 3047/72/23
f 2769/73/22 2766/74/22 3052/75/23 3050/76/23
f 2765/77/22 2762/78/22 3053/79/23 3051/80/23
f 2761/81/22 2758/82/22 3056/83/23 3054/84/23
f 2757/85/22 2754/86/22 3057/87/23 3055/88/23
f 2753/89/22 2750/90/22 3060/91/23 3058/92/23
f 2749/93/22 2746/94/22 3061/95/23 3059/96/23
f 2745/97/22 2742/98/22 3064/99/23 3062/100/23
f 2741/101/22 2738/102/22 3065/103/23 3063/104/23
f 2740/105/12 2896/106/27 2900/107/28 2735/108/12
f 2744/109/12 2891/110/11 2897/111/29 2739/112/12
f 2748/113/12 2887/114/11 2892/115/11 2743/116/12
f 2752/117/12 2883/118/30 2888/119/11 2747/120/12
f 2756/121/12 2878/122/27 2884/123/28 2751/124/12
f 2760/125/12 2873/126/11 2879/127/29 2755/128/12
f 2764/129/12 2869/130/11 2874/131/11 2759/132/12
f 2768/133/12 2865/134/30 2870/135/11 2763/136/12
f 2772/137/12 2860/138/27 2866/139/28 2767/140/12
f 2776/141/12 2855/142/11 2861/143/29 2771/144/12
f 2780/145/12 2851/146/11 2856/147/11 2775/148/12
f 2784/149/12 2847/150/30 2852/151/11 2779/152/12
f 2788/153/12 2842/154/27 2848/155/157 2783/156/12
f 2792/157/12 2837/158/11 2843/159/29 2787/160/12
f 2796/161/12 2833/162/11 2838/163/11 2791/164/12
f 2800/165/12 2829/166/30 2834/167/11 2795/168/12
f 2804/169/12 2824/170/27 2830/171/28 2799/172/12
f 2808/173/12 2819/174/11 2825/175/29 2803/176/12
f 2811/177/12 2815/178/11 2820/179/11 2807/180/12
f 2903/181/31 2907/182/32 2726/183/20 2721/184/33
f 2821/185/34 2818/186/1 3019/187/35 3014/188/36
f 2826/189/37 2823/190/158 3216/191/39 3231/189/80
s 0
f 2928/192/41 2934/192/41 2912/192/41
s 1
f 3007/193/42 2827/194/43 3235/195/44 3222/193/45
f 3018/196/46 3008/197/47 3221/198/48 3207/199/49
f 2839/200/34 2836/201/1 2997/202/35 2992/203/50
f 2844/204/37 2841/205/38 3101/206/10 3104/207/51
s 0
f 2987/192/52 3042/192/52 3044/192/52
s 1
f 2985/208/53 2845/209/43 3106/209/14 3143/210/54
f 2996/211/55 2986/212/56 3145/213/57 3147/214/58
f 2857/215/34 2854/216/1 2975/217/35 2970/218/50
f 2862/219/37 2859/220/158 3107/221/10 3110/222/51
s 0
f 2988/192/59 2987/192/59 3044/192/59
s 1
f 3152/223/60 3157/224/61 3195/225/62 3193/223/63
f 2963/226/53 2863/227/43 3112/228/14 3137/229/54
f 2974/230/153 2964/231/154 3139/232/57 3141/233/58
f 2875/234/34 2872/235/1 2953/236/35 2948/237/50
f 2880/238/37 2877/239/38 3113/240/10 3116/241/51
s 0
f 3036/192/59 3010/192/59 3009/192/59
s 1
f 2941/242/53 2881/243/43 3118/244/14 3131/245/54
f 2952/246/55 2942/247/56 3133/248/57 3135/249/58
f 2893/250/34 2890/251/1 2931/252/35 2926/253/50
f 2901/254/37 2895/255/38 3119/256/10 3122/257/51
s 0
f 2966/192/59 2965/192/59 3052/192/59
s 1
f 2871/258/1 2868/259/1 2958/260/25 2954/261/26
f 2737/262/22 2734/263/22 3068/264/23 3066/265/23
f 2930/266/55 2920/267/56 3127/267/57 3129/266/58
f 2736/268/12 2899/269/30 2732/270/51 2727/271/64
f 2733/272/22 2729/273/65 2914/274/66 3067/275/23
f 3171/276/67 3173/190/68 3093/191/11 3097/189/11
f 3094/277/11 3172/278/69 3186/279/9 3178/280/10
f 3111/281/5 3109/282/2 3142/283/70 3138/284/71
f 3117/285/5 3115/286/2 3136/287/70 3132/288/71
f 3123/289/5 3121/290/2 3130/291/70 3126/292/71
s 0
f 2956/192/59 2955/192/59 3056/192/59
s 1
f 2840/293/17 2991/294/18 3146/295/19 3102/296/20
f 3099/194/1 3149/297/72 3192/193/73 3189/195/5
f 2889/298/1 2886/299/1 2936/300/25 2932/301/26
f 3162/302/74 3154/303/60 3182/304/75 3183/302/76
s 0
f 2933/192/52 3062/192/52 3064/192/52
s 1
f 2885/305/1 2882/306/6 2946/307/7 2937/308/4
f 2858/309/17 2969/310/18 3140/311/19 3108/309/20
f 2853/312/1 2850/313/1 2980/314/25 2976/315/26
s 0
f 2934/192/41 3064/192/41 2912/192/41
s 1
f 2849/316/1 2846/317/6 2990/318/7 2981/319/4
s 0
f 3066/192/41 2912/192/41 3064/192/41
s 1
f 2876/320/17 2947/321/18 3134/322/19 3114/323/20
f 2919/324/53 2902/325/43 3124/326/14 3125/327/54
f 3098/328/1 3096/329/1 3156/330/72 3150/331/72
f 3230/332/77 3237/333/43 3169/334/44 3160/297/78
f 3236/189/37 3211/191/38 3174/191/79 3170/335/80
f 3161/336/81 3168/337/82 3200/195/65 3196/338/83
f 3205/339/159 3226/340/85 3159/340/86 3165/341/87
f 3188/342/33 3184/343/88 3181/344/89 3179/342/20
f 3215/345/17 3201/346/90 3164/347/91 3175/342/92
f 3153/348/72 3095/349/1 3177/342/2 3180/347/93
f 3166/350/94 3158/351/95 3151/352/60 3155/199/60
f 3197/193/96 3199/195/13 3190/195/14 3194/193/97
f 3176/353/98 3163/354/99 3185/347/100 3187/342/21
f 3105/355/5 3103/356/2 3148/357/70 3144/358/71
f 3167/359/101 3100/359/11 3191/360/51 3198/359/64
f 3218/345/98 3210/343/102 3246/361/100 3251/342/21
f 2835/362/1 2832/363/1 3002/364/25 2998/365/26
f 3238/334/6 3229/366/103 3258/297/73 3263/195/5
s 0
f 3034/192/41 2906/192/41 3032/192/41
s 1
f 3202/367/104 3214/353/34 3249/342/2 3242/347/93
f 2831/368/1 2828/369/6 3012/370/105 3003/371/4
f 3213/372/29 3219/278/69 3250/280/9 3247/372/10
f 2822/342/17 3013/343/106 3206/343/107 3217/345/92
f 3228/224/108 3224/373/109 3253/224/62 3256/224/63
f 3252/374/33 3245/361/88 3243/375/89 3248/376/20
f 3209/377/110 3203/302/111 3241/304/75 3244/302/76
f 3208/339/112 3225/197/113 3227/352/114 3204/378/115
f 3232/189/67 3220/191/68 3212/379/27 3240/276/28
f 3255/380/96 3260/194/13 3264/195/14 3257/297/97
f 3233/381/101 3239/382/30 3262/359/51 3259/359/64
f 3223/383/116 3234/195/82 3261/195/65 3254/384/83
f 2721/184/33 2722/385/9 2723/386/21
f 2724/2/2 2725/387/10 2726/388/20
f 2727/271/64 2728/389/13 2729/390/65
f 2730/5/5 2731/391/14 2732/392/51
f 2733/272/22 2734/393/22 2735/394/12 2736/395/12
f 2737/262/22 2738/396/22 2739/397/12 2740/398/12
f 2741/101/22 2742/399/22 2743/400/12 2744/401/12
f 2745/97/22 2746/402/22 2747/403/12 2748/404/12
f 2749/93/22 2750/405/22 2751/406/12 2752/407/12
f 2753/89/22 2754/408/22 2755/409/12 2756/410/12
f 2757/85/22 2758/411/22 2759/412/12 2760/413/12
f 2761/81/22 2762/414/22 2763/415/12 2764/416/12
f 2765/77/22 2766/417/22 2767/418/12 2768/419/12
f 2769/73/22 2770/420/22 2771/421/12 2772/422/12
f 2773/69/22 2774/423/22 2775/424/12 2776/425/12
f 2777/65/22 2778/426/22 2779/427/12 2780/428/12
f 2781/61/22 2782/429/22 2783/430/12 2784/431/12
f 2785/57/22 2786/432/22 2787/433/12 2788/434/12
f 2789/53/22 2790/435/22 2791/436/12 2792/437/12
f 2793/49/22 2794/438/22 2795/439/12 2796/440/12
f 2797/45/22 2798/441/22 2799/442/12 2800/443/12
f 2801/41/22 2802/444/22 2803/445/12 2804/446/12
f 2805/37/22 2806/447/22 2807/448/12 2808/449/12
f 2809/26/22 2810/450/12 2811/451/12 2812/452/22
f 2813/1/1 2814/453/1 2815/454/11 2816/455/11
f 2817/29/1 2818/456/1 2819/457/11 2820/458/11
f 2821/185/34 2822/342/17 2823/459/158 2824/459/27 2825/460/29
f 2826/189/37 2827/359/43 2828/359/6 2829/359/30 2830/189/28
f 2831/368/1 2832/461/1 2833/462/11 2834/463/11
f 2835/362/1 2836/464/1 2837/465/11 2838/466/11
f 2839/200/34 2840/296/17 2841/467/38 2842/468/27 2843/469/29
f 2844/204/37 2845/470/43 2846/470/6 2847/470/30 2848/471/157
f 2849/316/1 2850/472/1 2851/473/11 2852/474/11
f 2853/312/1 2854/475/1 2855/476/11 2856/477/11
f 2857/215/34 2858/478/17 2859/479/158 2860/479/27 2861/480/29
f 2862/219/37 2863/481/43 2864/481/6 2865/481/30 2866/219/28
f 2867/21/1 2868/482/1 2869/483/11 2870/484/11
f 2871/258/1 2872/485/1 2873/486/11 2874/487/11
f 2875/234/34 2876/320/17 2877/488/38 2878/489/27 2879/490/29
f 2880/238/37 2881/491/43 2882/491/6 2883/491/30 2884/492/28
f 2885/305/1 2886/493/1 2887/494/11 2888/495/11
f 2889/298/1 2890/496/1 2891/497/11 2892/498/11
f 2893/250/34 2894/499/17 2895/500/38 2896/500/27 2897/501/29
f 2898/6/6 2899/502/30 2900/503/28 2901/503/37 2902/326/43
f 2907/182/32 2908/504/117 2909/505/3 2910/506/3
f 2915/15/15 2916/8/8 2917/507/8 2918/508/118
f 2919/324/53 2920/267/56 2921/509/119 2922/510/120 2923/511/121 2924/7/7
f 2925/18/18 2926/253/50 2927/512/122 2928/513/123 2929/266/124 2930/266/55
f 2931/252/35 2932/301/26 2933/514/125 2934/515/126 2935/516/127
f 2936/300/25 2937/308/4 2938/517/128 2939/518/129 2940/519/130
f 2941/242/53 2942/247/56 2943/248/119 2944/520/120 2945/521/121 2946/307/7
f 2947/321/18 2948/237/50 2949/522/122 2950/523/123 2951/524/124 2952/246/55
f 2953/236/35 2954/261/26 2955/525/125 2956/526/126 2957/527/127
f 2958/260/25 2959/24/4 2960/528/128 2961/529/129 2962/530/130
f 2963/226/53 2964/231/154 2965/531/119 2966/532/120 2967/533/121 2968/23/7
f 2969/310/18 2970/218/50 2971/534/122 2972/535/123 2973/536/124 2974/230/153
f 2975/217/35 2976/315/26 2977/537/125 2978/538/126 2979/539/127
f 2980/314/25 2981/319/4 2982/540/128 2983/541/129 2984/542/130
f 2985/208/53 2986/212/56 2987/543/119 2988/544/160 2989/545/121 2990/318/7
f 2991/294/18 2992/203/50 2993/546/122 2994/547/123 2995/548/124 2996/211/55
f 2997/202/35 2998/365/26 2999/549/125 3000/550/126 3001/551/127
f 3002/364/25 3003/371/4 3004/552/128 3005/553/129 3006/554/130
f 3007/193/42 3008/197/47 3009/555/150 3010/556/132 3011/557/133 3012/370/105
f 3013/343/106 3014/188/36 3015/558/134 3016/559/135 3017/560/136 3018/196/46
f 3019/187/35 3020/32/26 3021/561/125 3022/562/126 3023/563/127
f 3024/4/4 3025/564/128 3026/565/129 3027/566/130 3028/31/25
f 3093/191/11 3094/278/11 3095/278/1 3096/191/1
f 3097/189/11 3098/567/1 3099/359/1 3100/359/11
f 3101/206/10 3102/568/20 3103/206/2
f 3104/207/51 3105/471/5 3106/470/14
f 3107/221/10 3108/569/20 3109/221/2
f 3110/222/51 3111/222/5 3112/570/14
f 3113/240/10 3114/571/20 3115/239/2
f 3116/241/51 3117/572/5 3118/573/14
f 3119/256/10 3120/574/20 3121/575/2
f 3122/257/51 3123/257/5 3124/576/14
f 3125/327/54 3126/292/71 3127/267/57
f 3128/19/19 3129/266/58 3130/291/70
f 3131/245/54 3132/288/71 3133/248/57
f 3134/322/19 3135/249/58 3136/287/70
f 3137/229/54 3138/284/71 3139/232/57
f 3140/311/19 3141/233/58 3142/283/70
f 3143/210/54 3144/358/71 3145/213/57
f 3146/295/19 3147/214/58 3148/357/70
f 3149/297/72 3150/331/72 3151/352/60 3152/223/60
f 3153/348/72 3154/303/60 3155/199/60 3156/330/72
f 3157/224/61 3158/351/95 3159/340/86 3160/297/78 3161/336/81
f 3162/302/74 3163/354/99 3164/347/91 3165/341/87 3166/350/94
f 3167/359/101 3168/359/82 3169/359/44 3170/359/80 3171/359/67
f 3172/278/69 3173/278/68 3174/278/79 3175/278/92 3176/278/98
f 3177/342/2 3178/459/10 3179/345/20
f 3180/347/93 3181/344/89 3182/304/75
f 3183/302/76 3184/343/88 3185/347/100
f 3186/279/9 3187/278/21 3188/278/33
f 3189/195/5 3190/195/14 3191/577/51
f 3192/193/73 3193/223/63 3194/193/97
f 3195/225/62 3196/338/83 3197/193/96
f 3198/359/64 3199/359/13 3200/578/65
f 3201/346/90 3202/367/104 3203/302/111 3204/378/115 3205/339/159
f 3206/343/107 3207/199/49 3208/339/112 3209/377/110 3210/343/102
f 3211/191/38 3212/191/27 3213/278/29 3214/278/34 3215/279/17
f 3216/191/39 3217/278/92 3218/278/98 3219/278/69 3220/191/68
f 3221/198/48 3222/193/45 3223/383/116 3224/373/109 3225/197/113
f 3226/340/85 3227/352/114 3228/224/108 3229/366/103 3230/332/77
f 3231/189/80 3232/567/67 3233/359/101 3234/359/82 3235/359/44
f 3236/189/37 3237/359/43 3238/359/6 3239/359/30 3240/189/28
f 3241/304/75 3242/347/93 3243/375/89
f 3244/302/76 3245/361/88 3246/361/100
f 3247/372/10 3248/278/20 3249/278/2
f 3250/280/9 3251/278/21 3252/372/33
f 3253/224/62 3254/384/83 3255/380/96
f 3256/224/63 3257/297/97 3258/297/73
f 3259/359/64 3260/359/13 3261/360/65
f 3262/359/51 3263/359/5 3264/578/14
f 2910/3/3 2724/2/2 2726/388/20 2907/579/32
f 2725/10/10 2722/9/9 2721/184/33 2726/183/20
f 2809/26/22 2723/25/21 2722/580/9 2810/450/12
f 2898/6/6 2730/5/5 2732/392/51 2899/502/30
f 2731/14/14 2728/13/13 2727/271/64 2732/270/51
f 2914/274/66 2729/273/65 2728/13/13 2911/16/16
f 2729/273/65 2733/272/22 2736/395/12 2727/581/64
f 2734/263/22 2737/262/22 2740/398/12 2735/582/12
f 2738/102/22 2741/101/22 2744/401/12 2739/583/12
f 2742/98/22 2745/97/22 2748/404/12 2743/584/12
f 2746/94/22 2749/93/22 2752/407/12 2747/585/12
f 2750/90/22 2753/89/22 2756/410/12 2751/586/12
f 2754/86/22 2757/85/22 2760/413/12 2755/587/12
f 2758/82/22 2761/81/22 2764/416/12 2759/588/12
f 2762/78/22 2765/77/22 2768/419/12 2763/589/12
f 2766/74/22 2769/73/22 2772/422/12 2767/590/12
f 2770/70/22 2773/69/22 2776/425/12 2771/591/12
f 2774/66/22 2777/65/22 2780/428/12 2775/592/12
f 2778/62/22 2781/61/22 2784/431/12 2779/593/12
f 2782/58/22 2785/57/22 2788/434/12 2783/594/12
f 2786/54/22 2789/53/22 2792/437/12 2787/595/12
f 2790/50/22 2793/49/22 2796/440/12 2791/596/12
f 2794/46/22 2797/45/22 2800/443/12 2795/597/12
f 2798/42/22 2801/41/22 2804/446/12 2799/598/12
f 2802/38/22 2805/37/22 2808/449/12 2803/599/12
f 2806/34/22 2812/33/22 2811/600/12 2807/601/12
f 2724/2/2 2813/1/1 2816/455/11 2725/387/10
f 2814/30/1 2817/29/1 2820/458/11 2815/602/11
f 2818/186/1 2821/185/34 2825/460/29 2819/603/11
f 2823/190/158 2826/189/37 2830/171/28 2824/170/27
f 2828/369/6 2831/368/1 2834/463/11 2829/604/30
f 2832/363/1 2835/362/1 2838/466/11 2833/605/11
f 2836/201/1 2839/200/34 2843/469/29 2837/606/11
f 2841/205/38 2844/204/37 2848/155/157 2842/154/27
f 2846/317/6 2849/316/1 2852/474/11 2847/607/30
f 2850/313/1 2853/312/1 2856/477/11 2851/608/11
f 2854/216/1 2857/215/34 2861/480/29 2855/609/11
f 2859/220/158 2862/219/37 2866/139/28 2860/138/27
f 2864/22/6 2867/21/1 2870/484/11 2865/610/30
f 2868/259/1 2871/258/1 2874/487/11 2869/611/11
f 2872/235/1 2875/234/34 2879/490/29 2873/612/11
f 2877/239/38 2880/238/37 2884/123/28 2878/122/27
f 2882/306/6 2885/305/1 2888/495/11 2883/613/30
f 2886/299/1 2889/298/1 2892/498/11 2887/614/11
f 2890/251/1 2893/250/34 2897/501/29 2891/615/11
f 2895/255/38 2901/254/37 2900/107/28 2896/106/27
f 2815/178/11 2811/177/12 2810/12/12 2816/11/11
f 2819/174/11 2808/173/12 2807/180/12 2820/179/11
f 2824/170/27 2804/169/12 2803/176/12 2825/175/29
f 2829/166/30 2800/165/12 2799/172/12 2830/171/28
f 2833/162/11 2796/161/12 2795/168/12 2834/167/11
f 2837/158/11 2792/157/12 2791/164/12 2838/163/11
f 2842/154/27 2788/153/12 2787/160/12 2843/159/29
f 2847/150/30 2784/149/12 2783/156/12 2848/155/157
f 2851/146/11 2780/145/12 2779/152/12 2852/151/11
f 2855/142/11 2776/141/12 2775/148/12 2856/147/11
f 2860/138/27 2772/137/12 2771/144/12 2861/143/29
f 2865/134/30 2768/133/12 2767/140/12 2866/139/28
f 2869/130/11 2764/129/12 2763/136/12 2870/135/11
f 2873/126/11 2760/125/12 2759/132/12 2874/131/11
f 2878/122/27 2756/121/12 2755/128/12 2879/127/29
f 2883/118/30 2752/117/12 2751/124/12 2884/123/28
f 2887/114/11 2748/113/12 2747/120/12 2888/119/11
f 2891/110/11 2744/109/12 2743/116/12 2892/115/11
f 2896/106/27 2740/105/12 2739/112/12 2897/111/29
f 2899/269/30 2736/268/12 2735/108/12 2900/107/28
f 2723/25/21 2904/28/24 2903/616/31 2721/617/33
f 2730/5/5 2916/8/8 2915/15/15 2731/14/14
f 2902/325/43 2919/324/53 2924/7/7 2898/6/6
f 2893/250/34 2926/253/50 2925/18/18 2894/17/17
f 2889/298/1 2932/301/26 2931/252/35 2890/251/1
f 2885/305/1 2937/308/4 2936/300/25 2886/299/1
f 2881/243/43 2941/242/53 2946/307/7 2882/306/6
f 2875/234/34 2948/237/50 2947/321/18 2876/320/17
f 2871/258/1 2954/261/26 2953/236/35 2872/235/1
f 2867/21/1 2959/24/4 2958/260/25 2868/259/1
f 2863/227/43 2963/226/53 2968/23/7 2864/22/6
f 2857/215/34 2970/218/50 2969/310/18 2858/309/17
f 2853/312/1 2976/315/26 2975/217/35 2854/216/1
f 2849/316/1 2981/319/4 2980/314/25 2850/313/1
f 2845/209/43 2985/208/53 2990/318/7 2846/317/6
f 2839/200/34 2992/203/50 2991/294/18 2840/293/17
f 2835/362/1 2998/365/26 2997/202/35 2836/201/1
f 2831/368/1 3003/371/4 3002/364/25 2832/363/1
f 2827/194/43 3007/193/42 3012/370/105 2828/369/6
f 2821/185/34 3014/188/36 3013/343/106 2822/342/17
f 2817/29/1 3020/32/26 3019/187/35 2818/186/1
f 2813/1/1 3024/4/4 3028/31/25 2814/30/1
f 2812/33/22 3030/36/23 3029/27/23 2809/26/22
f 2805/37/22 3031/40/23 3032/35/23 2806/34/22
f 2801/41/22 3034/44/23 3033/39/23 2802/38/22
f 2797/45/22 3035/48/23 3036/43/23 2798/42/22
f 2793/49/22 3038/52/23 3037/47/23 2794/46/22
f 2789/53/22 3039/56/23 3040/51/23 2790/50/22
f 2785/57/22 3042/60/23 3041/55/23 2786/54/22
f 2781/61/22 3043/64/23 3044/59/23 2782/58/22
f 2777/65/22 3046/68/23 3045/63/23 2778/62/22
f 2773/69/22 3047/72/23 3048/67/23 2774/66/22
f 2769/73/22 3050/76/23 3049/71/23 2770/70/22
f 2765/77/22 3051/80/23 3052/75/23 2766/74/22
f 2761/81/22 3054/84/23 3053/79/23 2762/78/22
f 2757/85/22 3055/88/23 3056/83/23 2758/82/22
f 2753/89/22 3058/92/23 3057/87/23 2754/86/22
f 2749/93/22 3059/96/23 3060/91/23 2750/90/22
f 2745/97/22 3062/100/23 3061/95/23 2746/94/22
f 2741/101/22 3063/104/23 3064/99/23 2742/98/22
f 2737/262/22 3066/265/23 3065/103/23 2738/102/22
f 2733/272/22 3067/275/23 3068/264/23 2734/263/22
f 3066/618/23 3064/619/23 3063/104/23 3065/103/23
f 3062/620/23 3060/621/23 3059/96/23 3061/95/23
f 3058/622/23 3056/623/23 3055/88/23 3057/87/23
f 3054/624/23 3052/625/23 3051/80/23 3053/79/23
f 3050/626/23 3048/627/23 3047/72/23 3049/71/23
f 3046/628/23 3044/629/23 3043/64/23 3045/63/23
f 3042/630/23 3040/631/23 3039/56/23 3041/55/23
f 3038/632/23 3036/633/23 3035/48/23 3037/47/23
f 3034/634/23 3032/635/23 3031/40/23 3033/39/23
f 3030/636/23 2905/637/23 2904/28/24 3029/27/23
f 3027/566/130 3021/561/125 3020/32/26 3028/31/25
f 3023/563/127 3015/558/134 3014/188/36 3019/187/35
f 3017/560/136 3009/555/150 3008/197/47 3018/196/46
f 3011/557/133 3004/552/128 3003/371/4 3012/370/105
f 3006/554/130 2999/549/125 2998/365/26 3002/364/25
f 3001/551/127 2993/546/122 2992/203/50 2997/202/35
f 2995/548/124 2987/543/119 2986/212/56 2996/211/55
f 2989/545/121 2982/540/128 2981/319/4 2990/318/7
f 2984/542/130 2977/537/125 2976/315/26 2980/314/25
f 2979/539/127 2971/534/122 2970/218/50 2975/217/35
f 2973/536/124 2965/531/119 2964/231/154 2974/230/153
f 2967/533/121 2960/528/128 2959/24/4 2968/23/7
f 2962/530/130 2955/525/125 2954/261/26 2958/260/25
f 2957/527/127 2949/522/122 2948/237/50 2953/236/35
f 2951/524/124 2943/248/119 2942/247/56 2952/246/55
f 2945/521/121 2938/517/128 2937/308/4 2946/307/7
f 2940/519/130 2933/514/125 2932/301/26 2936/300/25
f 2935/516/127 2927/512/122 2926/253/50 2931/252/35
f 2929/266/124 2921/509/119 2920/267/56 2930/266/55
f 2923/511/121 2917/507/8 2916/8/8 2924/7/7
f 2909/638/3 3025/564/128 3024/4/4 2910/3/3
f 2913/639/23 3068/640/23 3067/275/23 2914/274/66
s 0
f 2912/192/41 3066/192/41 3068/192/41
f 2912/192/41 3068/192/41 2913/192/41
f 2918/192/137 2912/192/137 2915/192/137
f 2912/192/137 2911/192/137 2915/192/137
f 2911/192/138 2912/192/138 2913/192/138
f 2911/192/138 2913/192/138 2914/192/138
f 3030/192/41 2906/192/41 2905/192/41
s 1
f 3096/329/1 3098/328/1 3097/641/11 3093/642/11
f 3103/356/2 3105/355/5 3104/643/51 3101/644/10
f 3109/282/2 3111/281/5 3110/645/51 3107/646/10
f 3115/286/2 3117/285/5 3116/647/51 3113/648/10
f 3121/290/2 3123/289/5 3122/649/51 3119/650/10
f 3123/289/5 3126/292/71 3125/327/54 3124/326/14
f 3120/20/20 3128/19/19 3130/291/70 3121/290/2
f 3117/285/5 3132/288/71 3131/245/54 3118/244/14
f 3114/323/20 3134/322/19 3136/287/70 3115/286/2
f 3111/281/5 3138/284/71 3137/229/54 3112/228/14
f 3108/309/20 3140/311/19 3142/283/70 3109/282/2
f 3105/355/5 3144/358/71 3143/210/54 3106/209/14
f 3102/296/20 3146/295/19 3148/357/70 3103/356/2
f 3098/328/1 3150/331/72 3149/297/72 3099/194/1
f 3095/349/1 3153/348/72 3156/330/72 3096/329/1
f 3155/199/60 3151/352/60 3150/331/72 3156/330/72
f 3147/214/58 3145/213/57 3144/358/71 3148/357/70
f 3141/233/58 3139/232/57 3138/284/71 3142/283/70
f 3135/249/58 3133/248/57 3132/288/71 3136/287/70
f 3129/266/58 3127/267/57 3126/292/71 3130/291/70
f 2862/219/37 3110/222/51 3112/570/14 2863/481/43
f 3139/232/57 2964/231/154 2963/226/53 3137/229/54
f 3157/224/61 3152/223/60 3151/352/60 3158/351/95
f 3206/343/107 3013/343/106 3018/196/46 3207/199/49
f 2974/230/153 3141/233/58 3140/311/19 2969/310/18
f 3107/221/10 2859/220/158 2858/569/17 3108/569/20
f 2894/17/17 3120/20/20 3119/651/10 2895/500/38
f 3124/326/14 2902/325/43 2901/652/37 3122/503/51
f 3171/276/67 3097/189/11 3100/359/11 3167/359/101
f 2840/293/17 3102/296/20 3101/467/10 2841/467/38
f 3106/209/14 2845/209/43 2844/653/37 3104/653/51
f 3216/191/39 2823/190/158 2822/278/17 3217/278/92
f 2880/238/37 3116/241/51 3118/573/14 2881/491/43
f 3133/248/57 2942/247/56 2941/242/53 3131/245/54
f 2919/324/53 3125/327/54 3127/267/57 2920/267/56
f 3128/19/19 2925/18/18 2930/266/55 3129/266/58
f 2952/246/55 3135/249/58 3134/322/19 2947/321/18
f 3113/240/10 2877/239/38 2876/571/17 3114/571/20
f 3145/213/57 2986/212/56 2985/208/53 3143/210/54
f 3146/295/19 2991/294/18 2996/211/55 3147/214/58
f 3230/332/77 3160/297/78 3159/340/86 3226/340/85
f 3154/303/60 3162/302/74 3166/350/94 3155/199/60
f 3236/189/37 3170/335/80 3169/359/44 3237/359/43
f 3093/191/11 3173/190/68 3172/278/69 3094/277/11
f 3173/190/68 3171/276/67 3170/335/80 3174/191/79
f 3163/354/99 3176/353/98 3175/342/92 3164/347/91
f 3158/351/95 3166/350/94 3165/341/87 3159/340/86
f 3168/337/82 3161/336/81 3160/297/78 3169/334/44
f 3179/342/20 3181/344/89 3180/347/93 3177/342/2
f 3181/344/89 3184/343/88 3183/302/76 3182/304/75
f 3178/280/10 3186/279/9 3188/278/33 3179/278/20
f 3184/343/88 3188/342/33 3187/342/21 3185/347/100
f 3094/277/11 3178/280/10 3177/278/2 3095/278/1
f 3182/304/75 3154/303/60 3153/348/72 3180/347/93
f 3162/302/74 3183/302/76 3185/347/100 3163/354/99
f 3186/279/9 3172/278/69 3176/278/98 3187/278/21
f 3189/195/5 3192/193/73 3194/193/97 3190/195/14
f 3197/193/96 3194/193/97 3193/223/63 3195/225/62
f 3198/359/64 3191/360/51 3190/359/14 3199/359/13
f 3199/195/13 3197/193/96 3196/338/83 3200/195/65
f 3161/336/81 3196/338/83 3195/225/62 3157/224/61
f 3192/193/73 3149/297/72 3152/223/60 3193/223/63
f 3167/359/101 3198/359/64 3200/578/65 3168/359/82
f 3099/194/1 3189/195/5 3191/577/51 3100/577/11
f 3164/347/91 3201/346/90 3205/339/159 3165/341/87
f 3203/302/111 3209/377/110 3208/339/112 3204/378/115
f 3174/191/79 3211/191/38 3215/279/17 3175/278/92
f 3212/379/27 3220/191/68 3219/278/69 3213/372/29
f 3007/193/42 3222/193/45 3221/198/48 3008/197/47
f 3224/373/109 3228/224/108 3227/352/114 3225/197/113
f 2826/189/37 3231/189/80 3235/359/44 2827/359/43
f 3232/189/67 3240/276/28 3239/382/30 3233/381/101
f 3234/195/82 3223/383/116 3222/193/45 3235/195/44
f 3237/333/43 3230/332/77 3229/366/103 3238/334/6
f 3225/197/113 3208/339/112 3207/199/49 3221/198/48
f 3226/340/85 3205/339/159 3204/378/115 3227/352/114
f 3210/343/102 3218/345/98 3217/345/92 3206/343/107
f 3201/346/90 3215/345/17 3214/353/34 3202/367/104
f 3220/191/68 3232/189/67 3231/189/80 3216/191/39
f 3211/191/38 3236/189/37 3240/276/28 3212/379/27
f 3243/375/89 3245/361/88 3244/302/76 3241/304/75
f 3247/372/10 3250/280/9 3252/372/33 3248/278/20
f 3245/361/88 3252/374/33 3251/342/21 3246/361/100
f 3242/347/93 3249/342/2 3248/376/20 3243/375/89
f 3209/377/110 3244/302/76 3246/361/100 3210/343/102
f 3250/280/9 3219/278/69 3218/278/98 3251/278/21
f 3202/367/104 3242/347/93 3241/304/75 3203/302/111
f 3213/372/29 3247/372/10 3249/278/2 3214/278/34
f 3255/380/96 3257/297/97 3256/224/63 3253/224/62
f 3259/359/64 3262/359/51 3264/578/14 3260/359/13
f 3260/194/13 3255/380/96 3254/384/83 3261/195/65
f 3263/195/5 3258/297/73 3257/297/97 3264/195/14
f 3233/381/101 3259/359/64 3261/360/65 3234/359/82
f 3253/224/62 3224/373/109 3223/383/116 3254/384/83
f 3228/224/108 3256/224/63 3258/297/73 3229/366/103
f 3262/359/51 3239/382/30 3238/360/6 3263/359/5
s 0
f 2907/192/139 2903/192/139 2906/192/139
f 2907/192/139 2906/192/139 2908/192/139
f 2903/192/140 2904/192/140 2905/192/140
f 2903/192/140 2905/192/140 2906/192/140
f 2906/192/141 3022/192/141 3021/192/141
f 2988/192/41 3044/192/41 3046/192/41
f 2983/192/41 2988/192/41 3046/192/41
f 2972/192/41 3048/192/41 3050/192/41
f 2950/192/41 3056/192/41 3058/192/41
f 3052/192/41 2961/192/41 2966/192/41
f 3038/192/52 3040/192/52 2999/192/52
f 2965/192/52 3050/192/52 3052/192/52
f 2955/192/52 3054/192/52 3056/192/52
f 2918/192/41 2922/192/41 2912/192/41
f 2961/192/41 3052/192/41 3054/192/41
f 2917/192/41 2922/192/41 2918/192/41
f 3048/192/59 2978/192/59 2977/192/59
f 2917/192/41 2923/192/41 2922/192/41
f 2928/192/142 2912/192/142 2921/192/142
f 3040/192/41 2994/192/41 3000/192/41
f 2921/192/143 2929/192/143 2928/192/143
f 2927/192/41 2934/192/41 2928/192/41
f 3060/192/59 2944/192/59 2943/192/59
f 2927/192/41 2935/192/41 2934/192/41
f 3038/192/52 2999/192/52 3006/192/52
f 3034/192/52 3009/192/52 3017/192/52
f 2939/192/144 3062/192/144 2940/192/144
f 2938/192/41 2944/192/41 2939/192/41
f 3048/192/41 2972/192/41 2978/192/41
f 2938/192/41 2945/192/41 2944/192/41
f 3062/192/52 2933/192/52 2940/192/52
f 2950/192/144 3058/192/144 2951/192/144
f 2949/192/41 2956/192/41 2950/192/41
f 3056/192/41 2950/192/41 2956/192/41
f 2949/192/41 2957/192/41 2956/192/41
f 3050/192/52 2965/192/52 2973/192/52
f 2906/192/41 3030/192/41 3032/192/41
f 2961/192/144 3054/192/144 2962/192/144
f 2960/192/41 2966/192/41 2961/192/41
f 2994/192/41 3040/192/41 3042/192/41
f 2960/192/41 2967/192/41 2966/192/41
f 3042/192/52 2987/192/52 2995/192/52
f 3058/192/52 3060/192/52 2943/192/52
f 2972/192/144 3050/192/144 2973/192/144
f 2971/192/41 2978/192/41 2972/192/41
f 3005/192/41 3036/192/41 3038/192/41
f 2971/192/41 2979/192/41 2978/192/41
f 3054/192/52 2955/192/52 2962/192/52
f 2939/192/41 3060/192/41 3062/192/41
f 2983/192/144 3046/192/144 2984/192/144
f 2982/192/41 2988/192/41 2983/192/41
f 3060/192/41 2939/192/41 2944/192/41
f 2982/192/41 2989/192/41 2988/192/41
f 3040/192/59 3000/192/59 2999/192/59
f 3058/192/52 2943/192/52 2951/192/52
f 2994/192/144 3042/192/144 2995/192/144
f 2993/192/41 3000/192/41 2994/192/41
f 2912/192/156 2922/192/156 2921/192/156
f 2993/192/41 3001/192/41 3000/192/41
f 3046/192/52 3048/192/52 2984/192/52
f 2906/192/41 3034/192/41 3016/192/41
f 3005/192/144 3038/192/144 3006/192/144
f 3004/192/41 3010/192/41 3005/192/41
f 2906/192/41 3016/192/41 3022/192/41
f 3004/192/41 3011/192/41 3010/192/41
f 2934/192/59 2933/192/59 3064/192/59
f 3034/192/52 3036/192/52 3009/192/52
f 3016/192/144 3034/192/144 3017/192/144
f 3015/192/41 3022/192/41 3016/192/41
f 3048/192/52 2977/192/52 2984/192/52
f 3015/192/41 3023/192/41 3022/192/41
f 3026/192/161 2906/192/161 3021/192/161
f 2908/192/41 2906/192/41 3026/192/41
f 3021/192/143 3027/192/143 3026/192/143
f 3025/192/41 2908/192/41 3026/192/41
f 3025/192/41 2909/192/41 2908/192/41
f 3036/192/41 3005/192/41 3010/192/41
s 1
f 3357/1/1 3268/2/2 3454/3/3 3568/4/4
f 3274/5/5 3442/6/6 3468/7/7 3460/8/8
f 3266/9/9 3269/10/10 3360/11/11 3354/12/12
f 3272/13/13 3275/14/14 3459/15/15 3455/16/16
f 3438/17/17 3469/18/18 3672/19/19 3664/20/20
f 3411/21/1 3408/22/6 3512/23/7 3503/24/4
f 3267/25/21 3353/26/22 3573/27/23 3448/28/24
f 3361/29/1 3358/30/1 3572/31/25 3564/32/26
f 3356/33/22 3350/34/22 3576/35/23 3574/36/23
f 3349/37/22 3346/38/22 3577/39/23 3575/40/23
f 3345/41/22 3342/42/22 3580/43/23 3578/44/23
f 3341/45/22 3338/46/22 3581/47/23 3579/48/23
f 3337/49/22 3334/50/22 3584/51/23 3582/52/23
f 3333/53/22 3330/54/22 3585/55/23 3583/56/23
f 3329/57/22 3326/58/22 3588/59/23 3586/60/23
f 3325/61/22 3322/62/22 3589/63/23 3587/64/23
f 3321/65/22 3318/66/22 3592/67/23 3590/68/23
f 3317/69/22 3314/70/22 3593/71/23 3591/72/23
f 3313/73/22 3310/74/22 3596/75/23 3594/76/23
f 3309/77/22 3306/78/22 3597/79/23 3595/80/23
f 3305/81/22 3302/82/22 3600/83/23 3598/84/23
f 3301/85/22 3298/86/22 3601/87/23 3599/88/23
f 3297/89/22 3294/90/22 3604/91/23 3602/92/23
f 3293/93/22 3290/94/22 3605/95/23 3603/96/23
f 3289/97/22 3286/98/22 3608/99/23 3606/100/23
f 3285/101/22 3282/102/22 3609/103/23 3607/104/23
f 3284/105/12 3440/106/27 3444/107/28 3279/108/12
f 3288/109/12 3435/110/11 3441/111/29 3283/112/12
f 3292/113/12 3431/114/11 3436/115/11 3287/116/12
f 3296/117/12 3427/118/30 3432/119/11 3291/120/12
f 3300/121/12 3422/122/27 3428/123/28 3295/124/12
f 3304/125/12 3417/126/11 3423/127/29 3299/128/12
f 3308/129/12 3413/130/11 3418/131/11 3303/132/12
f 3312/133/12 3409/134/30 3414/135/11 3307/136/12
f 3316/137/12 3404/138/27 3410/139/28 3311/140/12
f 3320/141/12 3399/142/11 3405/143/29 3315/144/12
f 3324/145/12 3395/146/11 3400/147/11 3319/148/12
f 3328/149/12 3391/150/30 3396/151/11 3323/152/12
f 3332/153/12 3386/154/27 3392/155/157 3327/156/12
f 3336/157/12 3381/158/11 3387/159/29 3331/160/12
f 3340/161/12 3377/162/11 3382/163/11 3335/164/12
f 3344/165/12 3373/166/30 3378/167/11 3339/168/12
f 3348/169/12 3368/170/27 3374/171/28 3343/172/12
f 3352/173/12 3363/174/11 3369/175/29 3347/176/12
f 3355/177/12 3359/178/11 3364/179/11 3351/180/12
f 3447/181/31 3451/182/32 3270/183/20 3265/184/33
f 3365/185/34 3362/186/1 3563/187/35 3558/188/36
f 3370/189/37 3367/190/158 3760/191/39 3775/189/80
s 0
f 3472/192/41 3478/192/41 3456/192/41
s 1
f 3551/193/42 3371/194/43 3779/195/44 3766/193/45
f 3562/196/46 3552/197/47 3765/198/48 3751/199/49
f 3383/200/34 3380/201/1 3541/202/35 3536/203/50
f 3388/204/37 3385/205/38 3645/206/10 3648/207/51
s 0
f 3531/192/52 3586/192/52 3588/192/52
s 1
f 3529/208/53 3389/209/43 3650/209/14 3687/210/54
f 3540/211/55 3530/212/56 3689/213/57 3691/214/58
f 3401/215/34 3398/216/1 3519/217/35 3514/218/50
f 3406/219/37 3403/220/158 3651/221/10 3654/222/51
s 0
f 3532/192/59 3531/192/59 3588/192/59
s 1
f 3696/223/60 3701/224/61 3739/225/62 3737/223/63
f 3507/226/53 3407/227/43 3656/228/14 3681/229/54
f 3518/230/153 3508/231/154 3683/232/57 3685/233/58
f 3419/234/34 3416/235/1 3497/236/35 3492/237/50
f 3424/238/37 3421/239/38 3657/240/10 3660/241/51
s 0
f 3580/192/59 3554/192/59 3553/192/59
s 1
f 3485/242/53 3425/243/43 3662/244/14 3675/245/54
f 3496/246/55 3486/247/56 3677/248/57 3679/249/58
f 3437/250/34 3434/251/1 3475/252/35 3470/253/50
f 3445/254/37 3439/255/38 3663/256/10 3666/257/51
s 0
f 3510/192/59 3509/192/59 3596/192/59
s 1
f 3415/258/1 3412/259/1 3502/260/25 3498/261/26
f 3281/262/22 3278/263/22 3612/264/23 3610/265/23
f 3474/266/55 3464/267/154 3671/267/57 3673/266/58
f 3280/268/12 3443/269/30 3276/270/51 3271/271/64
f 3277/272/22 3273/273/65 3458/274/66 3611/275/23
f 3715/276/67 3717/190/68 3637/191/11 3641/189/11
f 3638/277/11 3716/278/69 3730/279/9 3722/280/10
f 3655/281/5 3653/282/2 3686/283/70 3682/284/71
f 3661/285/5 3659/286/2 3680/287/70 3676/288/71
f 3667/289/5 3665/290/2 3674/291/70 3670/292/71
s 0
f 3500/192/59 3499/192/59 3600/192/59
s 1
f 3384/293/17 3535/294/18 3690/295/19 3646/296/20
f 3643/194/1 3693/297/72 3736/193/73 3733/195/5
f 3433/298/1 3430/299/1 3480/300/25 3476/301/26
f 3706/302/74 3698/303/60 3726/304/75 3727/302/76
s 0
f 3477/192/52 3606/192/52 3608/192/52
s 1
f 3429/305/1 3426/306/6 3490/307/7 3481/308/4
f 3402/309/17 3513/310/18 3684/311/19 3652/309/20
f 3397/312/1 3394/313/1 3524/314/25 3520/315/26
s 0
f 3478/192/41 3608/192/41 3456/192/41
s 1
f 3393/316/1 3390/317/6 3534/318/7 3525/319/4
s 0
f 3610/192/41 3456/192/41 3608/192/41
s 1
f 3420/320/17 3491/321/18 3678/322/19 3658/323/20
f 3463/324/53 3446/325/43 3668/326/14 3669/327/54
f 3642/328/1 3640/329/1 3700/330/72 3694/331/72
f 3774/332/77 3781/333/43 3713/334/44 3704/297/78
f 3780/189/37 3755/191/38 3718/191/79 3714/335/80
f 3705/336/81 3712/337/82 3744/195/65 3740/338/83
f 3749/339/84 3770/340/85 3703/340/86 3709/341/87
f 3732/342/33 3728/343/88 3725/344/89 3723/342/20
f 3759/345/17 3745/346/90 3708/347/91 3719/342/92
f 3697/348/72 3639/349/1 3721/342/2 3724/347/93
f 3710/350/94 3702/351/95 3695/352/60 3699/199/60
f 3741/193/96 3743/195/13 3734/195/14 3738/193/97
f 3720/353/98 3707/354/99 3729/347/100 3731/342/21
f 3649/355/5 3647/356/2 3692/357/70 3688/358/71
f 3711/359/101 3644/359/11 3735/360/51 3742/359/64
f 3762/345/98 3754/343/102 3790/361/100 3795/342/21
f 3379/362/1 3376/363/1 3546/364/25 3542/365/26
f 3782/334/6 3773/366/103 3802/297/73 3807/195/5
s 0
f 3578/192/41 3450/192/41 3576/192/41
s 1
f 3746/367/104 3758/353/34 3793/342/2 3786/347/93
f 3375/368/1 3372/369/6 3556/370/105 3547/371/4
f 3757/372/29 3763/278/69 3794/280/9 3791/372/10
f 3366/342/17 3557/343/106 3750/343/107 3761/345/92
f 3772/224/108 3768/373/109 3797/224/62 3800/224/63
f 3796/374/33 3789/361/88 3787/375/89 3792/376/20
f 3753/377/110 3747/302/111 3785/304/75 3788/302/76
f 3752/339/112 3769/197/113 3771/352/114 3748/378/115
f 3776/189/67 3764/191/68 3756/379/27 3784/276/28
f 3799/380/96 3804/194/13 3808/195/14 3801/297/97
f 3777/381/101 3783/382/30 3806/359/51 3803/359/64
f 3767/383/116 3778/195/82 3805/195/65 3798/384/83
f 3265/184/33 3266/385/9 3267/386/21
f 3268/2/2 3269/387/10 3270/388/20
f 3271/271/64 3272/389/13 3273/390/65
f 3274/5/5 3275/391/14 3276/392/51
f 3277/272/22 3278/393/22 3279/394/12 3280/395/12
f 3281/262/22 3282/396/22 3283/397/12 3284/398/12
f 3285/101/22 3286/399/22 3287/400/12 3288/401/12
f 3289/97/22 3290/402/22 3291/403/12 3292/404/12
f 3293/93/22 3294/405/22 3295/406/12 3296/407/12
f 3297/89/22 3298/408/22 3299/409/12 3300/410/12
f 3301/85/22 3302/411/22 3303/412/12 3304/413/12
f 3305/81/22 3306/414/22 3307/415/12 3308/416/12
f 3309/77/22 3310/417/22 3311/418/12 3312/419/12
f 3313/73/22 3314/420/22 3315/421/12 3316/422/12
f 3317/69/22 3318/423/22 3319/424/12 3320/425/12
f 3321/65/22 3322/426/22 3323/427/12 3324/428/12
f 3325/61/22 3326/429/22 3327/430/12 3328/431/12
f 3329/57/22 3330/432/22 3331/433/12 3332/434/12
f 3333/53/22 3334/435/22 3335/436/12 3336/437/12
f 3337/49/22 3338/438/22 3339/439/12 3340/440/12
f 3341/45/22 3342/441/22 3343/442/12 3344/443/12
f 3345/41/22 3346/444/22 3347/445/12 3348/446/12
f 3349/37/22 3350/447/22 3351/448/12 3352/449/12
f 3353/26/22 3354/450/12 3355/451/12 3356/452/22
f 3357/1/1 3358/453/1 3359/454/11 3360/455/11
f 3361/29/1 3362/456/1 3363/457/11 3364/458/11
f 3365/185/34 3366/342/17 3367/459/158 3368/459/27 3369/460/29
f 3370/189/37 3371/359/43 3372/359/6 3373/359/30 3374/189/28
f 3375/368/1 3376/461/1 3377/462/11 3378/463/11
f 3379/362/1 3380/464/1 3381/465/11 3382/466/11
f 3383/200/34 3384/296/17 3385/467/38 3386/468/27 3387/469/29
f 3388/204/37 3389/470/43 3390/470/6 3391/470/30 3392/471/157
f 3393/316/1 3394/472/1 3395/473/11 3396/474/11
f 3397/312/1 3398/475/1 3399/476/11 3400/477/11
f 3401/215/34 3402/478/17 3403/479/158 3404/479/27 3405/480/29
f 3406/219/37 3407/481/43 3408/481/6 3409/481/30 3410/219/28
f 3411/21/1 3412/482/1 3413/483/11 3414/484/11
f 3415/258/1 3416/485/1 3417/486/11 3418/487/11
f 3419/234/34 3420/320/17 3421/488/38 3422/489/27 3423/490/29
f 3424/238/37 3425/491/43 3426/491/6 3427/491/30 3428/492/28
f 3429/305/1 3430/493/1 3431/494/11 3432/495/11
f 3433/298/1 3434/496/1 3435/497/11 3436/498/11
f 3437/250/34 3438/499/17 3439/500/38 3440/500/27 3441/501/29
f 3442/6/6 3443/502/30 3444/503/28 3445/503/37 3446/326/43
f 3451/182/32 3452/504/117 3453/505/3 3454/506/3
f 3459/15/15 3460/8/8 3461/507/8 3462/508/118
f 3463/324/53 3464/267/154 3465/509/119 3466/510/120 3467/511/121 3468/7/7
f 3469/18/18 3470/253/50 3471/512/122 3472/513/123 3473/266/124 3474/266/55
f 3475/252/35 3476/301/26 3477/514/125 3478/515/126 3479/516/127
f 3480/300/25 3481/308/4 3482/517/128 3483/518/129 3484/519/130
f 3485/242/53 3486/247/56 3487/248/119 3488/520/120 3489/521/121 3490/307/7
f 3491/321/18 3492/237/50 3493/522/122 3494/523/123 3495/524/124 3496/246/55
f 3497/236/35 3498/261/26 3499/525/125 3500/526/126 3501/527/127
f 3502/260/25 3503/24/4 3504/528/128 3505/529/129 3506/530/130
f 3507/226/53 3508/231/154 3509/531/119 3510/532/120 3511/533/121 3512/23/7
f 3513/310/18 3514/218/50 3515/534/122 3516/535/123 3517/536/124 3518/230/153
f 3519/217/35 3520/315/26 3521/537/125 3522/538/126 3523/539/127
f 3524/314/25 3525/319/4 3526/540/128 3527/541/129 3528/542/130
f 3529/208/53 3530/212/56 3531/543/119 3532/544/160 3533/545/121 3534/318/7
f 3535/294/18 3536/203/50 3537/546/122 3538/547/123 3539/548/124 3540/211/55
f 3541/202/35 3542/365/26 3543/549/125 3544/550/126 3545/551/127
f 3546/364/25 3547/371/4 3548/552/128 3549/553/129 3550/554/130
f 3551/193/42 3552/197/47 3553/555/150 3554/556/132 3555/557/133 3556/370/105
f 3557/343/106 3558/188/36 3559/558/134 3560/559/135 3561/560/136 3562/196/46
f 3563/187/35 3564/32/26 3565/561/125 3566/562/126 3567/563/127
f 3568/4/4 3569/564/128 3570/565/129 3571/566/130 3572/31/25
f 3637/191/11 3638/278/11 3639/278/1 3640/191/1
f 3641/189/11 3642/567/1 3643/359/1 3644/359/11
f 3645/206/10 3646/568/20 3647/206/2
f 3648/207/51 3649/471/5 3650/470/14
f 3651/221/10 3652/569/20 3653/221/2
f 3654/222/51 3655/222/5 3656/570/14
f 3657/240/10 3658/571/20 3659/239/2
f 3660/241/51 3661/572/5 3662/573/14
f 3663/256/10 3664/574/20 3665/575/2
f 3666/257/51 3667/257/5 3668/576/14
f 3669/327/54 3670/292/71 3671/267/57
f 3672/19/19 3673/266/58 3674/291/70
f 3675/245/54 3676/288/71 3677/248/57
f 3678/322/19 3679/249/58 3680/287/70
f 3681/229/54 3682/284/71 3683/232/57
f 3684/311/19 3685/233/58 3686/283/70
f 3687/210/54 3688/358/71 3689/213/57
f 3690/295/19 3691/214/58 3692/357/70
f 3693/297/72 3694/331/72 3695/352/60 3696/223/60
f 3697/348/72 3698/303/60 3699/199/60 3700/330/72
f 3701/224/61 3702/351/95 3703/340/86 3704/297/78 3705/336/81
f 3706/302/74 3707/354/99 3708/347/91 3709/341/87 3710/350/94
f 3711/359/101 3712/359/82 3713/359/44 3714/359/80 3715/359/67
f 3716/278/69 3717/278/68 3718/278/79 3719/278/92 3720/278/98
f 3721/342/2 3722/459/10 3723/345/20
f 3724/347/93 3725/344/89 3726/304/75
f 3727/302/76 3728/343/88 3729/347/100
f 3730/279/9 3731/278/21 3732/278/33
f 3733/195/5 3734/195/14 3735/577/51
f 3736/193/73 3737/223/63 3738/193/97
f 3739/225/62 3740/338/83 3741/193/96
f 3742/359/64 3743/359/13 3744/578/65
f 3745/346/90 3746/367/104 3747/302/111 3748/378/115 3749/339/84
f 3750/343/107 3751/199/49 3752/339/112 3753/377/110 3754/343/102
f 3755/191/38 3756/191/27 3757/278/29 3758/278/34 3759/279/17
f 3760/191/39 3761/278/92 3762/278/98 3763/278/69 3764/191/68
f 3765/198/48 3766/193/45 3767/383/116 3768/373/109 3769/197/113
f 3770/340/85 3771/352/114 3772/224/108 3773/366/103 3774/332/77
f 3775/189/80 3776/567/67 3777/359/101 3778/359/82 3779/359/44
f 3780/189/37 3781/359/43 3782/359/6 3783/359/30 3784/189/28
f 3785/304/75 3786/347/93 3787/375/89
f 3788/302/76 3789/361/88 3790/361/100
f 3791/372/10 3792/278/20 3793/278/2
f 3794/280/9 3795/278/21 3796/372/33
f 3797/224/62 3798/384/83 3799/380/96
f 3800/224/63 3801/297/97 3802/297/73
f 3803/359/64 3804/359/13 3805/360/65
f 3806/359/51 3807/359/5 3808/578/14
f 3454/3/3 3268/2/2 3270/388/20 3451/579/32
f 3269/10/10 3266/9/9 3265/184/33 3270/183/20
f 3353/26/22 3267/25/21 3266/580/9 3354/450/12
f 3442/6/6 3274/5/5 3276/392/51 3443/502/30
f 3275/14/14 3272/13/13 3271/271/64 3276/270/51
f 3458/274/66 3273/273/65 3272/13/13 3455/16/16
f 3273/273/65 3277/272/22 3280/395/12 3271/581/64
f 3278/263/22 3281/262/22 3284/398/12 3279/582/12
f 3282/102/22 3285/101/22 3288/401/12 3283/583/12
f 3286/98/22 3289/97/22 3292/404/12 3287/584/12
f 3290/94/22 3293/93/22 3296/407/12 3291/585/12
f 3294/90/22 3297/89/22 3300/410/12 3295/586/12
f 3298/86/22 3301/85/22 3304/413/12 3299/587/12
f 3302/82/22 3305/81/22 3308/416/12 3303/588/12
f 3306/78/22 3309/77/22 3312/419/12 3307/589/12
f 3310/74/22 3313/73/22 3316/422/12 3311/590/12
f 3314/70/22 3317/69/22 3320/425/12 3315/591/12
f 3318/66/22 3321/65/22 3324/428/12 3319/592/12
f 3322/62/22 3325/61/22 3328/431/12 3323/593/12
f 3326/58/22 3329/57/22 3332/434/12 3327/594/12
f 3330/54/22 3333/53/22 3336/437/12 3331/595/12
f 3334/50/22 3337/49/22 3340/440/12 3335/596/12
f 3338/46/22 3341/45/22 3344/443/12 3339/597/12
f 3342/42/22 3345/41/22 3348/446/12 3343/598/12
f 3346/38/22 3349/37/22 3352/449/12 3347/599/12
f 3350/34/22 3356/33/22 3355/600/12 3351/601/12
f 3268/2/2 3357/1/1 3360/455/11 3269/387/10
f 3358/30/1 3361/29/1 3364/458/11 3359/602/11
f 3362/186/1 3365/185/34 3369/460/29 3363/603/11
f 3367/190/158 3370/189/37 3374/171/28 3368/170/27
f 3372/369/6 3375/368/1 3378/463/11 3373/604/30
f 3376/363/1 3379/362/1 3382/466/11 3377/605/11
f 3380/201/1 3383/200/34 3387/469/29 3381/606/11
f 3385/205/38 3388/204/37 3392/155/157 3386/154/27
f 3390/317/6 3393/316/1 3396/474/11 3391/607/30
f 3394/313/1 3397/312/1 3400/477/11 3395/608/11
f 3398/216/1 3401/215/34 3405/480/29 3399/609/11
f 3403/220/158 3406/219/37 3410/139/28 3404/138/27
f 3408/22/6 3411/21/1 3414/484/11 3409/610/30
f 3412/259/1 3415/258/1 3418/487/11 3413/611/11
f 3416/235/1 3419/234/34 3423/490/29 3417/612/11
f 3421/239/38 3424/238/37 3428/123/28 3422/122/27
f 3426/306/6 3429/305/1 3432/495/11 3427/613/30
f 3430/299/1 3433/298/1 3436/498/11 3431/614/11
f 3434/251/1 3437/250/34 3441/501/29 3435/615/11
f 3439/255/38 3445/254/37 3444/107/28 3440/106/27
f 3359/178/11 3355/177/12 3354/12/12 3360/11/11
f 3363/174/11 3352/173/12 3351/180/12 3364/179/11
f 3368/170/27 3348/169/12 3347/176/12 3369/175/29
f 3373/166/30 3344/165/12 3343/172/12 3374/171/28
f 3377/162/11 3340/161/12 3339/168/12 3378/167/11
f 3381/158/11 3336/157/12 3335/164/12 3382/163/11
f 3386/154/27 3332/153/12 3331/160/12 3387/159/29
f 3391/150/30 3328/149/12 3327/156/12 3392/155/157
f 3395/146/11 3324/145/12 3323/152/12 3396/151/11
f 3399/142/11 3320/141/12 3319/148/12 3400/147/11
f 3404/138/27 3316/137/12 3315/144/12 3405/143/29
f 3409/134/30 3312/133/12 3311/140/12 3410/139/28
f 3413/130/11 3308/129/12 3307/136/12 3414/135/11
f 3417/126/11 3304/125/12 3303/132/12 3418/131/11
f 3422/122/27 3300/121/12 3299/128/12 3423/127/29
f 3427/118/30 3296/117/12 3295/124/12 3428/123/28
f 3431/114/11 3292/113/12 3291/120/12 3432/119/11
f 3435/110/11 3288/109/12 3287/116/12 3436/115/11
f 3440/106/27 3284/105/12 3283/112/12 3441/111/29
f 3443/269/30 3280/268/12 3279/108/12 3444/107/28
f 3267/25/21 3448/28/24 3447/616/31 3265/617/33
f 3274/5/5 3460/8/8 3459/15/15 3275/14/14
f 3446/325/43 3463/324/53 3468/7/7 3442/6/6
f 3437/250/34 3470/253/50 3469/18/18 3438/17/17
f 3433/298/1 3476/301/26 3475/252/35 3434/251/1
f 3429/305/1 3481/308/4 3480/300/25 3430/299/1
f 3425/243/43 3485/242/53 3490/307/7 3426/306/6
f 3419/234/34 3492/237/50 3491/321/18 3420/320/17
f 3415/258/1 3498/261/26 3497/236/35 3416/235/1
f 3411/21/1 3503/24/4 3502/260/25 3412/259/1
f 3407/227/43 3507/226/53 3512/23/7 3408/22/6
f 3401/215/34 3514/218/50 3513/310/18 3402/309/17
f 3397/312/1 3520/315/26 3519/217/35 3398/216/1
f 3393/316/1 3525/319/4 3524/314/25 3394/313/1
f 3389/209/43 3529/208/53 3534/318/7 3390/317/6
f 3383/200/34 3536/203/50 3535/294/18 3384/293/17
f 3379/362/1 3542/365/26 3541/202/35 3380/201/1
f 3375/368/1 3547/371/4 3546/364/25 3376/363/1
f 3371/194/43 3551/193/42 3556/370/105 3372/369/6
f 3365/185/34 3558/188/36 3557/343/106 3366/342/17
f 3361/29/1 3564/32/26 3563/187/35 3362/186/1
f 3357/1/1 3568/4/4 3572/31/25 3358/30/1
f 3356/33/22 3574/36/23 3573/27/23 3353/26/22
f 3349/37/22 3575/40/23 3576/35/23 3350/34/22
f 3345/41/22 3578/44/23 3577/39/23 3346/38/22
f 3341/45/22 3579/48/23 3580/43/23 3342/42/22
f 3337/49/22 3582/52/23 3581/47/23 3338/46/22
f 3333/53/22 3583/56/23 3584/51/23 3334/50/22
f 3329/57/22 3586/60/23 3585/55/23 3330/54/22
f 3325/61/22 3587/64/23 3588/59/23 3326/58/22
f 3321/65/22 3590/68/23 3589/63/23 3322/62/22
f 3317/69/22 3591/72/23 3592/67/23 3318/66/22
f 3313/73/22 3594/76/23 3593/71/23 3314/70/22
f 3309/77/22 3595/80/23 3596/75/23 3310/74/22
f 3305/81/22 3598/84/23 3597/79/23 3306/78/22
f 3301/85/22 3599/88/23 3600/83/23 3302/82/22
f 3297/89/22 3602/92/23 3601/87/23 3298/86/22
f 3293/93/22 3603/96/23 3604/91/23 3294/90/22
f 3289/97/22 3606/100/23 3605/95/23 3290/94/22
f 3285/101/22 3607/104/23 3608/99/23 3286/98/22
f 3281/262/22 3610/265/23 3609/103/23 3282/102/22
f 3277/272/22 3611/275/23 3612/264/23 3278/263/22
f 3610/618/23 3608/619/23 3607/104/23 3609/103/23
f 3606/620/23 3604/621/23 3603/96/23 3605/95/23
f 3602/622/23 3600/623/23 3599/88/23 3601/87/23
f 3598/624/23 3596/625/23 3595/80/23 3597/79/23
f 3594/626/23 3592/627/23 3591/72/23 3593/71/23
f 3590/628/23 3588/629/23 3587/64/23 3589/63/23
f 3586/630/23 3584/631/23 3583/56/23 3585/55/23
f 3582/632/23 3580/633/23 3579/48/23 3581/47/23
f 3578/634/23 3576/635/23 3575/40/23 3577/39/23
f 3574/636/23 3449/637/23 3448/28/24 3573/27/23
f 3571/566/130 3565/561/125 3564/32/26 3572/31/25
f 3567/563/127 3559/558/134 3558/188/36 3563/187/35
f 3561/560/136 3553/555/150 3552/197/47 3562/196/46
f 3555/557/133 3548/552/128 3547/371/4 3556/370/105
f 3550/554/130 3543/549/125 3542/365/26 3546/364/25
f 3545/551/127 3537/546/122 3536/203/50 3541/202/35
f 3539/548/124 3531/543/119 3530/212/56 3540/211/55
f 3533/545/121 3526/540/128 3525/319/4 3534/318/7
f 3528/542/130 3521/537/125 3520/315/26 3524/314/25
f 3523/539/127 3515/534/122 3514/218/50 3519/217/35
f 3517/536/124 3509/531/119 3508/231/154 3518/230/153
f 3511/533/121 3504/528/128 3503/24/4 3512/23/7
f 3506/530/130 3499/525/125 3498/261/26 3502/260/25
f 3501/527/127 3493/522/122 3492/237/50 3497/236/35
f 3495/524/124 3487/248/119 3486/247/56 3496/246/55
f 3489/521/121 3482/517/128 3481/308/4 3490/307/7
f 3484/519/130 3477/514/125 3476/301/26 3480/300/25
f 3479/516/127 3471/512/122 3470/253/50 3475/252/35
f 3473/266/124 3465/509/119 3464/267/154 3474/266/55
f 3467/511/121 3461/507/8 3460/8/8 3468/7/7
f 3453/638/3 3569/564/128 3568/4/4 3454/3/3
f 3457/639/23 3612/640/23 3611/275/23 3458/274/66
s 0
f 3456/192/41 3610/192/41 3612/192/41
f 3456/192/41 3612/192/41 3457/192/41
f 3462/192/137 3456/192/137 3459/192/137
f 3456/192/137 3455/192/137 3459/192/137
f 3455/192/138 3456/192/138 3457/192/138
f 3455/192/138 3457/192/138 3458/192/138
f 3574/192/41 3450/192/41 3449/192/41
s 1
f 3640/329/1 3642/328/1 3641/641/11 3637/642/11
f 3647/356/2 3649/355/5 3648/643/51 3645/644/10
f 3653/282/2 3655/281/5 3654/645/51 3651/646/10
f 3659/286/2 3661/285/5 3660/647/51 3657/648/10
f 3665/290/2 3667/289/5 3666/649/51 3663/650/10
f 3667/289/5 3670/292/71 3669/327/54 3668/326/14
f 3664/20/20 3672/19/19 3674/291/70 3665/290/2
f 3661/285/5 3676/288/71 3675/245/54 3662/244/14
f 3658/323/20 3678/322/19 3680/287/70 3659/286/2
f 3655/281/5 3682/284/71 3681/229/54 3656/228/14
f 3652/309/20 3684/311/19 3686/283/70 3653/282/2
f 3649/355/5 3688/358/71 3687/210/54 3650/209/14
f 3646/296/20 3690/295/19 3692/357/70 3647/356/2
f 3642/328/1 3694/331/72 3693/297/72 3643/194/1
f 3639/349/1 3697/348/72 3700/330/72 3640/329/1
f 3699/199/60 3695/352/60 3694/331/72 3700/330/72
f 3691/214/58 3689/213/57 3688/358/71 3692/357/70
f 3685/233/58 3683/232/57 3682/284/71 3686/283/70
f 3679/249/58 3677/248/57 3676/288/71 3680/287/70
f 3673/266/58 3671/267/57 3670/292/71 3674/291/70
f 3406/219/37 3654/222/51 3656/570/14 3407/481/43
f 3683/232/57 3508/231/154 3507/226/53 3681/229/54
f 3701/224/61 3696/223/60 3695/352/60 3702/351/95
f 3750/343/107 3557/343/106 3562/196/46 3751/199/49
f 3518/230/153 3685/233/58 3684/311/19 3513/310/18
f 3651/221/10 3403/220/158 3402/569/17 3652/569/20
f 3438/17/17 3664/20/20 3663/651/10 3439/500/38
f 3668/326/14 3446/325/43 3445/652/37 3666/503/51
f 3715/276/67 3641/189/11 3644/359/11 3711/359/101
f 3384/293/17 3646/296/20 3645/467/10 3385/467/38
f 3650/209/14 3389/209/43 3388/653/37 3648/653/51
f 3760/191/39 3367/190/158 3366/278/17 3761/278/92
f 3424/238/37 3660/241/51 3662/573/14 3425/491/43
f 3677/248/57 3486/247/56 3485/242/53 3675/245/54
f 3463/324/53 3669/327/54 3671/267/57 3464/267/154
f 3672/19/19 3469/18/18 3474/266/55 3673/266/58
f 3496/246/55 3679/249/58 3678/322/19 3491/321/18
f 3657/240/10 3421/239/38 3420/571/17 3658/571/20
f 3689/213/57 3530/212/56 3529/208/53 3687/210/54
f 3690/295/19 3535/294/18 3540/211/55 3691/214/58
f 3774/332/77 3704/297/78 3703/340/86 3770/340/85
f 3698/303/60 3706/302/74 3710/350/94 3699/199/60
f 3780/189/37 3714/335/80 3713/359/44 3781/359/43
f 3637/191/11 3717/190/68 3716/278/69 3638/277/11
f 3717/190/68 3715/276/67 3714/335/80 3718/191/79
f 3707/354/99 3720/353/98 3719/342/92 3708/347/91
f 3702/351/95 3710/350/94 3709/341/87 3703/340/86
f 3712/337/82 3705/336/81 3704/297/78 3713/334/44
f 3723/342/20 3725/344/89 3724/347/93 3721/342/2
f 3725/344/89 3728/343/88 3727/302/76 3726/304/75
f 3722/280/10 3730/279/9 3732/278/33 3723/278/20
f 3728/343/88 3732/342/33 3731/342/21 3729/347/100
f 3638/277/11 3722/280/10 3721/278/2 3639/278/1
f 3726/304/75 3698/303/60 3697/348/72 3724/347/93
f 3706/302/74 3727/302/76 3729/347/100 3707/354/99
f 3730/279/9 3716/278/69 3720/278/98 3731/278/21
f 3733/195/5 3736/193/73 3738/193/97 3734/195/14
f 3741/193/96 3738/193/97 3737/223/63 3739/225/62
f 3742/359/64 3735/360/51 3734/359/14 3743/359/13
f 3743/195/13 3741/193/96 3740/338/83 3744/195/65
f 3705/336/81 3740/338/83 3739/225/62 3701/224/61
f 3736/193/73 3693/297/72 3696/223/60 3737/223/63
f 3711/359/101 3742/359/64 3744/578/65 3712/359/82
f 3643/194/1 3733/195/5 3735/577/51 3644/577/11
f 3708/347/91 3745/346/90 3749/339/84 3709/341/87
f 3747/302/111 3753/377/110 3752/339/112 3748/378/115
f 3718/191/79 3755/191/38 3759/279/17 3719/278/92
f 3756/379/27 3764/191/68 3763/278/69 3757/372/29
f 3551/193/42 3766/193/45 3765/198/48 3552/197/47
f 3768/373/109 3772/224/108 3771/352/114 3769/197/113
f 3370/189/37 3775/189/80 3779/359/44 3371/359/43
f 3776/189/67 3784/276/28 3783/382/30 3777/381/101
f 3778/195/82 3767/383/116 3766/193/45 3779/195/44
f 3781/333/43 3774/332/77 3773/366/103 3782/334/6
f 3769/197/113 3752/339/112 3751/199/49 3765/198/48
f 3770/340/85 3749/339/84 3748/378/115 3771/352/114
f 3754/343/102 3762/345/98 3761/345/92 3750/343/107
f 3745/346/90 3759/345/17 3758/353/34 3746/367/104
f 3764/191/68 3776/189/67 3775/189/80 3760/191/39
f 3755/191/38 3780/189/37 3784/276/28 3756/379/27
f 3787/375/89 3789/361/88 3788/302/76 3785/304/75
f 3791/372/10 3794/280/9 3796/372/33 3792/278/20
f 3789/361/88 3796/374/33 3795/342/21 3790/361/100
f 3786/347/93 3793/342/2 3792/376/20 3787/375/89
f 3753/377/110 3788/302/76 3790/361/100 3754/343/102
f 3794/280/9 3763/278/69 3762/278/98 3795/278/21
f 3746/367/104 3786/347/93 3785/304/75 3747/302/111
f 3757/372/29 3791/372/10 3793/278/2 3758/278/34
f 3799/380/96 3801/297/97 3800/224/63 3797/224/62
f 3803/359/64 3806/359/51 3808/578/14 3804/359/13
f 3804/194/13 3799/380/96 3798/384/83 3805/195/65
f 3807/195/5 3802/297/73 3801/297/97 3808/195/14
f 3777/381/101 3803/359/64 3805/360/65 3778/359/82
f 3797/224/62 3768/373/109 3767/383/116 3798/384/83
f 3772/224/108 3800/224/63 3802/297/73 3773/366/103
f 3806/359/51 3783/382/30 3782/360/6 3807/359/5
s 0
f 3451/192/139 3447/192/139 3450/192/139
f 3451/192/139 3450/192/139 3452/192/139
f 3447/192/140 3448/192/140 3449/192/140
f 3447/192/140 3449/192/140 3450/192/140
f 3450/192/141 3566/192/141 3565/192/141
f 3532/192/41 3588/192/41 3590/192/41
f 3527/192/41 3532/192/41 3590/192/41
f 3516/192/41 3592/192/41 3594/192/41
f 3494/192/41 3600/192/41 3602/192/41
f 3596/192/41 3505/192/41 3510/192/41
f 3582/192/52 3584/192/52 3543/192/52
f 3509/192/52 3594/192/52 3596/192/52
f 3499/192/52 3598/192/52 3600/192/52
f 3462/192/41 3466/192/41 3456/192/41
f 3505/192/41 3596/192/41 3598/192/41
f 3461/192/41 3466/192/41 3462/192/41
f 3592/192/59 3522/192/59 3521/192/59
f 3461/192/41 3467/192/41 3466/192/41
f 3472/192/142 3456/192/142 3465/192/142
f 3584/192/41 3538/192/41 3544/192/41
f 3465/192/143 3473/192/143 3472/192/143
f 3471/192/41 3478/192/41 3472/192/41
f 3604/192/59 3488/192/59 3487/192/59
f 3471/192/41 3479/192/41 3478/192/41
f 3582/192/52 3543/192/52 3550/192/52
f 3578/192/155 3553/192/155 3561/192/155
f 3483/192/144 3606/192/144 3484/192/144
f 3482/192/41 3488/192/41 3483/192/41
f 3592/192/41 3516/192/41 3522/192/41
f 3482/192/41 3489/192/41 3488/192/41
f 3606/192/155 3477/192/155 3484/192/155
f 3494/192/144 3602/192/144 3495/192/144
f 3493/192/41 3500/192/41 3494/192/41
f 3600/192/41 3494/192/41 3500/192/41
f 3493/192/41 3501/192/41 3500/192/41
f 3594/192/155 3509/192/155 3517/192/155
f 3450/192/41 3574/192/41 3576/192/41
f 3505/192/144 3598/192/144 3506/192/144
f 3504/192/41 3510/192/41 3505/192/41
f 3538/192/41 3584/192/41 3586/192/41
f 3504/192/41 3511/192/41 3510/192/41
f 3586/192/155 3531/192/155 3539/192/155
f 3602/192/52 3604/192/52 3487/192/52
f 3516/192/144 3594/192/144 3517/192/144
f 3515/192/41 3522/192/41 3516/192/41
f 3549/192/41 3580/192/41 3582/192/41
f 3515/192/41 3523/192/41 3522/192/41
f 3598/192/155 3499/192/155 3506/192/155
f 3483/192/41 3604/192/41 3606/192/41
f 3527/192/144 3590/192/144 3528/192/144
f 3526/192/41 3532/192/41 3527/192/41
f 3604/192/41 3483/192/41 3488/192/41
f 3526/192/41 3533/192/41 3532/192/41
f 3584/192/59 3544/192/59 3543/192/59
f 3602/192/52 3487/192/52 3495/192/52
f 3538/192/144 3586/192/144 3539/192/144
f 3537/192/41 3544/192/41 3538/192/41
f 3456/192/156 3466/192/156 3465/192/156
f 3537/192/41 3545/192/41 3544/192/41
f 3590/192/155 3592/192/155 3528/192/155
f 3450/192/41 3578/192/41 3560/192/41
f 3549/192/144 3582/192/144 3550/192/144
f 3548/192/41 3554/192/41 3549/192/41
f 3450/192/41 3560/192/41 3566/192/41
f 3548/192/41 3555/192/41 3554/192/41
f 3478/192/59 3477/192/59 3608/192/59
f 3578/192/52 3580/192/52 3553/192/52
f 3560/192/144 3578/192/144 3561/192/144
f 3559/192/41 3566/192/41 3560/192/41
f 3592/192/52 3521/192/52 3528/192/52
f 3559/192/41 3567/192/41 3566/192/41
f 3570/192/161 3450/192/161 3565/192/161
f 3452/192/41 3450/192/41 3570/192/41
f 3565/192/143 3571/192/143 3570/192/143
f 3569/192/41 3452/192/41 3570/192/41
f 3569/192/41 3453/192/41 3452/192/41
f 3580/192/41 3549/192/41 3554/192/41
s 1
f 3901/1/1 3812/2/2 3998/3/3 4112/4/4
f 3818/5/5 3986/6/6 4012/7/7 4004/8/8
f 3810/9/9 3813/10/10 3904/11/11 3898/12/12
f 3816/13/13 3819/14/14 4003/15/15 3999/16/16
f 3982/17/17 4013/18/18 4216/19/19 4208/20/20
f 3955/21/1 3952/22/6 4056/23/7 4047/24/4
f 3811/25/21 3897/26/22 4117/27/23 3992/28/24
f 3905/29/1 3902/30/1 4116/31/25 4108/32/26
f 3900/33/22 3894/34/22 4120/35/23 4118/36/23
f 3893/37/22 3890/38/22 4121/39/23 4119/40/23
f 3889/41/22 3886/42/22 4124/43/23 4122/44/23
f 3885/45/22 3882/46/22 4125/47/23 4123/48/23
f 3881/49/22 3878/50/22 4128/51/23 4126/52/23
f 3877/53/22 3874/54/22 4129/55/23 4127/56/23
f 3873/57/22 3870/58/22 4132/59/23 4130/60/23
f 3869/61/22 3866/62/22 4133/63/23 4131/64/23
f 3865/65/22 3862/66/22 4136/67/23 4134/68/23
f 3861/69/22 3858/70/22 4137/71/23 4135/72/23
f 3857/73/22 3854/74/22 4140/75/23 4138/76/23
f 3853/77/22 3850/78/22 4141/79/23 4139/80/23
f 3849/81/22 3846/82/22 4144/83/23 4142/84/23
f 3845/85/22 3842/86/22 4145/87/23 4143/88/23
f 3841/89/22 3838/90/22 4148/91/23 4146/92/23
f 3837/93/22 3834/94/22 4149/95/23 4147/96/23
f 3833/97/22 3830/98/22 4152/99/23 4150/100/23
f 3829/101/22 3826/102/22 4153/103/23 4151/104/23
f 3828/105/12 3984/106/27 3988/107/28 3823/108/12
f 3832/109/12 3979/110/11 3985/111/29 3827/112/12
f 3836/113/12 3975/114/11 3980/115/11 3831/116/12
f 3840/117/12 3971/118/30 3976/119/11 3835/120/12
f 3844/121/12 3966/122/27 3972/123/28 3839/124/12
f 3848/125/12 3961/126/11 3967/127/29 3843/128/12
f 3852/129/12 3957/130/11 3962/131/11 3847/132/12
f 3856/133/12 3953/134/30 3958/135/11 3851/136/12
f 3860/137/12 3948/138/27 3954/139/28 3855/140/12
f 3864/141/12 3943/142/11 3949/143/29 3859/144/12
f 3868/145/12 3939/146/11 3944/147/11 3863/148/12
f 3872/149/12 3935/150/30 3940/151/11 3867/152/12
f 3876/153/12 3930/154/27 3936/155/157 3871/156/12
f 3880/157/12 3925/158/11 3931/159/29 3875/160/12
f 3884/161/12 3921/162/11 3926/163/11 3879/164/12
f 3888/165/12 3917/166/30 3922/167/11 3883/168/12
f 3892/169/12 3912/170/27 3918/171/28 3887/172/12
f 3896/173/12 3907/174/11 3913/175/29 3891/176/12
f 3899/177/12 3903/178/11 3908/179/11 3895/180/12
f 3991/181/31 3995/182/32 3814/183/20 3809/184/33
f 3909/185/34 3906/186/1 4107/187/35 4102/188/36
f 3914/189/37 3911/190/158 4304/191/39 4319/189/80
s 0
f 4016/192/41 4022/192/41 4000/192/41
s 1
f 4095/193/42 3915/194/43 4323/195/44 4310/193/45
f 4106/196/46 4096/197/47 4309/198/48 4295/199/49
f 3927/200/34 3924/201/1 4085/202/35 4080/203/50
f 3932/204/37 3929/205/38 4189/206/10 4192/207/51
s 0
f 4075/192/52 4130/192/52 4132/192/52
s 1
f 4073/208/53 3933/209/43 4194/209/14 4231/210/54
f 4084/211/55 4074/212/56 4233/213/57 4235/214/58
f 3945/215/34 3942/216/1 4063/217/35 4058/218/50
f 3950/219/37 3947/220/158 4195/221/10 4198/222/51
s 0
f 4076/192/59 4075/192/59 4132/192/59
s 1
f 4240/223/60 4245/224/61 4283/225/62 4281/223/63
f 4051/226/53 3951/227/43 4200/228/14 4225/229/54
f 4062/230/153 4052/231/154 4227/232/57 4229/233/58
f 3963/234/34 3960/235/1 4041/236/35 4036/237/50
f 3968/238/37 3965/239/38 4201/240/10 4204/241/51
s 0
f 4124/192/59 4098/192/59 4097/192/59
s 1
f 4029/242/53 3969/243/43 4206/244/14 4219/245/54
f 4040/246/55 4030/247/56 4221/248/57 4223/249/58
f 3981/250/34 3978/251/1 4019/252/35 4014/253/50
f 3989/254/37 3983/255/38 4207/256/10 4210/257/51
s 0
f 4054/192/59 4053/192/59 4140/192/59
s 1
f 3959/258/1 3956/259/1 4046/260/25 4042/261/26
f 3825/262/22 3822/263/22 4156/264/23 4154/265/23
f 4018/266/153 4008/267/154 4215/267/57 4217/266/58
f 3824/268/12 3987/269/30 3820/270/51 3815/271/64
f 3821/272/22 3817/273/65 4002/274/66 4155/275/23
f 4259/276/67 4261/190/68 4181/191/11 4185/189/11
f 4182/277/11 4260/278/69 4274/279/9 4266/280/10
f 4199/281/5 4197/282/2 4230/283/70 4226/284/71
f 4205/285/5 4203/286/2 4224/287/70 4220/288/71
f 4211/289/5 4209/290/2 4218/291/70 4214/292/71
s 0
f 4044/192/59 4043/192/59 4144/192/59
s 1
f 3928/293/17 4079/294/18 4234/295/19 4190/296/20
f 4187/194/1 4237/297/72 4280/193/73 4277/195/5
f 3977/298/1 3974/299/1 4024/300/25 4020/301/26
f 4250/302/74 4242/303/60 4270/304/75 4271/302/76
s 0
f 4021/192/52 4150/192/52 4152/192/52
s 1
f 3973/305/1 3970/306/6 4034/307/7 4025/308/4
f 3946/309/17 4057/310/18 4228/311/19 4196/309/20
f 3941/312/1 3938/313/1 4068/314/25 4064/315/26
s 0
f 4022/192/41 4152/192/41 4000/192/41
s 1
f 3937/316/1 3934/317/6 4078/318/7 4069/319/4
s 0
f 4154/192/41 4000/192/41 4152/192/41
s 1
f 3964/320/17 4035/321/18 4222/322/19 4202/323/20
f 4007/324/53 3990/325/43 4212/326/14 4213/327/54
f 4186/328/1 4184/329/1 4244/330/72 4238/331/72
f 4318/332/77 4325/333/43 4257/334/44 4248/297/78
f 4324/189/37 4299/191/38 4262/191/79 4258/335/80
f 4249/336/81 4256/337/82 4288/195/65 4284/338/83
f 4293/339/159 4314/340/85 4247/340/86 4253/341/87
f 4276/342/33 4272/343/88 4269/344/89 4267/342/20
f 4303/345/17 4289/346/90 4252/347/91 4263/342/92
f 4241/348/72 4183/349/1 4265/342/2 4268/347/93
f 4254/350/94 4246/351/95 4239/352/60 4243/199/60
f 4285/193/96 4287/195/13 4278/195/14 4282/193/97
f 4264/353/98 4251/354/99 4273/347/100 4275/342/21
f 4193/355/5 4191/356/2 4236/357/70 4232/358/71
f 4255/359/101 4188/359/11 4279/360/51 4286/359/64
f 4306/345/98 4298/343/102 4334/361/100 4339/342/21
f 3923/362/1 3920/363/1 4090/364/25 4086/365/26
f 4326/334/6 4317/366/103 4346/297/73 4351/195/5
s 0
f 4122/192/41 3994/192/41 4120/192/41
s 1
f 4290/367/104 4302/353/34 4337/342/2 4330/347/93
f 3919/368/1 3916/369/6 4100/370/105 4091/371/4
f 4301/372/29 4307/278/69 4338/280/9 4335/372/10
f 3910/342/17 4101/343/106 4294/343/107 4305/345/92
f 4316/224/108 4312/373/109 4341/224/62 4344/224/63
f 4340/374/33 4333/361/88 4331/375/89 4336/376/20
f 4297/377/110 4291/302/111 4329/304/75 4332/302/76
f 4296/339/112 4313/197/113 4315/352/114 4292/378/115
f 4320/189/67 4308/191/68 4300/379/27 4328/276/28
f 4343/380/96 4348/194/13 4352/195/14 4345/297/97
f 4321/381/101 4327/382/30 4350/359/51 4347/359/64
f 4311/383/116 4322/195/82 4349/195/65 4342/384/83
f 3809/184/33 3810/385/9 3811/386/21
f 3812/2/2 3813/387/10 3814/388/20
f 3815/271/64 3816/389/13 3817/390/65
f 3818/5/5 3819/391/14 3820/392/51
f 3821/272/22 3822/393/22 3823/394/12 3824/395/12
f 3825/262/22 3826/396/22 3827/397/12 3828/398/12
f 3829/101/22 3830/399/22 3831/400/12 3832/401/12
f 3833/97/22 3834/402/22 3835/403/12 3836/404/12
f 3837/93/22 3838/405/22 3839/406/12 3840/407/12
f 3841/89/22 3842/408/22 3843/409/12 3844/410/12
f 3845/85/22 3846/411/22 3847/412/12 3848/413/12
f 3849/81/22 3850/414/22 3851/415/12 3852/416/12
f 3853/77/22 3854/417/22 3855/418/12 3856/419/12
f 3857/73/22 3858/420/22 3859/421/12 3860/422/12
f 3861/69/22 3862/423/22 3863/424/12 3864/425/12
f 3865/65/22 3866/426/22 3867/427/12 3868/428/12
f 3869/61/22 3870/429/22 3871/430/12 3872/431/12
f 3873/57/22 3874/432/22 3875/433/12 3876/434/12
f 3877/53/22 3878/435/22 3879/436/12 3880/437/12
f 3881/49/22 3882/438/22 3883/439/12 3884/440/12
f 3885/45/22 3886/441/22 3887/442/12 3888/443/12
f 3889/41/22 3890/444/22 3891/445/12 3892/446/12
f 3893/37/22 3894/447/22 3895/448/12 3896/449/12
f 3897/26/22 3898/450/12 3899/451/12 3900/452/22
f 3901/1/1 3902/453/1 3903/454/11 3904/455/11
f 3905/29/1 3906/456/1 3907/457/11 3908/458/11
f 3909/185/34 3910/342/17 3911/459/158 3912/459/27 3913/460/29
f 3914/189/37 3915/359/43 3916/359/6 3917/359/30 3918/189/28
f 3919/368/1 3920/461/1 3921/462/11 3922/463/11
f 3923/362/1 3924/464/1 3925/465/11 3926/466/11
f 3927/200/34 3928/296/17 3929/467/38 3930/468/27 3931/469/29
f 3932/204/37 3933/470/43 3934/470/6 3935/470/30 3936/471/157
f 3937/316/1 3938/472/1 3939/473/11 3940/474/11
f 3941/312/1 3942/475/1 3943/476/11 3944/477/11
f 3945/215/34 3946/478/17 3947/479/158 3948/479/27 3949/480/29
f 3950/219/37 3951/481/43 3952/481/6 3953/481/30 3954/219/28
f 3955/21/1 3956/482/1 3957/483/11 3958/484/11
f 3959/258/1 3960/485/1 3961/486/11 3962/487/11
f 3963/234/34 3964/320/17 3965/488/38 3966/489/27 3967/490/29
f 3968/238/37 3969/491/43 3970/491/6 3971/491/30 3972/492/28
f 3973/305/1 3974/493/1 3975/494/11 3976/495/11
f 3977/298/1 3978/496/1 3979/497/11 3980/498/11
f 3981/250/34 3982/499/17 3983/500/38 3984/500/27 3985/501/29
f 3986/6/6 3987/502/30 3988/503/28 3989/503/37 3990/326/43
f 3995/182/32 3996/504/117 3997/505/3 3998/506/3
f 4003/15/15 4004/8/8 4005/507/8 4006/508/118
f 4007/324/53 4008/267/154 4009/509/119 4010/510/120 4011/511/121 4012/7/7
f 4013/18/18 4014/253/50 4015/512/122 4016/513/123 4017/266/124 4018/266/153
f 4019/252/35 4020/301/26 4021/514/125 4022/515/126 4023/516/127
f 4024/300/25 4025/308/4 4026/517/128 4027/518/129 4028/519/130
f 4029/242/53 4030/247/56 4031/248/119 4032/520/120 4033/521/121 4034/307/7
f 4035/321/18 4036/237/50 4037/522/122 4038/523/123 4039/524/124 4040/246/55
f 4041/236/35 4042/261/26 4043/525/125 4044/526/126 4045/527/127
f 4046/260/25 4047/24/4 4048/528/128 4049/529/129 4050/530/130
f 4051/226/53 4052/231/154 4053/531/119 4054/532/120 4055/533/121 4056/23/7
f 4057/310/18 4058/218/50 4059/534/122 4060/535/123 4061/536/124 4062/230/153
f 4063/217/35 4064/315/26 4065/537/125 4066/538/126 4067/539/127
f 4068/314/25 4069/319/4 4070/540/128 4071/541/129 4072/542/130
f 4073/208/53 4074/212/56 4075/543/119 4076/544/160 4077/545/121 4078/318/7
f 4079/294/18 4080/203/50 4081/546/122 4082/547/123 4083/548/124 4084/211/55
f 4085/202/35 4086/365/26 4087/549/125 4088/550/126 4089/551/127
f 4090/364/25 4091/371/4 4092/552/128 4093/553/129 4094/554/130
f 4095/193/42 4096/197/47 4097/555/150 4098/556/132 4099/557/133 4100/370/105
f 4101/343/106 4102/188/36 4103/558/134 4104/559/135 4105/560/136 4106/196/46
f 4107/187/35 4108/32/26 4109/561/125 4110/562/126 4111/563/127
f 4112/4/4 4113/564/128 4114/565/129 4115/566/130 4116/31/25
f 4181/191/11 4182/278/11 4183/278/1 4184/191/1
f 4185/189/11 4186/567/1 4187/359/1 4188/359/11
f 4189/206/10 4190/568/20 4191/206/2
f 4192/207/51 4193/471/5 4194/470/14
f 4195/221/10 4196/569/20 4197/221/2
f 4198/222/51 4199/222/5 4200/570/14
f 4201/240/10 4202/571/20 4203/239/2
f 4204/241/51 4205/572/5 4206/573/14
f 4207/256/10 4208/574/20 4209/575/2
f 4210/257/51 4211/257/5 4212/576/14
f 4213/327/54 4214/292/71 4215/267/57
f 4216/19/19 4217/266/58 4218/291/70
f 4219/245/54 4220/288/71 4221/248/57
f 4222/322/19 4223/249/58 4224/287/70
f 4225/229/54 4226/284/71 4227/232/57
f 4228/311/19 4229/233/58 4230/283/70
f 4231/210/54 4232/358/71 4233/213/57
f 4234/295/19 4235/214/58 4236/357/70
f 4237/297/72 4238/331/72 4239/352/60 4240/223/60
f 4241/348/72 4242/303/60 4243/199/60 4244/330/72
f 4245/224/61 4246/351/95 4247/340/86 4248/297/78 4249/336/81
f 4250/302/74 4251/354/99 4252/347/91 4253/341/87 4254/350/94
f 4255/359/101 4256/359/82 4257/359/44 4258/359/80 4259/359/67
f 4260/278/69 4261/278/68 4262/278/79 4263/278/92 4264/278/98
f 4265/342/2 4266/459/10 4267/345/20
f 4268/347/93 4269/344/89 4270/304/75
f 4271/302/76 4272/343/88 4273/347/100
f 4274/279/9 4275/278/21 4276/278/33
f 4277/195/5 4278/195/14 4279/577/51
f 4280/193/73 4281/223/63 4282/193/97
f 4283/225/62 4284/338/83 4285/193/96
f 4286/359/64 4287/359/13 4288/578/65
f 4289/346/90 4290/367/104 4291/302/111 4292/378/115 4293/339/159
f 4294/343/107 4295/199/49 4296/339/112 4297/377/110 4298/343/102
f 4299/191/38 4300/191/27 4301/278/29 4302/278/34 4303/279/17
f 4304/191/39 4305/278/92 4306/278/98 4307/278/69 4308/191/68
f 4309/198/48 4310/193/45 4311/383/116 4312/373/109 4313/197/113
f 4314/340/85 4315/352/114 4316/224/108 4317/366/103 4318/332/77
f 4319/189/80 4320/567/67 4321/359/101 4322/359/82 4323/359/44
f 4324/189/37 4325/359/43 4326/359/6 4327/359/30 4328/189/28
f 4329/304/75 4330/347/93 4331/375/89
f 4332/302/76 4333/361/88 4334/361/100
f 4335/372/10 4336/278/20 4337/278/2
f 4338/280/9 4339/278/21 4340/372/33
f 4341/224/62 4342/384/83 4343/380/96
f 4344/224/63 4345/297/97 4346/297/73
f 4347/359/64 4348/359/13 4349/360/65
f 4350/359/51 4351/359/5 4352/578/14
f 3998/3/3 3812/2/2 3814/388/20 3995/579/32
f 3813/10/10 3810/9/9 3809/184/33 3814/183/20
f 3897/26/22 3811/25/21 3810/580/9 3898/450/12
f 3986/6/6 3818/5/5 3820/392/51 3987/502/30
f 3819/14/14 3816/13/13 3815/271/64 3820/270/51
f 4002/274/66 3817/273/65 3816/13/13 3999/16/16
f 3817/273/65 3821/272/22 3824/395/12 3815/581/64
f 3822/263/22 3825/262/22 3828/398/12 3823/582/12
f 3826/102/22 3829/101/22 3832/401/12 3827/583/12
f 3830/98/22 3833/97/22 3836/404/12 3831/584/12
f 3834/94/22 3837/93/22 3840/407/12 3835/585/12
f 3838/90/22 3841/89/22 3844/410/12 3839/586/12
f 3842/86/22 3845/85/22 3848/413/12 3843/587/12
f 3846/82/22 3849/81/22 3852/416/12 3847/588/12
f 3850/78/22 3853/77/22 3856/419/12 3851/589/12
f 3854/74/22 3857/73/22 3860/422/12 3855/590/12
f 3858/70/22 3861/69/22 3864/425/12 3859/591/12
f 3862/66/22 3865/65/22 3868/428/12 3863/592/12
f 3866/62/22 3869/61/22 3872/431/12 3867/593/12
f 3870/58/22 3873/57/22 3876/434/12 3871/594/12
f 3874/54/22 3877/53/22 3880/437/12 3875/595/12
f 3878/50/22 3881/49/22 3884/440/12 3879/596/12
f 3882/46/22 3885/45/22 3888/443/12 3883/597/12
f 3886/42/22 3889/41/22 3892/446/12 3887/598/12
f 3890/38/22 3893/37/22 3896/449/12 3891/599/12
f 3894/34/22 3900/33/22 3899/600/12 3895/601/12
f 3812/2/2 3901/1/1 3904/455/11 3813/387/10
f 3902/30/1 3905/29/1 3908/458/11 3903/602/11
f 3906/186/1 3909/185/34 3913/460/29 3907/603/11
f 3911/190/158 3914/189/37 3918/171/28 3912/170/27
f 3916/369/6 3919/368/1 3922/463/11 3917/604/30
f 3920/363/1 3923/362/1 3926/466/11 3921/605/11
f 3924/201/1 3927/200/34 3931/469/29 3925/606/11
f 3929/205/38 3932/204/37 3936/155/157 3930/154/27
f 3934/317/6 3937/316/1 3940/474/11 3935/607/30
f 3938/313/1 3941/312/1 3944/477/11 3939/608/11
f 3942/216/1 3945/215/34 3949/480/29 3943/609/11
f 3947/220/158 3950/219/37 3954/139/28 3948/138/27
f 3952/22/6 3955/21/1 3958/484/11 3953/610/30
f 3956/259/1 3959/258/1 3962/487/11 3957/611/11
f 3960/235/1 3963/234/34 3967/490/29 3961/612/11
f 3965/239/38 3968/238/37 3972/123/28 3966/122/27
f 3970/306/6 3973/305/1 3976/495/11 3971/613/30
f 3974/299/1 3977/298/1 3980/498/11 3975/614/11
f 3978/251/1 3981/250/34 3985/501/29 3979/615/11
f 3983/255/38 3989/254/37 3988/107/28 3984/106/27
f 3903/178/11 3899/177/12 3898/12/12 3904/11/11
f 3907/174/11 3896/173/12 3895/180/12 3908/179/11
f 3912/170/27 3892/169/12 3891/176/12 3913/175/29
f 3917/166/30 3888/165/12 3887/172/12 3918/171/28
f 3921/162/11 3884/161/12 3883/168/12 3922/167/11
f 3925/158/11 3880/157/12 3879/164/12 3926/163/11
f 3930/154/27 3876/153/12 3875/160/12 3931/159/29
f 3935/150/30 3872/149/12 3871/156/12 3936/155/157
f 3939/146/11 3868/145/12 3867/152/12 3940/151/11
f 3943/142/11 3864/141/12 3863/148/12 3944/147/11
f 3948/138/27 3860/137/12 3859/144/12 3949/143/29
f 3953/134/30 3856/133/12 3855/140/12 3954/139/28
f 3957/130/11 3852/129/12 3851/136/12 3958/135/11
f 3961/126/11 3848/125/12 3847/132/12 3962/131/11
f 3966/122/27 3844/121/12 3843/128/12 3967/127/29
f 3971/118/30 3840/117/12 3839/124/12 3972/123/28
f 3975/114/11 3836/113/12 3835/120/12 3976/119/11
f 3979/110/11 3832/109/12 3831/116/12 3980/115/11
f 3984/106/27 3828/105/12 3827/112/12 3985/111/29
f 3987/269/30 3824/268/12 3823/108/12 3988/107/28
f 3811/25/21 3992/28/24 3991/616/31 3809/617/33
f 3818/5/5 4004/8/8 4003/15/15 3819/14/14
f 3990/325/43 4007/324/53 4012/7/7 3986/6/6
f 3981/250/34 4014/253/50 4013/18/18 3982/17/17
f 3977/298/1 4020/301/26 4019/252/35 3978/251/1
f 3973/305/1 4025/308/4 4024/300/25 3974/299/1
f 3969/243/43 4029/242/53 4034/307/7 3970/306/6
f 3963/234/34 4036/237/50 4035/321/18 3964/320/17
f 3959/258/1 4042/261/26 4041/236/35 3960/235/1
f 3955/21/1 4047/24/4 4046/260/25 3956/259/1
f 3951/227/43 4051/226/53 4056/23/7 3952/22/6
f 3945/215/34 4058/218/50 4057/310/18 3946/309/17
f 3941/312/1 4064/315/26 4063/217/35 3942/216/1
f 3937/316/1 4069/319/4 4068/314/25 3938/313/1
f 3933/209/43 4073/208/53 4078/318/7 3934/317/6
f 3927/200/34 4080/203/50 4079/294/18 3928/293/17
f 3923/362/1 4086/365/26 4085/202/35 3924/201/1
f 3919/368/1 4091/371/4 4090/364/25 3920/363/1
f 3915/194/43 4095/193/42 4100/370/105 3916/369/6
f 3909/185/34 4102/188/36 4101/343/106 3910/342/17
f 3905/29/1 4108/32/26 4107/187/35 3906/186/1
f 3901/1/1 4112/4/4 4116/31/25 3902/30/1
f 3900/33/22 4118/36/23 4117/27/23 3897/26/22
f 3893/37/22 4119/40/23 4120/35/23 3894/34/22
f 3889/41/22 4122/44/23 4121/39/23 3890/38/22
f 3885/45/22 4123/48/23 4124/43/23 3886/42/22
f 3881/49/22 4126/52/23 4125/47/23 3882/46/22
f 3877/53/22 4127/56/23 4128/51/23 3878/50/22
f 3873/57/22 4130/60/23 4129/55/23 3874/54/22
f 3869/61/22 4131/64/23 4132/59/23 3870/58/22
f 3865/65/22 4134/68/23 4133/63/23 3866/62/22
f 3861/69/22 4135/72/23 4136/67/23 3862/66/22
f 3857/73/22 4138/76/23 4137/71/23 3858/70/22
f 3853/77/22 4139/80/23 4140/75/23 3854/74/22
f 3849/81/22 4142/84/23 4141/79/23 3850/78/22
f 3845/85/22 4143/88/23 4144/83/23 3846/82/22
f 3841/89/22 4146/92/23 4145/87/23 3842/86/22
f 3837/93/22 4147/96/23 4148/91/23 3838/90/22
f 3833/97/22 4150/100/23 4149/95/23 3834/94/22
f 3829/101/22 4151/104/23 4152/99/23 3830/98/22
f 3825/262/22 4154/265/23 4153/103/23 3826/102/22
f 3821/272/22 4155/275/23 4156/264/23 3822/263/22
f 4154/618/23 4152/619/23 4151/104/23 4153/103/23
f 4150/620/23 4148/621/23 4147/96/23 4149/95/23
f 4146/622/23 4144/623/23 4143/88/23 4145/87/23
f 4142/624/23 4140/625/23 4139/80/23 4141/79/23
f 4138/626/23 4136/627/23 4135/72/23 4137/71/23
f 4134/628/23 4132/629/23 4131/64/23 4133/63/23
f 4130/630/23 4128/631/23 4127/56/23 4129/55/23
f 4126/632/23 4124/633/23 4123/48/23 4125/47/23
f 4122/634/23 4120/635/23 4119/40/23 4121/39/23
f 4118/636/23 3993/637/23 3992/28/24 4117/27/23
f 4115/566/130 4109/561/125 4108/32/26 4116/31/25
f 4111/563/127 4103/558/134 4102/188/36 4107/187/35
f 4105/560/136 4097/555/150 4096/197/47 4106/196/46
f 4099/557/133 4092/552/128 4091/371/4 4100/370/105
f 4094/554/130 4087/549/125 4086/365/26 4090/364/25
f 4089/551/127 4081/546/122 4080/203/50 4085/202/35
f 4083/548/124 4075/543/119 4074/212/56 4084/211/55
f 4077/545/121 4070/540/128 4069/319/4 4078/318/7
f 4072/542/130 4065/537/125 4064/315/26 4068/314/25
f 4067/539/127 4059/534/122 4058/218/50 4063/217/35
f 4061/536/124 4053/531/119 4052/231/154 4062/230/153
f 4055/533/121 4048/528/128 4047/24/4 4056/23/7
f 4050/530/130 4043/525/125 4042/261/26 4046/260/25
f 4045/527/127 4037/522/122 4036/237/50 4041/236/35
f 4039/524/124 4031/248/119 4030/247/56 4040/246/55
f 4033/521/121 4026/517/128 4025/308/4 4034/307/7
f 4028/519/130 4021/514/125 4020/301/26 4024/300/25
f 4023/516/127 4015/512/122 4014/253/50 4019/252/35
f 4017/266/124 4009/509/119 4008/267/154 4018/266/153
f 4011/511/121 4005/507/8 4004/8/8 4012/7/7
f 3997/638/3 4113/564/128 4112/4/4 3998/3/3
f 4001/639/23 4156/640/23 4155/275/23 4002/274/66
s 0
f 4000/192/41 4154/192/41 4156/192/41
f 4000/192/41 4156/192/41 4001/192/41
f 4006/192/137 4000/192/137 4003/192/137
f 4000/192/137 3999/192/137 4003/192/137
f 3999/192/138 4000/192/138 4001/192/138
f 3999/192/138 4001/192/138 4002/192/138
f 4118/192/41 3994/192/41 3993/192/41
s 1
f 4184/329/1 4186/328/1 4185/641/11 4181/642/11
f 4191/356/2 4193/355/5 4192/643/51 4189/644/10
f 4197/282/2 4199/281/5 4198/645/51 4195/646/10
f 4203/286/2 4205/285/5 4204/647/51 4201/648/10
f 4209/290/2 4211/289/5 4210/649/51 4207/650/10
f 4211/289/5 4214/292/71 4213/327/54 4212/326/14
f 4208/20/20 4216/19/19 4218/291/70 4209/290/2
f 4205/285/5 4220/288/71 4219/245/54 4206/244/14
f 4202/323/20 4222/322/19 4224/287/70 4203/286/2
f 4199/281/5 4226/284/71 4225/229/54 4200/228/14
f 4196/309/20 4228/311/19 4230/283/70 4197/282/2
f 4193/355/5 4232/358/71 4231/210/54 4194/209/14
f 4190/296/20 4234/295/19 4236/357/70 4191/356/2
f 4186/328/1 4238/331/72 4237/297/72 4187/194/1
f 4183/349/1 4241/348/72 4244/330/72 4184/329/1
f 4243/199/60 4239/352/60 4238/331/72 4244/330/72
f 4235/214/58 4233/213/57 4232/358/71 4236/357/70
f 4229/233/58 4227/232/57 4226/284/71 4230/283/70
f 4223/249/58 4221/248/57 4220/288/71 4224/287/70
f 4217/266/58 4215/267/57 4214/292/71 4218/291/70
f 3950/219/37 4198/222/51 4200/570/14 3951/481/43
f 4227/232/57 4052/231/154 4051/226/53 4225/229/54
f 4245/224/61 4240/223/60 4239/352/60 4246/351/95
f 4294/343/107 4101/343/106 4106/196/46 4295/199/49
f 4062/230/153 4229/233/58 4228/311/19 4057/310/18
f 4195/221/10 3947/220/158 3946/569/17 4196/569/20
f 3982/17/17 4208/20/20 4207/651/10 3983/500/38
f 4212/326/14 3990/325/43 3989/652/37 4210/503/51
f 4259/276/67 4185/189/11 4188/359/11 4255/359/101
f 3928/293/17 4190/296/20 4189/467/10 3929/467/38
f 4194/209/14 3933/209/43 3932/653/37 4192/653/51
f 4304/191/39 3911/190/158 3910/278/17 4305/278/92
f 3968/238/37 4204/241/51 4206/573/14 3969/491/43
f 4221/248/57 4030/247/56 4029/242/53 4219/245/54
f 4007/324/53 4213/327/54 4215/267/57 4008/267/154
f 4216/19/19 4013/18/18 4018/266/153 4217/266/58
f 4040/246/55 4223/249/58 4222/322/19 4035/321/18
f 4201/240/10 3965/239/38 3964/571/17 4202/571/20
f 4233/213/57 4074/212/56 4073/208/53 4231/210/54
f 4234/295/19 4079/294/18 4084/211/55 4235/214/58
f 4318/332/77 4248/297/78 4247/340/86 4314/340/85
f 4242/303/60 4250/302/74 4254/350/94 4243/199/60
f 4324/189/37 4258/335/80 4257/359/44 4325/359/43
f 4181/191/11 4261/190/68 4260/278/69 4182/277/11
f 4261/190/68 4259/276/67 4258/335/80 4262/191/79
f 4251/354/99 4264/353/98 4263/342/92 4252/347/91
f 4246/351/95 4254/350/94 4253/341/87 4247/340/86
f 4256/337/82 4249/336/81 4248/297/78 4257/334/44
f 4267/342/20 4269/344/89 4268/347/93 4265/342/2
f 4269/344/89 4272/343/88 4271/302/76 4270/304/75
f 4266/280/10 4274/279/9 4276/278/33 4267/278/20
f 4272/343/88 4276/342/33 4275/342/21 4273/347/100
f 4182/277/11 4266/280/10 4265/278/2 4183/278/1
f 4270/304/75 4242/303/60 4241/348/72 4268/347/93
f 4250/302/74 4271/302/76 4273/347/100 4251/354/99
f 4274/279/9 4260/278/69 4264/278/98 4275/278/21
f 4277/195/5 4280/193/73 4282/193/97 4278/195/14
f 4285/193/96 4282/193/97 4281/223/63 4283/225/62
f 4286/359/64 4279/360/51 4278/359/14 4287/359/13
f 4287/195/13 4285/193/96 4284/338/83 4288/195/65
f 4249/336/81 4284/338/83 4283/225/62 4245/224/61
f 4280/193/73 4237/297/72 4240/223/60 4281/223/63
f 4255/359/101 4286/359/64 4288/578/65 4256/359/82
f 4187/194/1 4277/195/5 4279/577/51 4188/577/11
f 4252/347/91 4289/346/90 4293/339/159 4253/341/87
f 4291/302/111 4297/377/110 4296/339/112 4292/378/115
f 4262/191/79 4299/191/38 4303/279/17 4263/278/92
f 4300/379/27 4308/191/68 4307/278/69 4301/372/29
f 4095/193/42 4310/193/45 4309/198/48 4096/197/47
f 4312/373/109 4316/224/108 4315/352/114 4313/197/113
f 3914/189/37 4319/189/80 4323/359/44 3915/359/43
f 4320/189/67 4328/276/28 4327/382/30 4321/381/101
f 4322/195/82 4311/383/116 4310/193/45 4323/195/44
f 4325/333/43 4318/332/77 4317/366/103 4326/334/6
f 4313/197/113 4296/339/112 4295/199/49 4309/198/48
f 4314/340/85 4293/339/159 4292/378/115 4315/352/114
f 4298/343/102 4306/345/98 4305/345/92 4294/343/107
f 4289/346/90 4303/345/17 4302/353/34 4290/367/104
f 4308/191/68 4320/189/67 4319/189/80 4304/191/39
f 4299/191/38 4324/189/37 4328/276/28 4300/379/27
f 4331/375/89 4333/361/88 4332/302/76 4329/304/75
f 4335/372/10 4338/280/9 4340/372/33 4336/278/20
f 4333/361/88 4340/374/33 4339/342/21 4334/361/100
f 4330/347/93 4337/342/2 4336/376/20 4331/375/89
f 4297/377/110 4332/302/76 4334/361/100 4298/343/102
f 4338/280/9 4307/278/69 4306/278/98 4339/278/21
f 4290/367/104 4330/347/93 4329/304/75 4291/302/111
f 4301/372/29 4335/372/10 4337/278/2 4302/278/34
f 4343/380/96 4345/297/97 4344/224/63 4341/224/62
f 4347/359/64 4350/359/51 4352/578/14 4348/359/13
f 4348/194/13 4343/380/96 4342/384/83 4349/195/65
f 4351/195/5 4346/297/73 4345/297/97 4352/195/14
f 4321/381/101 4347/359/64 4349/360/65 4322/359/82
f 4341/224/62 4312/373/109 4311/383/116 4342/384/83
f 4316/224/108 4344/224/63 4346/297/73 4317/366/103
f 4350/359/51 4327/382/30 4326/360/6 4351/359/5
s 0
f 3995/192/139 3991/192/139 3994/192/139
f 3995/192/139 3994/192/139 3996/192/139
f 3991/192/140 3992/192/140 3993/192/140
f 3991/192/140 3993/192/140 3994/192/140
f 3994/192/141 4110/192/141 4109/192/141
f 4076/192/41 4132/192/41 4134/192/41
f 4071/192/41 4076/192/41 4134/192/41
f 4060/192/41 4136/192/41 4138/192/41
f 4038/192/41 4144/192/41 4146/192/41
f 4140/192/41 4049/192/41 4054/192/41
f 4126/192/52 4128/192/52 4087/192/52
f 4053/192/52 4138/192/52 4140/192/52
f 4043/192/52 4142/192/52 4144/192/52
f 4006/192/41 4010/192/41 4000/192/41
f 4049/192/41 4140/192/41 4142/192/41
f 4005/192/41 4010/192/41 4006/192/41
f 4136/192/59 4066/192/59 4065/192/59
f 4005/192/41 4011/192/41 4010/192/41
f 4016/192/142 4000/192/142 4009/192/142
f 4128/192/41 4082/192/41 4088/192/41
f 4009/192/143 4017/192/143 4016/192/143
f 4015/192/41 4022/192/41 4016/192/41
f 4148/192/59 4032/192/59 4031/192/59
f 4015/192/41 4023/192/41 4022/192/41
f 4126/192/52 4087/192/52 4094/192/52
f 4122/192/52 4097/192/52 4105/192/52
f 4027/192/144 4150/192/144 4028/192/144
f 4026/192/41 4032/192/41 4027/192/41
f 4136/192/41 4060/192/41 4066/192/41
f 4026/192/41 4033/192/41 4032/192/41
f 4150/192/52 4021/192/52 4028/192/52
f 4038/192/144 4146/192/144 4039/192/144
f 4037/192/41 4044/192/41 4038/192/41
f 4144/192/41 4038/192/41 4044/192/41
f 4037/192/41 4045/192/41 4044/192/41
f 4138/192/52 4053/192/52 4061/192/52
f 3994/192/41 4118/192/41 4120/192/41
f 4049/192/144 4142/192/144 4050/192/144
f 4048/192/41 4054/192/41 4049/192/41
f 4082/192/41 4128/192/41 4130/192/41
f 4048/192/41 4055/192/41 4054/192/41
f 4130/192/52 4075/192/52 4083/192/52
f 4146/192/52 4148/192/52 4031/192/52
f 4060/192/144 4138/192/144 4061/192/144
f 4059/192/41 4066/192/41 4060/192/41
f 4093/192/41 4124/192/41 4126/192/41
f 4059/192/41 4067/192/41 4066/192/41
f 4142/192/52 4043/192/52 4050/192/52
f 4027/192/41 4148/192/41 4150/192/41
f 4071/192/144 4134/192/144 4072/192/144
f 4070/192/41 4076/192/41 4071/192/41
f 4148/192/41 4027/192/41 4032/192/41
f 4070/192/41 4077/192/41 4076/192/41
f 4128/192/59 4088/192/59 4087/192/59
f 4146/192/52 4031/192/52 4039/192/52
f 4082/192/144 4130/192/144 4083/192/144
f 4081/192/41 4088/192/41 4082/192/41
f 4000/192/156 4010/192/156 4009/192/156
f 4081/192/41 4089/192/41 4088/192/41
f 4134/192/52 4136/192/52 4072/192/52
f 3994/192/41 4122/192/41 4104/192/41
f 4093/192/144 4126/192/144 4094/192/144
f 4092/192/41 4098/192/41 4093/192/41
f 3994/192/41 4104/192/41 4110/192/41
f 4092/192/41 4099/192/41 4098/192/41
f 4022/192/59 4021/192/59 4152/192/59
f 4122/192/52 4124/192/52 4097/192/52
f 4104/192/144 4122/192/144 4105/192/144
f 4103/192/41 4110/192/41 4104/192/41
f 4136/192/52 4065/192/52 4072/192/52
f 4103/192/41 4111/192/41 4110/192/41
f 4114/192/161 3994/192/161 4109/192/161
f 3996/192/41 3994/192/41 4114/192/41
f 4109/192/143 4115/192/143 4114/192/143
f 4113/192/41 3996/192/41 4114/192/41
f 4113/192/41 3997/192/41 3996/192/41
f 4124/192/41 4093/192/41 4098/192/41
s 1
f 4445/1/1 4356/2/2 4542/3/3 4656/4/4
f 4362/5/5 4530/6/6 4556/7/7 4548/8/8
f 4354/9/9 4357/10/10 4448/11/11 4442/12/12
f 4360/13/13 4363/14/14 4547/15/15 4543/16/16
f 4526/17/17 4557/18/18 4760/19/19 4752/20/20
f 4499/21/1 4496/22/6 4600/23/7 4591/24/4
f 4355/25/21 4441/26/22 4661/27/23 4536/28/24
f 4449/29/1 4446/30/1 4660/31/25 4652/32/26
f 4444/33/22 4438/34/22 4664/35/23 4662/36/23
f 4437/37/22 4434/38/22 4665/39/23 4663/40/23
f 4433/41/22 4430/42/22 4668/43/23 4666/44/23
f 4429/45/22 4426/46/22 4669/47/23 4667/48/23
f 4425/49/22 4422/50/22 4672/51/23 4670/52/23
f 4421/53/22 4418/54/22 4673/55/23 4671/56/23
f 4417/57/22 4414/58/22 4676/59/23 4674/60/23
f 4413/61/22 4410/62/22 4677/63/23 4675/64/23
f 4409/65/22 4406/66/22 4680/67/23 4678/68/23
f 4405/69/22 4402/70/22 4681/71/23 4679/72/23
f 4401/73/22 4398/74/22 4684/75/23 4682/76/23
f 4397/77/22 4394/78/22 4685/79/23 4683/80/23
f 4393/81/22 4390/82/22 4688/83/23 4686/84/23
f 4389/85/22 4386/86/22 4689/87/23 4687/88/23
f 4385/89/22 4382/90/22 4692/91/23 4690/92/23
f 4381/93/22 4378/94/22 4693/95/23 4691/96/23
f 4377/97/22 4374/98/22 4696/99/23 4694/100/23
f 4373/101/22 4370/102/22 4697/103/23 4695/104/23
f 4372/105/12 4528/106/27 4532/107/28 4367/108/12
f 4376/109/12 4523/110/11 4529/111/29 4371/112/12
f 4380/113/12 4519/114/11 4524/115/11 4375/116/12
f 4384/117/12 4515/118/30 4520/119/11 4379/120/12
f 4388/121/12 4510/122/27 4516/123/28 4383/124/12
f 4392/125/12 4505/126/11 4511/127/29 4387/128/12
f 4396/129/12 4501/130/11 4506/131/11 4391/132/12
f 4400/133/12 4497/134/30 4502/135/11 4395/136/12
f 4404/137/12 4492/138/27 4498/139/157 4399/140/12
f 4408/141/12 4487/142/11 4493/143/29 4403/144/12
f 4412/145/12 4483/146/11 4488/147/11 4407/148/12
f 4416/149/12 4479/150/30 4484/151/11 4411/152/12
f 4420/153/12 4474/154/27 4480/155/157 4415/156/12
f 4424/157/12 4469/158/11 4475/159/29 4419/160/12
f 4428/161/12 4465/162/11 4470/163/11 4423/164/12
f 4432/165/12 4461/166/30 4466/167/11 4427/168/12
f 4436/169/12 4456/170/27 4462/171/28 4431/172/12
f 4440/173/12 4451/174/11 4457/175/29 4435/176/12
f 4443/177/12 4447/178/11 4452/179/11 4439/180/12
f 4535/181/31 4539/182/32 4358/183/20 4353/184/33
f 4453/185/34 4450/186/1 4651/187/35 4646/188/36
f 4458/189/37 4455/190/158 4848/191/39 4863/189/80
s 0
f 4560/192/41 4566/192/41 4544/192/41
s 1
f 4639/193/42 4459/194/43 4867/195/44 4854/193/45
f 4650/196/46 4640/197/47 4853/198/48 4839/199/49
f 4471/200/34 4468/201/1 4629/202/35 4624/203/50
f 4476/204/37 4473/205/38 4733/206/10 4736/207/51
s 0
f 4619/192/52 4674/192/52 4676/192/52
s 1
f 4617/208/53 4477/209/43 4738/209/14 4775/210/54
f 4628/211/55 4618/212/56 4777/213/57 4779/214/58
f 4489/215/34 4486/216/1 4607/217/35 4602/218/50
f 4494/219/37 4491/220/38 4739/221/10 4742/222/51
s 0
f 4620/192/59 4619/192/59 4676/192/59
s 1
f 4784/223/60 4789/224/61 4827/225/62 4825/223/63
f 4595/226/53 4495/227/43 4744/228/14 4769/229/54
f 4606/230/55 4596/231/56 4771/232/57 4773/233/58
f 4507/234/34 4504/235/1 4585/236/35 4580/237/50
f 4512/238/162 4509/239/158 4745/240/10 4748/241/51
s 0
f 4668/192/59 4642/192/59 4641/192/59
s 1
f 4573/242/53 4513/243/43 4750/244/14 4763/245/54
f 4584/246/153 4574/247/154 4765/248/57 4767/249/58
f 4525/250/34 4522/251/1 4563/252/35 4558/253/50
f 4533/254/162 4527/255/158 4751/256/10 4754/257/51
s 0
f 4598/192/59 4597/192/59 4684/192/59
s 1
f 4503/258/1 4500/259/1 4590/260/25 4586/261/26
f 4369/262/22 4366/263/22 4700/264/23 4698/265/23
f 4562/266/153 4552/267/154 4759/267/57 4761/266/58
f 4368/268/12 4531/269/30 4364/270/51 4359/271/64
f 4365/272/22 4361/273/65 4546/274/66 4699/275/23
f 4803/276/67 4805/190/68 4725/191/11 4729/189/11
f 4726/277/11 4804/278/69 4818/279/9 4810/280/10
f 4743/281/5 4741/282/2 4774/283/70 4770/284/71
f 4749/285/5 4747/286/2 4768/287/70 4764/288/71
f 4755/289/5 4753/290/2 4762/291/70 4758/292/71
s 0
f 4588/192/59 4587/192/59 4688/192/59
s 1
f 4472/293/17 4623/294/18 4778/295/19 4734/296/20
f 4731/194/1 4781/297/72 4824/193/73 4821/195/5
f 4521/298/1 4518/299/1 4568/300/25 4564/301/26
f 4794/302/74 4786/303/60 4814/304/75 4815/302/76
s 0
f 4565/192/155 4694/192/155 4696/192/155
s 1
f 4517/305/1 4514/306/6 4578/307/7 4569/308/4
f 4490/309/17 4601/310/18 4772/311/19 4740/309/20
f 4485/312/1 4482/313/1 4612/314/25 4608/315/26
s 0
f 4566/192/41 4696/192/41 4544/192/41
s 1
f 4481/316/1 4478/317/6 4622/318/7 4613/319/4
s 0
f 4698/192/41 4544/192/41 4696/192/41
s 1
f 4508/320/17 4579/321/18 4766/322/19 4746/323/20
f 4551/324/53 4534/325/43 4756/326/14 4757/327/54
f 4730/328/1 4728/329/1 4788/330/72 4782/331/72
f 4862/332/77 4869/333/43 4801/334/44 4792/297/78
f 4868/189/37 4843/191/38 4806/191/79 4802/335/80
f 4793/336/81 4800/337/82 4832/195/65 4828/338/83
f 4837/339/84 4858/340/85 4791/340/86 4797/341/87
f 4820/342/33 4816/343/88 4813/344/89 4811/342/20
f 4847/345/17 4833/346/90 4796/347/91 4807/342/92
f 4785/348/72 4727/349/1 4809/342/2 4812/347/93
f 4798/350/94 4790/351/95 4783/352/60 4787/199/60
f 4829/193/96 4831/195/13 4822/195/14 4826/193/97
f 4808/353/98 4795/354/99 4817/347/100 4819/342/21
f 4737/355/5 4735/356/2 4780/357/70 4776/358/71
f 4799/359/101 4732/359/11 4823/360/51 4830/359/64
f 4850/345/98 4842/343/102 4878/361/100 4883/342/21
f 4467/362/1 4464/363/1 4634/364/25 4630/365/26
f 4870/334/6 4861/366/103 4890/297/73 4895/195/5
s 0
f 4666/192/41 4538/192/41 4664/192/41
s 1
f 4834/367/104 4846/353/34 4881/342/2 4874/347/93
f 4463/368/1 4460/369/6 4644/370/105 4635/371/4
f 4845/372/29 4851/278/69 4882/280/9 4879/372/10
f 4454/342/17 4645/343/106 4838/343/107 4849/345/92
f 4860/224/108 4856/373/109 4885/224/62 4888/224/63
f 4884/374/33 4877/361/88 4875/375/89 4880/376/20
f 4841/377/110 4835/302/111 4873/304/75 4876/302/76
f 4840/339/112 4857/197/113 4859/352/114 4836/378/115
f 4864/189/67 4852/191/68 4844/379/27 4872/276/28
f 4887/380/96 4892/194/13 4896/195/14 4889/297/97
f 4865/381/101 4871/382/30 4894/359/51 4891/359/64
f 4855/383/116 4866/195/82 4893/195/65 4886/384/83
f 4353/184/33 4354/385/9 4355/386/21
f 4356/2/2 4357/387/10 4358/388/20
f 4359/271/64 4360/389/13 4361/390/65
f 4362/5/5 4363/391/14 4364/392/51
f 4365/272/22 4366/393/22 4367/394/12 4368/395/12
f 4369/262/22 4370/396/22 4371/397/12 4372/398/12
f 4373/101/22 4374/399/22 4375/400/12 4376/401/12
f 4377/97/22 4378/402/22 4379/403/12 4380/404/12
f 4381/93/22 4382/405/22 4383/406/12 4384/407/12
f 4385/89/22 4386/408/22 4387/409/12 4388/410/12
f 4389/85/22 4390/411/22 4391/412/12 4392/413/12
f 4393/81/22 4394/414/22 4395/415/12 4396/416/12
f 4397/77/22 4398/417/22 4399/418/12 4400/419/12
f 4401/73/22 4402/420/22 4403/421/12 4404/422/12
f 4405/69/22 4406/423/22 4407/424/12 4408/425/12
f 4409/65/22 4410/426/22 4411/427/12 4412/428/12
f 4413/61/22 4414/429/22 4415/430/12 4416/431/12
f 4417/57/22 4418/432/22 4419/433/12 4420/434/12
f 4421/53/22 4422/435/22 4423/436/12 4424/437/12
f 4425/49/22 4426/438/22 4427/439/12 4428/440/12
f 4429/45/22 4430/441/22 4431/442/12 4432/443/12
f 4433/41/22 4434/444/22 4435/445/12 4436/446/12
f 4437/37/22 4438/447/22 4439/448/12 4440/449/12
f 4441/26/22 4442/450/12 4443/451/12 4444/452/22
f 4445/1/1 4446/453/1 4447/454/11 4448/455/11
f 4449/29/1 4450/456/1 4451/457/11 4452/458/11
f 4453/185/34 4454/342/17 4455/459/158 4456/459/27 4457/460/29
f 4458/189/37 4459/359/43 4460/359/6 4461/359/30 4462/189/28
f 4463/368/1 4464/461/1 4465/462/11 4466/463/11
f 4467/362/1 4468/464/1 4469/465/11 4470/466/11
f 4471/200/34 4472/296/17 4473/467/38 4474/468/27 4475/469/29
f 4476/204/37 4477/470/43 4478/470/6 4479/470/30 4480/471/157
f 4481/316/1 4482/472/1 4483/473/11 4484/474/11
f 4485/312/1 4486/475/1 4487/476/11 4488/477/11
f 4489/215/34 4490/478/17 4491/479/38 4492/479/27 4493/480/29
f 4494/219/37 4495/481/43 4496/481/6 4497/481/30 4498/219/157
f 4499/21/1 4500/482/1 4501/483/11 4502/484/11
f 4503/258/1 4504/485/1 4505/486/11 4506/487/11
f 4507/234/34 4508/320/17 4509/488/158 4510/489/27 4511/490/29
f 4512/238/162 4513/491/43 4514/491/6 4515/491/30 4516/492/28
f 4517/305/1 4518/493/1 4519/494/11 4520/495/11
f 4521/298/1 4522/496/1 4523/497/11 4524/498/11
f 4525/250/34 4526/499/17 4527/500/158 4528/500/27 4529/501/29
f 4530/6/6 4531/502/30 4532/503/28 4533/503/162 4534/326/43
f 4539/182/32 4540/504/117 4541/505/3 4542/506/3
f 4547/15/15 4548/8/8 4549/507/8 4550/508/118
f 4551/324/53 4552/267/154 4553/509/119 4554/510/120 4555/511/121 4556/7/7
f 4557/18/18 4558/253/50 4559/512/122 4560/513/123 4561/266/124 4562/266/153
f 4563/252/35 4564/301/26 4565/514/125 4566/515/126 4567/516/127
f 4568/300/25 4569/308/4 4570/517/128 4571/518/129 4572/519/130
f 4573/242/53 4574/247/154 4575/248/119 4576/520/120 4577/521/121 4578/307/7
f 4579/321/18 4580/237/50 4581/522/122 4582/523/123 4583/524/124 4584/246/153
f 4585/236/35 4586/261/26 4587/525/125 4588/526/126 4589/527/127
f 4590/260/25 4591/24/4 4592/528/128 4593/529/129 4594/530/130
f 4595/226/53 4596/231/56 4597/531/119 4598/532/160 4599/533/121 4600/23/7
f 4601/310/18 4602/218/50 4603/534/122 4604/535/123 4605/536/124 4606/230/55
f 4607/217/35 4608/315/26 4609/537/125 4610/538/126 4611/539/127
f 4612/314/25 4613/319/4 4614/540/128 4615/541/129 4616/542/130
f 4617/208/53 4618/212/56 4619/543/119 4620/544/160 4621/545/121 4622/318/7
f 4623/294/18 4624/203/50 4625/546/122 4626/547/123 4627/548/124 4628/211/55
f 4629/202/35 4630/365/26 4631/549/125 4632/550/126 4633/551/127
f 4634/364/25 4635/371/4 4636/552/128 4637/553/129 4638/554/130
f 4639/193/42 4640/197/47 4641/555/150 4642/556/132 4643/557/133 4644/370/105
f 4645/343/106 4646/188/36 4647/558/134 4648/559/135 4649/560/136 4650/196/46
f 4651/187/35 4652/32/26 4653/561/125 4654/562/126 4655/563/127
f 4656/4/4 4657/564/128 4658/565/129 4659/566/130 4660/31/25
f 4725/191/11 4726/278/11 4727/278/1 4728/191/1
f 4729/189/11 4730/567/1 4731/359/1 4732/359/11
f 4733/206/10 4734/568/20 4735/206/2
f 4736/207/51 4737/471/5 4738/470/14
f 4739/221/10 4740/569/20 4741/221/2
f 4742/222/51 4743/222/5 4744/570/14
f 4745/240/10 4746/571/20 4747/239/2
f 4748/241/51 4749/572/5 4750/573/14
f 4751/256/10 4752/574/20 4753/575/2
f 4754/257/51 4755/257/5 4756/576/14
f 4757/327/54 4758/292/71 4759/267/57
f 4760/19/19 4761/266/58 4762/291/70
f 4763/245/54 4764/288/71 4765/248/57
f 4766/322/19 4767/249/58 4768/287/70
f 4769/229/54 4770/284/71 4771/232/57
f 4772/311/19 4773/233/58 4774/283/70
f 4775/210/54 4776/358/71 4777/213/57
f 4778/295/19 4779/214/58 4780/357/70
f 4781/297/72 4782/331/72 4783/352/60 4784/223/60
f 4785/348/72 4786/303/60 4787/199/60 4788/330/72
f 4789/224/61 4790/351/95 4791/340/86 4792/297/78 4793/336/81
f 4794/302/74 4795/354/99 4796/347/91 4797/341/87 4798/350/94
f 4799/359/101 4800/359/82 4801/359/44 4802/359/80 4803/359/67
f 4804/278/69 4805/278/68 4806/278/79 4807/278/92 4808/278/98
f 4809/342/2 4810/459/10 4811/345/20
f 4812/347/93 4813/344/89 4814/304/75
f 4815/302/76 4816/343/88 4817/347/100
f 4818/279/9 4819/278/21 4820/278/33
f 4821/195/5 4822/195/14 4823/577/51
f 4824/193/73 4825/223/63 4826/193/97
f 4827/225/62 4828/338/83 4829/193/96
f 4830/359/64 4831/359/13 4832/578/65
f 4833/346/90 4834/367/104 4835/302/111 4836/378/115 4837/339/84
f 4838/343/107 4839/199/49 4840/339/112 4841/377/110 4842/343/102
f 4843/191/38 4844/191/27 4845/278/29 4846/278/34 4847/279/17
f 4848/191/39 4849/278/92 4850/278/98 4851/278/69 4852/191/68
f 4853/198/48 4854/193/45 4855/383/116 4856/373/109 4857/197/113
f 4858/340/85 4859/352/114 4860/224/108 4861/366/103 4862/332/77
f 4863/189/80 4864/567/67 4865/359/101 4866/359/82 4867/359/44
f 4868/189/37 4869/359/43 4870/359/6 4871/359/30 4872/189/28
f 4873/304/75 4874/347/93 4875/375/89
f 4876/302/76 4877/361/88 4878/361/100
f 4879/372/10 4880/278/20 4881/278/2
f 4882/280/9 4883/278/21 4884/372/33
f 4885/224/62 4886/384/83 4887/380/96
f 4888/224/63 4889/297/97 4890/297/73
f 4891/359/64 4892/359/13 4893/360/65
f 4894/359/51 4895/359/5 4896/578/14
f 4542/3/3 4356/2/2 4358/388/20 4539/579/32
f 4357/10/10 4354/9/9 4353/184/33 4358/183/20
f 4441/26/22 4355/25/21 4354/580/9 4442/450/12
f 4530/6/6 4362/5/5 4364/392/51 4531/502/30
f 4363/14/14 4360/13/13 4359/271/64 4364/270/51
f 4546/274/66 4361/273/65 4360/13/13 4543/16/16
f 4361/273/65 4365/272/22 4368/395/12 4359/581/64
f 4366/263/22 4369/262/22 4372/398/12 4367/582/12
f 4370/102/22 4373/101/22 4376/401/12 4371/583/12
f 4374/98/22 4377/97/22 4380/404/12 4375/584/12
f 4378/94/22 4381/93/22 4384/407/12 4379/585/12
f 4382/90/22 4385/89/22 4388/410/12 4383/586/12
f 4386/86/22 4389/85/22 4392/413/12 4387/587/12
f 4390/82/22 4393/81/22 4396/416/12 4391/588/12
f 4394/78/22 4397/77/22 4400/419/12 4395/589/12
f 4398/74/22 4401/73/22 4404/422/12 4399/590/12
f 4402/70/22 4405/69/22 4408/425/12 4403/591/12
f 4406/66/22 4409/65/22 4412/428/12 4407/592/12
f 4410/62/22 4413/61/22 4416/431/12 4411/593/12
f 4414/58/22 4417/57/22 4420/434/12 4415/594/12
f 4418/54/22 4421/53/22 4424/437/12 4419/595/12
f 4422/50/22 4425/49/22 4428/440/12 4423/596/12
f 4426/46/22 4429/45/22 4432/443/12 4427/597/12
f 4430/42/22 4433/41/22 4436/446/12 4431/598/12
f 4434/38/22 4437/37/22 4440/449/12 4435/599/12
f 4438/34/22 4444/33/22 4443/600/12 4439/601/12
f 4356/2/2 4445/1/1 4448/455/11 4357/387/10
f 4446/30/1 4449/29/1 4452/458/11 4447/602/11
f 4450/186/1 4453/185/34 4457/460/29 4451/603/11
f 4455/190/158 4458/189/37 4462/171/28 4456/170/27
f 4460/369/6 4463/368/1 4466/463/11 4461/604/30
f 4464/363/1 4467/362/1 4470/466/11 4465/605/11
f 4468/201/1 4471/200/34 4475/469/29 4469/606/11
f 4473/205/38 4476/204/37 4480/155/157 4474/154/27
f 4478/317/6 4481/316/1 4484/474/11 4479/607/30
f 4482/313/1 4485/312/1 4488/477/11 4483/608/11
f 4486/216/1 4489/215/34 4493/480/29 4487/609/11
f 4491/220/38 4494/219/37 4498/139/157 4492/138/27
f 4496/22/6 4499/21/1 4502/484/11 4497/610/30
f 4500/259/1 4503/258/1 4506/487/11 4501/611/11
f 4504/235/1 4507/234/34 4511/490/29 4505/612/11
f 4509/239/158 4512/238/162 4516/123/28 4510/122/27
f 4514/306/6 4517/305/1 4520/495/11 4515/613/30
f 4518/299/1 4521/298/1 4524/498/11 4519/614/11
f 4522/251/1 4525/250/34 4529/501/29 4523/615/11
f 4527/255/158 4533/254/162 4532/107/28 4528/106/27
f 4447/178/11 4443/177/12 4442/12/12 4448/11/11
f 4451/174/11 4440/173/12 4439/180/12 4452/179/11
f 4456/170/27 4436/169/12 4435/176/12 4457/175/29
f 4461/166/30 4432/165/12 4431/172/12 4462/171/28
f 4465/162/11 4428/161/12 4427/168/12 4466/167/11
f 4469/158/11 4424/157/12 4423/164/12 4470/163/11
f 4474/154/27 4420/153/12 4419/160/12 4475/159/29
f 4479/150/30 4416/149/12 4415/156/12 4480/155/157
f 4483/146/11 4412/145/12 4411/152/12 4484/151/11
f 4487/142/11 4408/141/12 4407/148/12 4488/147/11
f 4492/138/27 4404/137/12 4403/144/12 4493/143/29
f 4497/134/30 4400/133/12 4399/140/12 4498/139/157
f 4501/130/11 4396/129/12 4395/136/12 4502/135/11
f 4505/126/11 4392/125/12 4391/132/12 4506/131/11
f 4510/122/27 4388/121/12 4387/128/12 4511/127/29
f 4515/118/30 4384/117/12 4383/124/12 4516/123/28
f 4519/114/11 4380/113/12 4379/120/12 4520/119/11
f 4523/110/11 4376/109/12 4375/116/12 4524/115/11
f 4528/106/27 4372/105/12 4371/112/12 4529/111/29
f 4531/269/30 4368/268/12 4367/108/12 4532/107/28
f 4355/25/21 4536/28/24 4535/616/31 4353/617/33
f 4362/5/5 4548/8/8 4547/15/15 4363/14/14
f 4534/325/43 4551/324/53 4556/7/7 4530/6/6
f 4525/250/34 4558/253/50 4557/18/18 4526/17/17
f 4521/298/1 4564/301/26 4563/252/35 4522/251/1
f 4517/305/1 4569/308/4 4568/300/25 4518/299/1
f 4513/243/43 4573/242/53 4578/307/7 4514/306/6
f 4507/234/34 4580/237/50 4579/321/18 4508/320/17
f 4503/258/1 4586/261/26 4585/236/35 4504/235/1
f 4499/21/1 4591/24/4 4590/260/25 4500/259/1
f 4495/227/43 4595/226/53 4600/23/7 4496/22/6
f 4489/215/34 4602/218/50 4601/310/18 4490/309/17
f 4485/312/1 4608/315/26 4607/217/35 4486/216/1
f 4481/316/1 4613/319/4 4612/314/25 4482/313/1
f 4477/209/43 4617/208/53 4622/318/7 4478/317/6
f 4471/200/34 4624/203/50 4623/294/18 4472/293/17
f 4467/362/1 4630/365/26 4629/202/35 4468/201/1
f 4463/368/1 4635/371/4 4634/364/25 4464/363/1
f 4459/194/43 4639/193/42 4644/370/105 4460/369/6
f 4453/185/34 4646/188/36 4645/343/106 4454/342/17
f 4449/29/1 4652/32/26 4651/187/35 4450/186/1
f 4445/1/1 4656/4/4 4660/31/25 4446/30/1
f 4444/33/22 4662/36/23 4661/27/23 4441/26/22
f 4437/37/22 4663/40/23 4664/35/23 4438/34/22
f 4433/41/22 4666/44/23 4665/39/23 4434/38/22
f 4429/45/22 4667/48/23 4668/43/23 4430/42/22
f 4425/49/22 4670/52/23 4669/47/23 4426/46/22
f 4421/53/22 4671/56/23 4672/51/23 4422/50/22
f 4417/57/22 4674/60/23 4673/55/23 4418/54/22
f 4413/61/22 4675/64/23 4676/59/23 4414/58/22
f 4409/65/22 4678/68/23 4677/63/23 4410/62/22
f 4405/69/22 4679/72/23 4680/67/23 4406/66/22
f 4401/73/22 4682/76/23 4681/71/23 4402/70/22
f 4397/77/22 4683/80/23 4684/75/23 4398/74/22
f 4393/81/22 4686/84/23 4685/79/23 4394/78/22
f 4389/85/22 4687/88/23 4688/83/23 4390/82/22
f 4385/89/22 4690/92/23 4689/87/23 4386/86/22
f 4381/93/22 4691/96/23 4692/91/23 4382/90/22
f 4377/97/22 4694/100/23 4693/95/23 4378/94/22
f 4373/101/22 4695/104/23 4696/99/23 4374/98/22
f 4369/262/22 4698/265/23 4697/103/23 4370/102/22
f 4365/272/22 4699/275/23 4700/264/23 4366/263/22
f 4698/618/23 4696/619/23 4695/104/23 4697/103/23
f 4694/620/23 4692/621/23 4691/96/23 4693/95/23
f 4690/622/23 4688/623/23 4687/88/23 4689/87/23
f 4686/624/23 4684/625/23 4683/80/23 4685/79/23
f 4682/626/23 4680/627/23 4679/72/23 4681/71/23
f 4678/628/23 4676/629/23 4675/64/23 4677/63/23
f 4674/630/23 4672/631/23 4671/56/23 4673/55/23
f 4670/632/23 4668/633/23 4667/48/23 4669/47/23
f 4666/634/23 4664/635/23 4663/40/23 4665/39/23
f 4662/636/23 4537/637/23 4536/28/24 4661/27/23
f 4659/566/130 4653/561/125 4652/32/26 4660/31/25
f 4655/563/127 4647/558/134 4646/188/36 4651/187/35
f 4649/560/136 4641/555/150 4640/197/47 4650/196/46
f 4643/557/133 4636/552/128 4635/371/4 4644/370/105
f 4638/554/130 4631/549/125 4630/365/26 4634/364/25
f 4633/551/127 4625/546/122 4624/203/50 4629/202/35
f 4627/548/124 4619/543/119 4618/212/56 4628/211/55
f 4621/545/121 4614/540/128 4613/319/4 4622/318/7
f 4616/542/130 4609/537/125 4608/315/26 4612/314/25
f 4611/539/127 4603/534/122 4602/218/50 4607/217/35
f 4605/536/124 4597/531/119 4596/231/56 4606/230/55
f 4599/533/121 4592/528/128 4591/24/4 4600/23/7
f 4594/530/130 4587/525/125 4586/261/26 4590/260/25
f 4589/527/127 4581/522/122 4580/237/50 4585/236/35
f 4583/524/124 4575/248/119 4574/247/154 4584/246/153
f 4577/521/121 4570/517/128 4569/308/4 4578/307/7
f 4572/519/130 4565/514/125 4564/301/26 4568/300/25
f 4567/516/127 4559/512/122 4558/253/50 4563/252/35
f 4561/266/124 4553/509/119 4552/267/154 4562/266/153
f 4555/511/121 4549/507/8 4548/8/8 4556/7/7
f 4541/638/3 4657/564/128 4656/4/4 4542/3/3
f 4545/639/23 4700/640/23 4699/275/23 4546/274/66
s 0
f 4544/192/41 4698/192/41 4700/192/41
f 4544/192/41 4700/192/41 4545/192/41
f 4550/192/137 4544/192/137 4547/192/137
f 4544/192/137 4543/192/137 4547/192/137
f 4543/192/138 4544/192/138 4545/192/138
f 4543/192/138 4545/192/138 4546/192/138
f 4662/192/41 4538/192/41 4537/192/41
s 1
f 4728/329/1 4730/328/1 4729/641/11 4725/642/11
f 4735/356/2 4737/355/5 4736/643/51 4733/644/10
f 4741/282/2 4743/281/5 4742/645/51 4739/646/10
f 4747/286/2 4749/285/5 4748/647/51 4745/648/10
f 4753/290/2 4755/289/5 4754/649/51 4751/650/10
f 4755/289/5 4758/292/71 4757/327/54 4756/326/14
f 4752/20/20 4760/19/19 4762/291/70 4753/290/2
f 4749/285/5 4764/288/71 4763/245/54 4750/244/14
f 4746/323/20 4766/322/19 4768/287/70 4747/286/2
f 4743/281/5 4770/284/71 4769/229/54 4744/228/14
f 4740/309/20 4772/311/19 4774/283/70 4741/282/2
f 4737/355/5 4776/358/71 4775/210/54 4738/209/14
f 4734/296/20 4778/295/19 4780/357/70 4735/356/2
f 4730/328/1 4782/331/72 4781/297/72 4731/194/1
f 4727/349/1 4785/348/72 4788/330/72 4728/329/1
f 4787/199/60 4783/352/60 4782/331/72 4788/330/72
f 4779/214/58 4777/213/57 4776/358/71 4780/357/70
f 4773/233/58 4771/232/57 4770/284/71 4774/283/70
f 4767/249/58 4765/248/57 4764/288/71 4768/287/70
f 4761/266/58 4759/267/57 4758/292/71 4762/291/70
f 4494/219/37 4742/222/51 4744/570/14 4495/481/43
f 4771/232/57 4596/231/56 4595/226/53 4769/229/54
f 4789/224/61 4784/223/60 4783/352/60 4790/351/95
f 4838/343/107 4645/343/106 4650/196/46 4839/199/49
f 4606/230/55 4773/233/58 4772/311/19 4601/310/18
f 4739/221/10 4491/220/38 4490/569/17 4740/569/20
f 4526/17/17 4752/20/20 4751/651/10 4527/500/158
f 4756/326/14 4534/325/43 4533/652/162 4754/503/51
f 4803/276/67 4729/189/11 4732/359/11 4799/359/101
f 4472/293/17 4734/296/20 4733/467/10 4473/467/38
f 4738/209/14 4477/209/43 4476/653/37 4736/653/51
f 4848/191/39 4455/190/158 4454/278/17 4849/278/92
f 4512/238/162 4748/241/51 4750/573/14 4513/491/43
f 4765/248/57 4574/247/154 4573/242/53 4763/245/54
f 4551/324/53 4757/327/54 4759/267/57 4552/267/154
f 4760/19/19 4557/18/18 4562/266/153 4761/266/58
f 4584/246/153 4767/249/58 4766/322/19 4579/321/18
f 4745/240/10 4509/239/158 4508/571/17 4746/571/20
f 4777/213/57 4618/212/56 4617/208/53 4775/210/54
f 4778/295/19 4623/294/18 4628/211/55 4779/214/58
f 4862/332/77 4792/297/78 4791/340/86 4858/340/85
f 4786/303/60 4794/302/74 4798/350/94 4787/199/60
f 4868/189/37 4802/335/80 4801/359/44 4869/359/43
f 4725/191/11 4805/190/68 4804/278/69 4726/277/11
f 4805/190/68 4803/276/67 4802/335/80 4806/191/79
f 4795/354/99 4808/353/98 4807/342/92 4796/347/91
f 4790/351/95 4798/350/94 4797/341/87 4791/340/86
f 4800/337/82 4793/336/81 4792/297/78 4801/334/44
f 4811/342/20 4813/344/89 4812/347/93 4809/342/2
f 4813/344/89 4816/343/88 4815/302/76 4814/304/75
f 4810/280/10 4818/279/9 4820/278/33 4811/278/20
f 4816/343/88 4820/342/33 4819/342/21 4817/347/100
f 4726/277/11 4810/280/10 4809/278/2 4727/278/1
f 4814/304/75 4786/303/60 4785/348/72 4812/347/93
f 4794/302/74 4815/302/76 4817/347/100 4795/354/99
f 4818/279/9 4804/278/69 4808/278/98 4819/278/21
f 4821/195/5 4824/193/73 4826/193/97 4822/195/14
f 4829/193/96 4826/193/97 4825/223/63 4827/225/62
f 4830/359/64 4823/360/51 4822/359/14 4831/359/13
f 4831/195/13 4829/193/96 4828/338/83 4832/195/65
f 4793/336/81 4828/338/83 4827/225/62 4789/224/61
f 4824/193/73 4781/297/72 4784/223/60 4825/223/63
f 4799/359/101 4830/359/64 4832/578/65 4800/359/82
f 4731/194/1 4821/195/5 4823/577/51 4732/577/11
f 4796/347/91 4833/346/90 4837/339/84 4797/341/87
f 4835/302/111 4841/377/110 4840/339/112 4836/378/115
f 4806/191/79 4843/191/38 4847/279/17 4807/278/92
f 4844/379/27 4852/191/68 4851/278/69 4845/372/29
f 4639/193/42 4854/193/45 4853/198/48 4640/197/47
f 4856/373/109 4860/224/108 4859/352/114 4857/197/113
f 4458/189/37 4863/189/80 4867/359/44 4459/359/43
f 4864/189/67 4872/276/28 4871/382/30 4865/381/101
f 4866/195/82 4855/383/116 4854/193/45 4867/195/44
f 4869/333/43 4862/332/77 4861/366/103 4870/334/6
f 4857/197/113 4840/339/112 4839/199/49 4853/198/48
f 4858/340/85 4837/339/84 4836/378/115 4859/352/114
f 4842/343/102 4850/345/98 4849/345/92 4838/343/107
f 4833/346/90 4847/345/17 4846/353/34 4834/367/104
f 4852/191/68 4864/189/67 4863/189/80 4848/191/39
f 4843/191/38 4868/189/37 4872/276/28 4844/379/27
f 4875/375/89 4877/361/88 4876/302/76 4873/304/75
f 4879/372/10 4882/280/9 4884/372/33 4880/278/20
f 4877/361/88 4884/374/33 4883/342/21 4878/361/100
f 4874/347/93 4881/342/2 4880/376/20 4875/375/89
f 4841/377/110 4876/302/76 4878/361/100 4842/343/102
f 4882/280/9 4851/278/69 4850/278/98 4883/278/21
f 4834/367/104 4874/347/93 4873/304/75 4835/302/111
f 4845/372/29 4879/372/10 4881/278/2 4846/278/34
f 4887/380/96 4889/297/97 4888/224/63 4885/224/62
f 4891/359/64 4894/359/51 4896/578/14 4892/359/13
f 4892/194/13 4887/380/96 4886/384/83 4893/195/65
f 4895/195/5 4890/297/73 4889/297/97 4896/195/14
f 4865/381/101 4891/359/64 4893/360/65 4866/359/82
f 4885/224/62 4856/373/109 4855/383/116 4886/384/83
f 4860/224/108 4888/224/63 4890/297/73 4861/366/103
f 4894/359/51 4871/382/30 4870/360/6 4895/359/5
s 0
f 4539/192/139 4535/192/139 4538/192/139
f 4539/192/139 4538/192/139 4540/192/139
f 4535/192/140 4536/192/140 4537/192/140
f 4535/192/140 4537/192/140 4538/192/140
f 4538/192/141 4654/192/141 4653/192/141
f 4620/192/41 4676/192/41 4678/192/41
f 4615/192/41 4620/192/41 4678/192/41
f 4604/192/41 4680/192/41 4682/192/41
f 4582/192/41 4688/192/41 4690/192/41
f 4684/192/41 4593/192/41 4598/192/41
f 4670/192/52 4672/192/52 4631/192/52
f 4597/192/163 4682/192/163 4684/192/163
f 4587/192/52 4686/192/52 4688/192/52
f 4550/192/41 4554/192/41 4544/192/41
f 4593/192/41 4684/192/41 4686/192/41
f 4549/192/41 4554/192/41 4550/192/41
f 4680/192/59 4610/192/59 4609/192/59
f 4549/192/41 4555/192/41 4554/192/41
f 4560/192/142 4544/192/142 4553/192/142
f 4672/192/41 4626/192/41 4632/192/41
f 4553/192/143 4561/192/143 4560/192/143
f 4559/192/41 4566/192/41 4560/192/41
f 4692/192/164 4576/192/164 4575/192/164
f 4559/192/41 4567/192/41 4566/192/41
f 4670/192/52 4631/192/52 4638/192/52
f 4666/192/155 4641/192/155 4649/192/155
f 4571/192/144 4694/192/144 4572/192/144
f 4570/192/41 4576/192/41 4571/192/41
f 4680/192/41 4604/192/41 4610/192/41
f 4570/192/41 4577/192/41 4576/192/41
f 4694/192/163 4565/192/163 4572/192/163
f 4582/192/144 4690/192/144 4583/192/144
f 4581/192/41 4588/192/41 4582/192/41
f 4688/192/41 4582/192/41 4588/192/41
f 4581/192/41 4589/192/41 4588/192/41
f 4682/192/155 4597/192/155 4605/192/155
f 4538/192/41 4662/192/41 4664/192/41
f 4593/192/165 4686/192/165 4594/192/165
f 4592/192/41 4598/192/41 4593/192/41
f 4626/192/41 4672/192/41 4674/192/41
f 4592/192/41 4599/192/41 4598/192/41
f 4674/192/155 4619/192/155 4627/192/155
f 4690/192/52 4692/192/52 4575/192/52
f 4604/192/144 4682/192/144 4605/192/144
f 4603/192/41 4610/192/41 4604/192/41
f 4637/192/41 4668/192/41 4670/192/41
f 4603/192/41 4611/192/41 4610/192/41
f 4686/192/52 4587/192/52 4594/192/52
f 4571/192/41 4692/192/41 4694/192/41
f 4615/192/144 4678/192/144 4616/192/144
f 4614/192/41 4620/192/41 4615/192/41
f 4692/192/41 4571/192/41 4576/192/41
f 4614/192/41 4621/192/41 4620/192/41
f 4672/192/59 4632/192/59 4631/192/59
f 4690/192/52 4575/192/52 4583/192/52
f 4626/192/144 4674/192/144 4627/192/144
f 4625/192/41 4632/192/41 4626/192/41
f 4544/192/156 4554/192/156 4553/192/156
f 4625/192/41 4633/192/41 4632/192/41
f 4678/192/155 4680/192/155 4616/192/155
f 4538/192/41 4666/192/41 4648/192/41
f 4637/192/144 4670/192/144 4638/192/144
f 4636/192/41 4642/192/41 4637/192/41
f 4538/192/41 4648/192/41 4654/192/41
f 4636/192/41 4643/192/41 4642/192/41
f 4566/192/59 4565/192/59 4696/192/59
f 4666/192/52 4668/192/52 4641/192/52
f 4648/192/144 4666/192/144 4649/192/144
f 4647/192/41 4654/192/41 4648/192/41
f 4680/192/52 4609/192/52 4616/192/52
f 4647/192/41 4655/192/41 4654/192/41
f 4658/192/161 4538/192/161 4653/192/161
f 4540/192/41 4538/192/41 4658/192/41
f 4653/192/143 4659/192/143 4658/192/143
f 4657/192/41 4540/192/41 4658/192/41
f 4657/192/41 4541/192/41 4540/192/41
f 4668/192/41 4637/192/41 4642/192/41
s 1
f 4989/1/1 4900/2/2 5086/3/3 5200/4/4
f 4906/5/5 5074/6/6 5100/7/7 5092/8/8
f 4898/9/9 4901/10/10 4992/11/11 4986/12/12
f 4904/13/13 4907/14/14 5091/15/15 5087/16/16
f 5070/17/17 5101/18/18 5304/19/19 5296/20/20
f 5043/21/1 5040/22/6 5144/23/7 5135/24/4
f 4899/25/21 4985/26/22 5205/27/23 5080/28/24
f 4993/29/1 4990/30/1 5204/31/25 5196/32/26
f 4988/33/22 4982/34/22 5208/35/23 5206/36/23
f 4981/37/22 4978/38/22 5209/39/23 5207/40/23
f 4977/41/22 4974/42/22 5212/43/23 5210/44/23
f 4973/45/22 4970/46/22 5213/47/23 5211/48/23
f 4969/49/22 4966/50/22 5216/51/23 5214/52/23
f 4965/53/22 4962/54/22 5217/55/23 5215/56/23
f 4961/57/22 4958/58/22 5220/59/23 5218/60/23
f 4957/61/22 4954/62/22 5221/63/23 5219/64/23
f 4953/65/22 4950/66/22 5224/67/23 5222/68/23
f 4949/69/22 4946/70/22 5225/71/23 5223/72/23
f 4945/73/22 4942/74/22 5228/75/23 5226/76/23
f 4941/77/22 4938/78/22 5229/79/23 5227/80/23
f 4937/81/22 4934/82/22 5232/83/23 5230/84/23
f 4933/85/22 4930/86/22 5233/87/23 5231/88/23
f 4929/89/22 4926/90/22 5236/91/23 5234/92/23
f 4925/93/22 4922/94/22 5237/95/23 5235/96/23
f 4921/97/22 4918/98/22 5240/99/23 5238/100/23
f 4917/101/22 4914/102/22 5241/103/23 5239/104/23
f 4916/105/12 5072/106/27 5076/107/28 4911/108/12
f 4920/109/12 5067/110/11 5073/111/29 4915/112/12
f 4924/113/12 5063/114/11 5068/115/11 4919/116/12
f 4928/117/12 5059/118/30 5064/119/11 4923/120/12
f 4932/121/12 5054/122/27 5060/123/28 4927/124/12
f 4936/125/12 5049/126/11 5055/127/29 4931/128/12
f 4940/129/12 5045/130/11 5050/131/11 4935/132/12
f 4944/133/12 5041/134/30 5046/135/11 4939/136/12
f 4948/137/12 5036/138/27 5042/139/157 4943/140/12
f 4952/141/12 5031/142/11 5037/143/166 4947/144/12
f 4956/145/12 5027/146/11 5032/147/11 4951/148/12
f 4960/149/12 5023/150/30 5028/151/11 4955/152/12
f 4964/153/12 5018/154/27 5024/155/157 4959/156/12
f 4968/157/12 5013/158/11 5019/159/29 4963/160/12
f 4972/161/12 5009/162/11 5014/163/11 4967/164/12
f 4976/165/12 5005/166/30 5010/167/11 4971/168/12
f 4980/169/12 5000/170/27 5006/171/28 4975/172/12
f 4984/173/12 4995/174/11 5001/175/29 4979/176/12
f 4987/177/12 4991/178/11 4996/179/11 4983/180/12
f 5079/181/31 5083/182/32 4902/183/20 4897/184/33
f 4997/185/34 4994/186/1 5195/187/35 5190/188/36
f 5002/189/37 4999/190/38 5392/191/39 5407/189/80
s 0
f 5104/192/41 5110/192/41 5088/192/41
s 1
f 5183/193/42 5003/194/43 5411/195/44 5398/193/45
f 5194/196/46 5184/197/47 5397/198/48 5383/199/49
f 5015/200/34 5012/201/1 5173/202/35 5168/203/50
f 5020/204/37 5017/205/38 5277/206/10 5280/207/51
s 0
f 5163/192/155 5218/192/155 5220/192/155
s 1
f 5161/208/53 5021/209/43 5282/209/14 5319/210/54
f 5172/211/153 5162/212/56 5321/213/57 5323/214/58
f 5033/215/34 5030/216/1 5151/217/35 5146/218/50
f 5038/219/37 5035/220/38 5283/221/10 5286/222/51
s 0
f 5164/192/59 5163/192/59 5220/192/59
s 1
f 5328/223/60 5333/224/61 5371/225/62 5369/223/63
f 5139/226/53 5039/227/43 5288/228/14 5313/229/54
f 5150/230/55 5140/231/56 5315/232/57 5317/233/58
f 5051/234/34 5048/235/1 5129/236/35 5124/237/50
f 5056/238/162 5053/239/158 5289/240/10 5292/241/51
s 0
f 5212/192/59 5186/192/59 5185/192/59
s 1
f 5117/242/53 5057/243/43 5294/244/14 5307/245/54
f 5128/246/153 5118/247/154 5309/248/57 5311/249/58
f 5069/250/34 5066/251/1 5107/252/35 5102/253/50
f 5077/254/162 5071/255/158 5295/256/10 5298/257/51
s 0
f 5142/192/59 5141/192/59 5228/192/59
s 1
f 5047/258/1 5044/259/1 5134/260/25 5130/261/26
f 4913/262/22 4910/263/22 5244/264/23 5242/265/23
f 5106/266/153 5096/267/154 5303/267/57 5305/266/58
f 4912/268/12 5075/269/30 4908/270/51 4903/271/64
f 4909/272/22 4905/273/65 5090/274/66 5243/275/23
f 5347/276/67 5349/190/68 5269/191/11 5273/189/11
f 5270/277/11 5348/278/69 5362/279/9 5354/280/10
f 5287/281/5 5285/282/2 5318/283/70 5314/284/71
f 5293/285/5 5291/286/2 5312/287/70 5308/288/71
f 5299/289/5 5297/290/2 5306/291/70 5302/292/71
s 0
f 5132/192/59 5131/192/59 5232/192/59
s 1
f 5016/293/17 5167/294/18 5322/295/19 5278/296/20
f 5275/194/1 5325/297/72 5368/193/73 5365/195/5
f 5065/298/1 5062/299/1 5112/300/25 5108/301/26
f 5338/302/74 5330/303/60 5358/304/75 5359/302/76
s 0
f 5109/192/52 5238/192/52 5240/192/52
s 1
f 5061/305/1 5058/306/6 5122/307/7 5113/308/4
f 5034/309/17 5145/310/18 5316/311/19 5284/309/20
f 5029/312/1 5026/313/1 5156/314/25 5152/315/26
s 0
f 5110/192/41 5240/192/41 5088/192/41
s 1
f 5025/316/1 5022/317/6 5166/318/7 5157/319/4
s 0
f 5242/192/41 5088/192/41 5240/192/41
s 1
f 5052/320/17 5123/321/18 5310/322/19 5290/323/20
f 5095/324/53 5078/325/43 5300/326/14 5301/327/54
f 5274/328/1 5272/329/1 5332/330/72 5326/331/72
f 5406/332/77 5413/333/43 5345/334/44 5336/297/78
f 5412/189/37 5387/191/38 5350/191/79 5346/335/80
f 5337/336/81 5344/337/82 5376/195/65 5372/338/83
f 5381/339/84 5402/340/167 5335/340/86 5341/341/87
f 5364/342/33 5360/343/88 5357/344/89 5355/342/20
f 5391/345/17 5377/346/90 5340/347/91 5351/342/92
f 5329/348/72 5271/349/1 5353/342/2 5356/347/93
f 5342/350/94 5334/351/95 5327/352/60 5331/199/60
f 5373/193/96 5375/195/13 5366/195/14 5370/193/97
f 5352/353/98 5339/354/99 5361/347/100 5363/342/21
f 5281/355/5 5279/356/2 5324/357/70 5320/358/71
f 5343/359/101 5276/359/11 5367/360/51 5374/359/64
f 5394/345/98 5386/343/102 5422/361/100 5427/342/21
f 5011/362/1 5008/363/1 5178/364/25 5174/365/26
f 5414/334/6 5405/366/103 5434/297/73 5439/195/5
s 0
f 5210/192/41 5082/192/41 5208/192/41
s 1
f 5378/367/104 5390/353/34 5425/342/2 5418/347/93
f 5007/368/1 5004/369/6 5188/370/105 5179/371/4
f 5389/372/29 5395/278/69 5426/280/9 5423/372/10
f 4998/342/17 5189/343/106 5382/343/107 5393/345/92
f 5404/224/108 5400/373/109 5429/224/62 5432/224/63
f 5428/374/33 5421/361/88 5419/375/89 5424/376/20
f 5385/377/110 5379/302/111 5417/304/75 5420/302/76
f 5384/339/112 5401/197/113 5403/352/114 5380/378/115
f 5408/189/67 5396/191/68 5388/379/27 5416/276/157
f 5431/380/96 5436/194/13 5440/195/14 5433/297/97
f 5409/381/101 5415/382/168 5438/359/51 5435/359/64
f 5399/383/116 5410/195/82 5437/195/65 5430/384/83
f 4897/184/33 4898/385/9 4899/386/21
f 4900/2/2 4901/387/10 4902/388/20
f 4903/271/64 4904/389/13 4905/390/65
f 4906/5/5 4907/391/14 4908/392/51
f 4909/272/22 4910/393/22 4911/394/12 4912/395/12
f 4913/262/22 4914/396/22 4915/397/12 4916/398/12
f 4917/101/22 4918/399/22 4919/400/12 4920/401/12
f 4921/97/22 4922/402/22 4923/403/12 4924/404/12
f 4925/93/22 4926/405/22 4927/406/12 4928/407/12
f 4929/89/22 4930/408/22 4931/409/12 4932/410/12
f 4933/85/22 4934/411/22 4935/412/12 4936/413/12
f 4937/81/22 4938/414/22 4939/415/12 4940/416/12
f 4941/77/22 4942/417/22 4943/418/12 4944/419/12
f 4945/73/22 4946/420/22 4947/421/12 4948/422/12
f 4949/69/22 4950/423/22 4951/424/12 4952/425/12
f 4953/65/22 4954/426/22 4955/427/12 4956/428/12
f 4957/61/22 4958/429/22 4959/430/12 4960/431/12
f 4961/57/22 4962/432/22 4963/433/12 4964/434/12
f 4965/53/22 4966/435/22 4967/436/12 4968/437/12
f 4969/49/22 4970/438/22 4971/439/12 4972/440/12
f 4973/45/22 4974/441/22 4975/442/12 4976/443/12
f 4977/41/22 4978/444/22 4979/445/12 4980/446/12
f 4981/37/22 4982/447/22 4983/448/12 4984/449/12
f 4985/26/22 4986/450/12 4987/451/12 4988/452/22
f 4989/1/1 4990/453/1 4991/454/11 4992/455/11
f 4993/29/1 4994/456/1 4995/457/11 4996/458/11
f 4997/185/34 4998/342/17 4999/459/38 5000/459/27 5001/460/29
f 5002/189/37 5003/359/43 5004/359/6 5005/359/30 5006/189/28
f 5007/368/1 5008/461/1 5009/462/11 5010/463/11
f 5011/362/1 5012/464/1 5013/465/11 5014/466/11
f 5015/200/34 5016/296/17 5017/467/38 5018/468/27 5019/469/29
f 5020/204/37 5021/470/43 5022/470/6 5023/470/30 5024/471/157
f 5025/316/1 5026/472/1 5027/473/11 5028/474/11
f 5029/312/1 5030/475/1 5031/476/11 5032/477/11
f 5033/215/34 5034/478/17 5035/479/38 5036/479/27 5037/480/166
f 5038/219/37 5039/481/43 5040/481/6 5041/481/30 5042/219/157
f 5043/21/1 5044/482/1 5045/483/11 5046/484/11
f 5047/258/1 5048/485/1 5049/486/11 5050/487/11
f 5051/234/34 5052/320/17 5053/488/158 5054/489/27 5055/490/29
f 5056/238/162 5057/491/43 5058/491/6 5059/491/30 5060/492/28
f 5061/305/1 5062/493/1 5063/494/11 5064/495/11
f 5065/298/1 5066/496/1 5067/497/11 5068/498/11
f 5069/250/34 5070/499/17 5071/500/158 5072/500/27 5073/501/29
f 5074/6/6 5075/502/30 5076/503/28 5077/503/162 5078/326/43
f 5083/182/32 5084/504/117 5085/505/3 5086/506/3
f 5091/15/15 5092/8/8 5093/507/8 5094/508/118
f 5095/324/53 5096/267/154 5097/509/119 5098/510/120 5099/511/121 5100/7/7
f 5101/18/18 5102/253/50 5103/512/122 5104/513/123 5105/266/124 5106/266/153
f 5107/252/35 5108/301/26 5109/514/125 5110/515/126 5111/516/127
f 5112/300/25 5113/308/4 5114/517/128 5115/518/129 5116/519/130
f 5117/242/53 5118/247/154 5119/248/119 5120/520/120 5121/521/121 5122/307/7
f 5123/321/18 5124/237/50 5125/522/122 5126/523/123 5127/524/124 5128/246/153
f 5129/236/35 5130/261/26 5131/525/125 5132/526/126 5133/527/127
f 5134/260/25 5135/24/4 5136/528/128 5137/529/129 5138/530/130
f 5139/226/53 5140/231/56 5141/531/119 5142/532/160 5143/533/121 5144/23/7
f 5145/310/18 5146/218/50 5147/534/122 5148/535/123 5149/536/124 5150/230/55
f 5151/217/35 5152/315/26 5153/537/125 5154/538/126 5155/539/127
f 5156/314/25 5157/319/4 5158/540/128 5159/541/129 5160/542/130
f 5161/208/53 5162/212/56 5163/543/119 5164/544/160 5165/545/121 5166/318/7
f 5167/294/18 5168/203/50 5169/546/122 5170/547/123 5171/548/124 5172/211/153
f 5173/202/35 5174/365/26 5175/549/125 5176/550/126 5177/551/127
f 5178/364/25 5179/371/4 5180/552/128 5181/553/129 5182/554/130
f 5183/193/42 5184/197/47 5185/555/131 5186/556/132 5187/557/133 5188/370/105
f 5189/343/106 5190/188/36 5191/558/134 5192/559/135 5193/560/151 5194/196/46
f 5195/187/35 5196/32/26 5197/561/125 5198/562/126 5199/563/127
f 5200/4/4 5201/564/128 5202/565/129 5203/566/130 5204/31/25
f 5269/191/11 5270/278/11 5271/278/1 5272/191/1
f 5273/189/11 5274/567/1 5275/359/1 5276/359/11
f 5277/206/10 5278/568/20 5279/206/2
f 5280/207/51 5281/471/5 5282/470/14
f 5283/221/10 5284/569/20 5285/221/2
f 5286/222/51 5287/222/5 5288/570/14
f 5289/240/10 5290/571/20 5291/239/2
f 5292/241/51 5293/572/5 5294/573/14
f 5295/256/10 5296/574/20 5297/575/2
f 5298/257/51 5299/257/5 5300/576/14
f 5301/327/54 5302/292/71 5303/267/57
f 5304/19/19 5305/266/58 5306/291/70
f 5307/245/54 5308/288/71 5309/248/57
f 5310/322/19 5311/249/58 5312/287/70
f 5313/229/54 5314/284/71 5315/232/57
f 5316/311/19 5317/233/58 5318/283/70
f 5319/210/54 5320/358/71 5321/213/57
f 5322/295/19 5323/214/58 5324/357/70
f 5325/297/72 5326/331/72 5327/352/60 5328/223/60
f 5329/348/72 5330/303/60 5331/199/60 5332/330/72
f 5333/224/61 5334/351/95 5335/340/86 5336/297/78 5337/336/81
f 5338/302/74 5339/354/99 5340/347/91 5341/341/87 5342/350/94
f 5343/359/101 5344/359/82 5345/359/44 5346/359/80 5347/359/67
f 5348/278/69 5349/278/68 5350/278/79 5351/278/92 5352/278/98
f 5353/342/2 5354/459/10 5355/345/20
f 5356/347/93 5357/344/89 5358/304/75
f 5359/302/76 5360/343/88 5361/347/100
f 5362/279/9 5363/278/21 5364/278/33
f 5365/195/5 5366/195/14 5367/577/51
f 5368/193/73 5369/223/63 5370/193/97
f 5371/225/62 5372/338/83 5373/193/96
f 5374/359/64 5375/359/13 5376/578/65
f 5377/346/90 5378/367/104 5379/302/111 5380/378/115 5381/339/84
f 5382/343/107 5383/199/49 5384/339/112 5385/377/110 5386/343/102
f 5387/191/38 5388/191/27 5389/278/29 5390/278/34 5391/279/17
f 5392/191/39 5393/278/92 5394/278/98 5395/278/69 5396/191/68
f 5397/198/48 5398/193/45 5399/383/116 5400/373/109 5401/197/113
f 5402/340/167 5403/352/114 5404/224/108 5405/366/103 5406/332/77
f 5407/189/80 5408/567/67 5409/359/101 5410/359/82 5411/359/44
f 5412/189/37 5413/359/43 5414/359/6 5415/359/168 5416/189/157
f 5417/304/75 5418/347/93 5419/375/89
f 5420/302/76 5421/361/88 5422/361/100
f 5423/372/10 5424/278/20 5425/278/2
f 5426/280/9 5427/278/21 5428/372/33
f 5429/224/62 5430/384/83 5431/380/96
f 5432/224/63 5433/297/97 5434/297/73
f 5435/359/64 5436/359/13 5437/360/65
f 5438/359/51 5439/359/5 5440/578/14
f 5086/3/3 4900/2/2 4902/388/20 5083/579/32
f 4901/10/10 4898/9/9 4897/184/33 4902/183/20
f 4985/26/22 4899/25/21 4898/580/9 4986/450/12
f 5074/6/6 4906/5/5 4908/392/51 5075/502/30
f 4907/14/14 4904/13/13 4903/271/64 4908/270/51
f 5090/274/66 4905/273/65 4904/13/13 5087/16/16
f 4905/273/65 4909/272/22 4912/395/12 4903/581/64
f 4910/263/22 4913/262/22 4916/398/12 4911/582/12
f 4914/102/22 4917/101/22 4920/401/12 4915/583/12
f 4918/98/22 4921/97/22 4924/404/12 4919/584/12
f 4922/94/22 4925/93/22 4928/407/12 4923/585/12
f 4926/90/22 4929/89/22 4932/410/12 4927/586/12
f 4930/86/22 4933/85/22 4936/413/12 4931/587/12
f 4934/82/22 4937/81/22 4940/416/12 4935/588/12
f 4938/78/22 4941/77/22 4944/419/12 4939/589/12
f 4942/74/22 4945/73/22 4948/422/12 4943/590/12
f 4946/70/22 4949/69/22 4952/425/12 4947/591/12
f 4950/66/22 4953/65/22 4956/428/12 4951/592/12
f 4954/62/22 4957/61/22 4960/431/12 4955/593/12
f 4958/58/22 4961/57/22 4964/434/12 4959/594/12
f 4962/54/22 4965/53/22 4968/437/12 4963/595/12
f 4966/50/22 4969/49/22 4972/440/12 4967/596/12
f 4970/46/22 4973/45/22 4976/443/12 4971/597/12
f 4974/42/22 4977/41/22 4980/446/12 4975/598/12
f 4978/38/22 4981/37/22 4984/449/12 4979/599/12
f 4982/34/22 4988/33/22 4987/600/12 4983/601/12
f 4900/2/2 4989/1/1 4992/455/11 4901/387/10
f 4990/30/1 4993/29/1 4996/458/11 4991/602/11
f 4994/186/1 4997/185/34 5001/460/29 4995/603/11
f 4999/190/38 5002/189/37 5006/171/28 5000/170/27
f 5004/369/6 5007/368/1 5010/463/11 5005/604/30
f 5008/363/1 5011/362/1 5014/466/11 5009/605/11
f 5012/201/1 5015/200/34 5019/469/29 5013/606/11
f 5017/205/38 5020/204/37 5024/155/157 5018/154/27
f 5022/317/6 5025/316/1 5028/474/11 5023/607/30
f 5026/313/1 5029/312/1 5032/477/11 5027/608/11
f 5030/216/1 5033/215/34 5037/480/166 5031/609/11
f 5035/220/38 5038/219/37 5042/139/157 5036/138/27
f 5040/22/6 5043/21/1 5046/484/11 5041/610/30
f 5044/259/1 5047/258/1 5050/487/11 5045/611/11
f 5048/235/1 5051/234/34 5055/490/29 5049/612/11
f 5053/239/158 5056/238/162 5060/123/28 5054/122/27
f 5058/306/6 5061/305/1 5064/495/11 5059/613/30
f 5062/299/1 5065/298/1 5068/498/11 5063/614/11
f 5066/251/1 5069/250/34 5073/501/29 5067/615/11
f 5071/255/158 5077/254/162 5076/107/28 5072/106/27
f 4991/178/11 4987/177/12 4986/12/12 4992/11/11
f 4995/174/11 4984/173/12 4983/180/12 4996/179/11
f 5000/170/27 4980/169/12 4979/176/12 5001/175/29
f 5005/166/30 4976/165/12 4975/172/12 5006/171/28
f 5009/162/11 4972/161/12 4971/168/12 5010/167/11
f 5013/158/11 4968/157/12 4967/164/12 5014/163/11
f 5018/154/27 4964/153/12 4963/160/12 5019/159/29
f 5023/150/30 4960/149/12 4959/156/12 5024/155/157
f 5027/146/11 4956/145/12 4955/152/12 5028/151/11
f 5031/142/11 4952/141/12 4951/148/12 5032/147/11
f 5036/138/27 4948/137/12 4947/144/12 5037/143/166
f 5041/134/30 4944/133/12 4943/140/12 5042/139/157
f 5045/130/11 4940/129/12 4939/136/12 5046/135/11
f 5049/126/11 4936/125/12 4935/132/12 5050/131/11
f 5054/122/27 4932/121/12 4931/128/12 5055/127/29
f 5059/118/30 4928/117/12 4927/124/12 5060/123/28
f 5063/114/11 4924/113/12 4923/120/12 5064/119/11
f 5067/110/11 4920/109/12 4919/116/12 5068/115/11
f 5072/106/27 4916/105/12 4915/112/12 5073/111/29
f 5075/269/30 4912/268/12 4911/108/12 5076/107/28
f 4899/25/21 5080/28/24 5079/616/31 4897/617/33
f 4906/5/5 5092/8/8 5091/15/15 4907/14/14
f 5078/325/43 5095/324/53 5100/7/7 5074/6/6
f 5069/250/34 5102/253/50 5101/18/18 5070/17/17
f 5065/298/1 5108/301/26 5107/252/35 5066/251/1
f 5061/305/1 5113/308/4 5112/300/25 5062/299/1
f 5057/243/43 5117/242/53 5122/307/7 5058/306/6
f 5051/234/34 5124/237/50 5123/321/18 5052/320/17
f 5047/258/1 5130/261/26 5129/236/35 5048/235/1
f 5043/21/1 5135/24/4 5134/260/25 5044/259/1
f 5039/227/43 5139/226/53 5144/23/7 5040/22/6
f 5033/215/34 5146/218/50 5145/310/18 5034/309/17
f 5029/312/1 5152/315/26 5151/217/35 5030/216/1
f 5025/316/1 5157/319/4 5156/314/25 5026/313/1
f 5021/209/43 5161/208/53 5166/318/7 5022/317/6
f 5015/200/34 5168/203/50 5167/294/18 5016/293/17
f 5011/362/1 5174/365/26 5173/202/35 5012/201/1
f 5007/368/1 5179/371/4 5178/364/25 5008/363/1
f 5003/194/43 5183/193/42 5188/370/105 5004/369/6
f 4997/185/34 5190/188/36 5189/343/106 4998/342/17
f 4993/29/1 5196/32/26 5195/187/35 4994/186/1
f 4989/1/1 5200/4/4 5204/31/25 4990/30/1
f 4988/33/22 5206/36/23 5205/27/23 4985/26/22
f 4981/37/22 5207/40/23 5208/35/23 4982/34/22
f 4977/41/22 5210/44/23 5209/39/23 4978/38/22
f 4973/45/22 5211/48/23 5212/43/23 4974/42/22
f 4969/49/22 5214/52/23 5213/47/23 4970/46/22
f 4965/53/22 5215/56/23 5216/51/23 4966/50/22
f 4961/57/22 5218/60/23 5217/55/23 4962/54/22
f 4957/61/22 5219/64/23 5220/59/23 4958/58/22
f 4953/65/22 5222/68/23 5221/63/23 4954/62/22
f 4949/69/22 5223/72/23 5224/67/23 4950/66/22
f 4945/73/22 5226/76/23 5225/71/23 4946/70/22
f 4941/77/22 5227/80/23 5228/75/23 4942/74/22
f 4937/81/22 5230/84/23 5229/79/23 4938/78/22
f 4933/85/22 5231/88/23 5232/83/23 4934/82/22
f 4929/89/22 5234/92/23 5233/87/23 4930/86/22
f 4925/93/22 5235/96/23 5236/91/23 4926/90/22
f 4921/97/22 5238/100/23 5237/95/23 4922/94/22
f 4917/101/22 5239/104/23 5240/99/23 4918/98/22
f 4913/262/22 5242/265/23 5241/103/23 4914/102/22
f 4909/272/22 5243/275/23 5244/264/23 4910/263/22
f 5242/618/23 5240/619/23 5239/104/23 5241/103/23
f 5238/620/23 5236/621/23 5235/96/23 5237/95/23
f 5234/622/23 5232/623/23 5231/88/23 5233/87/23
f 5230/624/23 5228/625/23 5227/80/23 5229/79/23
f 5226/626/23 5224/627/23 5223/72/23 5225/71/23
f 5222/628/23 5220/629/23 5219/64/23 5221/63/23
f 5218/630/23 5216/631/23 5215/56/23 5217/55/23
f 5214/632/23 5212/633/23 5211/48/23 5213/47/23
f 5210/634/23 5208/635/23 5207/40/23 5209/39/23
f 5206/636/23 5081/637/23 5080/28/24 5205/27/23
f 5203/566/130 5197/561/125 5196/32/26 5204/31/25
f 5199/563/127 5191/558/134 5190/188/36 5195/187/35
f 5193/560/151 5185/555/131 5184/197/47 5194/196/46
f 5187/557/133 5180/552/128 5179/371/4 5188/370/105
f 5182/554/130 5175/549/125 5174/365/26 5178/364/25
f 5177/551/127 5169/546/122 5168/203/50 5173/202/35
f 5171/548/124 5163/543/119 5162/212/56 5172/211/153
f 5165/545/121 5158/540/128 5157/319/4 5166/318/7
f 5160/542/130 5153/537/125 5152/315/26 5156/314/25
f 5155/539/127 5147/534/122 5146/218/50 5151/217/35
f 5149/536/124 5141/531/119 5140/231/56 5150/230/55
f 5143/533/121 5136/528/128 5135/24/4 5144/23/7
f 5138/530/130 5131/525/125 5130/261/26 5134/260/25
f 5133/527/127 5125/522/122 5124/237/50 5129/236/35
f 5127/524/124 5119/248/119 5118/247/154 5128/246/153
f 5121/521/121 5114/517/128 5113/308/4 5122/307/7
f 5116/519/130 5109/514/125 5108/301/26 5112/300/25
f 5111/516/127 5103/512/122 5102/253/50 5107/252/35
f 5105/266/124 5097/509/119 5096/267/154 5106/266/153
f 5099/511/121 5093/507/8 5092/8/8 5100/7/7
f 5085/638/3 5201/564/128 5200/4/4 5086/3/3
f 5089/639/23 5244/640/23 5243/275/23 5090/274/66
s 0
f 5088/192/41 5242/192/41 5244/192/41
f 5088/192/41 5244/192/41 5089/192/41
f 5094/192/137 5088/192/137 5091/192/137
f 5088/192/137 5087/192/137 5091/192/137
f 5087/192/138 5088/192/138 5089/192/138
f 5087/192/138 5089/192/138 5090/192/138
f 5206/192/41 5082/192/41 5081/192/41
s 1
f 5272/329/1 5274/328/1 5273/641/11 5269/642/11
f 5279/356/2 5281/355/5 5280/643/51 5277/644/10
f 5285/282/2 5287/281/5 5286/645/51 5283/646/10
f 5291/286/2 5293/285/5 5292/647/51 5289/648/10
f 5297/290/2 5299/289/5 5298/649/51 5295/650/10
f 5299/289/5 5302/292/71 5301/327/54 5300/326/14
f 5296/20/20 5304/19/19 5306/291/70 5297/290/2
f 5293/285/5 5308/288/71 5307/245/54 5294/244/14
f 5290/323/20 5310/322/19 5312/287/70 5291/286/2
f 5287/281/5 5314/284/71 5313/229/54 5288/228/14
f 5284/309/20 5316/311/19 5318/283/70 5285/282/2
f 5281/355/5 5320/358/71 5319/210/54 5282/209/14
f 5278/296/20 5322/295/19 5324/357/70 5279/356/2
f 5274/328/1 5326/331/72 5325/297/72 5275/194/1
f 5271/349/1 5329/348/72 5332/330/72 5272/329/1
f 5331/199/60 5327/352/60 5326/331/72 5332/330/72
f 5323/214/58 5321/213/57 5320/358/71 5324/357/70
f 5317/233/58 5315/232/57 5314/284/71 5318/283/70
f 5311/249/58 5309/248/57 5308/288/71 5312/287/70
f 5305/266/58 5303/267/57 5302/292/71 5306/291/70
f 5038/219/37 5286/222/51 5288/570/14 5039/481/43
f 5315/232/57 5140/231/56 5139/226/53 5313/229/54
f 5333/224/61 5328/223/60 5327/352/60 5334/351/95
f 5382/343/107 5189/343/106 5194/196/46 5383/199/49
f 5150/230/55 5317/233/58 5316/311/19 5145/310/18
f 5283/221/10 5035/220/38 5034/569/17 5284/569/20
f 5070/17/17 5296/20/20 5295/651/10 5071/500/158
f 5300/326/14 5078/325/43 5077/652/162 5298/503/51
f 5347/276/67 5273/189/11 5276/359/11 5343/359/101
f 5016/293/17 5278/296/20 5277/467/10 5017/467/38
f 5282/209/14 5021/209/43 5020/653/37 5280/653/51
f 5392/191/39 4999/190/38 4998/278/17 5393/278/92
f 5056/238/162 5292/241/51 5294/573/14 5057/491/43
f 5309/248/57 5118/247/154 5117/242/53 5307/245/54
f 5095/324/53 5301/327/54 5303/267/57 5096/267/154
f 5304/19/19 5101/18/18 5106/266/153 5305/266/58
f 5128/246/153 5311/249/58 5310/322/19 5123/321/18
f 5289/240/10 5053/239/158 5052/571/17 5290/571/20
f 5321/213/57 5162/212/56 5161/208/53 5319/210/54
f 5322/295/19 5167/294/18 5172/211/153 5323/214/58
f 5406/332/77 5336/297/78 5335/340/86 5402/340/167
f 5330/303/60 5338/302/74 5342/350/94 5331/199/60
f 5412/189/37 5346/335/80 5345/359/44 5413/359/43
f 5269/191/11 5349/190/68 5348/278/69 5270/277/11
f 5349/190/68 5347/276/67 5346/335/80 5350/191/79
f 5339/354/99 5352/353/98 5351/342/92 5340/347/91
f 5334/351/95 5342/350/94 5341/341/87 5335/340/86
f 5344/337/82 5337/336/81 5336/297/78 5345/334/44
f 5355/342/20 5357/344/89 5356/347/93 5353/342/2
f 5357/344/89 5360/343/88 5359/302/76 5358/304/75
f 5354/280/10 5362/279/9 5364/278/33 5355/278/20
f 5360/343/88 5364/342/33 5363/342/21 5361/347/100
f 5270/277/11 5354/280/10 5353/278/2 5271/278/1
f 5358/304/75 5330/303/60 5329/348/72 5356/347/93
f 5338/302/74 5359/302/76 5361/347/100 5339/354/99
f 5362/279/9 5348/278/69 5352/278/98 5363/278/21
f 5365/195/5 5368/193/73 5370/193/97 5366/195/14
f 5373/193/96 5370/193/97 5369/223/63 5371/225/62
f 5374/359/64 5367/360/51 5366/359/14 5375/359/13
f 5375/195/13 5373/193/96 5372/338/83 5376/195/65
f 5337/336/81 5372/338/83 5371/225/62 5333/224/61
f 5368/193/73 5325/297/72 5328/223/60 5369/223/63
f 5343/359/101 5374/359/64 5376/578/65 5344/359/82
f 5275/194/1 5365/195/5 5367/577/51 5276/577/11
f 5340/347/91 5377/346/90 5381/339/84 5341/341/87
f 5379/302/111 5385/377/110 5384/339/112 5380/378/115
f 5350/191/79 5387/191/38 5391/279/17 5351/278/92
f 5388/379/27 5396/191/68 5395/278/69 5389/372/29
f 5183/193/42 5398/193/45 5397/198/48 5184/197/47
f 5400/373/109 5404/224/108 5403/352/114 5401/197/113
f 5002/189/37 5407/189/80 5411/359/44 5003/359/43
f 5408/189/67 5416/276/157 5415/382/168 5409/381/101
f 5410/195/82 5399/383/116 5398/193/45 5411/195/44
f 5413/333/43 5406/332/77 5405/366/103 5414/334/6
f 5401/197/113 5384/339/112 5383/199/49 5397/198/48
f 5402/340/167 5381/339/84 5380/378/115 5403/352/114
f 5386/343/102 5394/345/98 5393/345/92 5382/343/107
f 5377/346/90 5391/345/17 5390/353/34 5378/367/104
f 5396/191/68 5408/189/67 5407/189/80 5392/191/39
f 5387/191/38 5412/189/37 5416/276/157 5388/379/27
f 5419/375/89 5421/361/88 5420/302/76 5417/304/75
f 5423/372/10 5426/280/9 5428/372/33 5424/278/20
f 5421/361/88 5428/374/33 5427/342/21 5422/361/100
f 5418/347/93 5425/342/2 5424/376/20 5419/375/89
f 5385/377/110 5420/302/76 5422/361/100 5386/343/102
f 5426/280/9 5395/278/69 5394/278/98 5427/278/21
f 5378/367/104 5418/347/93 5417/304/75 5379/302/111
f 5389/372/29 5423/372/10 5425/278/2 5390/278/34
f 5431/380/96 5433/297/97 5432/224/63 5429/224/62
f 5435/359/64 5438/359/51 5440/578/14 5436/359/13
f 5436/194/13 5431/380/96 5430/384/83 5437/195/65
f 5439/195/5 5434/297/73 5433/297/97 5440/195/14
f 5409/381/101 5435/359/64 5437/360/65 5410/359/82
f 5429/224/62 5400/373/109 5399/383/116 5430/384/83
f 5404/224/108 5432/224/63 5434/297/73 5405/366/103
f 5438/359/51 5415/382/168 5414/360/6 5439/359/5
s 0
f 5083/192/139 5079/192/139 5082/192/139
f 5083/192/139 5082/192/139 5084/192/139
f 5079/192/140 5080/192/140 5081/192/140
f 5079/192/140 5081/192/140 5082/192/140
f 5082/192/141 5198/192/141 5197/192/141
f 5164/192/41 5220/192/41 5222/192/41
f 5159/192/41 5164/192/41 5222/192/41
f 5148/192/41 5224/192/41 5226/192/41
f 5126/192/41 5232/192/41 5234/192/41
f 5228/192/41 5137/192/41 5142/192/41
f 5214/192/52 5216/192/52 5175/192/52
f 5141/192/52 5226/192/52 5228/192/52
f 5131/192/163 5230/192/163 5232/192/163
f 5094/192/41 5098/192/41 5088/192/41
f 5137/192/41 5228/192/41 5230/192/41
f 5093/192/41 5098/192/41 5094/192/41
f 5224/192/59 5154/192/59 5153/192/59
f 5093/192/41 5099/192/41 5098/192/41
f 5104/192/142 5088/192/142 5097/192/142
f 5216/192/41 5170/192/41 5176/192/41
f 5097/192/143 5105/192/143 5104/192/143
f 5103/192/41 5110/192/41 5104/192/41
f 5236/192/164 5120/192/164 5119/192/164
f 5103/192/41 5111/192/41 5110/192/41
f 5214/192/52 5175/192/52 5182/192/52
f 5210/192/52 5185/192/52 5193/192/52
f 5115/192/144 5238/192/144 5116/192/144
f 5114/192/41 5120/192/41 5115/192/41
f 5224/192/41 5148/192/41 5154/192/41
f 5114/192/41 5121/192/41 5120/192/41
f 5238/192/52 5109/192/52 5116/192/52
f 5126/192/144 5234/192/144 5127/192/144
f 5125/192/41 5132/192/41 5126/192/41
f 5232/192/41 5126/192/41 5132/192/41
f 5125/192/41 5133/192/41 5132/192/41
f 5226/192/155 5141/192/155 5149/192/155
f 5082/192/41 5206/192/41 5208/192/41
f 5137/192/165 5230/192/165 5138/192/165
f 5136/192/41 5142/192/41 5137/192/41
f 5170/192/41 5216/192/41 5218/192/41
f 5136/192/41 5143/192/41 5142/192/41
f 5218/192/52 5163/192/52 5171/192/52
f 5234/192/155 5236/192/155 5119/192/155
f 5148/192/144 5226/192/144 5149/192/144
f 5147/192/41 5154/192/41 5148/192/41
f 5181/192/41 5212/192/41 5214/192/41
f 5147/192/41 5155/192/41 5154/192/41
f 5230/192/155 5131/192/155 5138/192/155
f 5115/192/41 5236/192/41 5238/192/41
f 5159/192/144 5222/192/144 5160/192/144
f 5158/192/41 5164/192/41 5159/192/41
f 5236/192/41 5115/192/41 5120/192/41
f 5158/192/41 5165/192/41 5164/192/41
f 5216/192/164 5176/192/164 5175/192/164
f 5234/192/52 5119/192/52 5127/192/52
f 5170/192/169 5218/192/169 5171/192/169
f 5169/192/41 5176/192/41 5170/192/41
f 5088/192/156 5098/192/156 5097/192/156
f 5169/192/41 5177/192/41 5176/192/41
f 5222/192/155 5224/192/155 5160/192/155
f 5082/192/41 5210/192/41 5192/192/41
f 5181/192/144 5214/192/144 5182/192/144
f 5180/192/41 5186/192/41 5181/192/41
f 5082/192/41 5192/192/41 5198/192/41
f 5180/192/41 5187/192/41 5186/192/41
f 5110/192/59 5109/192/59 5240/192/59
f 5210/192/155 5212/192/155 5185/192/155
f 5192/192/144 5210/192/144 5193/192/144
f 5191/192/41 5198/192/41 5192/192/41
f 5224/192/163 5153/192/163 5160/192/163
f 5191/192/41 5199/192/41 5198/192/41
f 5202/192/161 5082/192/161 5197/192/161
f 5084/192/41 5082/192/41 5202/192/41
f 5197/192/143 5203/192/143 5202/192/143
f 5201/192/41 5084/192/41 5202/192/41
f 5201/192/41 5085/192/41 5084/192/41
f 5212/192/41 5181/192/41 5186/192/41
s 1
f 5533/1/1 5444/2/2 5630/3/3 5744/4/4
f 5450/5/5 5618/6/6 5644/7/7 5636/8/8
f 5442/9/9 5445/10/10 5536/11/11 5530/12/12
f 5448/13/13 5451/14/14 5635/15/15 5631/16/16
f 5614/17/17 5645/18/18 5848/19/19 5840/20/20
f 5587/21/1 5584/22/6 5688/23/7 5679/24/4
f 5443/25/21 5529/26/22 5749/27/23 5624/28/24
f 5537/29/1 5534/30/1 5748/31/25 5740/32/26
f 5532/33/22 5526/34/22 5752/35/23 5750/36/23
f 5525/37/22 5522/38/22 5753/39/23 5751/40/23
f 5521/41/22 5518/42/22 5756/43/23 5754/44/23
f 5517/45/22 5514/46/22 5757/47/23 5755/48/23
f 5513/49/22 5510/50/22 5760/51/23 5758/52/23
f 5509/53/22 5506/54/22 5761/55/23 5759/56/23
f 5505/57/22 5502/58/22 5764/59/23 5762/60/23
f 5501/61/22 5498/62/22 5765/63/23 5763/64/23
f 5497/65/22 5494/66/22 5768/67/23 5766/68/23
f 5493/69/22 5490/70/22 5769/71/23 5767/72/23
f 5489/73/22 5486/74/22 5772/75/23 5770/76/23
f 5485/77/22 5482/78/22 5773/79/23 5771/80/23
f 5481/81/22 5478/82/22 5776/83/23 5774/84/23
f 5477/85/22 5474/86/22 5777/87/23 5775/88/23
f 5473/89/22 5470/90/22 5780/91/23 5778/92/23
f 5469/93/22 5466/94/22 5781/95/23 5779/96/23
f 5465/97/22 5462/98/22 5784/99/23 5782/100/23
f 5461/101/22 5458/102/22 5785/103/23 5783/104/23
f 5460/105/12 5616/106/27 5620/107/28 5455/108/12
f 5464/109/12 5611/110/11 5617/111/29 5459/112/12
f 5468/113/12 5607/114/11 5612/115/11 5463/116/12
f 5472/117/12 5603/118/30 5608/119/11 5467/120/12
f 5476/121/12 5598/122/27 5604/123/28 5471/124/12
f 5480/125/12 5593/126/11 5599/127/29 5475/128/12
f 5484/129/12 5589/130/11 5594/131/11 5479/132/12
f 5488/133/12 5585/134/30 5590/135/11 5483/136/12
f 5492/137/12 5580/138/27 5586/139/157 5487/140/12
f 5496/141/12 5575/142/11 5581/143/166 5491/144/12
f 5500/145/12 5571/146/11 5576/147/11 5495/148/12
f 5504/149/12 5567/150/30 5572/151/11 5499/152/12
f 5508/153/12 5562/154/27 5568/155/157 5503/156/12
f 5512/157/12 5557/158/11 5563/159/29 5507/160/12
f 5516/161/12 5553/162/11 5558/163/11 5511/164/12
f 5520/165/12 5549/166/30 5554/167/11 5515/168/12
f 5524/169/12 5544/170/27 5550/171/28 5519/172/12
f 5528/173/12 5539/174/11 5545/175/29 5523/176/12
f 5531/177/12 5535/178/11 5540/179/11 5527/180/12
f 5623/181/31 5627/182/32 5446/183/20 5441/184/33
f 5541/185/34 5538/186/1 5739/187/35 5734/188/36
f 5546/189/37 5543/190/38 5936/191/39 5951/189/80
s 0
f 5648/192/41 5654/192/41 5632/192/41
s 1
f 5727/193/42 5547/194/43 5955/195/44 5942/193/45
f 5738/196/46 5728/197/47 5941/198/48 5927/199/49
f 5559/200/34 5556/201/1 5717/202/35 5712/203/50
f 5564/204/37 5561/205/158 5821/206/10 5824/207/51
s 0
f 5707/192/155 5762/192/155 5764/192/155
s 1
f 5705/208/53 5565/209/43 5826/209/14 5863/210/54
f 5716/211/153 5706/212/56 5865/213/57 5867/214/58
f 5577/215/34 5574/216/1 5695/217/35 5690/218/50
f 5582/219/170 5579/220/38 5827/221/10 5830/222/51
s 0
f 5708/192/59 5707/192/59 5764/192/59
s 1
f 5872/223/60 5877/224/61 5915/225/62 5913/223/63
f 5683/226/53 5583/227/43 5832/228/14 5857/229/54
f 5694/230/55 5684/231/56 5859/232/57 5861/233/58
f 5595/234/34 5592/235/1 5673/236/35 5668/237/50
f 5600/238/162 5597/239/158 5833/240/10 5836/241/51
s 0
f 5756/192/59 5730/192/59 5729/192/59
s 1
f 5661/242/53 5601/243/43 5838/244/14 5851/245/54
f 5672/246/153 5662/247/154 5853/248/57 5855/249/58
f 5613/250/34 5610/251/1 5651/252/35 5646/253/50
f 5621/254/162 5615/255/158 5839/256/10 5842/257/51
s 0
f 5686/192/59 5685/192/59 5772/192/59
s 1
f 5591/258/1 5588/259/1 5678/260/25 5674/261/26
f 5457/262/22 5454/263/22 5788/264/23 5786/265/23
f 5650/266/153 5640/267/154 5847/267/57 5849/266/58
f 5456/268/12 5619/269/30 5452/270/51 5447/271/64
f 5453/272/22 5449/273/65 5634/274/66 5787/275/23
f 5891/276/67 5893/190/68 5813/191/11 5817/189/11
f 5814/277/11 5892/278/69 5906/279/9 5898/280/10
f 5831/281/5 5829/282/2 5862/283/70 5858/284/71
f 5837/285/5 5835/286/2 5856/287/70 5852/288/71
f 5843/289/5 5841/290/2 5850/291/70 5846/292/71
s 0
f 5676/192/59 5675/192/59 5776/192/59
s 1
f 5560/293/17 5711/294/18 5866/295/19 5822/296/20
f 5819/194/1 5869/297/72 5912/193/73 5909/195/5
f 5609/298/1 5606/299/1 5656/300/25 5652/301/26
f 5882/302/74 5874/303/60 5902/304/75 5903/302/76
s 0
f 5653/192/52 5782/192/52 5784/192/52
s 1
f 5605/305/1 5602/306/6 5666/307/7 5657/308/4
f 5578/309/17 5689/310/18 5860/311/19 5828/309/20
f 5573/312/1 5570/313/1 5700/314/25 5696/315/26
s 0
f 5654/192/41 5784/192/41 5632/192/41
s 1
f 5569/316/1 5566/317/6 5710/318/7 5701/319/4
s 0
f 5786/192/41 5632/192/41 5784/192/41
s 1
f 5596/320/17 5667/321/18 5854/322/19 5834/323/20
f 5639/324/53 5622/325/43 5844/326/14 5845/327/54
f 5818/328/1 5816/329/1 5876/330/72 5870/331/72
f 5950/332/77 5957/333/43 5889/334/44 5880/297/78
f 5956/189/37 5931/191/38 5894/191/79 5890/335/80
f 5881/336/81 5888/337/82 5920/195/65 5916/338/83
f 5925/339/84 5946/340/85 5879/340/86 5885/341/87
f 5908/342/33 5904/343/88 5901/344/89 5899/342/20
f 5935/345/17 5921/346/90 5884/347/91 5895/342/92
f 5873/348/72 5815/349/1 5897/342/2 5900/347/93
f 5886/350/94 5878/351/95 5871/352/60 5875/199/60
f 5917/193/96 5919/195/13 5910/195/14 5914/193/97
f 5896/353/98 5883/354/99 5905/347/100 5907/342/21
f 5825/355/5 5823/356/2 5868/357/70 5864/358/71
f 5887/359/101 5820/359/11 5911/360/51 5918/359/64
f 5938/345/98 5930/343/102 5966/361/100 5971/342/21
f 5555/362/1 5552/363/1 5722/364/25 5718/365/26
f 5958/334/6 5949/366/103 5978/297/73 5983/195/5
s 0
f 5754/192/41 5626/192/41 5752/192/41
s 1
f 5922/367/104 5934/353/34 5969/342/2 5962/347/93
f 5551/368/1 5548/369/6 5732/370/105 5723/371/4
f 5933/372/29 5939/278/69 5970/280/9 5967/372/10
f 5542/342/17 5733/343/106 5926/343/107 5937/345/92
f 5948/224/108 5944/373/109 5973/224/62 5976/224/63
f 5972/374/33 5965/361/88 5963/375/89 5968/376/20
f 5929/377/110 5923/302/111 5961/304/75 5964/302/76
f 5928/339/112 5945/197/113 5947/352/114 5924/378/115
f 5952/189/67 5940/191/68 5932/379/27 5960/276/157
f 5975/380/96 5980/194/13 5984/195/14 5977/297/97
f 5953/381/101 5959/382/168 5982/359/51 5979/359/64
f 5943/383/116 5954/195/82 5981/195/65 5974/384/83
f 5441/184/33 5442/385/9 5443/386/21
f 5444/2/2 5445/387/10 5446/388/20
f 5447/271/64 5448/389/13 5449/390/65
f 5450/5/5 5451/391/14 5452/392/51
f 5453/272/22 5454/393/22 5455/394/12 5456/395/12
f 5457/262/22 5458/396/22 5459/397/12 5460/398/12
f 5461/101/22 5462/399/22 5463/400/12 5464/401/12
f 5465/97/22 5466/402/22 5467/403/12 5468/404/12
f 5469/93/22 5470/405/22 5471/406/12 5472/407/12
f 5473/89/22 5474/408/22 5475/409/12 5476/410/12
f 5477/85/22 5478/411/22 5479/412/12 5480/413/12
f 5481/81/22 5482/414/22 5483/415/12 5484/416/12
f 5485/77/22 5486/417/22 5487/418/12 5488/419/12
f 5489/73/22 5490/420/22 5491/421/12 5492/422/12
f 5493/69/22 5494/423/22 5495/424/12 5496/425/12
f 5497/65/22 5498/426/22 5499/427/12 5500/428/12
f 5501/61/22 5502/429/22 5503/430/12 5504/431/12
f 5505/57/22 5506/432/22 5507/433/12 5508/434/12
f 5509/53/22 5510/435/22 5511/436/12 5512/437/12
f 5513/49/22 5514/438/22 5515/439/12 5516/440/12
f 5517/45/22 5518/441/22 5519/442/12 5520/443/12
f 5521/41/22 5522/444/22 5523/445/12 5524/446/12
f 5525/37/22 5526/447/22 5527/448/12 5528/449/12
f 5529/26/22 5530/450/12 5531/451/12 5532/452/22
f 5533/1/1 5534/453/1 5535/454/11 5536/455/11
f 5537/29/1 5538/456/1 5539/457/11 5540/458/11
f 5541/185/34 5542/342/17 5543/459/38 5544/459/27 5545/460/29
f 5546/189/37 5547/359/43 5548/359/6 5549/359/30 5550/189/28
f 5551/368/1 5552/461/1 5553/462/11 5554/463/11
f 5555/362/1 5556/464/1 5557/465/11 5558/466/11
f 5559/200/34 5560/296/17 5561/467/158 5562/468/27 5563/469/29
f 5564/204/37 5565/470/43 5566/470/6 5567/470/30 5568/471/157
f 5569/316/1 5570/472/1 5571/473/11 5572/474/11
f 5573/312/1 5574/475/1 5575/476/11 5576/477/11
f 5577/215/34 5578/478/17 5579/479/38 5580/479/27 5581/480/166
f 5582/219/170 5583/481/43 5584/481/6 5585/481/30 5586/219/157
f 5587/21/1 5588/482/1 5589/483/11 5590/484/11
f 5591/258/1 5592/485/1 5593/486/11 5594/487/11
f 5595/234/34 5596/320/17 5597/488/158 5598/489/27 5599/490/29
f 5600/238/162 5601/491/43 5602/491/6 5603/491/30 5604/492/28
f 5605/305/1 5606/493/1 5607/494/11 5608/495/11
f 5609/298/1 5610/496/1 5611/497/11 5612/498/11
f 5613/250/34 5614/499/17 5615/500/158 5616/500/27 5617/501/29
f 5618/6/6 5619/502/30 5620/503/28 5621/503/162 5622/326/43
f 5627/182/32 5628/504/117 5629/505/3 5630/506/3
f 5635/15/15 5636/8/8 5637/507/8 5638/508/118
f 5639/324/53 5640/267/154 5641/509/119 5642/510/120 5643/511/121 5644/7/7
f 5645/18/18 5646/253/50 5647/512/122 5648/513/123 5649/266/124 5650/266/153
f 5651/252/35 5652/301/26 5653/514/125 5654/515/126 5655/516/127
f 5656/300/25 5657/308/4 5658/517/128 5659/518/129 5660/519/130
f 5661/242/53 5662/247/154 5663/248/119 5664/520/120 5665/521/121 5666/307/7
f 5667/321/18 5668/237/50 5669/522/122 5670/523/123 5671/524/124 5672/246/153
f 5673/236/35 5674/261/26 5675/525/125 5676/526/126 5677/527/127
f 5678/260/25 5679/24/4 5680/528/128 5681/529/129 5682/530/130
f 5683/226/53 5684/231/56 5685/531/119 5686/532/160 5687/533/121 5688/23/7
f 5689/310/18 5690/218/50 5691/534/122 5692/535/123 5693/536/124 5694/230/55
f 5695/217/35 5696/315/26 5697/537/125 5698/538/126 5699/539/127
f 5700/314/25 5701/319/4 5702/540/128 5703/541/129 5704/542/130
f 5705/208/53 5706/212/56 5707/543/119 5708/544/160 5709/545/121 5710/318/7
f 5711/294/18 5712/203/50 5713/546/122 5714/547/123 5715/548/124 5716/211/153
f 5717/202/35 5718/365/26 5719/549/125 5720/550/126 5721/551/127
f 5722/364/25 5723/371/4 5724/552/128 5725/553/129 5726/554/130
f 5727/193/42 5728/197/47 5729/555/131 5730/556/132 5731/557/133 5732/370/105
f 5733/343/106 5734/188/36 5735/558/134 5736/559/135 5737/560/151 5738/196/46
f 5739/187/35 5740/32/26 5741/561/125 5742/562/126 5743/563/127
f 5744/4/4 5745/564/128 5746/565/129 5747/566/130 5748/31/25
f 5813/191/11 5814/278/11 5815/278/1 5816/191/1
f 5817/189/11 5818/567/1 5819/359/1 5820/359/11
f 5821/206/10 5822/568/20 5823/206/2
f 5824/207/51 5825/471/5 5826/470/14
f 5827/221/10 5828/569/20 5829/221/2
f 5830/222/51 5831/222/5 5832/570/14
f 5833/240/10 5834/571/20 5835/239/2
f 5836/241/51 5837/572/5 5838/573/14
f 5839/256/10 5840/574/20 5841/575/2
f 5842/257/51 5843/257/5 5844/576/14
f 5845/327/54 5846/292/71 5847/267/57
f 5848/19/19 5849/266/58 5850/291/70
f 5851/245/54 5852/288/71 5853/248/57
f 5854/322/19 5855/249/58 5856/287/70
f 5857/229/54 5858/284/71 5859/232/57
f 5860/311/19 5861/233/58 5862/283/70
f 5863/210/54 5864/358/71 5865/213/57
f 5866/295/19 5867/214/58 5868/357/70
f 5869/297/72 5870/331/72 5871/352/60 5872/223/60
f 5873/348/72 5874/303/60 5875/199/60 5876/330/72
f 5877/224/61 5878/351/95 5879/340/86 5880/297/78 5881/336/81
f 5882/302/74 5883/354/99 5884/347/91 5885/341/87 5886/350/94
f 5887/359/101 5888/359/82 5889/359/44 5890/359/80 5891/359/67
f 5892/278/69 5893/278/68 5894/278/79 5895/278/92 5896/278/98
f 5897/342/2 5898/459/10 5899/345/20
f 5900/347/93 5901/344/89 5902/304/75
f 5903/302/76 5904/343/88 5905/347/100
f 5906/279/9 5907/278/21 5908/278/33
f 5909/195/5 5910/195/14 5911/577/51
f 5912/193/73 5913/223/63 5914/193/97
f 5915/225/62 5916/338/83 5917/193/96
f 5918/359/64 5919/359/13 5920/578/65
f 5921/346/90 5922/367/104 5923/302/111 5924/378/115 5925/339/84
f 5926/343/107 5927/199/49 5928/339/112 5929/377/110 5930/343/102
f 5931/191/38 5932/191/27 5933/278/29 5934/278/34 5935/279/17
f 5936/191/39 5937/278/92 5938/278/98 5939/278/69 5940/191/68
f 5941/198/48 5942/193/45 5943/383/116 5944/373/109 5945/197/113
f 5946/340/85 5947/352/114 5948/224/108 5949/366/103 5950/332/77
f 5951/189/80 5952/567/67 5953/359/101 5954/359/82 5955/359/44
f 5956/189/37 5957/359/43 5958/359/6 5959/359/168 5960/189/157
f 5961/304/75 5962/347/93 5963/375/89
f 5964/302/76 5965/361/88 5966/361/100
f 5967/372/10 5968/278/20 5969/278/2
f 5970/280/9 5971/278/21 5972/372/33
f 5973/224/62 5974/384/83 5975/380/96
f 5976/224/63 5977/297/97 5978/297/73
f 5979/359/64 5980/359/13 5981/360/65
f 5982/359/51 5983/359/5 5984/578/14
f 5630/3/3 5444/2/2 5446/388/20 5627/579/32
f 5445/10/10 5442/9/9 5441/184/33 5446/183/20
f 5529/26/22 5443/25/21 5442/580/9 5530/450/12
f 5618/6/6 5450/5/5 5452/392/51 5619/502/30
f 5451/14/14 5448/13/13 5447/271/64 5452/270/51
f 5634/274/66 5449/273/65 5448/13/13 5631/16/16
f 5449/273/65 5453/272/22 5456/395/12 5447/581/64
f 5454/263/22 5457/262/22 5460/398/12 5455/582/12
f 5458/102/22 5461/101/22 5464/401/12 5459/583/12
f 5462/98/22 5465/97/22 5468/404/12 5463/584/12
f 5466/94/22 5469/93/22 5472/407/12 5467/585/12
f 5470/90/22 5473/89/22 5476/410/12 5471/586/12
f 5474/86/22 5477/85/22 5480/413/12 5475/587/12
f 5478/82/22 5481/81/22 5484/416/12 5479/588/12
f 5482/78/22 5485/77/22 5488/419/12 5483/589/12
f 5486/74/22 5489/73/22 5492/422/12 5487/590/12
f 5490/70/22 5493/69/22 5496/425/12 5491/591/12
f 5494/66/22 5497/65/22 5500/428/12 5495/592/12
f 5498/62/22 5501/61/22 5504/431/12 5499/593/12
f 5502/58/22 5505/57/22 5508/434/12 5503/594/12
f 5506/54/22 5509/53/22 5512/437/12 5507/595/12
f 5510/50/22 5513/49/22 5516/440/12 5511/596/12
f 5514/46/22 5517/45/22 5520/443/12 5515/597/12
f 5518/42/22 5521/41/22 5524/446/12 5519/598/12
f 5522/38/22 5525/37/22 5528/449/12 5523/599/12
f 5526/34/22 5532/33/22 5531/600/12 5527/601/12
f 5444/2/2 5533/1/1 5536/455/11 5445/387/10
f 5534/30/1 5537/29/1 5540/458/11 5535/602/11
f 5538/186/1 5541/185/34 5545/460/29 5539/603/11
f 5543/190/38 5546/189/37 5550/171/28 5544/170/27
f 5548/369/6 5551/368/1 5554/463/11 5549/604/30
f 5552/363/1 5555/362/1 5558/466/11 5553/605/11
f 5556/201/1 5559/200/34 5563/469/29 5557/606/11
f 5561/205/158 5564/204/37 5568/155/157 5562/154/27
f 5566/317/6 5569/316/1 5572/474/11 5567/607/30
f 5570/313/1 5573/312/1 5576/477/11 5571/608/11
f 5574/216/1 5577/215/34 5581/480/166 5575/609/11
f 5579/220/38 5582/219/170 5586/139/157 5580/138/27
f 5584/22/6 5587/21/1 5590/484/11 5585/610/30
f 5588/259/1 5591/258/1 5594/487/11 5589/611/11
f 5592/235/1 5595/234/34 5599/490/29 5593/612/11
f 5597/239/158 5600/238/162 5604/123/28 5598/122/27
f 5602/306/6 5605/305/1 5608/495/11 5603/613/30
f 5606/299/1 5609/298/1 5612/498/11 5607/614/11
f 5610/251/1 5613/250/34 5617/501/29 5611/615/11
f 5615/255/158 5621/254/162 5620/107/28 5616/106/27
f 5535/178/11 5531/177/12 5530/12/12 5536/11/11
f 5539/174/11 5528/173/12 5527/180/12 5540/179/11
f 5544/170/27 5524/169/12 5523/176/12 5545/175/29
f 5549/166/30 5520/165/12 5519/172/12 5550/171/28
f 5553/162/11 5516/161/12 5515/168/12 5554/167/11
f 5557/158/11 5512/157/12 5511/164/12 5558/163/11
f 5562/154/27 5508/153/12 5507/160/12 5563/159/29
f 5567/150/30 5504/149/12 5503/156/12 5568/155/157
f 5571/146/11 5500/145/12 5499/152/12 5572/151/11
f 5575/142/11 5496/141/12 5495/148/12 5576/147/11
f 5580/138/27 5492/137/12 5491/144/12 5581/143/166
f 5585/134/30 5488/133/12 5487/140/12 5586/139/157
f 5589/130/11 5484/129/12 5483/136/12 5590/135/11
f 5593/126/11 5480/125/12 5479/132/12 5594/131/11
f 5598/122/27 5476/121/12 5475/128/12 5599/127/29
f 5603/118/30 5472/117/12 5471/124/12 5604/123/28
f 5607/114/11 5468/113/12 5467/120/12 5608/119/11
f 5611/110/11 5464/109/12 5463/116/12 5612/115/11
f 5616/106/27 5460/105/12 5459/112/12 5617/111/29
f 5619/269/30 5456/268/12 5455/108/12 5620/107/28
f 5443/25/21 5624/28/24 5623/616/31 5441/617/33
f 5450/5/5 5636/8/8 5635/15/15 5451/14/14
f 5622/325/43 5639/324/53 5644/7/7 5618/6/6
f 5613/250/34 5646/253/50 5645/18/18 5614/17/17
f 5609/298/1 5652/301/26 5651/252/35 5610/251/1
f 5605/305/1 5657/308/4 5656/300/25 5606/299/1
f 5601/243/43 5661/242/53 5666/307/7 5602/306/6
f 5595/234/34 5668/237/50 5667/321/18 5596/320/17
f 5591/258/1 5674/261/26 5673/236/35 5592/235/1
f 5587/21/1 5679/24/4 5678/260/25 5588/259/1
f 5583/227/43 5683/226/53 5688/23/7 5584/22/6
f 5577/215/34 5690/218/50 5689/310/18 5578/309/17
f 5573/312/1 5696/315/26 5695/217/35 5574/216/1
f 5569/316/1 5701/319/4 5700/314/25 5570/313/1
f 5565/209/43 5705/208/53 5710/318/7 5566/317/6
f 5559/200/34 5712/203/50 5711/294/18 5560/293/17
f 5555/362/1 5718/365/26 5717/202/35 5556/201/1
f 5551/368/1 5723/371/4 5722/364/25 5552/363/1
f 5547/194/43 5727/193/42 5732/370/105 5548/369/6
f 5541/185/34 5734/188/36 5733/343/106 5542/342/17
f 5537/29/1 5740/32/26 5739/187/35 5538/186/1
f 5533/1/1 5744/4/4 5748/31/25 5534/30/1
f 5532/33/22 5750/36/23 5749/27/23 5529/26/22
f 5525/37/22 5751/40/23 5752/35/23 5526/34/22
f 5521/41/22 5754/44/23 5753/39/23 5522/38/22
f 5517/45/22 5755/48/23 5756/43/23 5518/42/22
f 5513/49/22 5758/52/23 5757/47/23 5514/46/22
f 5509/53/22 5759/56/23 5760/51/23 5510/50/22
f 5505/57/22 5762/60/23 5761/55/23 5506/54/22
f 5501/61/22 5763/64/23 5764/59/23 5502/58/22
f 5497/65/22 5766/68/23 5765/63/23 5498/62/22
f 5493/69/22 5767/72/23 5768/67/23 5494/66/22
f 5489/73/22 5770/76/23 5769/71/23 5490/70/22
f 5485/77/22 5771/80/23 5772/75/23 5486/74/22
f 5481/81/22 5774/84/23 5773/79/23 5482/78/22
f 5477/85/22 5775/88/23 5776/83/23 5478/82/22
f 5473/89/22 5778/92/23 5777/87/23 5474/86/22
f 5469/93/22 5779/96/23 5780/91/23 5470/90/22
f 5465/97/22 5782/100/23 5781/95/23 5466/94/22
f 5461/101/22 5783/104/23 5784/99/23 5462/98/22
f 5457/262/22 5786/265/23 5785/103/23 5458/102/22
f 5453/272/22 5787/275/23 5788/264/23 5454/263/22
f 5786/618/23 5784/619/23 5783/104/23 5785/103/23
f 5782/620/23 5780/621/23 5779/96/23 5781/95/23
f 5778/622/23 5776/623/23 5775/88/23 5777/87/23
f 5774/624/23 5772/625/23 5771/80/23 5773/79/23
f 5770/626/23 5768/627/23 5767/72/23 5769/71/23
f 5766/628/23 5764/629/23 5763/64/23 5765/63/23
f 5762/630/23 5760/631/23 5759/56/23 5761/55/23
f 5758/632/23 5756/633/23 5755/48/23 5757/47/23
f 5754/634/23 5752/635/23 5751/40/23 5753/39/23
f 5750/636/23 5625/637/23 5624/28/24 5749/27/23
f 5747/566/130 5741/561/125 5740/32/26 5748/31/25
f 5743/563/127 5735/558/134 5734/188/36 5739/187/35
f 5737/560/151 5729/555/131 5728/197/47 5738/196/46
f 5731/557/133 5724/552/128 5723/371/4 5732/370/105
f 5726/554/130 5719/549/125 5718/365/26 5722/364/25
f 5721/551/127 5713/546/122 5712/203/50 5717/202/35
f 5715/548/124 5707/543/119 5706/212/56 5716/211/153
f 5709/545/121 5702/540/128 5701/319/4 5710/318/7
f 5704/542/130 5697/537/125 5696/315/26 5700/314/25
f 5699/539/127 5691/534/122 5690/218/50 5695/217/35
f 5693/536/124 5685/531/119 5684/231/56 5694/230/55
f 5687/533/121 5680/528/128 5679/24/4 5688/23/7
f 5682/530/130 5675/525/125 5674/261/26 5678/260/25
f 5677/527/127 5669/522/122 5668/237/50 5673/236/35
f 5671/524/124 5663/248/119 5662/247/154 5672/246/153
f 5665/521/121 5658/517/128 5657/308/4 5666/307/7
f 5660/519/130 5653/514/125 5652/301/26 5656/300/25
f 5655/516/127 5647/512/122 5646/253/50 5651/252/35
f 5649/266/124 5641/509/119 5640/267/154 5650/266/153
f 5643/511/121 5637/507/8 5636/8/8 5644/7/7
f 5629/638/3 5745/564/128 5744/4/4 5630/3/3
f 5633/639/23 5788/640/23 5787/275/23 5634/274/66
s 0
f 5632/192/41 5786/192/41 5788/192/41
f 5632/192/41 5788/192/41 5633/192/41
f 5638/192/137 5632/192/137 5635/192/137
f 5632/192/137 5631/192/137 5635/192/137
f 5631/192/138 5632/192/138 5633/192/138
f 5631/192/138 5633/192/138 5634/192/138
f 5750/192/41 5626/192/41 5625/192/41
s 1
f 5816/329/1 5818/328/1 5817/641/11 5813/642/11
f 5823/356/2 5825/355/5 5824/643/51 5821/644/10
f 5829/282/2 5831/281/5 5830/645/51 5827/646/10
f 5835/286/2 5837/285/5 5836/647/51 5833/648/10
f 5841/290/2 5843/289/5 5842/649/51 5839/650/10
f 5843/289/5 5846/292/71 5845/327/54 5844/326/14
f 5840/20/20 5848/19/19 5850/291/70 5841/290/2
f 5837/285/5 5852/288/71 5851/245/54 5838/244/14
f 5834/323/20 5854/322/19 5856/287/70 5835/286/2
f 5831/281/5 5858/284/71 5857/229/54 5832/228/14
f 5828/309/20 5860/311/19 5862/283/70 5829/282/2
f 5825/355/5 5864/358/71 5863/210/54 5826/209/14
f 5822/296/20 5866/295/19 5868/357/70 5823/356/2
f 5818/328/1 5870/331/72 5869/297/72 5819/194/1
f 5815/349/1 5873/348/72 5876/330/72 5816/329/1
f 5875/199/60 5871/352/60 5870/331/72 5876/330/72
f 5867/214/58 5865/213/57 5864/358/71 5868/357/70
f 5861/233/58 5859/232/57 5858/284/71 5862/283/70
f 5855/249/58 5853/248/57 5852/288/71 5856/287/70
f 5849/266/58 5847/267/57 5846/292/71 5850/291/70
f 5582/219/170 5830/222/51 5832/570/14 5583/481/43
f 5859/232/57 5684/231/56 5683/226/53 5857/229/54
f 5877/224/61 5872/223/60 5871/352/60 5878/351/95
f 5926/343/107 5733/343/106 5738/196/46 5927/199/49
f 5694/230/55 5861/233/58 5860/311/19 5689/310/18
f 5827/221/10 5579/220/38 5578/569/17 5828/569/20
f 5614/17/17 5840/20/20 5839/651/10 5615/500/158
f 5844/326/14 5622/325/43 5621/652/162 5842/503/51
f 5891/276/67 5817/189/11 5820/359/11 5887/359/101
f 5560/293/17 5822/296/20 5821/467/10 5561/467/158
f 5826/209/14 5565/209/43 5564/653/37 5824/653/51
f 5936/191/39 5543/190/38 5542/278/17 5937/278/92
f 5600/238/162 5836/241/51 5838/573/14 5601/491/43
f 5853/248/57 5662/247/154 5661/242/53 5851/245/54
f 5639/324/53 5845/327/54 5847/267/57 5640/267/154
f 5848/19/19 5645/18/18 5650/266/153 5849/266/58
f 5672/246/153 5855/249/58 5854/322/19 5667/321/18
f 5833/240/10 5597/239/158 5596/571/17 5834/571/20
f 5865/213/57 5706/212/56 5705/208/53 5863/210/54
f 5866/295/19 5711/294/18 5716/211/153 5867/214/58
f 5950/332/77 5880/297/78 5879/340/86 5946/340/85
f 5874/303/60 5882/302/74 5886/350/94 5875/199/60
f 5956/189/37 5890/335/80 5889/359/44 5957/359/43
f 5813/191/11 5893/190/68 5892/278/69 5814/277/11
f 5893/190/68 5891/276/67 5890/335/80 5894/191/79
f 5883/354/99 5896/353/98 5895/342/92 5884/347/91
f 5878/351/95 5886/350/94 5885/341/87 5879/340/86
f 5888/337/82 5881/336/81 5880/297/78 5889/334/44
f 5899/342/20 5901/344/89 5900/347/93 5897/342/2
f 5901/344/89 5904/343/88 5903/302/76 5902/304/75
f 5898/280/10 5906/279/9 5908/278/33 5899/278/20
f 5904/343/88 5908/342/33 5907/342/21 5905/347/100
f 5814/277/11 5898/280/10 5897/278/2 5815/278/1
f 5902/304/75 5874/303/60 5873/348/72 5900/347/93
f 5882/302/74 5903/302/76 5905/347/100 5883/354/99
f 5906/279/9 5892/278/69 5896/278/98 5907/278/21
f 5909/195/5 5912/193/73 5914/193/97 5910/195/14
f 5917/193/96 5914/193/97 5913/223/63 5915/225/62
f 5918/359/64 5911/360/51 5910/359/14 5919/359/13
f 5919/195/13 5917/193/96 5916/338/83 5920/195/65
f 5881/336/81 5916/338/83 5915/225/62 5877/224/61
f 5912/193/73 5869/297/72 5872/223/60 5913/223/63
f 5887/359/101 5918/359/64 5920/578/65 5888/359/82
f 5819/194/1 5909/195/5 5911/577/51 5820/577/11
f 5884/347/91 5921/346/90 5925/339/84 5885/341/87
f 5923/302/111 5929/377/110 5928/339/112 5924/378/115
f 5894/191/79 5931/191/38 5935/279/17 5895/278/92
f 5932/379/27 5940/191/68 5939/278/69 5933/372/29
f 5727/193/42 5942/193/45 5941/198/48 5728/197/47
f 5944/373/109 5948/224/108 5947/352/114 5945/197/113
f 5546/189/37 5951/189/80 5955/359/44 5547/359/43
f 5952/189/67 5960/276/157 5959/382/168 5953/381/101
f 5954/195/82 5943/383/116 5942/193/45 5955/195/44
f 5957/333/43 5950/332/77 5949/366/103 5958/334/6
f 5945/197/113 5928/339/112 5927/199/49 5941/198/48
f 5946/340/85 5925/339/84 5924/378/115 5947/352/114
f 5930/343/102 5938/345/98 5937/345/92 5926/343/107
f 5921/346/90 5935/345/17 5934/353/34 5922/367/104
f 5940/191/68 5952/189/67 5951/189/80 5936/191/39
f 5931/191/38 5956/189/37 5960/276/157 5932/379/27
f 5963/375/89 5965/361/88 5964/302/76 5961/304/75
f 5967/372/10 5970/280/9 5972/372/33 5968/278/20
f 5965/361/88 5972/374/33 5971/342/21 5966/361/100
f 5962/347/93 5969/342/2 5968/376/20 5963/375/89
f 5929/377/110 5964/302/76 5966/361/100 5930/343/102
f 5970/280/9 5939/278/69 5938/278/98 5971/278/21
f 5922/367/104 5962/347/93 5961/304/75 5923/302/111
f 5933/372/29 5967/372/10 5969/278/2 5934/278/34
f 5975/380/96 5977/297/97 5976/224/63 5973/224/62
f 5979/359/64 5982/359/51 5984/578/14 5980/359/13
f 5980/194/13 5975/380/96 5974/384/83 5981/195/65
f 5983/195/5 5978/297/73 5977/297/97 5984/195/14
f 5953/381/101 5979/359/64 5981/360/65 5954/359/82
f 5973/224/62 5944/373/109 5943/383/116 5974/384/83
f 5948/224/108 5976/224/63 5978/297/73 5949/366/103
f 5982/359/51 5959/382/168 5958/360/6 5983/359/5
s 0
f 5627/192/139 5623/192/139 5626/192/139
f 5627/192/139 5626/192/139 5628/192/139
f 5623/192/140 5624/192/140 5625/192/140
f 5623/192/140 5625/192/140 5626/192/140
f 5626/192/141 5742/192/141 5741/192/141
f 5708/192/41 5764/192/41 5766/192/41
f 5703/192/41 5708/192/41 5766/192/41
f 5692/192/41 5768/192/41 5770/192/41
f 5670/192/41 5776/192/41 5778/192/41
f 5772/192/41 5681/192/41 5686/192/41
f 5758/192/52 5760/192/52 5719/192/52
f 5685/192/52 5770/192/52 5772/192/52
f 5675/192/163 5774/192/163 5776/192/163
f 5638/192/41 5642/192/41 5632/192/41
f 5681/192/41 5772/192/41 5774/192/41
f 5637/192/41 5642/192/41 5638/192/41
f 5768/192/59 5698/192/59 5697/192/59
f 5637/192/41 5643/192/41 5642/192/41
f 5648/192/142 5632/192/142 5641/192/142
f 5760/192/41 5714/192/41 5720/192/41
f 5641/192/143 5649/192/143 5648/192/143
f 5647/192/41 5654/192/41 5648/192/41
f 5780/192/164 5664/192/164 5663/192/164
f 5647/192/41 5655/192/41 5654/192/41
f 5758/192/52 5719/192/52 5726/192/52
f 5754/192/163 5729/192/163 5737/192/163
f 5659/192/144 5782/192/144 5660/192/144
f 5658/192/41 5664/192/41 5659/192/41
f 5768/192/41 5692/192/41 5698/192/41
f 5658/192/41 5665/192/41 5664/192/41
f 5782/192/52 5653/192/52 5660/192/52
f 5670/192/144 5778/192/144 5671/192/144
f 5669/192/41 5676/192/41 5670/192/41
f 5776/192/41 5670/192/41 5676/192/41
f 5669/192/41 5677/192/41 5676/192/41
f 5770/192/52 5685/192/52 5693/192/52
f 5626/192/41 5750/192/41 5752/192/41
f 5681/192/165 5774/192/165 5682/192/165
f 5680/192/41 5686/192/41 5681/192/41
f 5714/192/41 5760/192/41 5762/192/41
f 5680/192/41 5687/192/41 5686/192/41
f 5762/192/163 5707/192/163 5715/192/163
f 5778/192/155 5780/192/155 5663/192/155
f 5692/192/144 5770/192/144 5693/192/144
f 5691/192/41 5698/192/41 5692/192/41
f 5725/192/41 5756/192/41 5758/192/41
f 5691/192/41 5699/192/41 5698/192/41
f 5774/192/155 5675/192/155 5682/192/155
f 5659/192/41 5780/192/41 5782/192/41
f 5703/192/144 5766/192/144 5704/192/144
f 5702/192/41 5708/192/41 5703/192/41
f 5780/192/41 5659/192/41 5664/192/41
f 5702/192/41 5709/192/41 5708/192/41
f 5760/192/164 5720/192/164 5719/192/164
f 5778/192/163 5663/192/163 5671/192/163
f 5714/192/169 5762/192/169 5715/192/169
f 5713/192/41 5720/192/41 5714/192/41
f 5632/192/156 5642/192/156 5641/192/156
f 5713/192/41 5721/192/41 5720/192/41
f 5766/192/155 5768/192/155 5704/192/155
f 5626/192/41 5754/192/41 5736/192/41
f 5725/192/144 5758/192/144 5726/192/144
f 5724/192/41 5730/192/41 5725/192/41
f 5626/192/41 5736/192/41 5742/192/41
f 5724/192/41 5731/192/41 5730/192/41
f 5654/192/59 5653/192/59 5784/192/59
f 5754/192/155 5756/192/155 5729/192/155
f 5736/192/144 5754/192/144 5737/192/144
f 5735/192/41 5742/192/41 5736/192/41
f 5768/192/163 5697/192/163 5704/192/163
f 5735/192/41 5743/192/41 5742/192/41
f 5746/192/161 5626/192/161 5741/192/161
f 5628/192/41 5626/192/41 5746/192/41
f 5741/192/143 5747/192/143 5746/192/143
f 5745/192/41 5628/192/41 5746/192/41
f 5745/192/41 5629/192/41 5628/192/41
f 5756/192/41 5725/192/41 5730/192/41
s 1
f 6077/1/1 5988/2/2 6174/3/3 6288/4/4
f 5994/5/5 6162/6/6 6188/7/7 6180/8/8
f 5986/9/9 5989/10/10 6080/11/11 6074/12/12
f 5992/13/13 5995/14/14 6179/15/15 6175/16/16
f 6158/17/17 6189/18/18 6392/19/19 6384/20/20
f 6131/21/1 6128/22/6 6232/23/7 6223/24/4
f 5987/25/21 6073/26/22 6293/27/23 6168/28/24
f 6081/29/1 6078/30/1 6292/31/25 6284/32/26
f 6076/33/22 6070/34/22 6296/35/23 6294/36/23
f 6069/37/22 6066/38/22 6297/39/23 6295/40/23
f 6065/41/22 6062/42/22 6300/43/23 6298/44/23
f 6061/45/22 6058/46/22 6301/47/23 6299/48/23
f 6057/49/22 6054/50/22 6304/51/23 6302/52/23
f 6053/53/22 6050/54/22 6305/55/23 6303/56/23
f 6049/57/22 6046/58/22 6308/59/23 6306/60/23
f 6045/61/22 6042/62/22 6309/63/23 6307/64/23
f 6041/65/22 6038/66/22 6312/67/23 6310/68/23
f 6037/69/22 6034/70/22 6313/71/23 6311/72/23
f 6033/73/22 6030/74/22 6316/75/23 6314/76/23
f 6029/77/22 6026/78/22 6317/79/23 6315/80/23
f 6025/81/22 6022/82/22 6320/83/23 6318/84/23
f 6021/85/22 6018/86/22 6321/87/23 6319/88/23
f 6017/89/22 6014/90/22 6324/91/23 6322/92/23
f 6013/93/22 6010/94/22 6325/95/23 6323/96/23
f 6009/97/22 6006/98/22 6328/99/23 6326/100/23
f 6005/101/22 6002/102/22 6329/103/23 6327/104/23
f 6004/105/12 6160/106/27 6164/107/28 5999/108/12
f 6008/109/12 6155/110/11 6161/111/29 6003/112/12
f 6012/113/12 6151/114/11 6156/115/11 6007/116/12
f 6016/117/12 6147/118/30 6152/119/11 6011/120/12
f 6020/121/12 6142/122/27 6148/123/28 6015/124/12
f 6024/125/12 6137/126/11 6143/127/29 6019/128/12
f 6028/129/12 6133/130/11 6138/131/11 6023/132/12
f 6032/133/12 6129/134/30 6134/135/11 6027/136/12
f 6036/137/12 6124/138/27 6130/139/157 6031/140/12
f 6040/141/12 6119/142/11 6125/143/166 6035/144/12
f 6044/145/12 6115/146/11 6120/147/11 6039/148/12
f 6048/149/12 6111/150/30 6116/151/11 6043/152/12
f 6052/153/12 6106/154/27 6112/155/157 6047/156/12
f 6056/157/12 6101/158/11 6107/159/29 6051/160/12
f 6060/161/12 6097/162/11 6102/163/11 6055/164/12
f 6064/165/12 6093/166/30 6098/167/11 6059/168/12
f 6068/169/12 6088/170/27 6094/171/28 6063/172/12
f 6072/173/12 6083/174/11 6089/175/29 6067/176/12
f 6075/177/12 6079/178/11 6084/179/11 6071/180/12
f 6167/181/31 6171/182/32 5990/183/20 5985/184/33
f 6085/185/34 6082/186/1 6283/187/35 6278/188/36
f 6090/189/37 6087/190/38 6480/191/39 6495/189/80
s 0
f 6192/192/41 6198/192/41 6176/192/41
s 1
f 6271/193/42 6091/194/43 6499/195/44 6486/193/45
f 6282/196/46 6272/197/47 6485/198/48 6471/199/49
f 6103/200/34 6100/201/1 6261/202/35 6256/203/50
f 6108/204/37 6105/205/38 6365/206/10 6368/207/51
s 0
f 6251/192/52 6306/192/52 6308/192/52
s 1
f 6249/208/53 6109/209/43 6370/209/14 6407/210/54
f 6260/211/153 6250/212/56 6409/213/57 6411/214/58
f 6121/215/34 6118/216/1 6239/217/35 6234/218/50
f 6126/219/37 6123/220/38 6371/221/10 6374/222/51
s 0
f 6252/192/59 6251/192/59 6308/192/59
s 1
f 6416/223/60 6421/224/61 6459/225/62 6457/223/63
f 6227/226/53 6127/227/43 6376/228/14 6401/229/54
f 6238/230/55 6228/231/56 6403/232/57 6405/233/58
f 6139/234/34 6136/235/1 6217/236/35 6212/237/50
f 6144/238/162 6141/239/158 6377/240/10 6380/241/51
s 0
f 6300/192/59 6274/192/59 6273/192/59
s 1
f 6205/242/53 6145/243/43 6382/244/14 6395/245/54
f 6216/246/153 6206/247/154 6397/248/57 6399/249/58
f 6157/250/34 6154/251/1 6195/252/35 6190/253/50
f 6165/254/162 6159/255/158 6383/256/10 6386/257/51
s 0
f 6230/192/59 6229/192/59 6316/192/59
s 1
f 6135/258/1 6132/259/1 6222/260/25 6218/261/26
f 6001/262/22 5998/263/22 6332/264/23 6330/265/23
f 6194/266/153 6184/267/154 6391/267/57 6393/266/58
f 6000/268/12 6163/269/30 5996/270/51 5991/271/64
f 5997/272/22 5993/273/65 6178/274/66 6331/275/23
f 6435/276/67 6437/190/68 6357/191/11 6361/189/11
f 6358/277/11 6436/278/69 6450/279/9 6442/280/10
f 6375/281/5 6373/282/2 6406/283/70 6402/284/71
f 6381/285/5 6379/286/2 6400/287/70 6396/288/71
f 6387/289/5 6385/290/2 6394/291/70 6390/292/71
s 0
f 6220/192/59 6219/192/59 6320/192/59
s 1
f 6104/293/17 6255/294/18 6410/295/19 6366/296/20
f 6363/194/1 6413/297/72 6456/193/73 6453/195/5
f 6153/298/1 6150/299/1 6200/300/25 6196/301/26
f 6426/302/74 6418/303/60 6446/304/75 6447/302/76
s 0
f 6197/192/155 6326/192/155 6328/192/155
s 1
f 6149/305/1 6146/306/6 6210/307/7 6201/308/4
f 6122/309/17 6233/310/18 6404/311/19 6372/309/20
f 6117/312/1 6114/313/1 6244/314/25 6240/315/26
s 0
f 6198/192/41 6328/192/41 6176/192/41
s 1
f 6113/316/1 6110/317/6 6254/318/7 6245/319/4
s 0
f 6330/192/41 6176/192/41 6328/192/41
s 1
f 6140/320/17 6211/321/18 6398/322/19 6378/323/20
f 6183/324/53 6166/325/43 6388/326/14 6389/327/54
f 6362/328/1 6360/329/1 6420/330/72 6414/331/72
f 6494/332/77 6501/333/43 6433/334/44 6424/297/78
f 6500/189/37 6475/191/38 6438/191/79 6434/335/80
f 6425/336/81 6432/337/82 6464/195/65 6460/338/83
f 6469/339/84 6490/340/85 6423/340/86 6429/341/87
f 6452/342/33 6448/343/88 6445/344/89 6443/342/20
f 6479/345/17 6465/346/90 6428/347/91 6439/342/92
f 6417/348/72 6359/349/1 6441/342/2 6444/347/93
f 6430/350/94 6422/351/95 6415/352/60 6419/199/60
f 6461/193/96 6463/195/13 6454/195/14 6458/193/97
f 6440/353/98 6427/354/99 6449/347/100 6451/342/21
f 6369/355/5 6367/356/2 6412/357/70 6408/358/71
f 6431/359/101 6364/359/11 6455/360/51 6462/359/64
f 6482/345/98 6474/343/102 6510/361/100 6515/342/21
f 6099/362/1 6096/363/1 6266/364/25 6262/365/26
f 6502/334/6 6493/366/103 6522/297/73 6527/195/5
s 0
f 6298/192/41 6170/192/41 6296/192/41
s 1
f 6466/367/104 6478/353/34 6513/342/2 6506/347/93
f 6095/368/1 6092/369/6 6276/370/105 6267/371/4
f 6477/372/29 6483/278/69 6514/280/9 6511/372/10
f 6086/342/17 6277/343/106 6470/343/107 6481/345/92
f 6492/224/108 6488/373/109 6517/224/62 6520/224/63
f 6516/374/33 6509/361/88 6507/375/89 6512/376/20
f 6473/377/110 6467/302/111 6505/304/75 6508/302/76
f 6472/339/112 6489/197/113 6491/352/114 6468/378/115
f 6496/189/67 6484/191/68 6476/379/27 6504/276/157
f 6519/380/96 6524/194/13 6528/195/14 6521/297/97
f 6497/381/101 6503/382/168 6526/359/51 6523/359/64
f 6487/383/116 6498/195/82 6525/195/65 6518/384/83
f 5985/184/33 5986/385/9 5987/386/21
f 5988/2/2 5989/387/10 5990/388/20
f 5991/271/64 5992/389/13 5993/390/65
f 5994/5/5 5995/391/14 5996/392/51
f 5997/272/22 5998/393/22 5999/394/12 6000/395/12
f 6001/262/22 6002/396/22 6003/397/12 6004/398/12
f 6005/101/22 6006/399/22 6007/400/12 6008/401/12
f 6009/97/22 6010/402/22 6011/403/12 6012/404/12
f 6013/93/22 6014/405/22 6015/406/12 6016/407/12
f 6017/89/22 6018/408/22 6019/409/12 6020/410/12
f 6021/85/22 6022/411/22 6023/412/12 6024/413/12
f 6025/81/22 6026/414/22 6027/415/12 6028/416/12
f 6029/77/22 6030/417/22 6031/418/12 6032/419/12
f 6033/73/22 6034/420/22 6035/421/12 6036/422/12
f 6037/69/22 6038/423/22 6039/424/12 6040/425/12
f 6041/65/22 6042/426/22 6043/427/12 6044/428/12
f 6045/61/22 6046/429/22 6047/430/12 6048/431/12
f 6049/57/22 6050/432/22 6051/433/12 6052/434/12
f 6053/53/22 6054/435/22 6055/436/12 6056/437/12
f 6057/49/22 6058/438/22 6059/439/12 6060/440/12
f 6061/45/22 6062/441/22 6063/442/12 6064/443/12
f 6065/41/22 6066/444/22 6067/445/12 6068/446/12
f 6069/37/22 6070/447/22 6071/448/12 6072/449/12
f 6073/26/22 6074/450/12 6075/451/12 6076/452/22
f 6077/1/1 6078/453/1 6079/454/11 6080/455/11
f 6081/29/1 6082/456/1 6083/457/11 6084/458/11
f 6085/185/34 6086/342/17 6087/459/38 6088/459/27 6089/460/29
f 6090/189/37 6091/359/43 6092/359/6 6093/359/30 6094/189/28
f 6095/368/1 6096/461/1 6097/462/11 6098/463/11
f 6099/362/1 6100/464/1 6101/465/11 6102/466/11
f 6103/200/34 6104/296/17 6105/467/38 6106/468/27 6107/469/29
f 6108/204/37 6109/470/43 6110/470/6 6111/470/30 6112/471/157
f 6113/316/1 6114/472/1 6115/473/11 6116/474/11
f 6117/312/1 6118/475/1 6119/476/11 6120/477/11
f 6121/215/34 6122/478/17 6123/479/38 6124/479/27 6125/480/166
f 6126/219/37 6127/481/43 6128/481/6 6129/481/30 6130/219/157
f 6131/21/1 6132/482/1 6133/483/11 6134/484/11
f 6135/258/1 6136/485/1 6137/486/11 6138/487/11
f 6139/234/34 6140/320/17 6141/488/158 6142/489/27 6143/490/29
f 6144/238/162 6145/491/43 6146/491/6 6147/491/30 6148/492/28
f 6149/305/1 6150/493/1 6151/494/11 6152/495/11
f 6153/298/1 6154/496/1 6155/497/11 6156/498/11
f 6157/250/34 6158/499/17 6159/500/158 6160/500/27 6161/501/29
f 6162/6/6 6163/502/30 6164/503/28 6165/503/162 6166/326/43
f 6171/182/32 6172/504/117 6173/505/3 6174/506/3
f 6179/15/15 6180/8/8 6181/507/8 6182/508/118
f 6183/324/53 6184/267/154 6185/509/119 6186/510/120 6187/511/121 6188/7/7
f 6189/18/18 6190/253/50 6191/512/122 6192/513/123 6193/266/124 6194/266/153
f 6195/252/35 6196/301/26 6197/514/125 6198/515/126 6199/516/127
f 6200/300/25 6201/308/4 6202/517/128 6203/518/129 6204/519/130
f 6205/242/53 6206/247/154 6207/248/119 6208/520/120 6209/521/121 6210/307/7
f 6211/321/18 6212/237/50 6213/522/122 6214/523/123 6215/524/124 6216/246/153
f 6217/236/35 6218/261/26 6219/525/125 6220/526/126 6221/527/127
f 6222/260/25 6223/24/4 6224/528/128 6225/529/129 6226/530/130
f 6227/226/53 6228/231/56 6229/531/119 6230/532/160 6231/533/121 6232/23/7
f 6233/310/18 6234/218/50 6235/534/122 6236/535/123 6237/536/124 6238/230/55
f 6239/217/35 6240/315/26 6241/537/125 6242/538/126 6243/539/127
f 6244/314/25 6245/319/4 6246/540/128 6247/541/129 6248/542/130
f 6249/208/53 6250/212/56 6251/543/119 6252/544/160 6253/545/121 6254/318/7
f 6255/294/18 6256/203/50 6257/546/122 6258/547/123 6259/548/124 6260/211/153
f 6261/202/35 6262/365/26 6263/549/125 6264/550/126 6265/551/127
f 6266/364/25 6267/371/4 6268/552/128 6269/553/129 6270/554/130
f 6271/193/42 6272/197/47 6273/555/131 6274/556/132 6275/557/133 6276/370/105
f 6277/343/106 6278/188/36 6279/558/134 6280/559/135 6281/560/151 6282/196/46
f 6283/187/35 6284/32/26 6285/561/125 6286/562/126 6287/563/127
f 6288/4/4 6289/564/128 6290/565/129 6291/566/130 6292/31/25
f 6357/191/11 6358/278/11 6359/278/1 6360/191/1
f 6361/189/11 6362/567/1 6363/359/1 6364/359/11
f 6365/206/10 6366/568/20 6367/206/2
f 6368/207/51 6369/471/5 6370/470/14
f 6371/221/10 6372/569/20 6373/221/2
f 6374/222/51 6375/222/5 6376/570/14
f 6377/240/10 6378/571/20 6379/239/2
f 6380/241/51 6381/572/5 6382/573/14
f 6383/256/10 6384/574/20 6385/575/2
f 6386/257/51 6387/257/5 6388/576/14
f 6389/327/54 6390/292/71 6391/267/57
f 6392/19/19 6393/266/58 6394/291/70
f 6395/245/54 6396/288/71 6397/248/57
f 6398/322/19 6399/249/58 6400/287/70
f 6401/229/54 6402/284/71 6403/232/57
f 6404/311/19 6405/233/58 6406/283/70
f 6407/210/54 6408/358/71 6409/213/57
f 6410/295/19 6411/214/58 6412/357/70
f 6413/297/72 6414/331/72 6415/352/60 6416/223/60
f 6417/348/72 6418/303/60 6419/199/60 6420/330/72
f 6421/224/61 6422/351/95 6423/340/86 6424/297/78 6425/336/81
f 6426/302/74 6427/354/99 6428/347/91 6429/341/87 6430/350/94
f 6431/359/101 6432/359/82 6433/359/44 6434/359/80 6435/359/67
f 6436/278/69 6437/278/68 6438/278/79 6439/278/92 6440/278/98
f 6441/342/2 6442/459/10 6443/345/20
f 6444/347/93 6445/344/89 6446/304/75
f 6447/302/76 6448/343/88 6449/347/100
f 6450/279/9 6451/278/21 6452/278/33
f 6453/195/5 6454/195/14 6455/577/51
f 6456/193/73 6457/223/63 6458/193/97
f 6459/225/62 6460/338/83 6461/193/96
f 6462/359/64 6463/359/13 6464/578/65
f 6465/346/90 6466/367/104 6467/302/111 6468/378/115 6469/339/84
f 6470/343/107 6471/199/49 6472/339/112 6473/377/110 6474/343/102
f 6475/191/38 6476/191/27 6477/278/29 6478/278/34 6479/279/17
f 6480/191/39 6481/278/92 6482/278/98 6483/278/69 6484/191/68
f 6485/198/48 6486/193/45 6487/383/116 6488/373/109 6489/197/113
f 6490/340/85 6491/352/114 6492/224/108 6493/366/103 6494/332/77
f 6495/189/80 6496/567/67 6497/359/101 6498/359/82 6499/359/44
f 6500/189/37 6501/359/43 6502/359/6 6503/359/168 6504/189/157
f 6505/304/75 6506/347/93 6507/375/89
f 6508/302/76 6509/361/88 6510/361/100
f 6511/372/10 6512/278/20 6513/278/2
f 6514/280/9 6515/278/21 6516/372/33
f 6517/224/62 6518/384/83 6519/380/96
f 6520/224/63 6521/297/97 6522/297/73
f 6523/359/64 6524/359/13 6525/360/65
f 6526/359/51 6527/359/5 6528/578/14
f 6174/3/3 5988/2/2 5990/388/20 6171/579/32
f 5989/10/10 5986/9/9 5985/184/33 5990/183/20
f 6073/26/22 5987/25/21 5986/580/9 6074/450/12
f 6162/6/6 5994/5/5 5996/392/51 6163/502/30
f 5995/14/14 5992/13/13 5991/271/64 5996/270/51
f 6178/274/66 5993/273/65 5992/13/13 6175/16/16
f 5993/273/65 5997/272/22 6000/395/12 5991/581/64
f 5998/263/22 6001/262/22 6004/398/12 5999/582/12
f 6002/102/22 6005/101/22 6008/401/12 6003/583/12
f 6006/98/22 6009/97/22 6012/404/12 6007/584/12
f 6010/94/22 6013/93/22 6016/407/12 6011/585/12
f 6014/90/22 6017/89/22 6020/410/12 6015/586/12
f 6018/86/22 6021/85/22 6024/413/12 6019/587/12
f 6022/82/22 6025/81/22 6028/416/12 6023/588/12
f 6026/78/22 6029/77/22 6032/419/12 6027/589/12
f 6030/74/22 6033/73/22 6036/422/12 6031/590/12
f 6034/70/22 6037/69/22 6040/425/12 6035/591/12
f 6038/66/22 6041/65/22 6044/428/12 6039/592/12
f 6042/62/22 6045/61/22 6048/431/12 6043/593/12
f 6046/58/22 6049/57/22 6052/434/12 6047/594/12
f 6050/54/22 6053/53/22 6056/437/12 6051/595/12
f 6054/50/22 6057/49/22 6060/440/12 6055/596/12
f 6058/46/22 6061/45/22 6064/443/12 6059/597/12
f 6062/42/22 6065/41/22 6068/446/12 6063/598/12
f 6066/38/22 6069/37/22 6072/449/12 6067/599/12
f 6070/34/22 6076/33/22 6075/600/12 6071/601/12
f 5988/2/2 6077/1/1 6080/455/11 5989/387/10
f 6078/30/1 6081/29/1 6084/458/11 6079/602/11
f 6082/186/1 6085/185/34 6089/460/29 6083/603/11
f 6087/190/38 6090/189/37 6094/171/28 6088/170/27
f 6092/369/6 6095/368/1 6098/463/11 6093/604/30
f 6096/363/1 6099/362/1 6102/466/11 6097/605/11
f 6100/201/1 6103/200/34 6107/469/29 6101/606/11
f 6105/205/38 6108/204/37 6112/155/157 6106/154/27
f 6110/317/6 6113/316/1 6116/474/11 6111/607/30
f 6114/313/1 6117/312/1 6120/477/11 6115/608/11
f 6118/216/1 6121/215/34 6125/480/166 6119/609/11
f 6123/220/38 6126/219/37 6130/139/157 6124/138/27
f 6128/22/6 6131/21/1 6134/484/11 6129/610/30
f 6132/259/1 6135/258/1 6138/487/11 6133/611/11
f 6136/235/1 6139/234/34 6143/490/29 6137/612/11
f 6141/239/158 6144/238/162 6148/123/28 6142/122/27
f 6146/306/6 6149/305/1 6152/495/11 6147/613/30
f 6150/299/1 6153/298/1 6156/498/11 6151/614/11
f 6154/251/1 6157/250/34 6161/501/29 6155/615/11
f 6159/255/158 6165/254/162 6164/107/28 6160/106/27
f 6079/178/11 6075/177/12 6074/12/12 6080/11/11
f 6083/174/11 6072/173/12 6071/180/12 6084/179/11
f 6088/170/27 6068/169/12 6067/176/12 6089/175/29
f 6093/166/30 6064/165/12 6063/172/12 6094/171/28
f 6097/162/11 6060/161/12 6059/168/12 6098/167/11
f 6101/158/11 6056/157/12 6055/164/12 6102/163/11
f 6106/154/27 6052/153/12 6051/160/12 6107/159/29
f 6111/150/30 6048/149/12 6047/156/12 6112/155/157
f 6115/146/11 6044/145/12 6043/152/12 6116/151/11
f 6119/142/11 6040/141/12 6039/148/12 6120/147/11
f 6124/138/27 6036/137/12 6035/144/12 6125/143/166
f 6129/134/30 6032/133/12 6031/140/12 6130/139/157
f 6133/130/11 6028/129/12 6027/136/12 6134/135/11
f 6137/126/11 6024/125/12 6023/132/12 6138/131/11
f 6142/122/27 6020/121/12 6019/128/12 6143/127/29
f 6147/118/30 6016/117/12 6015/124/12 6148/123/28
f 6151/114/11 6012/113/12 6011/120/12 6152/119/11
f 6155/110/11 6008/109/12 6007/116/12 6156/115/11
f 6160/106/27 6004/105/12 6003/112/12 6161/111/29
f 6163/269/30 6000/268/12 5999/108/12 6164/107/28
f 5987/25/21 6168/28/24 6167/616/31 5985/617/33
f 5994/5/5 6180/8/8 6179/15/15 5995/14/14
f 6166/325/43 6183/324/53 6188/7/7 6162/6/6
f 6157/250/34 6190/253/50 6189/18/18 6158/17/17
f 6153/298/1 6196/301/26 6195/252/35 6154/251/1
f 6149/305/1 6201/308/4 6200/300/25 6150/299/1
f 6145/243/43 6205/242/53 6210/307/7 6146/306/6
f 6139/234/34 6212/237/50 6211/321/18 6140/320/17
f 6135/258/1 6218/261/26 6217/236/35 6136/235/1
f 6131/21/1 6223/24/4 6222/260/25 6132/259/1
f 6127/227/43 6227/226/53 6232/23/7 6128/22/6
f 6121/215/34 6234/218/50 6233/310/18 6122/309/17
f 6117/312/1 6240/315/26 6239/217/35 6118/216/1
f 6113/316/1 6245/319/4 6244/314/25 6114/313/1
f 6109/209/43 6249/208/53 6254/318/7 6110/317/6
f 6103/200/34 6256/203/50 6255/294/18 6104/293/17
f 6099/362/1 6262/365/26 6261/202/35 6100/201/1
f 6095/368/1 6267/371/4 6266/364/25 6096/363/1
f 6091/194/43 6271/193/42 6276/370/105 6092/369/6
f 6085/185/34 6278/188/36 6277/343/106 6086/342/17
f 6081/29/1 6284/32/26 6283/187/35 6082/186/1
f 6077/1/1 6288/4/4 6292/31/25 6078/30/1
f 6076/33/22 6294/36/23 6293/27/23 6073/26/22
f 6069/37/22 6295/40/23 6296/35/23 6070/34/22
f 6065/41/22 6298/44/23 6297/39/23 6066/38/22
f 6061/45/22 6299/48/23 6300/43/23 6062/42/22
f 6057/49/22 6302/52/23 6301/47/23 6058/46/22
f 6053/53/22 6303/56/23 6304/51/23 6054/50/22
f 6049/57/22 6306/60/23 6305/55/23 6050/54/22
f 6045/61/22 6307/64/23 6308/59/23 6046/58/22
f 6041/65/22 6310/68/23 6309/63/23 6042/62/22
f 6037/69/22 6311/72/23 6312/67/23 6038/66/22
f 6033/73/22 6314/76/23 6313/71/23 6034/70/22
f 6029/77/22 6315/80/23 6316/75/23 6030/74/22
f 6025/81/22 6318/84/23 6317/79/23 6026/78/22
f 6021/85/22 6319/88/23 6320/83/23 6022/82/22
f 6017/89/22 6322/92/23 6321/87/23 6018/86/22
f 6013/93/22 6323/96/23 6324/91/23 6014/90/22
f 6009/97/22 6326/100/23 6325/95/23 6010/94/22
f 6005/101/22 6327/104/23 6328/99/23 6006/98/22
f 6001/262/22 6330/265/23 6329/103/23 6002/102/22
f 5997/272/22 6331/275/23 6332/264/23 5998/263/22
f 6330/618/23 6328/619/23 6327/104/23 6329/103/23
f 6326/620/23 6324/621/23 6323/96/23 6325/95/23
f 6322/622/23 6320/623/23 6319/88/23 6321/87/23
f 6318/624/23 6316/625/23 6315/80/23 6317/79/23
f 6314/626/23 6312/627/23 6311/72/23 6313/71/23
f 6310/628/23 6308/629/23 6307/64/23 6309/63/23
f 6306/630/23 6304/631/23 6303/56/23 6305/55/23
f 6302/632/23 6300/633/23 6299/48/23 6301/47/23
f 6298/634/23 6296/635/23 6295/40/23 6297/39/23
f 6294/636/23 6169/637/23 6168/28/24 6293/27/23
f 6291/566/130 6285/561/125 6284/32/26 6292/31/25
f 6287/563/127 6279/558/134 6278/188/36 6283/187/35
f 6281/560/151 6273/555/131 6272/197/47 6282/196/46
f 6275/557/133 6268/552/128 6267/371/4 6276/370/105
f 6270/554/130 6263/549/125 6262/365/26 6266/364/25
f 6265/551/127 6257/546/122 6256/203/50 6261/202/35
f 6259/548/124 6251/543/119 6250/212/56 6260/211/153
f 6253/545/121 6246/540/128 6245/319/4 6254/318/7
f 6248/542/130 6241/537/125 6240/315/26 6244/314/25
f 6243/539/127 6235/534/122 6234/218/50 6239/217/35
f 6237/536/124 6229/531/119 6228/231/56 6238/230/55
f 6231/533/121 6224/528/128 6223/24/4 6232/23/7
f 6226/530/130 6219/525/125 6218/261/26 6222/260/25
f 6221/527/127 6213/522/122 6212/237/50 6217/236/35
f 6215/524/124 6207/248/119 6206/247/154 6216/246/153
f 6209/521/121 6202/517/128 6201/308/4 6210/307/7
f 6204/519/130 6197/514/125 6196/301/26 6200/300/25
f 6199/516/127 6191/512/122 6190/253/50 6195/252/35
f 6193/266/124 6185/509/119 6184/267/154 6194/266/153
f 6187/511/121 6181/507/8 6180/8/8 6188/7/7
f 6173/638/3 6289/564/128 6288/4/4 6174/3/3
f 6177/639/23 6332/640/23 6331/275/23 6178/274/66
s 0
f 6176/192/41 6330/192/41 6332/192/41
f 6176/192/41 6332/192/41 6177/192/41
f 6182/192/137 6176/192/137 6179/192/137
f 6176/192/137 6175/192/137 6179/192/137
f 6175/192/138 6176/192/138 6177/192/138
f 6175/192/138 6177/192/138 6178/192/138
f 6294/192/41 6170/192/41 6169/192/41
s 1
f 6360/329/1 6362/328/1 6361/641/11 6357/642/11
f 6367/356/2 6369/355/5 6368/643/51 6365/644/10
f 6373/282/2 6375/281/5 6374/645/51 6371/646/10
f 6379/286/2 6381/285/5 6380/647/51 6377/648/10
f 6385/290/2 6387/289/5 6386/649/51 6383/650/10
f 6387/289/5 6390/292/71 6389/327/54 6388/326/14
f 6384/20/20 6392/19/19 6394/291/70 6385/290/2
f 6381/285/5 6396/288/71 6395/245/54 6382/244/14
f 6378/323/20 6398/322/19 6400/287/70 6379/286/2
f 6375/281/5 6402/284/71 6401/229/54 6376/228/14
f 6372/309/20 6404/311/19 6406/283/70 6373/282/2
f 6369/355/5 6408/358/71 6407/210/54 6370/209/14
f 6366/296/20 6410/295/19 6412/357/70 6367/356/2
f 6362/328/1 6414/331/72 6413/297/72 6363/194/1
f 6359/349/1 6417/348/72 6420/330/72 6360/329/1
f 6419/199/60 6415/352/60 6414/331/72 6420/330/72
f 6411/214/58 6409/213/57 6408/358/71 6412/357/70
f 6405/233/58 6403/232/57 6402/284/71 6406/283/70
f 6399/249/58 6397/248/57 6396/288/71 6400/287/70
f 6393/266/58 6391/267/57 6390/292/71 6394/291/70
f 6126/219/37 6374/222/51 6376/570/14 6127/481/43
f 6403/232/57 6228/231/56 6227/226/53 6401/229/54
f 6421/224/61 6416/223/60 6415/352/60 6422/351/95
f 6470/343/107 6277/343/106 6282/196/46 6471/199/49
f 6238/230/55 6405/233/58 6404/311/19 6233/310/18
f 6371/221/10 6123/220/38 6122/569/17 6372/569/20
f 6158/17/17 6384/20/20 6383/651/10 6159/500/158
f 6388/326/14 6166/325/43 6165/652/162 6386/503/51
f 6435/276/67 6361/189/11 6364/359/11 6431/359/101
f 6104/293/17 6366/296/20 6365/467/10 6105/467/38
f 6370/209/14 6109/209/43 6108/653/37 6368/653/51
f 6480/191/39 6087/190/38 6086/278/17 6481/278/92
f 6144/238/162 6380/241/51 6382/573/14 6145/491/43
f 6397/248/57 6206/247/154 6205/242/53 6395/245/54
f 6183/324/53 6389/327/54 6391/267/57 6184/267/154
f 6392/19/19 6189/18/18 6194/266/153 6393/266/58
f 6216/246/153 6399/249/58 6398/322/19 6211/321/18
f 6377/240/10 6141/239/158 6140/571/17 6378/571/20
f 6409/213/57 6250/212/56 6249/208/53 6407/210/54
f 6410/295/19 6255/294/18 6260/211/153 6411/214/58
f 6494/332/77 6424/297/78 6423/340/86 6490/340/85
f 6418/303/60 6426/302/74 6430/350/94 6419/199/60
f 6500/189/37 6434/335/80 6433/359/44 6501/359/43
f 6357/191/11 6437/190/68 6436/278/69 6358/277/11
f 6437/190/68 6435/276/67 6434/335/80 6438/191/79
f 6427/354/99 6440/353/98 6439/342/92 6428/347/91
f 6422/351/95 6430/350/94 6429/341/87 6423/340/86
f 6432/337/82 6425/336/81 6424/297/78 6433/334/44
f 6443/342/20 6445/344/89 6444/347/93 6441/342/2
f 6445/344/89 6448/343/88 6447/302/76 6446/304/75
f 6442/280/10 6450/279/9 6452/278/33 6443/278/20
f 6448/343/88 6452/342/33 6451/342/21 6449/347/100
f 6358/277/11 6442/280/10 6441/278/2 6359/278/1
f 6446/304/75 6418/303/60 6417/348/72 6444/347/93
f 6426/302/74 6447/302/76 6449/347/100 6427/354/99
f 6450/279/9 6436/278/69 6440/278/98 6451/278/21
f 6453/195/5 6456/193/73 6458/193/97 6454/195/14
f 6461/193/96 6458/193/97 6457/223/63 6459/225/62
f 6462/359/64 6455/360/51 6454/359/14 6463/359/13
f 6463/195/13 6461/193/96 6460/338/83 6464/195/65
f 6425/336/81 6460/338/83 6459/225/62 6421/224/61
f 6456/193/73 6413/297/72 6416/223/60 6457/223/63
f 6431/359/101 6462/359/64 6464/578/65 6432/359/82
f 6363/194/1 6453/195/5 6455/577/51 6364/577/11
f 6428/347/91 6465/346/90 6469/339/84 6429/341/87
f 6467/302/111 6473/377/110 6472/339/112 6468/378/115
f 6438/191/79 6475/191/38 6479/279/17 6439/278/92
f 6476/379/27 6484/191/68 6483/278/69 6477/372/29
f 6271/193/42 6486/193/45 6485/198/48 6272/197/47
f 6488/373/109 6492/224/108 6491/352/114 6489/197/113
f 6090/189/37 6495/189/80 6499/359/44 6091/359/43
f 6496/189/67 6504/276/157 6503/382/168 6497/381/101
f 6498/195/82 6487/383/116 6486/193/45 6499/195/44
f 6501/333/43 6494/332/77 6493/366/103 6502/334/6
f 6489/197/113 6472/339/112 6471/199/49 6485/198/48
f 6490/340/85 6469/339/84 6468/378/115 6491/352/114
f 6474/343/102 6482/345/98 6481/345/92 6470/343/107
f 6465/346/90 6479/345/17 6478/353/34 6466/367/104
f 6484/191/68 6496/189/67 6495/189/80 6480/191/39
f 6475/191/38 6500/189/37 6504/276/157 6476/379/27
f 6507/375/89 6509/361/88 6508/302/76 6505/304/75
f 6511/372/10 6514/280/9 6516/372/33 6512/278/20
f 6509/361/88 6516/374/33 6515/342/21 6510/361/100
f 6506/347/93 6513/342/2 6512/376/20 6507/375/89
f 6473/377/110 6508/302/76 6510/361/100 6474/343/102
f 6514/280/9 6483/278/69 6482/278/98 6515/278/21
f 6466/367/104 6506/347/93 6505/304/75 6467/302/111
f 6477/372/29 6511/372/10 6513/278/2 6478/278/34
f 6519/380/96 6521/297/97 6520/224/63 6517/224/62
f 6523/359/64 6526/359/51 6528/578/14 6524/359/13
f 6524/194/13 6519/380/96 6518/384/83 6525/195/65
f 6527/195/5 6522/297/73 6521/297/97 6528/195/14
f 6497/381/101 6523/359/64 6525/360/65 6498/359/82
f 6517/224/62 6488/373/109 6487/383/116 6518/384/83
f 6492/224/108 6520/224/63 6522/297/73 6493/366/103
f 6526/359/51 6503/382/168 6502/360/6 6527/359/5
s 0
f 6171/192/139 6167/192/139 6170/192/139
f 6171/192/139 6170/192/139 6172/192/139
f 6167/192/140 6168/192/140 6169/192/140
f 6167/192/140 6169/192/140 6170/192/140
f 6170/192/141 6286/192/141 6285/192/141
f 6252/192/41 6308/192/41 6310/192/41
f 6247/192/41 6252/192/41 6310/192/41
f 6236/192/41 6312/192/41 6314/192/41
f 6214/192/41 6320/192/41 6322/192/41
f 6316/192/41 6225/192/41 6230/192/41
f 6302/192/155 6304/192/155 6263/192/155
f 6229/192/163 6314/192/163 6316/192/163
f 6219/192/52 6318/192/52 6320/192/52
f 6182/192/41 6186/192/41 6176/192/41
f 6225/192/41 6316/192/41 6318/192/41
f 6181/192/41 6186/192/41 6182/192/41
f 6312/192/59 6242/192/59 6241/192/59
f 6181/192/41 6187/192/41 6186/192/41
f 6192/192/142 6176/192/142 6185/192/142
f 6304/192/41 6258/192/41 6264/192/41
f 6185/192/143 6193/192/143 6192/192/143
f 6191/192/41 6198/192/41 6192/192/41
f 6324/192/164 6208/192/164 6207/192/164
f 6191/192/41 6199/192/41 6198/192/41
f 6302/192/52 6263/192/52 6270/192/52
f 6298/192/52 6273/192/52 6281/192/52
f 6203/192/144 6326/192/144 6204/192/144
f 6202/192/41 6208/192/41 6203/192/41
f 6312/192/41 6236/192/41 6242/192/41
f 6202/192/41 6209/192/41 6208/192/41
f 6326/192/52 6197/192/52 6204/192/52
f 6214/192/144 6322/192/144 6215/192/144
f 6213/192/41 6220/192/41 6214/192/41
f 6320/192/41 6214/192/41 6220/192/41
f 6213/192/41 6221/192/41 6220/192/41
f 6314/192/155 6229/192/155 6237/192/155
f 6170/192/41 6294/192/41 6296/192/41
f 6225/192/165 6318/192/165 6226/192/165
f 6224/192/41 6230/192/41 6225/192/41
f 6258/192/41 6304/192/41 6306/192/41
f 6224/192/41 6231/192/41 6230/192/41
f 6306/192/52 6251/192/52 6259/192/52
f 6322/192/52 6324/192/52 6207/192/52
f 6236/192/144 6314/192/144 6237/192/144
f 6235/192/41 6242/192/41 6236/192/41
f 6269/192/41 6300/192/41 6302/192/41
f 6235/192/41 6243/192/41 6242/192/41
f 6318/192/155 6219/192/155 6226/192/155
f 6203/192/41 6324/192/41 6326/192/41
f 6247/192/144 6310/192/144 6248/192/144
f 6246/192/41 6252/192/41 6247/192/41
f 6324/192/41 6203/192/41 6208/192/41
f 6246/192/41 6253/192/41 6252/192/41
f 6304/192/164 6264/192/164 6263/192/164
f 6322/192/52 6207/192/52 6215/192/52
f 6258/192/169 6306/192/169 6259/192/169
f 6257/192/41 6264/192/41 6258/192/41
f 6176/192/156 6186/192/156 6185/192/156
f 6257/192/41 6265/192/41 6264/192/41
f 6310/192/155 6312/192/155 6248/192/155
f 6170/192/41 6298/192/41 6280/192/41
f 6269/192/144 6302/192/144 6270/192/144
f 6268/192/41 6274/192/41 6269/192/41
f 6170/192/41 6280/192/41 6286/192/41
f 6268/192/41 6275/192/41 6274/192/41
f 6198/192/59 6197/192/59 6328/192/59
f 6298/192/163 6300/192/163 6273/192/163
f 6280/192/144 6298/192/144 6281/192/144
f 6279/192/41 6286/192/41 6280/192/41
f 6312/192/155 6241/192/155 6248/192/155
f 6279/192/41 6287/192/41 6286/192/41
f 6290/192/161 6170/192/161 6285/192/161
f 6172/192/41 6170/192/41 6290/192/41
f 6285/192/143 6291/192/143 6290/192/143
f 6289/192/41 6172/192/41 6290/192/41
f 6289/192/41 6173/192/41 6172/192/41
f 6300/192/41 6269/192/41 6274/192/41
l 372 371
l 354 353
l 370 369
l 356 355
l 368 367
l 366 365
l 358 357
l 364 363
l 362 361
l 360 359
l 352 351
l 350 349
l 916 915
l 898 897
l 914 913
l 900 899
l 912 911
l 910 909
l 902 901
l 908 907
l 906 905
l 904 903
l 896 895
l 894 893
l 1460 1459
l 1442 1441
l 1458 1457
l 1444 1443
l 1456 1455
l 1454 1453
l 1446 1445
l 1452 1451
l 1450 1449
l 1448 1447
l 1440 1439
l 1438 1437
l 2004 2003
l 1986 1985
l 2002 2001
l 1988 1987
l 2000 1999
l 1998 1997
l 1990 1989
l 1996 1995
l 1994 1993
l 1992 1991
l 1984 1983
l 1982 1981
l 2548 2547
l 2530 2529
l 2546 2545
l 2532 2531
l 2544 2543
l 2542 2541
l 2534 2533
l 2540 2539
l 2538 2537
l 2536 2535
l 2528 2527
l 2526 2525
l 3092 3091
l 3074 3073
l 3090 3089
l 3076 3075
l 3088 3087
l 3086 3085
l 3078 3077
l 3084 3083
l 3082 3081
l 3080 3079
l 3072 3071
l 3070 3069
l 3636 3635
l 3618 3617
l 3634 3633
l 3620 3619
l 3632 3631
l 3630 3629
l 3622 3621
l 3628 3627
l 3626 3625
l 3624 3623
l 3616 3615
l 3614 3613
l 4180 4179
l 4162 4161
l 4178 4177
l 4164 4163
l 4176 4175
l 4174 4173
l 4166 4165
l 4172 4171
l 4170 4169
l 4168 4167
l 4160 4159
l 4158 4157
l 4724 4723
l 4706 4705
l 4722 4721
l 4708 4707
l 4720 4719
l 4718 4717
l 4710 4709
l 4716 4715
l 4714 4713
l 4712 4711
l 4704 4703
l 4702 4701
l 5268 5267
l 5250 5249
l 5266 5265
l 5252 5251
l 5264 5263
l 5262 5261
l 5254 5253
l 5260 5259
l 5258 5257
l 5256 5255
l 5248 5247
l 5246 5245
l 5812 5811
l 5794 5793
l 5810 5809
l 5796 5795
l 5808 5807
l 5806 5805
l 5798 5797
l 5804 5803
l 5802 5801
l 5800 5799
l 5792 5791
l 5790 5789
l 6356 6355
l 6338 6337
l 6354 6353
l 6340 6339
l 6352 6351
l 6350 6349
l 6342 6341
l 6348 6347
l 6346 6345
l 6344 6343
l 6336 6335
l 6334 6333
