# This file uses centimeters as units for non-parametric coordinates.

mtllib smallcanister.mtl
g default
v -5.931771 58.355308 -2.679105
v -4.593361 63.477920 -2.679105
v -4.735116 58.355308 -6.362016
v -3.652321 63.477920 -5.575324
v -1.602242 58.355308 -8.638181
v -1.188637 63.477920 -7.365284
v 2.270195 58.355308 -8.638181
v 1.856620 63.477920 -7.365284
v 5.403068 58.355308 -6.362017
v 4.320274 63.477920 -5.575324
v 6.599723 58.355308 -2.679106
v 5.261314 63.477920 -2.679106
v 5.403068 58.355308 1.003805
v 4.320274 63.477920 0.217113
v 2.270195 58.355308 3.279970
v 1.856620 63.477920 2.007074
v -1.602242 58.355308 3.279970
v -1.188637 63.477920 2.007074
v -4.735116 58.355308 1.003806
v -3.652321 63.477920 0.217113
v -4.735116 63.455845 -6.362016
v -5.931771 63.455845 -2.679105
v -1.602242 63.455845 -8.638181
v 2.270195 63.455845 -8.638181
v 5.403068 63.455845 -6.362017
v 6.599723 63.455845 -2.679106
v 5.403068 63.455845 1.003805
v 2.270195 63.455845 3.279970
v -1.602242 63.455845 3.279970
v -4.735116 63.455845 1.003806
v -4.593361 67.065384 -2.679105
v -3.652321 67.065384 -5.575323
v -1.188637 67.065384 -7.365283
v 1.856620 67.065384 -7.365283
v 4.320274 67.065384 -5.575323
v 5.261314 67.065384 -2.679106
v 4.320274 67.065384 0.217112
v 1.856620 67.065384 2.007072
v -1.188637 67.065384 2.007073
v -3.652321 67.065384 0.217112
v -5.922066 67.087459 -2.679105
v -4.727273 67.087459 -6.356326
v -1.599251 67.087459 -8.628973
v 2.267204 67.087459 -8.628973
v 5.395225 67.087459 -6.356326
v 6.590049 67.087459 -2.679106
v 5.395225 67.087459 0.998114
v 2.267204 67.087459 3.270762
v -1.599251 67.087459 3.270762
v -4.727273 67.087459 0.998115
v -2.562661 82.740738 -4.783642
v -3.246468 82.740738 -2.679105
v -0.772439 82.740738 -6.084318
v 1.440391 82.740738 -6.084318
v 3.230613 82.740738 -4.783642
v 3.914421 82.740738 -2.679106
v 3.230613 82.740738 -0.574568
v 1.440391 82.740738 0.726108
v -0.772439 82.740738 0.726108
v -2.562661 82.740738 -0.574567
v -4.727273 82.740738 -6.356326
v -5.922066 82.740738 -2.679104
v -1.599251 82.740738 -8.628973
v 2.267204 82.740738 -8.628973
v 5.395225 82.740738 -6.356326
v 6.590049 82.740738 -2.679105
v 5.395225 82.740738 0.998115
v 2.267204 82.740738 3.270763
v -1.599251 82.740738 3.270763
v -4.727273 82.740738 0.998116
v -2.562661 88.421509 -4.783643
v -3.246468 88.421509 -2.679105
v -0.772439 88.421509 -6.084318
v 1.440391 88.421509 -6.084318
v 3.230613 88.421509 -4.783643
v 3.914421 88.421509 -2.679106
v 3.230613 88.421509 -0.574568
v 1.440391 88.421509 0.726107
v -0.772439 88.421509 0.726108
v -2.562661 88.421509 -0.574568
v 0.333976 79.045654 7.183876
v 0.333976 79.045654 1.757339
v -1.939705 78.306900 7.183876
v -1.939705 78.306900 1.757339
v -3.344887 76.372791 7.183876
v -3.344887 76.372791 1.757339
v -3.344887 73.982120 7.183876
v -3.344887 73.982120 1.757339
v -1.939705 72.048008 7.183876
v -1.939705 72.048008 1.757339
v 0.333976 71.309257 7.183876
v 0.333976 71.309257 1.757339
v 2.607658 72.048008 7.183876
v 2.607658 72.048008 1.757339
v 4.012870 73.982120 7.183876
v 4.012870 73.982120 1.757339
v 4.012870 76.372791 7.183876
v 4.012870 76.372791 1.757338
v 2.607658 78.306900 7.183876
v 2.607658 78.306900 1.757338
v 0.333976 79.045654 11.578261
v -1.939705 78.306900 11.578261
v -3.344887 76.372791 11.578261
v -3.344887 73.982120 11.578261
v -1.939705 72.048008 11.578261
v 0.333976 71.309257 11.578261
v 2.607658 72.048008 11.578261
v 4.012870 73.982120 11.578261
v 4.012870 76.372791 11.578261
v 2.607658 78.306900 11.578261
v 0.333976 77.880661 13.831790
v -1.254921 77.364387 13.831790
v -2.236916 76.012791 13.831790
v -2.236916 74.342121 13.831790
v -1.254921 72.990524 13.831790
v 0.333976 72.474266 13.831790
v 1.922874 72.990524 13.831790
v 2.904869 74.342121 13.831790
v 2.904869 76.012791 13.831790
v 1.922874 77.364387 13.831790
v 0.333976 80.193710 7.183876
v -2.614510 79.235695 7.183876
v -4.436776 76.727569 7.183876
v -4.436776 73.627342 7.183876
v -2.614510 71.119213 7.183876
v 0.333976 70.161201 7.183876
v 3.282463 71.119213 7.183876
v 5.104728 73.627342 7.183876
v 5.104728 76.727569 7.183876
v 3.282463 79.235695 7.183876
v 0.333976 80.193710 11.578261
v -2.614510 79.235695 11.578261
v -4.436776 76.727569 11.578261
v -4.436776 73.627342 11.578261
v -2.614510 71.119213 11.578261
v 0.333976 70.161201 11.578261
v 3.282463 71.119213 11.578261
v 5.104728 73.627342 11.578261
v 5.104728 76.727569 11.578261
v 3.282463 79.235695 11.578261
v 0.333976 79.045654 13.831790
v -1.939705 78.306900 13.831790
v -3.344887 76.372791 13.831790
v -3.344887 73.982120 13.831790
v -1.939705 72.048008 13.831790
v 0.333976 71.309257 13.831790
v 2.607658 72.048008 13.831790
v 4.012870 73.982120 13.831790
v 4.012870 76.372791 13.831790
v 2.607658 78.306900 13.831790
v 0.333976 75.177456 12.257745
v 0.333976 77.880661 12.257745
v -1.254921 77.364387 12.257745
v -2.236916 76.012791 12.257745
v -2.236916 74.342121 12.257745
v -1.254921 72.990524 12.257745
v 0.333976 72.474266 12.257745
v 1.922874 72.990524 12.257745
v 2.904869 74.342121 12.257745
v 2.904869 76.012791 12.257745
v 1.922874 77.364387 12.257745
v -0.000008 -108.389740 -43.777090
v 25.731529 -111.509644 -35.416406
v 35.416404 -111.509644 -25.731515
v 43.777092 -108.389733 0.000013
v 35.416404 -111.509628 25.731545
v 25.731529 -111.509628 35.416430
v -0.000008 -108.389725 43.777113
v -25.731545 -111.509628 35.416430
v -35.416420 -111.509628 25.731545
v -43.777108 -108.389733 0.000013
v -35.416420 -111.509644 -25.731515
v -25.731545 -111.509644 -35.416406
v -0.000008 -108.389740 -48.202173
v -0.000008 -99.730972 -48.202173
v 28.332542 -111.509644 -38.996374
v 28.332542 -96.711067 -38.996374
v 38.996391 -111.509644 -28.332519
v 38.996391 -96.711067 -28.332523
v 48.202171 -108.389733 0.000013
v 48.202171 -99.730965 0.000012
v 38.996391 -111.509628 28.332549
v 38.996391 -96.711052 28.332545
v 28.332542 -111.509628 38.996397
v 28.332542 -96.711052 38.996397
v -0.000008 -108.389725 48.202197
v -0.000008 -99.730957 48.202197
v -28.332528 -111.509628 38.996397
v -28.332528 -96.711052 38.996397
v -38.996377 -111.509628 28.332549
v -38.996377 -96.711052 28.332545
v -48.202187 -108.389733 0.000013
v -48.202187 -99.730965 0.000012
v -38.996377 -111.509644 -28.332519
v -38.996377 -96.711067 -28.332523
v -28.332528 -111.509644 -38.996374
v -28.332528 -96.711067 -38.996374
v 16.471885 48.179100 -50.695276
v -0.000008 48.179100 -53.304170
v 31.331382 48.179100 -43.123979
v 43.123954 48.179104 -31.331409
v 50.695274 48.179104 -16.471903
v 53.304161 48.179108 -0.000012
v 50.695274 48.179111 16.471878
v 43.123954 48.179111 31.331385
v 31.331382 48.179115 43.123961
v 16.471885 48.179115 50.695254
v -0.000008 48.179115 53.304148
v -16.471901 48.179115 50.695254
v -31.331398 48.179115 43.123961
v -43.123971 48.179111 31.331385
v -50.695260 48.179111 16.471878
v -53.304146 48.179108 -0.000012
v -50.695260 48.179104 -16.471903
v -43.123971 48.179104 -31.331409
v -31.331398 48.179100 -43.123979
v -16.471901 48.179100 -50.695276
v 20.005088 -74.708832 -61.569372
v 17.620597 -92.206886 -54.230581
v 19.401023 -84.130333 -59.710184
v -0.000008 -92.206886 -57.021410
v -0.000008 -74.708832 -64.737871
v -0.000008 -84.130333 -62.783018
v 38.051963 -74.708832 -52.374036
v 33.516349 -92.206886 -46.131288
v 36.902915 -84.130333 -50.792520
v 52.374046 -74.708832 -38.051961
v 46.131309 -92.206886 -33.516336
v 50.792533 -84.130333 -36.902921
v 61.569389 -74.708824 -20.005096
v 54.230583 -92.206879 -17.620578
v 59.710197 -84.130325 -19.401010
v 64.737876 -74.708824 0.000008
v 57.021415 -92.206879 0.000010
v 62.783012 -84.130325 0.000009
v 61.569389 -74.708824 20.005114
v 54.230583 -92.206879 17.620600
v 59.710197 -84.130325 19.401028
v 52.374046 -74.708817 38.051981
v 46.131309 -92.206871 33.516364
v 50.792533 -84.130318 36.902941
v 38.051963 -74.708817 52.374056
v 33.516349 -92.206871 46.131312
v 36.902915 -84.130318 50.792544
v 20.005088 -74.708817 61.569388
v 17.620597 -92.206871 54.230608
v 19.401023 -84.130318 59.710200
v -0.000008 -74.708817 64.737887
v -0.000008 -92.206871 57.021433
v -0.000008 -84.130318 62.783038
v -20.005105 -74.708817 61.569388
v -17.620583 -92.206871 54.230608
v -19.401009 -84.130318 59.710200
v -38.051980 -74.708817 52.374056
v -33.516366 -92.206871 46.131312
v -36.902932 -84.130318 50.792536
v -52.374032 -74.708817 38.051981
v -46.131295 -92.206871 33.516364
v -50.792550 -84.130318 36.902941
v -61.569375 -74.708824 20.005114
v -54.230599 -92.206879 17.620600
v -59.710183 -84.130325 19.401028
v -64.737893 -74.708824 0.000008
v -57.021431 -92.206879 0.000010
v -62.783028 -84.130325 0.000009
v -61.569375 -74.708824 -20.005096
v -54.230599 -92.206879 -17.620578
v -59.710183 -84.130325 -19.401010
v -52.374032 -74.708832 -38.051961
v -46.131295 -92.206886 -33.516336
v -50.792519 -84.130333 -36.902921
v -38.051980 -74.708832 -52.374036
v -33.516366 -92.206886 -46.131288
v -36.902932 -84.130333 -50.792524
v -20.005105 -74.708832 -61.569372
v -17.620583 -92.206886 -54.230581
v -19.401009 -84.130333 -59.710184
v 18.560874 41.577253 -57.124536
v 20.005119 23.981425 -61.569459
v 19.582054 32.733843 -60.267416
v -0.000008 23.981424 -64.737958
v -0.000008 41.577253 -60.064291
v -0.000008 32.733843 -63.368902
v 35.304893 41.577255 -48.593034
v 38.052024 23.981426 -52.374109
v 37.247306 32.733845 -51.266519
v 48.593009 41.577257 -35.304910
v 52.374107 23.981429 -38.052022
v 51.266502 32.733846 -37.247312
v 57.124534 41.577261 -18.560894
v 61.569450 23.981432 -20.005134
v 60.267417 32.733848 -19.582078
v 60.064292 41.577263 -0.000011
v 64.737968 23.981435 -0.000009
v 63.368888 32.733852 -0.000010
v 57.124534 41.577267 18.560873
v 61.569450 23.981438 20.005118
v 60.267417 32.733856 19.582056
v 48.593009 41.577268 35.304892
v 52.374107 23.981441 38.052012
v 51.266502 32.733858 37.247298
v 35.304893 41.577270 48.593008
v 38.052024 23.981443 52.374094
v 37.247306 32.733862 51.266501
v 18.560874 41.577272 57.124514
v 20.005119 23.981445 61.569445
v 19.582054 32.733862 60.267397
v -0.000008 41.577272 60.064269
v -0.000008 23.981445 64.737948
v -0.000008 32.733864 63.368884
v -18.560891 41.577272 57.124514
v -20.005135 23.981445 61.569445
v -19.582070 32.733862 60.267397
v -35.304909 41.577270 48.593008
v -38.052010 23.981443 52.374094
v -37.247323 32.733862 51.266501
v -48.593026 41.577268 35.304892
v -52.374093 23.981441 38.052012
v -51.266518 32.733858 37.247294
v -57.124520 41.577267 18.560873
v -61.569466 23.981438 20.005118
v -60.267403 32.733856 19.582058
v -60.064278 41.577263 -0.000011
v -64.737954 23.981435 -0.000009
v -63.368905 32.733852 -0.000010
v -57.124520 41.577261 -18.560894
v -61.569466 23.981432 -20.005134
v -60.267403 32.733848 -19.582078
v -48.593026 41.577257 -35.304910
v -52.374093 23.981429 -38.052022
v -51.266518 32.733846 -37.247316
v -35.304909 41.577255 -48.593034
v -38.052010 23.981426 -52.374109
v -37.247323 32.733845 -51.266519
v -18.560891 41.577253 -57.124536
v -20.005135 23.981425 -61.569459
v -19.582070 32.733843 -60.267416
v -0.000008 -99.799515 -43.777090
v -0.000008 -96.806519 0.000012
v 43.777092 -99.799507 0.000012
v -0.000008 -99.799500 43.777113
v -43.777108 -99.799507 0.000012
v 13.195304 53.890217 -40.611032
v -0.000008 53.890217 -42.700964
v 25.098991 53.890220 -34.545808
v 34.545799 53.890220 -25.099000
v 40.611015 53.890224 -13.195333
v 42.700950 53.890224 -0.000013
v 40.611015 53.890228 13.195306
v 34.545799 53.890228 25.098977
v 25.098991 53.890232 34.545779
v 13.195304 53.890232 40.611002
v -0.000008 53.890232 42.700934
v -13.195321 53.890232 40.611002
v -25.099007 53.890232 34.545779
v -34.545784 53.890228 25.098977
v -40.611031 53.890228 13.195306
v -42.700936 53.890224 -0.000013
v -40.611031 53.890224 -13.195333
v -34.545784 53.890220 -25.099000
v -25.099007 53.890220 -34.545808
v -13.195321 53.890217 -40.611032
v 9.359947 57.294056 -28.806961
v -0.000008 57.294056 -30.289428
v 17.803672 57.294056 -24.504665
v 24.504661 57.294056 -17.803684
v 28.806938 57.294060 -9.359957
v 30.289421 57.294060 -0.000014
v 28.806938 57.294060 9.359929
v 24.504661 57.294063 17.803656
v 17.803672 57.294063 24.504635
v 9.359947 57.294063 28.806931
v -0.000008 57.294063 30.289401
v -9.359932 57.294063 28.806931
v -17.803658 57.294063 24.504635
v -24.504647 57.294063 17.803656
v -28.806954 57.294060 9.359929
v -30.289406 57.294060 -0.000014
v -28.806954 57.294060 -9.359957
v -24.504647 57.294056 -17.803684
v -17.803658 57.294056 -24.504665
v -9.359932 57.294056 -28.806961
v -0.000008 58.736564 -0.000014
v 10.931846 58.736561 -15.046433
v 5.747215 58.736561 -17.688139
v -0.000008 58.736561 -18.598411
v -5.747231 58.736561 -17.688139
v -10.931862 58.736561 -15.046433
v -15.046425 58.736564 -10.931877
v -17.688118 58.736564 -5.747235
v -18.598397 58.736564 -0.000014
v -17.688118 58.736564 5.747206
v -15.046425 58.736568 10.931848
v -10.931862 58.736568 15.046404
v -5.747231 58.736568 17.688111
v -0.000008 58.736568 18.598383
v 5.747215 58.736568 17.688111
v 10.931846 58.736568 15.046404
v 15.046409 58.736568 10.931848
v 17.688133 58.736564 5.747206
v 18.598381 58.736564 -0.000014
v 17.688133 58.736564 -5.747235
v 15.046409 58.736564 -10.931877
v -0.000008 -111.509644 -48.202173
v 14.895286 -111.509644 -45.842989
v 14.895286 -96.711067 -45.842989
v -0.000008 -96.711067 -48.202173
v 45.843009 -96.711060 -14.895283
v 45.843009 -111.509636 -14.895281
v 48.202171 -111.509636 0.000014
v 48.202171 -96.711060 0.000011
v 45.843009 -111.509636 14.895310
v 45.843009 -96.711060 14.895306
v 14.895286 -96.711052 45.843012
v 14.895286 -111.509628 45.843012
v -0.000008 -111.509628 48.202197
v -0.000008 -96.711052 48.202197
v -14.895302 -111.509628 45.843012
v -14.895302 -96.711052 45.843012
v -45.842995 -96.711060 14.895306
v -45.842995 -111.509636 14.895310
v -48.202187 -111.509636 0.000014
v -48.202187 -96.711060 0.000011
v -45.842995 -111.509636 -14.895281
v -45.842995 -96.711060 -14.895283
v -14.895302 -96.711067 -45.842989
v -14.895302 -111.509644 -45.842989
v -0.000008 -111.509644 -43.777090
v 13.527854 -111.509644 -41.634485
v 41.634483 -111.509636 -13.527855
v 43.777092 -111.509636 0.000014
v 41.634483 -111.509636 13.527882
v 13.527854 -111.509628 41.634509
v -0.000008 -111.509628 43.777113
v -13.527871 -111.509628 41.634509
v -41.634499 -111.509636 13.527882
v -43.777108 -111.509636 0.000014
v -41.634499 -111.509636 -13.527855
v -13.527871 -111.509644 -41.634485
v 20.005119 -22.620426 -61.569414
v 20.005119 -28.106987 -61.569414
v -0.000008 -28.106991 -64.737917
v -0.000008 -22.620434 -64.737917
v 38.051994 -28.106983 -52.374074
v 38.051994 -22.620423 -52.374074
v -20.005135 -28.106991 -61.569414
v -20.005135 -22.620434 -61.569414
v 52.374076 -28.106983 -38.051992
v 52.374076 -22.620423 -38.051992
v 61.569419 -22.620419 -20.005117
v 61.569419 -28.106980 -20.005115
v 64.737907 -28.106976 0.000000
v 64.737907 -22.620415 -0.000001
v 61.569419 -22.620411 20.005116
v 61.569419 -28.106972 20.005118
v 52.374076 -28.106968 38.051993
v 52.374076 -22.620407 38.051993
v 38.051994 -22.620407 52.374079
v 38.051994 -28.106968 52.374079
v 20.005119 -28.106964 61.569418
v 20.005119 -22.620403 61.569418
v -0.000008 -28.106964 64.737917
v -0.000008 -22.620403 64.737917
v -20.005135 -22.620403 61.569418
v -20.005135 -28.106964 61.569418
v -38.052010 -28.106968 52.374079
v -38.052010 -22.620407 52.374079
v -52.374093 -22.620407 38.051993
v -52.374093 -28.106968 38.051993
v -61.569405 -28.106972 20.005118
v -61.569405 -22.620411 20.005116
v -64.737923 -22.620415 -0.000001
v -64.737923 -28.106976 0.000000
v -61.569405 -28.106980 -20.005115
v -61.569405 -22.620419 -20.005117
v -52.374093 -28.106983 -38.051992
v -52.374093 -22.620423 -38.051992
v -38.052010 -22.620423 -52.374074
v -38.052010 -28.106983 -52.374074
v 20.423698 -24.037922 -62.857652
v 20.423698 -26.689491 -62.857652
v -0.000008 -26.689499 -66.092443
v -0.000008 -24.037926 -66.092443
v 38.848167 -26.689488 -53.469915
v 38.848167 -24.037918 -53.469915
v -20.423684 -26.689499 -62.857652
v -20.423684 -24.037926 -62.857652
v 53.469902 -26.689488 -38.848165
v 53.469902 -24.037918 -38.848165
v 62.857658 -24.037914 -20.423688
v 62.857658 -26.689484 -20.423688
v 66.092460 -26.689480 -0.000000
v 66.092460 -24.037911 -0.000001
v 62.857658 -24.037907 20.423687
v 62.857658 -26.689476 20.423687
v 53.469902 -26.689472 38.848166
v 53.469902 -24.037903 38.848166
v 38.848167 -24.037903 53.469916
v 38.848167 -26.689472 53.469916
v 20.423698 -26.689469 62.857653
v 20.423698 -24.037899 62.857653
v -0.000008 -26.689469 66.092448
v -0.000008 -24.037899 66.092448
v -20.423684 -24.037899 62.857653
v -20.423684 -26.689469 62.857653
v -38.848153 -26.689472 53.469916
v -38.848153 -24.037903 53.469916
v -53.469918 -24.037903 38.848166
v -53.469918 -26.689472 38.848166
v -62.857644 -26.689476 20.423687
v -62.857644 -24.037907 20.423687
v -66.092446 -24.037911 -0.000001
v -66.092446 -26.689480 -0.000000
v -62.857644 -26.689484 -20.423688
v -62.857644 -24.037914 -20.423688
v -53.469918 -26.689488 -38.848165
v -53.469918 -24.037918 -38.848165
v -38.848153 -24.037918 -53.469915
v -38.848153 -26.689488 -53.469915
v 11.112236 -105.316498 -42.017080
v 8.038993 -108.389740 -42.503835
v 10.212120 -107.489609 -42.159650
v 42.503837 -108.389733 -8.038994
v 42.017082 -105.316490 -11.112234
v 42.159660 -107.489601 -10.212102
v 42.017082 -105.316490 11.112258
v 42.503837 -108.389733 8.039020
v 42.159660 -107.489601 10.212129
v 8.038993 -108.389725 42.503859
v 11.112236 -105.316483 42.017107
v 10.212120 -107.489594 42.159670
v -11.112252 -105.316483 42.017107
v -8.039010 -108.389725 42.503863
v -10.212105 -107.489594 42.159674
v -42.503853 -108.389733 8.039021
v -42.017098 -105.316490 11.112258
v -42.159676 -107.489601 10.212129
v -42.017098 -105.316490 -11.112234
v -42.503853 -108.389733 -8.038993
v -42.159676 -107.489601 -10.212101
v -8.039010 -108.389740 -42.503831
v -11.112252 -105.316498 -42.017080
v -10.212105 -107.489609 -42.159647
v 9.406425 -108.389740 -46.712339
v 12.479667 -105.316498 -46.225584
v 11.579551 -107.489609 -46.368150
v 12.479667 -102.804566 -46.225584
v 9.406425 -99.730972 -46.712335
v 11.579551 -100.631203 -46.368146
v 46.225578 -105.316490 -12.479660
v 46.712333 -108.389733 -9.406418
v 46.368156 -107.489601 -11.579527
v 46.712333 -99.730965 -9.406428
v 46.225578 -102.804558 -12.479660
v 46.368156 -100.631195 -11.579531
v 46.712333 -108.389733 9.406446
v 46.225578 -105.316490 12.479684
v 46.368156 -107.489601 11.579554
v 46.225578 -102.804558 12.479684
v 46.712333 -99.730965 9.406453
v 46.368156 -100.631195 11.579555
v 12.479667 -105.316483 46.225607
v 9.406425 -108.389725 46.712363
v 11.579551 -107.489594 46.368178
v 9.406425 -99.730957 46.712359
v 12.479667 -102.804550 46.225607
v 11.579551 -100.631188 46.368174
v -9.406441 -108.389725 46.712363
v -12.479683 -105.316483 46.225607
v -11.579537 -107.489594 46.368178
v -12.479683 -102.804550 46.225607
v -9.406441 -99.730957 46.712359
v -11.579537 -100.631188 46.368174
v -46.225594 -105.316490 12.479684
v -46.712349 -108.389733 9.406445
v -46.368172 -107.489601 11.579554
v -46.712349 -99.730965 9.406453
v -46.225594 -102.804558 12.479684
v -46.368172 -100.631195 11.579555
v -46.712349 -108.389733 -9.406419
v -46.225594 -105.316490 -12.479660
v -46.368172 -107.489601 -11.579527
v -46.225594 -102.804558 -12.479660
v -46.712349 -99.730965 -9.406428
v -46.368172 -100.631195 -11.579531
v -12.479683 -105.316498 -46.225584
v -9.406441 -108.389740 -46.712339
v -11.579537 -107.489609 -46.368150
v -9.406441 -99.730972 -46.712335
v -12.479683 -102.804566 -46.225584
v -11.579537 -100.631203 -46.368146
v 8.039024 -99.799515 -42.503831
v 11.112236 -102.873139 -42.017080
v 10.212120 -100.699761 -42.159647
v 42.017082 -102.873131 -11.112234
v 42.503837 -99.799507 -8.039004
v 42.159660 -100.699753 -10.212108
v 42.503837 -99.799507 8.039029
v 42.017082 -102.873131 11.112258
v 42.159660 -100.699753 10.212131
v 11.112236 -102.873123 42.017107
v 8.039024 -99.799500 42.503859
v 10.212120 -100.699745 42.159670
v -8.039010 -99.799500 42.503859
v -11.112252 -102.873123 42.017107
v -10.212136 -100.699745 42.159670
v -42.017098 -102.873131 11.112258
v -42.503853 -99.799507 8.039028
v -42.159676 -100.699753 10.212131
v -42.503853 -99.799507 -8.039005
v -42.017098 -102.873131 -11.112234
v -42.159676 -100.699753 -10.212108
v -11.112252 -102.873139 -42.017080
v -8.039010 -99.799515 -42.503831
v -10.212136 -100.699761 -42.159647
v -0.000008 -96.806526 -43.777090
v 13.527854 -96.806526 -41.634485
v 25.731529 -96.806526 -35.416406
v 35.416404 -96.806526 -25.731519
v 41.634483 -96.806519 -13.527857
v 43.777092 -96.806519 0.000011
v 41.634483 -96.806519 13.527880
v 35.416404 -96.806511 25.731541
v 25.731529 -96.806511 35.416430
v 13.527854 -96.806511 41.634509
v -0.000008 -96.806511 43.777113
v -13.527871 -96.806511 41.634509
v -25.731545 -96.806511 35.416430
v -35.416420 -96.806511 25.731541
v -41.634499 -96.806519 13.527880
v -43.777108 -96.806519 0.000011
v -41.634499 -96.806519 -13.527857
v -35.416420 -96.806526 -25.731519
v -25.731545 -96.806526 -35.416406
v -13.527871 -96.806526 -41.634485
v -0.000008 52.824840 -34.894056
v -0.000008 111.509636 -34.894064
v 11.934471 52.824840 -32.789684
v 11.934471 111.509636 -32.789693
v 22.429466 52.824840 -26.730400
v 22.429466 111.509636 -26.730409
v 30.219108 52.824840 -17.447034
v 30.219108 111.509643 -17.447044
v 34.363914 52.824844 -6.059300
v 34.363914 111.509643 -6.059310
v 34.363914 52.824844 6.059275
v 34.363914 111.509643 6.059265
v 30.219108 52.824848 17.447009
v 30.219108 111.509643 17.446999
v -30.219124 52.824848 17.447009
v -30.219124 111.509643 17.446999
v -34.363930 52.824844 6.059275
v -34.363930 111.509643 6.059265
v -34.363930 52.824844 -6.059300
v -34.363930 111.509643 -6.059310
v -30.219124 52.824840 -17.447034
v -30.219124 111.509643 -17.447044
v -22.429451 52.824840 -26.730400
v -22.429451 111.509636 -26.730409
v -11.934456 52.824840 -32.789684
v -11.934456 111.509636 -32.789693
v -0.000008 52.824837 -39.468511
v 13.499015 52.824837 -37.088270
v 13.499015 111.509636 -37.088277
v -0.000008 111.509636 -39.468519
v 25.369865 52.824840 -30.234636
v 25.369865 111.509636 -30.234645
v 34.180717 52.824840 -19.734260
v 34.180717 111.509643 -19.734270
v 38.868888 52.824844 -6.853645
v 38.868888 111.509643 -6.853655
v 38.868888 52.824844 6.853621
v 38.868888 111.509643 6.853611
v 34.180717 52.824848 19.734234
v 34.180717 111.509643 19.734225
v -34.180733 52.824848 19.734234
v -34.180733 111.509643 19.734225
v -38.868874 52.824844 6.853621
v -38.868874 111.509643 6.853611
v -38.868874 52.824844 -6.853645
v -38.868874 111.509643 -6.853655
v -34.180733 52.824840 -19.734260
v -34.180733 111.509643 -19.734270
v -25.369851 52.824840 -30.234636
v -25.369851 111.509636 -30.234645
v -13.499032 52.824837 -37.088270
v -13.499032 111.509636 -37.088277
v -0.000008 60.046894 -39.468511
v -0.000008 104.287483 -39.468519
v 13.499015 104.287483 -37.088277
v 13.499015 60.046894 -37.088270
v 25.369865 104.287483 -30.234645
v 25.369865 60.046898 -30.234638
v 34.180717 104.287491 -19.734270
v 34.180717 60.046898 -19.734262
v 38.868888 104.287491 -6.853654
v 38.868888 60.046902 -6.853647
v 38.868888 104.287491 6.853612
v 38.868888 60.046902 6.853620
v 34.180717 104.287491 19.734225
v 34.180717 60.046905 19.734232
v -34.180733 104.287491 19.734225
v -34.180733 60.046905 19.734232
v -38.868874 104.287491 6.853612
v -38.868874 60.046902 6.853620
v -38.868874 104.287491 -6.853654
v -38.868874 60.046902 -6.853647
v -34.180733 104.287491 -19.734270
v -34.180733 60.046898 -19.734262
v -25.369851 104.287483 -30.234645
v -25.369851 60.046898 -30.234638
v -13.499032 104.287483 -37.088277
v -13.499032 60.046894 -37.088270
v 30.219108 60.046905 17.447007
v 30.219108 104.287491 17.446999
v 34.363914 60.046902 6.059273
v 34.363914 104.287491 6.059266
v 34.363914 60.046902 -6.059301
v 34.363914 104.287491 -6.059308
v 30.219108 60.046898 -17.447035
v 30.219108 104.287491 -17.447043
v 22.429466 60.046898 -26.730402
v 22.429466 104.287483 -26.730409
v 11.934471 60.046898 -32.789691
v 11.934471 104.287483 -32.789699
v -0.000008 60.046898 -34.894060
v -0.000008 104.287483 -34.894067
v -11.934456 60.046898 -32.789691
v -11.934456 104.287483 -32.789699
v -22.429451 60.046898 -26.730402
v -22.429451 104.287483 -26.730409
v -30.219124 60.046898 -17.447035
v -30.219124 104.287491 -17.447043
v -34.363930 60.046902 -6.059301
v -34.363930 104.287491 -6.059309
v -34.363930 60.046902 6.059273
v -34.363930 104.287491 6.059266
v -30.219124 60.046905 17.447007
v -30.219124 104.287491 17.446999
v -8.055214 88.203422 -3.726841
v -7.271828 87.971184 -2.679096
v -8.055214 88.203422 -1.631350
v -8.411873 88.776901 -2.187200
v -8.411873 88.776901 -3.170991
v -8.055214 93.808571 -3.726841
v -8.411873 93.235084 -3.170991
v -8.411873 93.235084 -2.187200
v -8.055214 93.808571 -1.631350
v -7.271828 94.040802 -2.679096
v -4.768136 88.224449 -9.391100
v -4.468514 88.813362 -9.982895
v -3.654366 88.805702 -10.513101
v -3.011422 88.213554 -10.461416
v -3.468911 87.971184 -9.265907
v -4.768136 93.787536 -9.391099
v -3.468911 94.040802 -9.265907
v -3.011422 93.798439 -10.461416
v -3.654366 93.206283 -10.513101
v -4.468514 93.198623 -9.982894
v 3.679374 88.213554 -10.461416
v 4.322319 88.805702 -10.513101
v 5.136467 88.813362 -9.982894
v 5.436088 88.224449 -9.391100
v 4.136863 87.971184 -9.265907
v 3.679374 93.798439 -10.461416
v 4.136863 94.040802 -9.265907
v 5.436088 93.787536 -9.391101
v 5.136467 93.198623 -9.982895
v 4.322319 93.206283 -10.513101
v 8.723197 88.203422 -3.726842
v 9.079826 88.776901 -3.170992
v 9.079826 88.776901 -2.187201
v 8.723197 88.203422 -1.631351
v 7.939781 87.971184 -2.679096
v 8.723197 93.808571 -3.726842
v 7.939781 94.040802 -2.679096
v 8.723197 93.808571 -1.631351
v 9.079826 93.235084 -2.187201
v 9.079826 93.235084 -3.170992
v 5.436088 88.224449 4.032908
v 5.136467 88.813362 4.624703
v 4.322319 88.805702 5.154909
v 3.679374 88.213554 5.103224
v 4.136863 87.971184 3.907715
v 5.436088 93.787536 4.032907
v 4.136863 94.040802 3.907715
v 3.679374 93.798439 5.103224
v 4.322319 93.206283 5.154909
v 5.136467 93.198623 4.624702
v -3.011422 88.213554 5.103224
v -3.654366 88.805702 5.154910
v -4.468514 88.813362 4.624703
v -4.768136 88.224449 4.032908
v -3.468911 87.971184 3.907715
v -3.011422 93.798439 5.103224
v -3.468911 94.040802 3.907715
v -4.768136 93.787536 4.032908
v -4.468514 93.198623 4.624704
v -3.654366 93.206283 5.154910
v -10.218728 89.870750 -5.367702
v -10.264229 90.059364 -6.385646
v -9.876229 89.327255 -5.945931
v -10.218728 92.141235 -5.367702
v -9.876229 92.684738 -5.945931
v -10.264229 91.952621 -6.385646
v -7.326668 92.717003 -9.721015
v -6.911019 92.154907 -10.292423
v -7.901955 91.952621 -9.846447
v -7.326668 89.294983 -9.721015
v -7.901955 90.059364 -9.846447
v -6.911019 89.857078 -10.292423
v -2.928750 89.859855 -12.942718
v -2.109566 90.059364 -13.552997
v -2.254891 89.312553 -12.994404
v -2.928750 92.152130 -12.942718
v -2.254891 92.699432 -12.994404
v -2.109566 91.952621 -13.552997
v 2.922843 92.699432 -12.994404
v 3.596702 92.152130 -12.942718
v 2.777519 91.952621 -13.552997
v 2.922843 89.312553 -12.994404
v 2.777519 90.059364 -13.552997
v 3.596702 89.859855 -12.942718
v 7.578971 89.857078 -10.292423
v 8.569908 90.059364 -9.846447
v 7.994621 89.294983 -9.721015
v 7.578971 92.154907 -10.292423
v 7.994621 92.717003 -9.721015
v 8.569908 91.952621 -9.846447
v 10.544212 92.684738 -5.945932
v 10.886680 92.141235 -5.367703
v 10.932212 91.952621 -6.385647
v 10.544212 89.327255 -5.945932
v 10.932212 90.059364 -6.385647
v 10.886680 89.870750 -5.367703
v 10.886680 89.870750 0.009510
v 10.932212 90.059364 1.027455
v 10.544212 89.327255 0.587740
v 10.886680 92.141235 0.009510
v 10.544212 92.684738 0.587740
v 10.932212 91.952621 1.027455
v 7.994621 92.717003 4.362823
v 7.578971 92.154907 4.934230
v 8.569908 91.952621 4.488254
v 7.994621 89.294983 4.362823
v 8.569908 90.059364 4.488254
v 7.578971 89.857078 4.934230
v 3.596702 89.859855 7.584527
v 2.777519 90.059364 8.194806
v 2.922843 89.312553 7.636212
v 3.596702 92.152130 7.584527
v 2.922843 92.699432 7.636212
v 2.777519 91.952621 8.194806
v -2.254891 92.699432 7.636212
v -2.928750 92.152130 7.584527
v -2.109566 91.952621 8.194806
v -2.254891 89.312553 7.636212
v -2.109566 90.059364 8.194806
v -2.928750 89.859855 7.584527
v -6.911019 89.857078 4.934231
v -7.901955 90.059364 4.488255
v -7.326668 89.294983 4.362824
v -6.911019 92.154907 4.934231
v -7.326668 92.717003 4.362824
v -7.901955 91.952621 4.488255
v -9.876229 92.684738 0.587741
v -10.218728 92.141235 0.009511
v -10.264229 91.952621 1.027456
v -9.876229 89.327255 0.587741
v -10.264229 90.059364 1.027456
v -10.218728 89.870750 0.009511
vt 0.601766 0.820742
vt 0.797955 0.344570
vt 0.591917 0.776028
vt 0.570841 0.974805
vt 0.714695 0.497898
vt 0.750480 0.521819
vt 0.553789 0.826839
vt 0.555719 0.843408
vt 0.799697 0.388015
vt 0.639875 0.737258
vt 0.562882 0.941339
vt 0.895072 0.382326
vt 0.648135 0.911492
vt 0.606465 0.907941
vt 0.390972 0.878107
vt 0.723061 0.396056
vt 0.536966 0.777781
vt 0.878759 0.377241
vt 0.549903 0.810318
vt 0.769662 0.359478
vt 0.903623 0.525744
vt 0.748677 0.448868
vt 0.871116 0.452384
vt 0.747809 0.472974
vt 0.757783 0.449735
vt 0.583245 0.843141
vt 0.460407 0.855545
vt 0.417494 0.914610
vt 0.779418 0.322029
vt 0.792688 0.541364
vt 0.642163 0.862799
vt 0.583496 0.951249
vt 0.569133 0.879856
vt 0.553174 0.935143
vt 0.719306 0.420561
vt 0.460407 0.928553
vt 0.707821 0.912202
vt 0.708256 0.887183
vt 0.892931 0.490512
vt 0.793886 0.497581
vt 0.638964 0.910461
vt 0.591677 0.743516
vt 0.716589 0.445669
vt 0.759552 0.426376
vt 0.774153 0.317917
vt 0.757225 0.379232
vt 0.794990 0.430979
vt 0.762226 0.403452
vt 0.788698 0.408059
vt 0.793833 0.452954
vt 0.707632 0.937550
vt 0.537354 0.926241
vt 0.756871 0.547225
vt 0.871490 0.433251
vt 0.544081 0.793856
vt 0.934297 0.421187
vt 0.707971 0.837617
vt 0.578020 0.803798
vt 0.572274 0.842912
vt 0.571819 0.921783
vt 0.714977 0.471409
vt 0.875172 0.395741
vt 0.566492 0.806117
vt 0.601428 0.930680
vt 0.884310 0.358720
vt 0.635705 0.934928
vt 0.503320 0.796481
vt 0.890612 0.471996
vt 0.602878 0.773100
vt 0.572787 0.861396
vt 0.720501 0.553704
vt 0.937744 0.390878
vt 0.607448 0.797802
vt 0.889571 0.435427
vt 0.766876 0.336970
vt 0.610957 0.863435
vt 0.706110 0.789592
vt 0.597934 0.799052
vt 0.873535 0.492074
vt 0.644613 0.964055
vt 0.765261 0.541785
vt 0.784897 0.474868
vt 0.503320 0.914610
vt 0.794916 0.365379
vt 0.652823 0.839291
vt 0.592794 0.928274
vt 0.579267 0.984092
vt 0.806345 0.345641
vt 0.765670 0.381080
vt 0.705668 0.766312
vt 0.555523 0.859765
vt 0.933874 0.436711
vt 0.892340 0.399726
vt 0.944555 0.360638
vt 0.650437 0.741796
vt 0.529842 0.832985
vt 0.649473 0.766962
vt 0.570424 0.824485
vt 0.641902 0.839463
vt 0.548804 0.960564
vt 0.417494 0.796481
vt 0.872824 0.414389
vt 0.566145 0.898608
vt 0.648853 0.791833
vt 0.571833 0.783184
vt 0.748326 0.308110
vt 0.890510 0.417457
vt 0.641062 0.815633
vt 0.651034 0.815398
vt 0.609898 0.819991
vt 0.904686 0.350953
vt 0.560091 0.787966
vt 0.597279 0.905870
vt 0.750619 0.425135
vt 0.646599 0.936650
vt 0.753505 0.401881
vt 0.582334 0.751894
vt 0.944555 0.514563
vt 0.609784 0.885252
vt 0.708324 0.862234
vt 0.705983 0.743117
vt 0.871739 0.471900
vt 0.897072 0.508846
vt 0.549561 0.894082
vt 0.594179 0.955741
vt 0.651057 0.863044
vt 0.552852 0.876835
vt 0.733814 0.349317
vt 0.640781 0.886249
vt 0.935578 0.405888
vt 0.937711 0.483843
vt 0.885465 0.539142
vt 0.940734 0.499380
vt 0.807498 0.322151
vt 0.889571 0.453612
vt 0.785282 0.452309
vt 0.877129 0.513668
vt 0.757532 0.497135
vt 0.740880 0.327719
vt 0.631689 0.962773
vt 0.759879 0.520467
vt 0.611523 0.841832
vt 0.935568 0.468133
vt 0.785385 0.497465
vt 0.460407 0.782538
vt 0.599954 0.884089
vt 0.786001 0.538742
vt 0.581751 0.823570
vt 0.791567 0.386509
vt 0.551712 0.770949
vt 0.798780 0.324601
vt 0.898922 0.365592
vt 0.934296 0.452388
vt 0.529842 0.878107
vt 0.643636 0.993406
vt 0.639785 0.792313
vt 0.602892 0.863051
vt 0.542261 0.950769
vt 0.707822 0.963769
vt 0.707094 0.813239
vt 0.601902 0.842072
vt 0.716267 0.525322
vt 0.893151 0.339874
vt 0.527712 0.941683
vt 0.630636 0.997900
vt 0.390972 0.832985
vt 0.786566 0.430009
vt 0.796973 0.409328
vt 0.544636 0.910590
vt 0.577442 0.901915
vt 0.761666 0.357420
vt 0.560936 0.917109
vt 0.793516 0.475197
vt 0.786455 0.519380
vt 0.748234 0.497307
vt 0.708324 0.992268
vt 0.794174 0.519751
vt 0.638065 0.766898
vt 0.560272 0.761768
vt 0.940783 0.376168
vt 0.773863 0.339267
vt 0.802982 0.366956
vt 0.727875 0.372233
vt 0.651803 0.886936
vt 0.582975 0.862145
vt 0.757041 0.473401
vt 0.581222 0.881817
vt 0.770508 0.247429
vt 0.746401 0.284837
vt 0.706569 0.247185
vt 0.744580 0.221955
vt 0.684835 0.196682
vt 0.729390 0.187963
vt 0.684805 0.142489
vt 0.727582 0.150972
vt 0.751885 0.090170
vt 0.713780 0.066236
vt 0.751716 0.025879
vt 0.777248 0.064134
vt 0.802621 0.004013
vt 0.811335 0.048861
vt 0.857170 0.004173
vt 0.848464 0.047084
vt 0.711910 0.086226
vt 0.700321 0.105294
vt 0.693522 0.102708
vt 0.909185 0.071650
vt 0.932996 0.034495
vt 0.972906 0.071838
vt 0.935033 0.097072
vt 0.994765 0.122305
vt 0.950203 0.131025
vt 0.994765 0.176605
vt 0.951998 0.168013
vt 0.733627 0.118046
vt 0.739222 0.100081
vt 0.738580 0.120016
vt 0.725156 0.135148
vt 0.719833 0.126928
vt 0.727002 0.115397
vt 0.927622 0.228600
vt 0.964725 0.252239
vt 0.927626 0.292100
vt 0.902334 0.254473
vt 0.877488 0.314077
vt 0.868495 0.269779
vt 0.823516 0.314542
vt 0.831463 0.271815
vt 0.738128 0.152349
vt 0.753084 0.149214
vt 0.757775 0.150013
vt 0.767887 0.156203
vt 0.760312 0.096300
vt 0.760321 0.110415
vt 0.753005 0.125675
vt 0.746949 0.123277
vt 0.776660 0.238986
vt 0.803655 0.252333
vt 0.800375 0.260694
vt 0.753483 0.215858
vt 0.739964 0.185484
vt 0.783378 0.073047
vt 0.813818 0.059475
vt 0.847058 0.057683
vt 0.876145 0.066723
vt 0.879451 0.058410
vt 0.903040 0.080067
vt 0.926143 0.103155
vt 0.939633 0.133497
vt 0.941435 0.166622
vt 0.932463 0.195636
vt 0.940759 0.198916
vt 0.919209 0.222493
vt 0.896229 0.245622
vt 0.865970 0.259227
vt 0.832809 0.261216
vt 0.224366 0.526010
vt 0.224850 0.565372
vt 0.129466 0.567893
vt 0.129142 0.525021
vt 0.264091 0.255426
vt 0.253235 0.293318
vt 0.160287 0.270083
vt 0.171129 0.227785
vt 0.171319 0.918732
vt 0.183222 0.964600
vt 0.075612 0.989213
vt 0.064915 0.942443
vt 0.244371 0.331480
vt 0.237258 0.369932
vt 0.143514 0.354591
vt 0.151087 0.312307
vt 0.293790 0.179657
vt 0.277358 0.217675
vt 0.183580 0.185192
vt 0.197456 0.142025
vt 0.226803 0.604784
vt 0.230236 0.644215
vt 0.134754 0.653768
vt 0.131340 0.610815
vt 0.231763 0.408654
vt 0.227807 0.447605
vt 0.133173 0.439547
vt 0.137549 0.396998
vt 0.235178 0.683645
vt 0.241679 0.723084
vt 0.146146 0.739781
vt 0.139695 0.696748
vt 0.225349 0.486740
vt 0.130374 0.482229
vt 0.304400 0.344050
vt 0.297964 0.379886
vt 0.275816 0.376057
vt 0.282559 0.339281
vt 0.619384 0.631592
vt 0.595071 0.664894
vt 0.580528 0.650551
vt 0.601121 0.622444
vt 0.348956 0.854727
vt 0.368876 0.887837
vt 0.348670 0.903625
vt 0.327286 0.865565
vt 0.183359 0.137383
vt 0.169655 0.180998
vt 0.066138 0.151944
vt 0.078964 0.106610
vt 0.249837 0.762582
vt 0.154081 0.782942
vt 0.371876 0.591807
vt 0.371971 0.550573
vt 0.392167 0.553630
vt 0.392028 0.588473
vt 0.289088 0.600561
vt 0.292487 0.637596
vt 0.269677 0.639820
vt 0.266262 0.601902
vt 0.333743 0.819870
vt 0.311618 0.828114
vt 0.312414 0.308797
vt 0.290983 0.302988
vt 0.287100 0.563498
vt 0.264290 0.563976
vt 0.315026 0.139784
vt 0.212732 0.097727
vt 0.322215 0.274356
vt 0.301346 0.267320
vt 0.286502 0.526464
vt 0.263741 0.526089
vt 0.321590 0.784148
vt 0.299203 0.790676
vt 0.334205 0.241090
vt 0.314136 0.232456
vt 0.287285 0.489517
vt 0.264609 0.488292
vt 0.311713 0.747914
vt 0.289154 0.753134
vt 0.349172 0.209646
vt 0.330348 0.198633
vt 0.289447 0.452721
vt 0.266896 0.450644
vt 0.303703 0.711343
vt 0.281023 0.715467
vt 0.368876 0.181366
vt 0.352290 0.165966
vt 0.292998 0.416148
vt 0.270619 0.413207
vt 0.297336 0.674544
vt 0.274574 0.677687
vt 0.612020 0.589349
vt 0.578993 0.611219
vt 0.587507 0.585511
vt 0.562196 0.454198
vt 0.595500 0.478511
vt 0.581156 0.493054
vt 0.553048 0.472461
vt 0.632311 0.551172
vt 0.632216 0.592405
vt 0.612159 0.554506
vt 0.384527 0.631052
vt 0.402663 0.621654
vt 0.523009 0.441366
vt 0.519953 0.461562
vt 0.408687 0.664468
vt 0.423031 0.649925
vt 0.481775 0.441272
vt 0.485109 0.461424
vt 0.441991 0.688781
vt 0.451139 0.670518
vt 0.442530 0.453924
vt 0.451929 0.472059
vt 0.481178 0.701612
vt 0.484234 0.681416
vt 0.409116 0.478084
vt 0.423659 0.492428
vt 0.561657 0.689054
vt 0.552258 0.670919
vt 0.522412 0.701707
vt 0.519078 0.681555
vt 0.384803 0.511387
vt 0.403066 0.520535
vt 0.619660 0.511926
vt 0.601524 0.521324
vt 0.327257 0.917044
vt 0.306768 0.875270
vt 0.305712 0.927355
vt 0.286990 0.883714
vt 0.291266 0.835661
vt 0.272000 0.842457
vt 0.278875 0.796736
vt 0.259830 0.802275
vt 0.268801 0.758046
vt 0.260628 0.719411
vt 0.254137 0.680760
vt 0.249209 0.642076
vt 0.245781 0.603370
vt 0.243819 0.564670
vt 0.243305 0.526017
vt 0.244235 0.487455
vt 0.246616 0.449036
vt 0.250469 0.410815
vt 0.255834 0.372851
vt 0.262792 0.335207
vt 0.271484 0.297946
vt 0.282172 0.261120
vt 0.295342 0.224739
vt 0.311963 0.188659
vt 0.334217 0.151718
vt 0.659946 0.651916
vt 0.627368 0.696758
vt 0.610891 0.680425
vt 0.639229 0.641473
vt 0.677074 0.599201
vt 0.654144 0.595671
vt 0.677074 0.543773
vt 0.654175 0.547502
vt 0.659946 0.491056
vt 0.639320 0.501679
vt 0.627365 0.446213
vt 0.611031 0.462690
vt 0.582519 0.413634
vt 0.572077 0.434352
vt 0.529803 0.396508
vt 0.526274 0.419438
vt 0.474374 0.396510
vt 0.478104 0.419408
vt 0.421660 0.413640
vt 0.432283 0.434265
vt 0.376819 0.446221
vt 0.393296 0.462554
vt 0.344241 0.491063
vt 0.364958 0.501505
vt 0.327113 0.543778
vt 0.350043 0.547307
vt 0.327113 0.599206
vt 0.350012 0.595477
vt 0.344241 0.651922
vt 0.364867 0.641299
vt 0.376822 0.696766
vt 0.393156 0.680289
vt 0.421668 0.729345
vt 0.432110 0.708627
vt 0.474385 0.746471
vt 0.477913 0.723540
vt 0.529813 0.746468
vt 0.526083 0.723570
vt 0.582527 0.729338
vt 0.571904 0.708714
vt 0.198113 0.092594
vt 0.092175 0.061441
vt 0.821096 0.088936
vt 0.800429 0.097829
vt 0.784052 0.112774
vt 0.772834 0.110680
vt 0.768894 0.108180
vt 0.766095 0.286961
vt 0.785375 0.299641
vt 0.782668 0.306687
vt 0.843119 0.087529
vt 0.778224 0.198848
vt 0.793149 0.215219
vt 0.879209 0.220986
vt 0.895517 0.206082
vt 0.808112 0.303288
vt 0.769332 0.178204
vt 0.858615 0.229897
vt 0.798395 0.265646
vt 0.780209 0.260064
vt 0.836630 0.231369
vt 0.901421 0.120124
vt 0.886544 0.103770
vt 0.829646 0.246201
vt 0.830442 0.241502
vt 0.790793 0.238969
vt 0.806059 0.246278
vt 0.910271 0.140745
vt 0.791056 0.226445
vt 0.788554 0.230389
vt 0.911673 0.162719
vt 0.440545 0.632349
vt 0.424751 0.610350
vt 0.447865 0.598668
vt 0.458918 0.614095
vt 0.462364 0.648389
vt 0.488072 0.656903
vt 0.463232 0.494147
vt 0.441234 0.509941
vt 0.587659 0.558430
vt 0.515153 0.657055
vt 0.425194 0.531760
vt 0.579436 0.532628
vt 0.540955 0.648831
vt 0.416680 0.557468
vt 0.563642 0.510630
vt 0.562953 0.633037
vt 0.416528 0.584548
vt 0.541823 0.494589
vt 0.516115 0.486076
vt 0.489035 0.485924
vt 0.556322 0.544310
vt 0.562066 0.562398
vt 0.538801 0.565939
vt 0.535290 0.554868
vt 0.511980 0.511643
vt 0.493002 0.511517
vt 0.544699 0.614664
vt 0.555956 0.599385
vt 0.474198 0.625352
vt 0.474915 0.517261
vt 0.561940 0.581376
vt 0.492207 0.631336
vt 0.459488 0.528314
vt 0.511185 0.631462
vt 0.448231 0.543593
vt 0.529272 0.625717
vt 0.442247 0.561603
vt 0.545269 0.528883
vt 0.442121 0.580581
vt 0.529990 0.517627
vt 0.507644 0.608197
vt 0.518715 0.604685
vt 0.465468 0.565424
vt 0.465386 0.577039
vt 0.528528 0.545423
vt 0.519180 0.538530
vt 0.468898 0.588111
vt 0.508158 0.534863
vt 0.475659 0.597556
vt 0.496544 0.534782
vt 0.485007 0.604449
vt 0.476027 0.545054
vt 0.469134 0.554403
vt 0.485472 0.538293
vt 0.496029 0.608115
vt 0.538720 0.577554
vt 0.528160 0.597924
vt 0.535053 0.588575
vt 0.502094 0.571489
vt 0.767932 0.265561
vt 0.763721 0.272294
vt 0.705301 0.138764
vt 0.712884 0.140347
vt 0.788967 0.290528
vt 0.776053 0.282523
vt 0.696291 0.127074
vt 0.709175 0.108674
vt 0.706254 0.122813
vt 0.733570 0.087735
vt 0.726731 0.083591
vt 0.860810 0.024804
vt 0.859183 0.032401
vt 0.716842 0.096113
vt 0.864328 0.044738
vt 0.881447 0.053483
vt 0.894506 0.020045
vt 0.890875 0.028916
vt 0.876775 0.025889
vt 0.872602 0.015836
vt 0.899540 0.059065
vt 0.911732 0.053607
vt 0.915894 0.046928
vt 0.974220 0.180272
vt 0.966647 0.178666
vt 0.913520 0.032440
vt 0.903696 0.036811
vt 0.954363 0.183817
vt 0.945676 0.200897
vt 0.979035 0.213843
vt 0.970185 0.210244
vt 0.973171 0.196182
vt 0.983179 0.192003
vt 0.940149 0.218951
vt 0.945621 0.231094
vt 0.952289 0.235225
vt 0.819522 0.294211
vt 0.820993 0.286617
vt 0.966725 0.232823
vt 0.962345 0.223042
vt 0.815657 0.274341
vt 0.803421 0.293730
vt 0.812005 0.230539
vt 0.798968 0.224429
vt 0.813771 0.225820
vt 0.748160 0.141568
vt 0.709916 0.129343
vt 0.713680 0.130396
vt 0.872607 0.039406
vt 0.884056 0.046760
vt 0.870235 0.029493
vt 0.869165 0.033248
vt 0.903847 0.047154
vt 0.905899 0.043600
vt 0.969567 0.189673
vt 0.965823 0.188614
vt 0.952035 0.223217
vt 0.955583 0.225254
vt 0.809996 0.289810
vt 0.810992 0.285988
vt 0.764837 0.145448
vt 0.768733 0.131612
vt 0.773447 0.133378
vt 0.774846 0.118586
vt 0.853898 0.084503
vt 0.867740 0.088437
vt 0.865963 0.093148
vt 0.880749 0.094564
vt 0.914702 0.173469
vt 0.910791 0.187286
vt 0.906087 0.185518
vt 0.904696 0.200280
vt 0.825864 0.234431
vt 0.926450 0.193235
vt 0.931346 0.177386
vt 0.795800 0.272412
vt 0.782761 0.269160
vt 0.807373 0.279812
vt 0.873727 0.072748
vt 0.857844 0.067818
vt 0.959693 0.192057
vt 0.952386 0.203486
vt 0.727121 0.095776
vt 0.723569 0.093790
vt 0.821983 0.251140
vt 0.729982 0.102524
vt 0.888936 0.080064
vt 0.888652 0.092564
vt 0.891156 0.088630
vt 0.897255 0.013226
vt 0.897037 0.050022
vt 0.850161 0.072724
vt 0.849347 0.077419
vt 0.919182 0.208422
vt 0.906708 0.208163
vt 0.910639 0.210654
vt 0.985836 0.216566
vt 0.949160 0.216435
vt 0.926446 0.169730
vt 0.921763 0.168922
vt 0.159799 0.873892
vt 0.054513 0.896599
vt 0.174128 0.870291
vt 0.163448 0.826372
vt 0.140034 0.785738
vt 0.149293 0.829610
vt 0.044524 0.850577
vt 0.035389 0.804309
vt 0.137358 0.309602
vt 0.129756 0.352397
vt 0.025966 0.335693
vt 0.033916 0.289383
vt 0.116490 0.481567
vt 0.115227 0.524865
vt 0.010206 0.522900
vt 0.011677 0.475878
vt 0.125729 0.698584
vt 0.132156 0.742104
vt 0.027419 0.757787
vt 0.020827 0.711039
vt 0.157336 0.224072
vt 0.054162 0.197507
vt 0.123748 0.395316
vt 0.119328 0.438376
vt 0.014807 0.428974
vt 0.019580 0.382232
vt 0.117393 0.611663
vt 0.120799 0.655112
vt 0.015745 0.664117
vt 0.012255 0.617078
vt 0.115532 0.568240
vt 0.010401 0.569985
vt 0.146555 0.266870
vt 0.043356 0.243319
vt 0.198369 0.960773
vt 0.185861 0.914939
vt 0.193908 0.962446
vt 0.181473 0.916088
vt 0.169902 0.871354
vt 0.193351 0.140642
vt 0.208759 0.095784
vt 0.153493 0.828672
vt 0.164048 0.872847
vt 0.159277 0.827325
vt 0.149944 0.783761
vt 0.136309 0.741433
vt 0.144204 0.784928
vt 0.187626 0.138781
vt 0.173782 0.182241
vt 0.139468 0.353932
vt 0.147051 0.311497
vt 0.150627 0.267830
vt 0.141429 0.310414
vt 0.125047 0.524965
vt 0.126289 0.482024
vt 0.123436 0.438736
vt 0.120610 0.481777
vt 0.142026 0.740459
vt 0.135583 0.697280
vt 0.124942 0.654729
vt 0.129875 0.698056
vt 0.167076 0.226673
vt 0.179486 0.183936
vt 0.129100 0.439191
vt 0.133489 0.396491
vt 0.133837 0.353060
vt 0.127842 0.395828
vt 0.130646 0.654155
vt 0.127235 0.611055
vt 0.119668 0.568151
vt 0.121533 0.611426
vt 0.125365 0.567985
vt 0.119357 0.524925
vt 0.156251 0.269121
vt 0.161425 0.225177
vt 0.175580 0.917648
vt 0.187644 0.964016
vt 0.202719 0.093654
vt 0.787861 0.235112
vt 0.749034 0.146461
vt 0.764177 0.107487
vt 0.852936 0.068675
vt 0.891855 0.083918
vt 0.930487 0.172493
vt 0.915343 0.211342
vt 0.826888 0.250262
vt 0.773505 0.260800
vt 0.762369 0.280121
vt 0.720031 0.139592
vt 0.698778 0.134406
vt 0.738423 0.093306
vt 0.718801 0.082333
vt 0.859903 0.039572
vt 0.865221 0.018283
vt 0.906201 0.058338
vt 0.917217 0.039187
vt 0.959503 0.179397
vt 0.980725 0.184654
vt 0.940890 0.225591
vt 0.960009 0.236525
vt 0.820158 0.279457
vt 0.815289 0.300738
vt 0.794621 0.223852
vt 0.762226 0.149096
vt 0.775424 0.114243
vt 0.850252 0.081877
vt 0.885088 0.095147
vt 0.917318 0.169829
vt 0.904123 0.204612
vt 0.829520 0.237045
vt 0.729578 0.098759
vt 0.719717 0.093648
vt 0.807525 0.292659
vt 0.810390 0.282562
vt 0.778937 0.269577
vt 0.775892 0.272063
vt 0.773824 0.275650
vt 0.773593 0.279556
vt 0.717079 0.129861
vt 0.707158 0.126854
vt 0.900824 0.049616
vt 0.906129 0.039731
vt 0.872734 0.026754
vt 0.869682 0.036644
vt 0.949573 0.220209
vt 0.959440 0.225474
vt 0.972300 0.192157
vt 0.962440 0.189136
vt 0.839822 0.159456
vt 0.510680 0.197440
vt 0.527885 0.197524
vt 0.530525 0.229358
vt 0.511953 0.233862
vt 0.538149 0.257037
vt 0.525655 0.259566
vt 0.541246 0.281147
vt 0.529664 0.281341
vt 0.539652 0.304854
vt 0.528048 0.302941
vt 0.534122 0.330240
vt 0.517169 0.327794
vt 0.532104 0.354073
vt 0.518806 0.359731
vt 0.420883 0.383812
vt 0.423787 0.393581
vt 0.409144 0.398058
vt 0.406308 0.388782
vt 0.560866 0.334208
vt 0.558416 0.362374
vt 0.541604 0.360813
vt 0.544339 0.332029
vt 0.521152 0.044433
vt 0.530355 0.049264
vt 0.532477 0.068901
vt 0.516599 0.071331
vt 0.537994 0.092760
vt 0.526630 0.094123
vt 0.539369 0.115294
vt 0.528295 0.114535
vt 0.536124 0.138509
vt 0.524330 0.135466
vt 0.529503 0.165903
vt 0.510914 0.163244
vt 0.539002 0.197526
vt 0.541300 0.227890
vt 0.547029 0.255539
vt 0.549707 0.280900
vt 0.548438 0.305882
vt 0.563665 0.307138
vt 0.564489 0.280568
vt 0.562422 0.253788
vt 0.558670 0.226222
vt 0.556850 0.197517
vt 0.557551 0.169074
vt 0.540247 0.167414
vt 0.560398 0.141761
vt 0.545058 0.140044
vt 0.561765 0.115683
vt 0.547521 0.115538
vt 0.560253 0.090393
vt 0.546150 0.091789
vt 0.556571 0.065339
vt 0.541823 0.067518
vt 0.551673 0.040769
vt 0.536689 0.044510
vt 0.430526 0.016136
vt 0.415159 0.009443
vt 0.419328 0.000000
vt 0.434237 0.006582
vt 0.525060 0.036517
vt 0.666523 0.027560
vt 0.669446 0.054733
vt 0.653236 0.056351
vt 0.650330 0.029302
vt 0.672056 0.082153
vt 0.655732 0.083526
vt 0.391759 0.296223
vt 0.381741 0.297304
vt 0.383130 0.266967
vt 0.393486 0.269924
vt 0.674181 0.109814
vt 0.657710 0.110903
vt 0.398543 0.234313
vt 0.405167 0.246691
vt 0.675847 0.137699
vt 0.659211 0.138555
vt 0.677208 0.165812
vt 0.660434 0.166530
vt 0.678375 0.194106
vt 0.661494 0.194750
vt 0.397479 0.162440
vt 0.383462 0.129080
vt 0.394009 0.126652
vt 0.404326 0.150144
vt 0.679454 0.222514
vt 0.662530 0.223079
vt 0.384113 0.098338
vt 0.394003 0.100151
vt 0.680328 0.251036
vt 0.663382 0.251428
vt 0.394784 0.071137
vt 0.403297 0.076564
vt 0.680800 0.279640
vt 0.663831 0.279777
vt 0.416903 0.047149
vt 0.419286 0.059465
vt 0.680800 0.308270
vt 0.663802 0.308160
vt 0.511008 0.079088
vt 0.680439 0.336891
vt 0.663406 0.336616
vt 0.519618 0.096041
vt 0.377625 0.167632
vt 0.399191 0.200123
vt 0.382111 0.200463
vt 0.521566 0.114265
vt 0.365068 0.131487
vt 0.517414 0.133149
vt 0.367054 0.094268
vt 0.504879 0.152992
vt 0.381427 0.063061
vt 0.401301 0.038022
vt 0.679904 0.365522
vt 0.662840 0.365193
vt 0.523316 0.370090
vt 0.395356 0.361561
vt 0.411606 0.352240
vt 0.374762 0.333227
vt 0.390693 0.325790
vt 0.518065 0.262539
vt 0.506497 0.243637
vt 0.364318 0.298846
vt 0.522597 0.281848
vt 0.367463 0.263379
vt 0.520584 0.300943
vt 0.379957 0.231073
vt 0.511179 0.319348
vt 0.414689 0.339311
vt 0.399643 0.320880
vt 0.961162 0.786947
vt 0.978948 0.786947
vt 0.978948 0.832858
vt 0.961162 0.832858
vt 0.961162 0.908740
vt 0.978948 0.908740
vt 0.978948 0.948104
vt 0.961162 0.948104
vt 0.961162 0.313468
vt 0.978948 0.313468
vt 0.978948 0.352832
vt 0.961162 0.352832
vt 0.961162 0.428715
vt 0.978948 0.428715
vt 0.978948 0.474626
vt 0.961162 0.474626
vt 0.857459 0.810216
vt 0.795531 0.811804
vt 0.804858 0.784435
vt 0.846640 0.786360
vt 0.961162 0.550508
vt 0.978948 0.550508
vt 0.978948 0.589872
vt 0.961162 0.589872
vt 0.949114 0.635407
vt 0.990996 0.635407
vt 0.980720 0.662128
vt 0.959390 0.662128
vt 0.908351 0.650607
vt 0.877116 0.597084
vt 0.903100 0.593740
vt 0.926710 0.628250
vt 0.757022 0.887034
vt 0.790980 0.823665
vt 0.862771 0.821673
vt 0.899905 0.882269
vt 0.797706 0.734418
vt 0.860262 0.734369
vt 0.852583 0.759895
vt 0.805657 0.759509
vt 0.990996 0.626165
vt 0.949114 0.626165
vt 0.959390 0.599444
vt 0.980720 0.599444
vt 0.990653 0.744402
vt 0.949457 0.744402
vt 0.959262 0.721273
vt 0.980848 0.721273
vt 0.949457 0.875402
vt 0.990653 0.875402
vt 0.980848 0.898531
vt 0.959262 0.898531
vt 0.749668 0.670871
vt 0.780903 0.724394
vt 0.754919 0.727738
vt 0.731309 0.693228
vt 0.749424 0.896717
vt 0.782106 0.950015
vt 0.756360 0.956805
vt 0.732189 0.916613
vt 0.990725 0.866275
vt 0.949385 0.866275
vt 0.959288 0.842454
vt 0.980822 0.842454
vt 0.949114 0.277175
vt 0.990996 0.277175
vt 0.980720 0.303896
vt 0.959390 0.303896
vt 0.780916 0.597154
vt 0.749689 0.650673
vt 0.731315 0.628358
vt 0.754918 0.593827
vt 0.799468 0.959088
vt 0.861396 0.957500
vt 0.852069 0.984869
vt 0.810287 0.982944
vt 0.990996 0.984397
vt 0.949114 0.984397
vt 0.959390 0.957677
vt 0.980720 0.957676
vt 0.949385 0.395298
vt 0.990725 0.395298
vt 0.980822 0.419118
vt 0.959288 0.419118
vt 0.860313 0.587061
vt 0.797757 0.587109
vt 0.805436 0.561583
vt 0.852362 0.561969
vt 0.878599 0.946898
vt 0.907764 0.892160
vt 0.924259 0.912538
vt 0.907283 0.950778
vt 0.990653 0.386170
vt 0.949457 0.386170
vt 0.959262 0.363041
vt 0.980848 0.363041
vt 0.949457 0.517170
vt 0.990653 0.517170
vt 0.980848 0.540299
vt 0.959262 0.540299
vt 0.961162 0.671701
vt 0.978948 0.671701
vt 0.978948 0.711064
vt 0.961162 0.711064
vt 0.907502 0.872586
vt 0.874821 0.819289
vt 0.900567 0.812498
vt 0.924738 0.852690
vt 0.990725 0.508043
vt 0.949385 0.508043
vt 0.959288 0.484222
vt 0.980822 0.484222
vt 0.949385 0.753529
vt 0.990725 0.753529
vt 0.980822 0.777350
vt 0.959288 0.777350
vt 0.864545 0.722835
vt 0.793431 0.722885
vt 0.757384 0.660776
vt 0.793474 0.598643
vt 0.778328 0.822405
vt 0.749163 0.877144
vt 0.732668 0.856765
vt 0.749644 0.818526
vt 0.908330 0.670805
vt 0.900635 0.660702
vt 0.779369 0.813949
vt 0.787495 0.808979
vt 0.877103 0.724324
vt 0.876036 0.732713
vt 0.868074 0.737626
vt 0.789958 0.737677
vt 0.781982 0.732782
vt 0.794156 0.947631
vt 0.743024 0.665545
vt 0.743065 0.656023
vt 0.865946 0.945638
vt 0.781984 0.588765
vt 0.789945 0.583852
vt 0.868061 0.583801
vt 0.876038 0.588697
vt 0.933251 0.688446
vt 0.933515 0.698486
vt 0.926705 0.693121
vt 0.750174 0.810495
vt 0.741495 0.815554
vt 0.726255 0.862496
vt 0.724993 0.851637
vt 0.903102 0.727651
vt 0.911495 0.731485
vt 0.901595 0.736116
vt 0.860078 0.762755
vt 0.851900 0.768496
vt 0.725746 0.911700
vt 0.724993 0.921825
vt 0.757837 0.964684
vt 0.748674 0.960714
vt 0.806341 0.768371
vt 0.798098 0.762435
vt 0.756429 0.736200
vt 0.746530 0.731574
vt 0.802295 0.986109
vt 0.811436 0.992099
vt 0.859488 0.987982
vt 0.851085 0.993483
vt 0.724505 0.698598
vt 0.724759 0.688561
vt 0.724768 0.633032
vt 0.724505 0.622992
vt 0.906753 0.958808
vt 0.915431 0.953749
vt 0.930672 0.906808
vt 0.931934 0.917666
vt 0.746524 0.589993
vt 0.756424 0.585362
vt 0.797942 0.558723
vt 0.806120 0.552982
vt 0.931181 0.857604
vt 0.931934 0.847479
vt 0.899090 0.804620
vt 0.908252 0.808590
vt 0.851679 0.553107
vt 0.859921 0.559044
vt 0.901590 0.585278
vt 0.911489 0.589904
vt 0.854632 0.783195
vt 0.845490 0.777205
vt 0.797439 0.781322
vt 0.805842 0.775820
vt 0.933515 0.622880
vt 0.933261 0.632917
vt 0.990996 0.993639
vt 0.949114 0.993639
vt 0.864588 0.598594
vt 0.914954 0.665455
vt 0.742582 0.882462
vt 0.742589 0.891822
vt 0.783420 0.958368
vt 0.791771 0.962575
vt 0.869432 0.960325
vt 0.877558 0.955355
vt 0.914344 0.886842
vt 0.914338 0.877482
vt 0.873507 0.810936
vt 0.865155 0.806728
vt 0.914996 0.655933
vn -1.000000 -0.000000 0.000000
vn -0.769646 0.638470 0.000000
vn -0.622657 0.638471 -0.452387
vn -0.809017 -0.000000 -0.587785
vn -0.809017 -0.000000 -0.587785
vn -0.622657 0.638471 -0.452387
vn -0.237834 0.638470 -0.731977
vn -0.309017 -0.000000 -0.951056
vn -0.309017 -0.000000 -0.951056
vn -0.237834 0.638470 -0.731977
vn 0.237834 0.638470 -0.731978
vn 0.309017 0.000000 -0.951057
vn 0.309017 0.000000 -0.951057
vn 0.237834 0.638470 -0.731978
vn 0.622657 0.638470 -0.452387
vn 0.809017 0.000000 -0.587785
vn 0.809017 0.000000 -0.587785
vn 0.622657 0.638470 -0.452387
vn 0.769646 0.638470 0.000000
vn 1.000000 0.000000 -0.000000
vn 1.000000 0.000000 -0.000000
vn 0.769646 0.638470 0.000000
vn 0.622657 0.638470 0.452387
vn 0.809017 0.000000 0.587785
vn 0.809017 0.000000 0.587785
vn 0.622657 0.638470 0.452387
vn 0.237834 0.638470 0.731978
vn 0.309017 0.000000 0.951057
vn 0.309017 0.000000 0.951057
vn 0.237834 0.638470 0.731978
vn -0.237834 0.638470 0.731977
vn -0.309017 -0.000000 0.951057
vn -0.508902 0.777376 -0.369738
vn -0.629037 0.777375 0.000000
vn -0.629094 -0.777329 0.000000
vn -0.508948 -0.777329 -0.369773
vn -0.309017 -0.000000 0.951057
vn -0.237834 0.638470 0.731977
vn -0.622657 0.638470 0.452387
vn -0.809017 -0.000000 0.587785
vn -0.809017 -0.000000 0.587785
vn -0.622657 0.638470 0.452387
vn -0.769646 0.638470 0.000000
vn -1.000000 -0.000000 0.000000
vn -0.629037 0.777375 0.000000
vn -0.508902 0.777376 -0.369738
vn -0.622657 0.638471 -0.452387
vn -0.769646 0.638470 0.000000
vn -0.508902 0.777376 -0.369738
vn -0.194383 0.777375 -0.598250
vn -0.237834 0.638470 -0.731977
vn -0.622657 0.638471 -0.452387
vn -0.194383 0.777375 -0.598250
vn 0.194383 0.777375 -0.598250
vn 0.237834 0.638470 -0.731978
vn -0.237834 0.638470 -0.731977
vn 0.194383 0.777375 -0.598250
vn 0.508901 0.777375 -0.369739
vn 0.622657 0.638470 -0.452387
vn 0.237834 0.638470 -0.731978
vn 0.508901 0.777375 -0.369739
vn 0.629037 0.777376 0.000000
vn 0.769646 0.638470 0.000000
vn 0.622657 0.638470 -0.452387
vn 0.629037 0.777376 0.000000
vn 0.508901 0.777375 0.369739
vn 0.622657 0.638470 0.452387
vn 0.769646 0.638470 0.000000
vn 0.508901 0.777375 0.369739
vn 0.194383 0.777375 0.598250
vn 0.237834 0.638470 0.731978
vn 0.622657 0.638470 0.452387
vn 0.194383 0.777375 0.598250
vn -0.194383 0.777375 0.598250
vn -0.237834 0.638470 0.731977
vn 0.237834 0.638470 0.731978
vn -0.194383 0.777375 0.598250
vn -0.508901 0.777375 0.369739
vn -0.622657 0.638470 0.452387
vn -0.237834 0.638470 0.731977
vn -0.508901 0.777375 0.369739
vn -0.629037 0.777375 0.000000
vn -0.769646 0.638470 0.000000
vn -0.622657 0.638470 0.452387
vn -0.194401 -0.777329 0.598304
vn 0.194401 -0.777329 0.598304
vn 0.237844 -0.638432 0.732007
vn -0.237844 -0.638432 0.732007
vn -0.194383 0.777375 0.598250
vn 0.194383 0.777375 0.598250
vn 0.194401 -0.777329 0.598304
vn -0.194401 -0.777329 0.598304
vn 0.629037 0.777376 0.000000
vn 0.508901 0.777375 -0.369739
vn 0.508948 -0.777329 -0.369772
vn 0.629095 -0.777329 0.000000
vn -0.194383 0.777375 -0.598250
vn -0.508902 0.777376 -0.369738
vn -0.508948 -0.777329 -0.369773
vn -0.194401 -0.777329 -0.598304
vn -0.508901 0.777375 0.369739
vn -0.194383 0.777375 0.598250
vn -0.194401 -0.777329 0.598304
vn -0.508948 -0.777329 0.369773
vn 0.508901 0.777375 0.369739
vn 0.629037 0.777376 0.000000
vn 0.629095 -0.777329 0.000000
vn 0.508948 -0.777329 0.369773
vn 0.194383 0.777375 -0.598250
vn -0.194383 0.777375 -0.598250
vn -0.194401 -0.777329 -0.598304
vn 0.194401 -0.777329 -0.598304
vn -0.629037 0.777375 0.000000
vn -0.508901 0.777375 0.369739
vn -0.508948 -0.777329 0.369773
vn -0.629094 -0.777329 0.000000
vn 0.194383 0.777375 0.598250
vn 0.508901 0.777375 0.369739
vn 0.508948 -0.777329 0.369773
vn 0.194401 -0.777329 0.598304
vn 0.508901 0.777375 -0.369739
vn 0.194383 0.777375 -0.598250
vn 0.194401 -0.777329 -0.598304
vn 0.508948 -0.777329 -0.369772
vn 0.769678 -0.638432 0.000000
vn 0.622683 -0.638432 -0.452405
vn 0.619111 0.643717 -0.449811
vn 0.765264 0.643717 -0.000000
vn 0.629095 -0.777329 0.000000
vn 0.508948 -0.777329 -0.369772
vn 0.622683 -0.638432 -0.452405
vn 0.769678 -0.638432 0.000000
vn -0.194401 -0.777329 -0.598304
vn -0.508948 -0.777329 -0.369773
vn -0.622683 -0.638432 -0.452406
vn -0.237844 -0.638432 -0.732007
vn -0.508948 -0.777329 0.369773
vn -0.194401 -0.777329 0.598304
vn -0.237844 -0.638432 0.732007
vn -0.622682 -0.638432 0.452406
vn 0.508948 -0.777329 0.369773
vn 0.629095 -0.777329 0.000000
vn 0.769678 -0.638432 0.000000
vn 0.622683 -0.638432 0.452406
vn 0.194401 -0.777329 -0.598304
vn -0.194401 -0.777329 -0.598304
vn -0.237844 -0.638432 -0.732007
vn 0.237844 -0.638432 -0.732007
vn -0.629094 -0.777329 0.000000
vn -0.508948 -0.777329 0.369773
vn -0.622682 -0.638432 0.452406
vn -0.769678 -0.638432 0.000000
vn 0.194401 -0.777329 0.598304
vn 0.508948 -0.777329 0.369773
vn 0.622683 -0.638432 0.452406
vn 0.237844 -0.638432 0.732007
vn 0.508948 -0.777329 -0.369772
vn 0.194401 -0.777329 -0.598304
vn 0.237844 -0.638432 -0.732007
vn 0.622683 -0.638432 -0.452405
vn -0.508948 -0.777329 -0.369773
vn -0.629094 -0.777329 0.000000
vn -0.769678 -0.638432 0.000000
vn -0.622683 -0.638432 -0.452406
vn -0.237844 -0.638432 -0.732007
vn -0.622683 -0.638432 -0.452406
vn -0.619111 0.643717 -0.449811
vn -0.236479 0.643716 -0.727810
vn -0.622682 -0.638432 0.452406
vn -0.237844 -0.638432 0.732007
vn -0.236479 0.643716 0.727810
vn -0.619112 0.643717 0.449810
vn 0.622683 -0.638432 0.452406
vn 0.769678 -0.638432 0.000000
vn 0.765264 0.643717 -0.000000
vn 0.619111 0.643717 0.449812
vn 0.237844 -0.638432 -0.732007
vn -0.237844 -0.638432 -0.732007
vn -0.236479 0.643716 -0.727810
vn 0.236479 0.643716 -0.727809
vn -0.769678 -0.638432 0.000000
vn -0.622682 -0.638432 0.452406
vn -0.619112 0.643717 0.449810
vn -0.765264 0.643717 -0.000000
vn 0.237844 -0.638432 0.732007
vn 0.622683 -0.638432 0.452406
vn 0.619111 0.643717 0.449812
vn 0.236479 0.643716 0.727810
vn 0.622683 -0.638432 -0.452405
vn 0.237844 -0.638432 -0.732007
vn 0.236479 0.643716 -0.727809
vn 0.619111 0.643717 -0.449811
vn -0.622683 -0.638432 -0.452406
vn -0.769678 -0.638432 0.000000
vn -0.765264 0.643717 -0.000000
vn -0.619111 0.643717 -0.449811
vn -0.237844 -0.638432 0.732007
vn 0.237844 -0.638432 0.732007
vn 0.236479 0.643716 0.727810
vn -0.236479 0.643716 0.727810
vn 0.621127 0.783710 -0.000001
vn 0.502502 0.783710 -0.365090
vn 0.809017 0.000000 -0.587785
vn 1.000000 0.000000 -0.000000
vn -0.621127 0.783710 -0.000000
vn -0.502502 0.783710 -0.365089
vn -0.619111 0.643717 -0.449811
vn -0.765264 0.643717 -0.000000
vn -0.502502 0.783710 -0.365089
vn -0.191939 0.783709 -0.590728
vn -0.236479 0.643716 -0.727810
vn -0.619111 0.643717 -0.449811
vn -0.191939 0.783709 -0.590728
vn 0.191939 0.783710 -0.590728
vn 0.236479 0.643716 -0.727809
vn -0.236479 0.643716 -0.727810
vn 0.191939 0.783710 -0.590728
vn 0.502502 0.783710 -0.365090
vn 0.619111 0.643717 -0.449811
vn 0.236479 0.643716 -0.727809
vn 0.502502 0.783710 -0.365090
vn 0.621127 0.783710 -0.000001
vn 0.765264 0.643717 -0.000000
vn 0.619111 0.643717 -0.449811
vn 0.621127 0.783710 -0.000001
vn 0.502502 0.783710 0.365091
vn 0.619111 0.643717 0.449812
vn 0.765264 0.643717 -0.000000
vn 0.502502 0.783710 0.365091
vn 0.191939 0.783709 0.590729
vn 0.236479 0.643716 0.727810
vn 0.619111 0.643717 0.449812
vn 0.191939 0.783709 0.590729
vn -0.191939 0.783710 0.590728
vn -0.236479 0.643716 0.727810
vn 0.236479 0.643716 0.727810
vn -0.191939 0.783710 0.590728
vn -0.502503 0.783710 0.365088
vn -0.619112 0.643717 0.449810
vn -0.236479 0.643716 0.727810
vn -0.502503 0.783710 0.365088
vn -0.621127 0.783710 -0.000000
vn -0.765264 0.643717 -0.000000
vn -0.619112 0.643717 0.449810
vn -0.191939 0.783709 -0.590728
vn -0.502502 0.783710 -0.365089
vn -0.809017 -0.000000 -0.587785
vn -0.309017 -0.000000 -0.951057
vn -0.502503 0.783710 0.365088
vn -0.191939 0.783710 0.590728
vn -0.309017 0.000000 0.951057
vn -0.809017 0.000000 0.587785
vn 0.502502 0.783710 0.365091
vn 0.621127 0.783710 -0.000001
vn 1.000000 0.000000 -0.000000
vn 0.809017 0.000000 0.587785
vn 0.191939 0.783710 -0.590728
vn -0.191939 0.783709 -0.590728
vn -0.309017 -0.000000 -0.951057
vn 0.309017 -0.000000 -0.951057
vn -0.621127 0.783710 -0.000000
vn -0.502503 0.783710 0.365088
vn -0.809017 0.000000 0.587785
vn -1.000000 -0.000000 0.000000
vn 0.191939 0.783709 0.590729
vn 0.502502 0.783710 0.365091
vn 0.809017 0.000000 0.587785
vn 0.309017 0.000000 0.951057
vn 0.502502 0.783710 -0.365090
vn 0.191939 0.783710 -0.590728
vn 0.309017 -0.000000 -0.951057
vn 0.809017 0.000000 -0.587785
vn -0.502502 0.783710 -0.365089
vn -0.621127 0.783710 -0.000000
vn -1.000000 -0.000000 0.000000
vn -0.809017 -0.000000 -0.587785
vn -0.191939 0.783710 0.590728
vn 0.191939 0.783709 0.590729
vn 0.309017 0.000000 0.951057
vn -0.309017 0.000000 0.951057
vn -0.000000 0.621128 -0.783709
vn -0.000000 1.000000 0.000000
vn -0.587785 0.809017 0.000000
vn -0.365088 0.502502 -0.783711
vn -0.365088 0.502502 -0.783711
vn -0.587785 0.809017 0.000000
vn -0.951057 0.309016 0.000000
vn -0.590728 0.191938 -0.783710
vn -0.590728 0.191938 -0.783710
vn -0.951057 0.309016 0.000000
vn -0.951057 -0.309016 0.000000
vn -0.590728 -0.191938 -0.783710
vn -0.590728 -0.191938 -0.783710
vn -0.951057 -0.309016 0.000000
vn -0.587785 -0.809017 0.000000
vn -0.365089 -0.502502 -0.783711
vn -0.365089 -0.502502 -0.783711
vn -0.587785 -0.809017 0.000000
vn 0.000000 -1.000000 -0.000000
vn -0.000000 -0.621128 -0.783709
vn -0.000000 -0.621128 -0.783709
vn 0.000000 -1.000000 -0.000000
vn 0.587785 -0.809017 -0.000000
vn 0.365088 -0.502502 -0.783711
vn 0.365088 -0.502502 -0.783711
vn 0.587785 -0.809017 -0.000000
vn 0.951057 -0.309016 -0.000000
vn 0.590727 -0.191938 -0.783710
vn 0.590727 -0.191938 -0.783710
vn 0.951057 -0.309016 -0.000000
vn 0.951057 0.309016 -0.000000
vn 0.590727 0.191938 -0.783710
vn 0.590727 0.191938 -0.783710
vn 0.951057 0.309016 -0.000000
vn 0.587785 0.809017 -0.000000
vn 0.365088 0.502502 -0.783711
vn 0.365088 0.502502 -0.783711
vn 0.587785 0.809017 -0.000000
vn -0.000000 1.000000 0.000000
vn -0.000000 0.621128 -0.783709
vn -0.000000 0.621128 -0.783709
vn -0.365088 0.502502 -0.783711
vn -0.449810 0.619112 -0.643717
vn -0.000000 0.765264 -0.643717
vn 0.365088 -0.502502 0.783711
vn 0.590728 -0.191938 0.783710
vn 0.727809 -0.236479 0.643717
vn 0.449810 -0.619112 0.643717
vn 0.590728 0.191938 0.783710
vn 0.590728 -0.191938 0.783710
vn 0.727809 -0.236480 0.643717
vn 0.727809 0.236480 0.643717
vn 0.590727 -0.191938 -0.783710
vn 0.590727 0.191938 -0.783710
vn 0.727809 0.236480 -0.643717
vn 0.727809 -0.236480 -0.643717
vn -0.590728 0.191938 -0.783710
vn -0.590728 -0.191938 -0.783710
vn -0.727809 -0.236480 -0.643716
vn -0.727809 0.236480 -0.643717
vn 0.590728 -0.191938 0.783710
vn 0.365088 -0.502502 0.783711
vn 0.449810 -0.619112 0.643717
vn 0.727809 -0.236480 0.643717
vn 0.365088 0.502502 -0.783711
vn -0.000000 0.621128 -0.783709
vn -0.000000 0.765264 -0.643717
vn 0.449810 0.619112 -0.643717
vn -0.365089 -0.502502 -0.783711
vn -0.000000 -0.621128 -0.783709
vn -0.000000 -0.765263 -0.643717
vn -0.449810 -0.619112 -0.643716
vn 0.365088 -0.502502 0.783711
vn 0.000000 -0.621128 0.783709
vn 0.000000 -0.765263 0.643717
vn 0.449810 -0.619112 0.643717
vn 0.000000 -0.621128 0.783709
vn -0.365089 -0.502502 0.783711
vn -0.449810 -0.619112 0.643717
vn 0.000000 -0.765263 0.643717
vn 0.365088 -0.502502 -0.783711
vn 0.590727 -0.191938 -0.783710
vn 0.727809 -0.236480 -0.643717
vn 0.449810 -0.619112 -0.643717
vn 0.590727 -0.191939 0.783710
vn 0.590727 0.191939 0.783710
vn 0.727809 0.236480 0.643716
vn 0.727809 -0.236480 0.643716
vn -0.590727 -0.191938 0.783710
vn -0.365089 -0.502502 0.783711
vn -0.449811 -0.619112 0.643716
vn -0.727809 -0.236479 0.643717
vn 0.000000 0.621128 0.783709
vn -0.365088 0.502501 0.783711
vn -0.449810 0.619112 0.643717
vn -0.000000 0.765263 0.643717
vn 0.590728 -0.191938 0.783710
vn 0.590728 0.191938 0.783710
vn 0.727809 0.236479 0.643717
vn 0.727809 -0.236479 0.643717
vn -0.365089 -0.502502 0.783711
vn 0.000000 -0.621128 0.783709
vn 0.000000 -0.765263 0.643717
vn -0.449811 -0.619112 0.643716
vn -0.365088 0.502501 0.783711
vn -0.590727 0.191938 0.783710
vn -0.727809 0.236479 0.643717
vn -0.449810 0.619112 0.643717
vn 0.590728 0.191938 0.783710
vn 0.365089 0.502502 0.783710
vn 0.449811 0.619112 0.643716
vn 0.727809 0.236479 0.643717
vn 0.000000 -0.621128 0.783709
vn 0.365088 -0.502502 0.783711
vn 0.449810 -0.619112 0.643717
vn 0.000000 -0.765263 0.643717
vn -0.590727 0.191938 0.783710
vn -0.590727 -0.191938 0.783710
vn -0.727809 -0.236479 0.643717
vn -0.727809 0.236479 0.643717
vn 0.365089 0.502502 0.783710
vn 0.000000 0.621128 0.783709
vn -0.000000 0.765263 0.643717
vn 0.449811 0.619112 0.643716
vn 0.449810 -0.619112 -0.643717
vn 0.727809 -0.236480 -0.643717
vn 0.727809 -0.236480 0.643717
vn 0.449810 -0.619112 0.643717
vn -0.000000 -0.765263 -0.643717
vn 0.449810 -0.619112 -0.643717
vn 0.449810 -0.619112 0.643717
vn 0.000000 -0.765263 0.643717
vn -0.449810 -0.619112 -0.643716
vn -0.000000 -0.765263 -0.643717
vn 0.000000 -0.765263 0.643717
vn -0.449810 -0.619112 0.643717
vn -0.727809 -0.236480 -0.643716
vn -0.449810 -0.619112 -0.643716
vn -0.449810 -0.619112 0.643717
vn -0.727809 -0.236480 0.643717
vn -0.000000 0.765264 -0.643717
vn -0.449810 0.619112 -0.643717
vn -0.449810 0.619112 0.643717
vn 0.000000 0.765263 0.643717
vn -0.727809 0.236480 -0.643717
vn -0.727809 -0.236480 -0.643716
vn -0.727809 -0.236480 0.643717
vn -0.727809 0.236480 0.643717
vn -0.449810 0.619112 -0.643717
vn -0.727809 0.236480 -0.643717
vn -0.727809 0.236480 0.643717
vn -0.449810 0.619112 0.643717
vn 0.449810 0.619112 -0.643717
vn -0.000000 0.765264 -0.643717
vn 0.000000 0.765263 0.643717
vn 0.449810 0.619112 0.643717
vn 0.727809 0.236480 -0.643717
vn 0.449810 0.619112 -0.643717
vn 0.449810 0.619112 0.643717
vn 0.727809 0.236480 0.643717
vn 0.727809 -0.236480 -0.643717
vn 0.727809 0.236480 -0.643717
vn 0.727809 0.236480 0.643717
vn 0.727809 -0.236480 0.643717
vn -0.365088 0.502501 0.783711
vn 0.000000 0.621128 0.783709
vn 0.000000 0.765263 0.643717
vn -0.449810 0.619112 0.643717
vn 0.365089 0.502502 0.783710
vn 0.590728 0.191938 0.783710
vn 0.727809 0.236480 0.643717
vn 0.449810 0.619112 0.643717
vn -0.000000 -0.621128 -0.783709
vn 0.365088 -0.502502 -0.783711
vn 0.449810 -0.619112 -0.643717
vn -0.000000 -0.765263 -0.643717
vn -0.590727 0.191938 0.783710
vn -0.365088 0.502501 0.783711
vn -0.449810 0.619112 0.643717
vn -0.727809 0.236480 0.643717
vn 0.000000 0.621128 0.783709
vn 0.365089 0.502502 0.783710
vn 0.449810 0.619112 0.643717
vn 0.000000 0.765263 0.643717
vn -0.590727 -0.191938 0.783710
vn -0.590727 0.191938 0.783710
vn -0.727809 0.236480 0.643717
vn -0.727809 -0.236480 0.643717
vn -0.590728 -0.191938 -0.783710
vn -0.365089 -0.502502 -0.783711
vn -0.449810 -0.619112 -0.643716
vn -0.727809 -0.236480 -0.643716
vn 0.590727 0.191938 -0.783710
vn 0.365088 0.502502 -0.783711
vn 0.449810 0.619112 -0.643717
vn 0.727809 0.236480 -0.643717
vn -0.365089 -0.502502 0.783711
vn -0.590727 -0.191938 0.783710
vn -0.727809 -0.236480 0.643717
vn -0.449810 -0.619112 0.643717
vn -0.365088 0.502502 -0.783711
vn -0.590728 0.191938 -0.783710
vn -0.727809 0.236480 -0.643717
vn -0.449810 0.619112 -0.643717
vn 0.365091 -0.502502 0.783709
vn -0.000000 -0.621126 0.783711
vn -0.000000 0.765263 0.643717
vn -0.449810 0.619112 0.643717
vn 0.590727 -0.191939 0.783710
vn 0.365091 -0.502502 0.783709
vn -0.449810 0.619112 0.643717
vn -0.727809 0.236479 0.643717
vn 0.590727 0.191939 0.783710
vn 0.590727 -0.191939 0.783710
vn -0.727809 0.236479 0.643717
vn -0.727809 -0.236479 0.643717
vn 0.365088 0.502503 0.783710
vn 0.590727 0.191939 0.783710
vn -0.727809 -0.236479 0.643717
vn -0.449811 -0.619112 0.643716
vn -0.000000 0.621127 0.783710
vn 0.365088 0.502503 0.783710
vn -0.449811 -0.619112 0.643716
vn 0.000000 -0.765263 0.643717
vn -0.365088 0.502503 0.783710
vn -0.000000 0.621127 0.783710
vn 0.000000 -0.765263 0.643717
vn 0.449810 -0.619112 0.643717
vn -0.590727 0.191939 0.783710
vn -0.365088 0.502503 0.783710
vn 0.449810 -0.619112 0.643717
vn 0.727809 -0.236479 0.643717
vn -0.590727 -0.191939 0.783710
vn -0.590727 0.191939 0.783710
vn 0.727809 -0.236479 0.643717
vn 0.727809 0.236479 0.643717
vn -0.365091 -0.502503 0.783709
vn -0.590727 -0.191939 0.783710
vn 0.727809 0.236479 0.643717
vn 0.449811 0.619112 0.643716
vn -0.000000 -0.621126 0.783711
vn -0.365091 -0.502503 0.783709
vn 0.449811 0.619112 0.643716
vn -0.000000 0.765263 0.643717
vn -0.365091 -0.502503 0.783709
vn -0.000000 -0.621126 0.783711
vn 0.000000 -0.765264 0.643716
vn -0.449812 -0.619111 0.643717
vn -0.365088 0.502503 0.783710
vn -0.590727 0.191939 0.783710
vn -0.727809 0.236480 0.643717
vn -0.449809 0.619113 0.643717
vn 0.590727 0.191939 0.783710
vn 0.365088 0.502503 0.783710
vn 0.449809 0.619112 0.643717
vn 0.727809 0.236480 0.643716
vn -0.000000 -0.621126 0.783711
vn 0.365091 -0.502502 0.783709
vn 0.449811 -0.619110 0.643718
vn 0.000000 -0.765264 0.643716
vn -0.590727 0.191939 0.783710
vn -0.590727 -0.191939 0.783710
vn -0.727809 -0.236480 0.643717
vn -0.727809 0.236480 0.643717
vn 0.365088 0.502503 0.783710
vn -0.000000 0.621127 0.783710
vn -0.000000 0.765263 0.643718
vn 0.449809 0.619112 0.643717
vn 0.365091 -0.502502 0.783709
vn 0.590727 -0.191939 0.783710
vn 0.727809 -0.236480 0.643716
vn 0.449811 -0.619110 0.643718
vn -0.590727 -0.191939 0.783710
vn -0.365091 -0.502503 0.783709
vn -0.449812 -0.619111 0.643717
vn -0.727809 -0.236480 0.643717
vn -0.000000 0.621127 0.783710
vn -0.365088 0.502503 0.783710
vn -0.449809 0.619113 0.643717
vn -0.000000 0.765263 0.643718
vn 0.000000 -0.000000 1.000000
vn 0.000000 -0.765264 0.643716
vn 0.449811 -0.619110 0.643718
vn 0.000000 -0.000000 1.000000
vn 0.449811 -0.619110 0.643718
vn 0.727809 -0.236480 0.643716
vn 0.000000 -0.000000 1.000000
vn 0.727809 -0.236480 0.643716
vn 0.727809 0.236480 0.643716
vn 0.000000 -0.000000 1.000000
vn 0.727809 0.236480 0.643716
vn 0.449809 0.619112 0.643717
vn 0.000000 -0.000000 1.000000
vn 0.449809 0.619112 0.643717
vn -0.000000 0.765263 0.643718
vn 0.000000 -0.000000 1.000000
vn -0.000000 0.765263 0.643718
vn -0.449809 0.619113 0.643717
vn 0.000000 -0.000000 1.000000
vn -0.449809 0.619113 0.643717
vn -0.727809 0.236480 0.643717
vn 0.000000 -0.000000 1.000000
vn -0.727809 0.236480 0.643717
vn -0.727809 -0.236480 0.643717
vn 0.000000 -0.000000 1.000000
vn -0.727809 -0.236480 0.643717
vn -0.449812 -0.619111 0.643717
vn 0.000000 -0.000000 1.000000
vn -0.449812 -0.619111 0.643717
vn 0.000000 -0.765264 0.643716
vn 0.228412 -0.673533 -0.702980
vn 0.258758 -0.546655 -0.796375
vn 0.492187 -0.546655 -0.677437
vn 0.434465 -0.673534 -0.597991
vn 0.434465 -0.673534 -0.597991
vn 0.492187 -0.546655 -0.677437
vn 0.677437 -0.546655 -0.492187
vn 0.597990 -0.673533 -0.434465
vn 0.597990 -0.673533 -0.434465
vn 0.677437 -0.546655 -0.492187
vn 0.796375 -0.546655 -0.258758
vn 0.702980 -0.673533 -0.228412
vn 0.702980 -0.673533 0.228412
vn 0.796375 -0.546655 0.258758
vn 0.677437 -0.546655 0.492187
vn 0.597991 -0.673533 0.434466
vn 0.597991 -0.673533 0.434466
vn 0.677437 -0.546655 0.492187
vn 0.492187 -0.546655 0.677437
vn 0.434465 -0.673533 0.597991
vn 0.434465 -0.673533 0.597991
vn 0.492187 -0.546655 0.677437
vn 0.258758 -0.546655 0.796375
vn 0.228412 -0.673533 0.702980
vn 0.796375 -0.546655 0.258758
vn 0.780391 -0.625156 -0.013022
vn 0.743871 -0.668323 -0.000000
vn 0.837358 -0.546655 -0.000000
vn -0.228412 -0.673533 0.702980
vn -0.258758 -0.546655 0.796375
vn -0.492187 -0.546654 0.677437
vn -0.434465 -0.673533 0.597991
vn -0.434465 -0.673533 0.597991
vn -0.492187 -0.546654 0.677437
vn -0.677437 -0.546655 0.492187
vn -0.597991 -0.673533 0.434466
vn -0.597991 -0.673533 0.434466
vn -0.677437 -0.546655 0.492187
vn -0.796375 -0.546655 0.258758
vn -0.702980 -0.673533 0.228412
vn 0.739157 0.673533 -0.000000
vn 0.775866 0.630714 -0.015220
vn 0.702980 -0.673533 0.228412
vn 0.739157 -0.673533 0.000000
vn 0.739157 0.673533 -0.000000
vn 0.775866 0.630714 0.015220
vn -0.716779 0.657795 0.231375
vn -0.668100 0.744071 -0.000000
vn -0.702980 -0.673533 -0.228412
vn -0.796375 -0.546655 -0.258758
vn -0.677437 -0.546655 -0.492187
vn -0.597990 -0.673533 -0.434465
vn -0.597990 -0.673533 -0.434465
vn -0.677437 -0.546655 -0.492187
vn -0.492187 -0.546655 -0.677437
vn -0.434465 -0.673534 -0.597991
vn -0.434465 -0.673534 -0.597991
vn -0.492187 -0.546655 -0.677437
vn -0.258758 -0.546655 -0.796375
vn -0.228412 -0.673534 -0.702980
vn -0.635401 -0.744071 0.206454
vn -0.583967 0.143303 0.799029
vn -0.582644 -0.142137 0.800202
vn -0.702980 -0.673533 0.228412
vn -0.635401 -0.744071 -0.206455
vn -0.716778 0.657795 -0.231376
vn -0.668100 0.744071 -0.000000
vn -0.668100 -0.744071 0.000000
vn -0.206455 -0.744071 0.635401
vn 0.000000 -0.744071 0.668101
vn -0.000000 -0.673533 -0.739157
vn 0.228412 -0.673533 -0.702980
vn -0.392700 -0.744071 0.540505
vn -0.206455 -0.744071 0.635401
vn 0.228412 -0.673533 -0.702980
vn 0.434465 -0.673534 -0.597991
vn -0.540505 -0.744071 0.392700
vn -0.392700 -0.744071 0.540505
vn 0.434465 -0.673534 -0.597991
vn 0.597990 -0.673533 -0.434465
vn -0.635401 -0.744071 0.206454
vn -0.540505 -0.744071 0.392700
vn 0.597990 -0.673533 -0.434465
vn 0.702980 -0.673533 -0.228412
vn -0.668100 -0.744071 0.000000
vn -0.635401 -0.744071 0.206454
vn 0.702980 -0.673533 -0.228412
vn 0.739157 -0.673533 0.000000
vn -0.635401 -0.744071 -0.206455
vn -0.668100 -0.744071 0.000000
vn 0.739157 -0.673533 0.000000
vn 0.702980 -0.673533 0.228412
vn -0.540505 -0.744071 -0.392699
vn -0.635401 -0.744071 -0.206455
vn 0.702980 -0.673533 0.228412
vn 0.597991 -0.673533 0.434466
vn -0.392700 -0.744071 -0.540504
vn -0.540505 -0.744071 -0.392699
vn 0.597991 -0.673533 0.434466
vn 0.434465 -0.673533 0.597991
vn -0.206455 -0.744071 -0.635401
vn -0.392700 -0.744071 -0.540504
vn 0.434465 -0.673533 0.597991
vn 0.228412 -0.673533 0.702980
vn 0.000000 -0.744071 -0.668100
vn -0.206455 -0.744071 -0.635401
vn 0.228412 -0.673533 0.702980
vn 0.000000 -0.673533 0.739157
vn 0.206455 -0.744071 -0.635401
vn 0.000000 -0.744071 -0.668100
vn 0.000000 -0.673533 0.739157
vn -0.228412 -0.673533 0.702980
vn 0.392700 -0.744071 -0.540504
vn 0.206455 -0.744071 -0.635401
vn -0.228412 -0.673533 0.702980
vn -0.434465 -0.673533 0.597991
vn 0.540505 -0.744071 -0.392699
vn 0.392700 -0.744071 -0.540504
vn -0.434465 -0.673533 0.597991
vn -0.597991 -0.673533 0.434466
vn 0.635401 -0.744071 -0.206454
vn 0.540505 -0.744071 -0.392699
vn -0.597991 -0.673533 0.434466
vn -0.702980 -0.673533 0.228412
vn 0.668100 -0.744071 -0.000000
vn 0.635401 -0.744071 -0.206454
vn -0.702980 -0.673533 0.228412
vn -0.739157 -0.673533 0.000000
vn 0.635401 -0.744071 0.206455
vn 0.668100 -0.744071 -0.000000
vn -0.739157 -0.673533 0.000000
vn -0.702980 -0.673533 -0.228412
vn 0.540505 -0.744071 0.392700
vn 0.635401 -0.744071 0.206455
vn -0.702980 -0.673533 -0.228412
vn -0.597990 -0.673533 -0.434465
vn 0.392700 -0.744071 0.540505
vn 0.540505 -0.744071 0.392700
vn -0.597990 -0.673533 -0.434465
vn -0.434465 -0.673534 -0.597991
vn 0.206455 -0.744071 0.635401
vn 0.392700 -0.744071 0.540505
vn -0.434465 -0.673534 -0.597991
vn -0.228412 -0.673534 -0.702980
vn 0.000000 -0.744071 0.668101
vn 0.206455 -0.744071 0.635401
vn -0.228412 -0.673534 -0.702980
vn -0.000000 -0.673533 -0.739157
vn 0.000000 -0.101097 0.994877
vn 0.307434 -0.101097 0.946184
vn 0.285117 -0.385620 0.877500
vn 0.000000 -0.385620 0.922658
vn -0.804872 -0.101097 -0.584774
vn -0.946184 -0.101097 -0.307434
vn -0.877500 -0.385620 -0.285117
vn -0.746446 -0.385621 -0.542324
vn 0.285117 0.385619 -0.877500
vn 0.000000 0.385620 -0.922658
vn 0.000000 0.076913 -0.997038
vn 0.308102 0.076913 -0.948239
vn -0.994877 -0.101097 0.000000
vn -0.946184 -0.101097 0.307434
vn -0.877500 -0.385620 0.285117
vn -0.922658 -0.385620 0.000000
vn -0.307434 -0.101097 -0.946184
vn -0.584774 -0.101097 -0.804872
vn -0.542324 -0.385620 -0.746446
vn -0.285117 -0.385621 -0.877499
vn 0.584774 -0.101097 0.804872
vn 0.804872 -0.101097 0.584774
vn 0.746446 -0.385620 0.542325
vn 0.542325 -0.385620 0.746446
vn -0.804872 -0.101097 0.584774
vn -0.584774 -0.101097 0.804872
vn -0.542325 -0.385620 0.746446
vn -0.746446 -0.385620 0.542324
vn -0.584774 -0.101097 -0.804872
vn -0.804872 -0.101097 -0.584774
vn -0.746446 -0.385621 -0.542324
vn -0.542324 -0.385620 -0.746446
vn 0.946184 -0.101097 0.307434
vn 0.994877 -0.101097 0.000000
vn 0.922658 -0.385620 0.000000
vn 0.877500 -0.385620 0.285117
vn -0.307434 -0.101097 0.946184
vn 0.000000 -0.101097 0.994877
vn 0.000000 -0.385620 0.922658
vn -0.285117 -0.385620 0.877500
vn -0.837358 -0.546655 -0.000000
vn -0.796375 -0.546655 0.258758
vn -0.633662 -0.745709 0.205889
vn -0.666272 -0.745709 0.000000
vn 0.260848 0.536151 -0.802808
vn 0.000000 0.536151 -0.844122
vn 0.000000 0.799171 -0.601104
vn 0.185751 0.799171 -0.571684
vn 0.258758 -0.546655 -0.796375
vn 0.000000 -0.546655 -0.837358
vn 0.000000 -0.745709 -0.666271
vn 0.205889 -0.745709 -0.633662
vn 0.307434 -0.101097 0.946184
vn 0.584774 -0.101097 0.804872
vn 0.542325 -0.385620 0.746446
vn 0.285117 -0.385620 0.877500
vn -0.946184 -0.101097 0.307434
vn -0.804872 -0.101097 0.584774
vn -0.746446 -0.385620 0.542324
vn -0.877500 -0.385620 0.285117
vn 0.804872 -0.101097 0.584774
vn 0.946184 -0.101097 0.307434
vn 0.877500 -0.385620 0.285117
vn 0.746446 -0.385620 0.542325
vn -0.584774 -0.101097 0.804872
vn -0.307434 -0.101097 0.946184
vn -0.285117 -0.385620 0.877500
vn -0.542325 -0.385620 0.746446
vn -0.946184 -0.101097 -0.307434
vn -0.994877 -0.101097 0.000000
vn -0.922658 -0.385620 0.000000
vn -0.877500 -0.385620 -0.285117
vn -0.285117 0.385620 -0.877500
vn -0.542325 0.385620 -0.746446
vn -0.586044 0.076913 -0.806620
vn -0.308102 0.076913 -0.948239
vn 0.994877 -0.101097 0.000000
vn 0.946184 -0.101097 -0.307434
vn 0.877500 -0.385620 -0.285117
vn 0.922658 -0.385620 0.000000
vn -0.682909 0.536151 0.496163
vn -0.496163 0.536151 0.682909
vn -0.353320 0.799171 0.486303
vn -0.486303 0.799171 0.353320
vn 0.492187 -0.546655 0.677437
vn 0.677437 -0.546655 0.492187
vn 0.539025 -0.745709 0.391625
vn 0.391625 -0.745709 0.539025
vn 0.492187 -0.546655 -0.677437
vn 0.258758 -0.546655 -0.796375
vn 0.205889 -0.745709 -0.633662
vn 0.391625 -0.745709 -0.539025
vn -0.796375 -0.546655 -0.258758
vn -0.837358 -0.546655 -0.000000
vn -0.666272 -0.745709 0.000000
vn -0.633662 -0.745709 -0.205889
vn 0.258758 -0.546655 0.796375
vn 0.492187 -0.546655 0.677437
vn 0.391625 -0.745709 0.539025
vn 0.205889 -0.745709 0.633662
vn 0.000000 -0.101097 -0.994877
vn -0.307434 -0.101097 -0.946184
vn -0.285117 -0.385621 -0.877499
vn 0.000000 -0.385621 -0.922657
vn -0.677437 -0.546655 -0.492187
vn -0.796375 -0.546655 -0.258758
vn -0.633662 -0.745709 -0.205889
vn -0.539025 -0.745709 -0.391625
vn 0.000000 -0.546655 0.837358
vn 0.258758 -0.546655 0.796375
vn 0.205889 -0.745709 0.633662
vn -0.000000 -0.745709 0.666272
vn 0.677437 -0.546655 -0.492187
vn 0.492187 -0.546655 -0.677437
vn 0.391625 -0.745709 -0.539025
vn 0.539025 -0.745709 -0.391625
vn -0.492187 -0.546655 -0.677437
vn -0.677437 -0.546655 -0.492187
vn -0.539025 -0.745709 -0.391625
vn -0.391625 -0.745709 -0.539025
vn -0.258758 -0.546655 0.796375
vn 0.000000 -0.546655 0.837358
vn -0.000000 -0.745709 0.666272
vn -0.205889 -0.745709 0.633662
vn 0.796375 -0.546655 -0.258758
vn 0.677437 -0.546655 -0.492187
vn 0.539025 -0.745709 -0.391625
vn 0.633662 -0.745709 -0.205889
vn -0.258758 -0.546655 -0.796375
vn -0.492187 -0.546655 -0.677437
vn -0.391625 -0.745709 -0.539025
vn -0.205889 -0.745709 -0.633662
vn -0.492187 -0.546654 0.677437
vn -0.258758 -0.546655 0.796375
vn -0.205889 -0.745709 0.633662
vn -0.391625 -0.745709 0.539026
vn 0.837358 -0.546655 -0.000000
vn 0.796375 -0.546655 -0.258758
vn 0.633662 -0.745709 -0.205889
vn 0.666272 -0.745709 0.000000
vn 0.000000 -0.546655 -0.837358
vn -0.258758 -0.546655 -0.796375
vn -0.205889 -0.745709 -0.633662
vn 0.000000 -0.745709 -0.666271
vn -0.677437 -0.546655 0.492187
vn -0.492187 -0.546654 0.677437
vn -0.391625 -0.745709 0.539026
vn -0.539025 -0.745709 0.391625
vn 0.796375 -0.546655 0.258758
vn 0.837358 -0.546655 -0.000000
vn 0.666272 -0.745709 0.000000
vn 0.633662 -0.745709 0.205890
vn -0.796375 -0.546655 0.258758
vn -0.677437 -0.546655 0.492187
vn -0.539025 -0.745709 0.391625
vn -0.633662 -0.745709 0.205889
vn 0.677437 -0.546655 0.492187
vn 0.796375 -0.546655 0.258758
vn 0.633662 -0.745709 0.205890
vn 0.539025 -0.745709 0.391625
vn 0.353320 0.799171 -0.486303
vn 0.185751 0.799171 -0.571684
vn 0.117851 0.924421 -0.362707
vn 0.224166 0.924421 -0.308537
vn 0.802808 0.536151 0.260848
vn 0.844122 0.536151 -0.000000
vn 0.601104 0.799171 -0.000000
vn 0.571684 0.799171 0.185751
vn 0.682909 0.536151 -0.496163
vn 0.496163 0.536151 -0.682909
vn 0.353320 0.799171 -0.486303
vn 0.486303 0.799171 -0.353320
vn -0.802808 0.536151 0.260848
vn -0.682909 0.536151 0.496163
vn -0.486303 0.799171 0.353320
vn -0.571684 0.799171 0.185751
vn 0.682909 0.536151 0.496163
vn 0.802808 0.536151 0.260848
vn 0.571684 0.799171 0.185751
vn 0.486303 0.799171 0.353320
vn -0.844122 0.536151 -0.000000
vn -0.802808 0.536151 0.260848
vn -0.571684 0.799171 0.185751
vn -0.601104 0.799171 -0.000000
vn 0.496163 0.536151 0.682909
vn 0.682909 0.536151 0.496163
vn 0.486303 0.799171 0.353320
vn 0.353320 0.799171 0.486303
vn -0.802808 0.536151 -0.260848
vn -0.844122 0.536151 -0.000000
vn -0.601104 0.799171 -0.000000
vn -0.571684 0.799171 -0.185751
vn 0.260848 0.536151 0.802808
vn 0.496163 0.536151 0.682909
vn 0.353320 0.799171 0.486303
vn 0.185751 0.799171 0.571683
vn 0.496163 0.536151 -0.682909
vn 0.260848 0.536151 -0.802808
vn 0.185751 0.799171 -0.571684
vn 0.353320 0.799171 -0.486303
vn -0.682909 0.536151 -0.496163
vn -0.802808 0.536151 -0.260848
vn -0.571684 0.799171 -0.185751
vn -0.486303 0.799171 -0.353320
vn -0.000000 0.536151 0.844122
vn 0.260848 0.536151 0.802808
vn 0.185751 0.799171 0.571683
vn 0.000000 0.799171 0.601104
vn 0.000000 0.536151 -0.844122
vn -0.260848 0.536151 -0.802808
vn -0.185751 0.799171 -0.571684
vn 0.000000 0.799171 -0.601104
vn -0.496163 0.536151 -0.682909
vn -0.682909 0.536151 -0.496163
vn -0.486303 0.799171 -0.353320
vn -0.353320 0.799171 -0.486303
vn -0.260848 0.536151 0.802808
vn -0.000000 0.536151 0.844122
vn 0.000000 0.799171 0.601104
vn -0.185751 0.799171 0.571683
vn 0.802808 0.536151 -0.260848
vn 0.682909 0.536151 -0.496163
vn 0.486303 0.799171 -0.353320
vn 0.571684 0.799171 -0.185751
vn -0.260848 0.536151 -0.802808
vn -0.496163 0.536151 -0.682909
vn -0.353320 0.799171 -0.486303
vn -0.185751 0.799171 -0.571684
vn -0.496163 0.536151 0.682909
vn -0.260848 0.536151 0.802808
vn -0.185751 0.799171 0.571683
vn -0.353320 0.799171 0.486303
vn 0.844122 0.536151 -0.000000
vn 0.802808 0.536151 -0.260848
vn 0.571684 0.799171 -0.185751
vn 0.601104 0.799171 -0.000000
vn 0.205889 -0.745709 -0.633662
vn 0.000000 -0.745709 -0.666271
vn -0.000000 -0.393203 -0.919452
vn 0.284126 -0.393203 -0.874451
vn 0.284126 -0.393203 -0.874451
vn -0.000000 -0.393203 -0.919452
vn 0.000000 -0.101097 -0.994877
vn 0.307434 -0.101097 -0.946184
vn 0.391625 -0.745709 -0.539025
vn 0.205889 -0.745709 -0.633662
vn 0.284126 -0.393203 -0.874451
vn 0.540440 -0.393203 -0.743852
vn 0.540440 -0.393203 -0.743852
vn 0.284126 -0.393203 -0.874451
vn 0.307434 -0.101097 -0.946184
vn 0.584774 -0.101097 -0.804872
vn 0.539025 -0.745709 -0.391625
vn 0.391625 -0.745709 -0.539025
vn 0.540440 -0.393203 -0.743852
vn 0.743852 -0.393203 -0.540440
vn 0.743852 -0.393203 -0.540440
vn 0.540440 -0.393203 -0.743852
vn 0.584774 -0.101097 -0.804872
vn 0.804872 -0.101097 -0.584774
vn 0.633662 -0.745709 -0.205889
vn 0.539025 -0.745709 -0.391625
vn 0.743852 -0.393203 -0.540440
vn 0.874451 -0.393203 -0.284126
vn 0.874451 -0.393203 -0.284126
vn 0.743852 -0.393203 -0.540440
vn 0.804872 -0.101097 -0.584774
vn 0.946184 -0.101097 -0.307434
vn 0.666272 -0.745709 0.000000
vn 0.633662 -0.745709 -0.205889
vn 0.874451 -0.393203 -0.284126
vn 0.919452 -0.393203 0.000000
vn 0.919452 -0.393203 0.000000
vn 0.874451 -0.393203 -0.284126
vn 0.946184 -0.101097 -0.307434
vn 0.994877 -0.101097 0.000000
vn 0.633662 -0.745709 0.205890
vn 0.666272 -0.745709 0.000000
vn 0.919452 -0.393203 0.000000
vn 0.874451 -0.393203 0.284126
vn 0.874451 -0.393203 0.284126
vn 0.919452 -0.393203 0.000000
vn 0.994877 -0.101097 0.000000
vn 0.946184 -0.101097 0.307434
vn 0.539025 -0.745709 0.391625
vn 0.633662 -0.745709 0.205890
vn 0.874451 -0.393203 0.284126
vn 0.743852 -0.393203 0.540440
vn 0.743852 -0.393203 0.540440
vn 0.874451 -0.393203 0.284126
vn 0.946184 -0.101097 0.307434
vn 0.804872 -0.101097 0.584774
vn 0.391625 -0.745709 0.539025
vn 0.539025 -0.745709 0.391625
vn 0.743852 -0.393203 0.540440
vn 0.540440 -0.393203 0.743852
vn 0.540440 -0.393203 0.743852
vn 0.743852 -0.393203 0.540440
vn 0.804872 -0.101097 0.584774
vn 0.584774 -0.101097 0.804872
vn 0.205889 -0.745709 0.633662
vn 0.391625 -0.745709 0.539025
vn 0.540440 -0.393203 0.743852
vn 0.284126 -0.393203 0.874451
vn 0.284126 -0.393203 0.874451
vn 0.540440 -0.393203 0.743852
vn 0.584774 -0.101097 0.804872
vn 0.307434 -0.101097 0.946184
vn -0.000000 -0.745709 0.666272
vn 0.205889 -0.745709 0.633662
vn 0.284126 -0.393203 0.874451
vn -0.000000 -0.393203 0.919452
vn -0.000000 -0.393203 0.919452
vn 0.284126 -0.393203 0.874451
vn 0.307434 -0.101097 0.946184
vn 0.000000 -0.101097 0.994877
vn -0.205889 -0.745709 0.633662
vn -0.000000 -0.745709 0.666272
vn -0.000000 -0.393203 0.919452
vn -0.284126 -0.393203 0.874451
vn -0.284126 -0.393203 0.874451
vn -0.000000 -0.393203 0.919452
vn 0.000000 -0.101097 0.994877
vn -0.307434 -0.101097 0.946184
vn -0.391625 -0.745709 0.539026
vn -0.205889 -0.745709 0.633662
vn -0.284126 -0.393203 0.874451
vn -0.540440 -0.393203 0.743852
vn -0.540440 -0.393203 0.743852
vn -0.284126 -0.393203 0.874451
vn -0.307434 -0.101097 0.946184
vn -0.584774 -0.101097 0.804872
vn -0.539025 -0.745709 0.391625
vn -0.391625 -0.745709 0.539026
vn -0.540440 -0.393203 0.743852
vn -0.743852 -0.393203 0.540440
vn -0.743852 -0.393203 0.540440
vn -0.540440 -0.393203 0.743852
vn -0.584774 -0.101097 0.804872
vn -0.804872 -0.101097 0.584774
vn -0.633662 -0.745709 0.205889
vn -0.539025 -0.745709 0.391625
vn -0.743852 -0.393203 0.540440
vn -0.874451 -0.393203 0.284126
vn -0.874451 -0.393203 0.284126
vn -0.743852 -0.393203 0.540440
vn -0.804872 -0.101097 0.584774
vn -0.946184 -0.101097 0.307434
vn -0.666272 -0.745709 0.000000
vn -0.633662 -0.745709 0.205889
vn -0.874451 -0.393203 0.284126
vn -0.919452 -0.393203 0.000000
vn -0.919452 -0.393203 0.000000
vn -0.874451 -0.393203 0.284126
vn -0.946184 -0.101097 0.307434
vn -0.994877 -0.101097 0.000000
vn -0.633662 -0.745709 -0.205889
vn -0.666272 -0.745709 0.000000
vn -0.919452 -0.393203 0.000000
vn -0.874451 -0.393203 -0.284126
vn -0.874451 -0.393203 -0.284126
vn -0.919452 -0.393203 0.000000
vn -0.994877 -0.101097 0.000000
vn -0.946184 -0.101097 -0.307434
vn -0.539025 -0.745709 -0.391625
vn -0.633662 -0.745709 -0.205889
vn -0.874451 -0.393203 -0.284126
vn -0.743852 -0.393203 -0.540440
vn -0.743852 -0.393203 -0.540440
vn -0.874451 -0.393203 -0.284126
vn -0.946184 -0.101097 -0.307434
vn -0.804872 -0.101097 -0.584774
vn -0.391625 -0.745709 -0.539025
vn -0.539025 -0.745709 -0.391625
vn -0.743852 -0.393203 -0.540440
vn -0.540440 -0.393203 -0.743852
vn -0.540440 -0.393203 -0.743852
vn -0.743852 -0.393203 -0.540440
vn -0.804872 -0.101097 -0.584774
vn -0.584774 -0.101097 -0.804872
vn -0.205889 -0.745709 -0.633662
vn -0.391625 -0.745709 -0.539025
vn -0.540440 -0.393203 -0.743852
vn -0.284126 -0.393203 -0.874450
vn -0.284126 -0.393203 -0.874450
vn -0.540440 -0.393203 -0.743852
vn -0.584774 -0.101097 -0.804872
vn -0.307434 -0.101097 -0.946184
vn 0.000000 -0.745709 -0.666271
vn -0.205889 -0.745709 -0.633662
vn -0.284126 -0.393203 -0.874450
vn -0.000000 -0.393203 -0.919452
vn -0.000000 -0.393203 -0.919452
vn -0.284126 -0.393203 -0.874450
vn -0.307434 -0.101097 -0.946184
vn 0.000000 -0.101097 -0.994877
vn 0.308102 0.076913 -0.948239
vn 0.000000 0.076913 -0.997038
vn 0.000000 0.251153 -0.967947
vn 0.299112 0.251153 -0.920573
vn 0.299112 0.251153 -0.920573
vn 0.000000 0.251153 -0.967947
vn 0.000000 0.536151 -0.844122
vn 0.260848 0.536151 -0.802808
vn 0.586044 0.076913 -0.806621
vn 0.308102 0.076913 -0.948239
vn 0.299112 0.251153 -0.920573
vn 0.568945 0.251153 -0.783086
vn 0.568945 0.251153 -0.783086
vn 0.299112 0.251153 -0.920573
vn 0.260848 0.536151 -0.802808
vn 0.496163 0.536151 -0.682909
vn 0.806621 0.076913 -0.586044
vn 0.586044 0.076913 -0.806621
vn 0.568945 0.251153 -0.783086
vn 0.783086 0.251153 -0.568945
vn 0.783086 0.251153 -0.568945
vn 0.568945 0.251153 -0.783086
vn 0.496163 0.536151 -0.682909
vn 0.682909 0.536151 -0.496163
vn 0.948239 0.076913 -0.308102
vn 0.806621 0.076913 -0.586044
vn 0.783086 0.251153 -0.568945
vn 0.920573 0.251153 -0.299112
vn 0.920573 0.251153 -0.299112
vn 0.783086 0.251153 -0.568945
vn 0.682909 0.536151 -0.496163
vn 0.802808 0.536151 -0.260848
vn 0.997038 0.076913 -0.000000
vn 0.948239 0.076913 -0.308102
vn 0.920573 0.251153 -0.299112
vn 0.967947 0.251153 -0.000000
vn 0.967947 0.251153 -0.000000
vn 0.920573 0.251153 -0.299112
vn 0.802808 0.536151 -0.260848
vn 0.844122 0.536151 -0.000000
vn 0.948239 0.076914 0.308102
vn 0.997038 0.076913 -0.000000
vn 0.967947 0.251153 -0.000000
vn 0.920573 0.251153 0.299112
vn 0.920573 0.251153 0.299112
vn 0.967947 0.251153 -0.000000
vn 0.844122 0.536151 -0.000000
vn 0.802808 0.536151 0.260848
vn 0.806620 0.076914 0.586044
vn 0.948239 0.076914 0.308102
vn 0.920573 0.251153 0.299112
vn 0.783086 0.251153 0.568945
vn 0.783086 0.251153 0.568945
vn 0.920573 0.251153 0.299112
vn 0.802808 0.536151 0.260848
vn 0.682909 0.536151 0.496163
vn 0.586044 0.076914 0.806621
vn 0.806620 0.076914 0.586044
vn 0.783086 0.251153 0.568945
vn 0.568945 0.251153 0.783086
vn 0.568945 0.251153 0.783086
vn 0.783086 0.251153 0.568945
vn 0.682909 0.536151 0.496163
vn 0.496163 0.536151 0.682909
vn 0.308102 0.076913 0.948239
vn 0.586044 0.076914 0.806621
vn 0.568945 0.251153 0.783086
vn 0.299112 0.251154 0.920573
vn 0.299112 0.251154 0.920573
vn 0.568945 0.251153 0.783086
vn 0.496163 0.536151 0.682909
vn 0.260848 0.536151 0.802808
vn 0.000000 0.076913 0.997038
vn 0.308102 0.076913 0.948239
vn 0.299112 0.251154 0.920573
vn 0.000000 0.251153 0.967947
vn 0.000000 0.251153 0.967947
vn 0.299112 0.251154 0.920573
vn 0.260848 0.536151 0.802808
vn -0.000000 0.536151 0.844122
vn -0.308102 0.076913 0.948239
vn 0.000000 0.076913 0.997038
vn 0.000000 0.251153 0.967947
vn -0.299112 0.251153 0.920573
vn -0.299112 0.251153 0.920573
vn 0.000000 0.251153 0.967947
vn -0.000000 0.536151 0.844122
vn -0.260848 0.536151 0.802808
vn -0.586044 0.076914 0.806620
vn -0.308102 0.076913 0.948239
vn -0.299112 0.251153 0.920573
vn -0.568945 0.251153 0.783086
vn -0.568945 0.251153 0.783086
vn -0.299112 0.251153 0.920573
vn -0.260848 0.536151 0.802808
vn -0.496163 0.536151 0.682909
vn -0.806621 0.076914 0.586044
vn -0.586044 0.076914 0.806620
vn -0.568945 0.251153 0.783086
vn -0.783086 0.251153 0.568945
vn -0.783086 0.251153 0.568945
vn -0.568945 0.251153 0.783086
vn -0.496163 0.536151 0.682909
vn -0.682909 0.536151 0.496163
vn -0.948239 0.076914 0.308102
vn -0.806621 0.076914 0.586044
vn -0.783086 0.251153 0.568945
vn -0.920573 0.251153 0.299112
vn -0.920573 0.251153 0.299112
vn -0.783086 0.251153 0.568945
vn -0.682909 0.536151 0.496163
vn -0.802808 0.536151 0.260848
vn -0.997038 0.076913 -0.000000
vn -0.948239 0.076914 0.308102
vn -0.920573 0.251153 0.299112
vn -0.967947 0.251153 -0.000000
vn -0.967947 0.251153 -0.000000
vn -0.920573 0.251153 0.299112
vn -0.802808 0.536151 0.260848
vn -0.844122 0.536151 -0.000000
vn -0.948239 0.076913 -0.308102
vn -0.997038 0.076913 -0.000000
vn -0.967947 0.251153 -0.000000
vn -0.920573 0.251153 -0.299112
vn -0.920573 0.251153 -0.299112
vn -0.967947 0.251153 -0.000000
vn -0.844122 0.536151 -0.000000
vn -0.802808 0.536151 -0.260848
vn -0.806621 0.076913 -0.586044
vn -0.948239 0.076913 -0.308102
vn -0.920573 0.251153 -0.299112
vn -0.783086 0.251153 -0.568945
vn -0.783086 0.251153 -0.568945
vn -0.920573 0.251153 -0.299112
vn -0.802808 0.536151 -0.260848
vn -0.682909 0.536151 -0.496163
vn -0.586044 0.076913 -0.806620
vn -0.806621 0.076913 -0.586044
vn -0.783086 0.251153 -0.568945
vn -0.568945 0.251153 -0.783086
vn -0.568945 0.251153 -0.783086
vn -0.783086 0.251153 -0.568945
vn -0.682909 0.536151 -0.496163
vn -0.496163 0.536151 -0.682909
vn -0.308102 0.076913 -0.948239
vn -0.586044 0.076913 -0.806620
vn -0.568945 0.251153 -0.783086
vn -0.299112 0.251153 -0.920573
vn -0.299112 0.251153 -0.920573
vn -0.568945 0.251153 -0.783086
vn -0.496163 0.536151 -0.682909
vn -0.260848 0.536151 -0.802808
vn 0.000000 0.076913 -0.997038
vn -0.308102 0.076913 -0.948239
vn -0.299112 0.251153 -0.920573
vn 0.000000 0.251153 -0.967947
vn 0.000000 0.251153 -0.967947
vn -0.299112 0.251153 -0.920573
vn -0.260848 0.536151 -0.802808
vn 0.000000 0.536151 -0.844122
vn 0.000000 0.385620 -0.922658
vn -0.285117 0.385620 -0.877500
vn -0.308102 0.076913 -0.948239
vn 0.000000 0.076913 -0.997038
vn -0.540505 -0.744071 -0.392699
vn -0.392700 -0.744071 -0.540504
vn -0.434466 -0.673534 -0.597990
vn -0.597990 -0.673534 -0.434465
vn -0.702980 -0.673534 -0.228412
vn -0.582643 -0.142137 -0.800202
vn -0.583966 0.143303 -0.799029
vn -0.635401 -0.744071 -0.206455
vn 0.258758 -0.546655 -0.796375
vn -0.013022 -0.625156 -0.780391
vn -0.000000 -0.668323 -0.743871
vn 0.000000 -0.546655 -0.837358
vn -0.392700 -0.744071 -0.540504
vn -0.206455 -0.744071 -0.635401
vn -0.228412 -0.673533 -0.702980
vn -0.434466 -0.673534 -0.597990
vn -0.206455 -0.744071 0.635401
vn -0.392700 -0.744071 0.540505
vn -0.434466 -0.673533 0.597990
vn -0.228412 -0.673533 0.702980
vn 0.635401 -0.744071 0.206455
vn 0.540505 -0.744071 0.392700
vn 0.597990 -0.673533 0.434466
vn 0.702980 -0.673533 0.228412
vn -0.000000 -0.668323 -0.743871
vn 0.013021 -0.625156 -0.780391
vn -0.258758 -0.546655 -0.796375
vn 0.000000 -0.546655 -0.837358
vn -0.392700 -0.744071 0.540505
vn -0.540505 -0.744071 0.392700
vn -0.597990 -0.673533 0.434466
vn -0.434466 -0.673533 0.597990
vn 0.540505 -0.744071 0.392700
vn 0.392700 -0.744071 0.540505
vn 0.434466 -0.673533 0.597990
vn 0.597990 -0.673533 0.434466
vn -0.000000 0.673534 -0.739157
vn -0.015220 0.630715 -0.775865
vn 0.228412 -0.673533 -0.702980
vn -0.000000 -0.673533 -0.739157
vn -0.540505 -0.744071 0.392700
vn -0.635401 -0.744071 0.206454
vn -0.702980 -0.673533 0.228412
vn -0.597990 -0.673533 0.434466
vn 0.392700 -0.744071 0.540505
vn 0.206455 -0.744071 0.635401
vn 0.228412 -0.673533 0.702980
vn 0.434466 -0.673533 0.597990
vn 0.206455 -0.744071 -0.635401
vn 0.392700 -0.744071 -0.540504
vn 0.434466 -0.673534 -0.597990
vn 0.228412 -0.673534 -0.702980
vn 0.206455 -0.744071 0.635401
vn 0.799029 0.143303 0.583966
vn 0.800202 -0.142137 0.582644
vn 0.228412 -0.673533 0.702980
vn -0.206455 -0.744071 0.635401
vn -0.231376 0.657795 0.716778
vn -0.000000 0.744071 0.668100
vn 0.000000 -0.744071 0.668101
vn 0.392700 -0.744071 -0.540504
vn 0.540505 -0.744071 -0.392699
vn 0.597990 -0.673534 -0.434465
vn 0.434466 -0.673534 -0.597990
vn -0.228412 -0.673533 0.702980
vn -0.800202 -0.142137 0.582644
vn -0.799029 0.143303 0.583967
vn -0.206455 -0.744071 0.635401
vn 0.540505 -0.744071 -0.392699
vn 0.635401 -0.744071 -0.206454
vn 0.702980 -0.673534 -0.228412
vn 0.597990 -0.673534 -0.434465
vn -0.635401 -0.744071 -0.206455
vn -0.540505 -0.744071 -0.392699
vn -0.597990 -0.673534 -0.434465
vn -0.702980 -0.673534 -0.228412
vn -0.381373 0.924421 -0.000000
vn -0.362707 0.924421 0.117851
vn -0.191090 0.979607 0.062089
vn -0.200924 0.979607 -0.000000
vn -0.486303 0.799171 -0.353320
vn -0.571684 0.799171 -0.185751
vn -0.362707 0.924421 -0.117851
vn -0.308537 0.924421 -0.224166
vn 0.000000 0.799171 0.601104
vn 0.185751 0.799171 0.571683
vn 0.117851 0.924421 0.362707
vn 0.000000 0.924421 0.381373
vn 0.486303 0.799171 -0.353320
vn 0.353320 0.799171 -0.486303
vn 0.224166 0.924421 -0.308537
vn 0.308537 0.924421 -0.224166
vn -0.353320 0.799171 -0.486303
vn -0.486303 0.799171 -0.353320
vn -0.308537 0.924421 -0.224166
vn -0.224166 0.924421 -0.308537
vn -0.185751 0.799171 0.571683
vn 0.000000 0.799171 0.601104
vn 0.000000 0.924421 0.381373
vn -0.117851 0.924421 0.362707
vn 0.571684 0.799171 -0.185751
vn 0.486303 0.799171 -0.353320
vn 0.308537 0.924421 -0.224166
vn 0.362707 0.924421 -0.117851
vn -0.185751 0.799171 -0.571684
vn -0.353320 0.799171 -0.486303
vn -0.224166 0.924421 -0.308537
vn -0.117851 0.924421 -0.362707
vn -0.353320 0.799171 0.486303
vn -0.185751 0.799171 0.571683
vn -0.117851 0.924421 0.362707
vn -0.224166 0.924421 0.308537
vn 0.601104 0.799171 -0.000000
vn 0.571684 0.799171 -0.185751
vn 0.362707 0.924421 -0.117851
vn 0.381373 0.924421 -0.000000
vn 0.000000 0.799171 -0.601104
vn -0.185751 0.799171 -0.571684
vn -0.117851 0.924421 -0.362707
vn 0.000000 0.924421 -0.381373
vn -0.486303 0.799171 0.353320
vn -0.353320 0.799171 0.486303
vn -0.224166 0.924421 0.308537
vn -0.308537 0.924421 0.224165
vn 0.571684 0.799171 0.185751
vn 0.601104 0.799171 -0.000000
vn 0.381373 0.924421 -0.000000
vn 0.362707 0.924421 0.117851
vn -0.571684 0.799171 0.185751
vn -0.486303 0.799171 0.353320
vn -0.308537 0.924421 0.224165
vn -0.362707 0.924421 0.117851
vn 0.486303 0.799171 0.353320
vn 0.571684 0.799171 0.185751
vn 0.362707 0.924421 0.117851
vn 0.308537 0.924421 0.224165
vn -0.601104 0.799171 -0.000000
vn -0.571684 0.799171 0.185751
vn -0.362707 0.924421 0.117851
vn -0.381373 0.924421 -0.000000
vn 0.353320 0.799171 0.486303
vn 0.486303 0.799171 0.353320
vn 0.308537 0.924421 0.224165
vn 0.224165 0.924421 0.308537
vn 0.185751 0.799171 -0.571684
vn 0.000000 0.799171 -0.601104
vn 0.000000 0.924421 -0.381373
vn 0.117851 0.924421 -0.362707
vn -0.571684 0.799171 -0.185751
vn -0.601104 0.799171 -0.000000
vn -0.381373 0.924421 -0.000000
vn -0.362707 0.924421 -0.117851
vn 0.185751 0.799171 0.571683
vn 0.353320 0.799171 0.486303
vn 0.224165 0.924421 0.308537
vn 0.117851 0.924421 0.362707
vn 0.191090 0.979607 -0.062089
vn 0.162551 0.979607 -0.118100
vn 0.054569 0.997723 -0.039647
vn 0.064149 0.997723 -0.020844
vn 0.224165 0.924421 0.308537
vn 0.308537 0.924421 0.224165
vn 0.162551 0.979607 0.118100
vn 0.118100 0.979607 0.162551
vn 0.117851 0.924421 -0.362707
vn 0.000000 0.924421 -0.381373
vn 0.000000 0.979607 -0.200924
vn 0.062089 0.979607 -0.191090
vn -0.362707 0.924421 -0.117851
vn -0.381373 0.924421 -0.000000
vn -0.200924 0.979607 -0.000000
vn -0.191090 0.979607 -0.062089
vn 0.117851 0.924421 0.362707
vn 0.224165 0.924421 0.308537
vn 0.118100 0.979607 0.162551
vn 0.062089 0.979607 0.191090
vn 0.224166 0.924421 -0.308537
vn 0.117851 0.924421 -0.362707
vn 0.062089 0.979607 -0.191090
vn 0.118100 0.979607 -0.162551
vn -0.308537 0.924421 -0.224166
vn -0.362707 0.924421 -0.117851
vn -0.191090 0.979607 -0.062089
vn -0.162551 0.979607 -0.118100
vn 0.000000 0.924421 0.381373
vn 0.117851 0.924421 0.362707
vn 0.062089 0.979607 0.191090
vn 0.000000 0.979607 0.200924
vn 0.308537 0.924421 -0.224166
vn 0.224166 0.924421 -0.308537
vn 0.118100 0.979607 -0.162551
vn 0.162551 0.979607 -0.118100
vn -0.224166 0.924421 -0.308537
vn -0.308537 0.924421 -0.224166
vn -0.162551 0.979607 -0.118100
vn -0.118100 0.979607 -0.162551
vn -0.117851 0.924421 0.362707
vn 0.000000 0.924421 0.381373
vn 0.000000 0.979607 0.200924
vn -0.062089 0.979607 0.191090
vn 0.362707 0.924421 -0.117851
vn 0.308537 0.924421 -0.224166
vn 0.162551 0.979607 -0.118100
vn 0.191090 0.979607 -0.062089
vn -0.117851 0.924421 -0.362707
vn -0.224166 0.924421 -0.308537
vn -0.118100 0.979607 -0.162551
vn -0.062089 0.979607 -0.191090
vn -0.224166 0.924421 0.308537
vn -0.117851 0.924421 0.362707
vn -0.062089 0.979607 0.191090
vn -0.118100 0.979607 0.162551
vn 0.381373 0.924421 -0.000000
vn 0.362707 0.924421 -0.117851
vn 0.191090 0.979607 -0.062089
vn 0.200924 0.979607 -0.000000
vn 0.000000 0.924421 -0.381373
vn -0.117851 0.924421 -0.362707
vn -0.062089 0.979607 -0.191090
vn 0.000000 0.979607 -0.200924
vn -0.308537 0.924421 0.224165
vn -0.224166 0.924421 0.308537
vn -0.118100 0.979607 0.162551
vn -0.162551 0.979607 0.118100
vn 0.362707 0.924421 0.117851
vn 0.381373 0.924421 -0.000000
vn 0.200924 0.979607 -0.000000
vn 0.191090 0.979607 0.062089
vn -0.362707 0.924421 0.117851
vn -0.308537 0.924421 0.224165
vn -0.162551 0.979607 0.118100
vn -0.191090 0.979607 0.062089
vn 0.308537 0.924421 0.224165
vn 0.362707 0.924421 0.117851
vn 0.191090 0.979607 0.062089
vn 0.162551 0.979607 0.118100
vn -0.062089 0.979607 -0.191090
vn -0.118100 0.979607 -0.162551
vn -0.039646 0.997723 -0.054569
vn -0.020844 0.997723 -0.064149
vn -0.162551 0.979607 0.118100
vn -0.118100 0.979607 0.162551
vn -0.039647 0.997723 0.054568
vn -0.054569 0.997723 0.039646
vn 0.191090 0.979607 0.062089
vn 0.200924 0.979607 -0.000000
vn 0.067450 0.997723 -0.000000
vn 0.064149 0.997723 0.020843
vn -0.191090 0.979607 0.062089
vn -0.162551 0.979607 0.118100
vn -0.054569 0.997723 0.039646
vn -0.064149 0.997723 0.020843
vn 0.162551 0.979607 0.118100
vn 0.191090 0.979607 0.062089
vn 0.064149 0.997723 0.020843
vn 0.054569 0.997723 0.039646
vn -0.200924 0.979607 -0.000000
vn -0.191090 0.979607 0.062089
vn -0.064149 0.997723 0.020843
vn -0.067450 0.997723 -0.000000
vn 0.118100 0.979607 0.162551
vn 0.162551 0.979607 0.118100
vn 0.054569 0.997723 0.039646
vn 0.039646 0.997723 0.054568
vn -0.191090 0.979607 -0.062089
vn -0.200924 0.979607 -0.000000
vn -0.067450 0.997723 -0.000000
vn -0.064149 0.997723 -0.020844
vn -0.062089 0.979607 0.191090
vn 0.000000 0.979607 0.200924
vn 0.000000 0.997723 0.067450
vn -0.020844 0.997723 0.064149
vn 0.062089 0.979607 0.191090
vn 0.118100 0.979607 0.162551
vn 0.039646 0.997723 0.054568
vn 0.020844 0.997723 0.064149
vn -0.162551 0.979607 -0.118100
vn -0.191090 0.979607 -0.062089
vn -0.064149 0.997723 -0.020844
vn -0.054569 0.997723 -0.039647
vn 0.000000 0.979607 0.200924
vn 0.062089 0.979607 0.191090
vn 0.020844 0.997723 0.064149
vn 0.000000 0.997723 0.067450
vn 0.162551 0.979607 -0.118100
vn 0.118100 0.979607 -0.162551
vn 0.039646 0.997723 -0.054569
vn 0.054569 0.997723 -0.039647
vn -0.118100 0.979607 -0.162551
vn -0.162551 0.979607 -0.118100
vn -0.054569 0.997723 -0.039647
vn -0.039646 0.997723 -0.054569
vn 0.062089 0.979607 -0.191090
vn 0.000000 0.979607 -0.200924
vn 0.000000 0.997723 -0.067451
vn 0.020843 0.997723 -0.064149
vn -0.118100 0.979607 0.162551
vn -0.062089 0.979607 0.191090
vn -0.020844 0.997723 0.064149
vn -0.039647 0.997723 0.054568
vn 0.200924 0.979607 -0.000000
vn 0.191090 0.979607 -0.062089
vn 0.064149 0.997723 -0.020844
vn 0.067450 0.997723 -0.000000
vn 0.000000 0.979607 -0.200924
vn -0.062089 0.979607 -0.191090
vn -0.020844 0.997723 -0.064149
vn 0.000000 0.997723 -0.067451
vn 0.118100 0.979607 -0.162551
vn 0.062089 0.979607 -0.191090
vn 0.020843 0.997723 -0.064149
vn 0.039646 0.997723 -0.054569
vn -0.000000 1.000000 -0.000000
vn 0.039646 0.997723 -0.054569
vn 0.020843 0.997723 -0.064149
vn -0.000000 1.000000 -0.000000
vn 0.020843 0.997723 -0.064149
vn 0.000000 0.997723 -0.067451
vn -0.000000 1.000000 -0.000000
vn 0.000000 0.997723 -0.067451
vn -0.020844 0.997723 -0.064149
vn -0.000000 1.000000 -0.000000
vn -0.020844 0.997723 -0.064149
vn -0.039646 0.997723 -0.054569
vn -0.000000 1.000000 -0.000000
vn -0.039646 0.997723 -0.054569
vn -0.054569 0.997723 -0.039647
vn -0.000000 1.000000 -0.000000
vn -0.054569 0.997723 -0.039647
vn -0.064149 0.997723 -0.020844
vn -0.000000 1.000000 -0.000000
vn -0.064149 0.997723 -0.020844
vn -0.067450 0.997723 -0.000000
vn -0.000000 1.000000 -0.000000
vn -0.067450 0.997723 -0.000000
vn -0.064149 0.997723 0.020843
vn -0.000000 1.000000 -0.000000
vn -0.064149 0.997723 0.020843
vn -0.054569 0.997723 0.039646
vn -0.000000 1.000000 -0.000000
vn -0.054569 0.997723 0.039646
vn -0.039647 0.997723 0.054568
vn -0.000000 1.000000 -0.000000
vn -0.039647 0.997723 0.054568
vn -0.020844 0.997723 0.064149
vn -0.000000 1.000000 -0.000000
vn -0.020844 0.997723 0.064149
vn 0.000000 0.997723 0.067450
vn -0.000000 1.000000 -0.000000
vn 0.000000 0.997723 0.067450
vn 0.020844 0.997723 0.064149
vn -0.000000 1.000000 -0.000000
vn 0.020844 0.997723 0.064149
vn 0.039646 0.997723 0.054568
vn -0.000000 1.000000 -0.000000
vn 0.039646 0.997723 0.054568
vn 0.054569 0.997723 0.039646
vn -0.000000 1.000000 -0.000000
vn 0.054569 0.997723 0.039646
vn 0.064149 0.997723 0.020843
vn -0.000000 1.000000 -0.000000
vn 0.064149 0.997723 0.020843
vn 0.067450 0.997723 -0.000000
vn -0.000000 1.000000 -0.000000
vn 0.067450 0.997723 -0.000000
vn 0.064149 0.997723 -0.020844
vn -0.000000 1.000000 -0.000000
vn 0.064149 0.997723 -0.020844
vn 0.054569 0.997723 -0.039647
vn -0.000000 1.000000 -0.000000
vn 0.054569 0.997723 -0.039647
vn 0.039646 0.997723 -0.054569
vn 0.228412 -0.673533 -0.702980
vn -0.454034 0.115734 -0.883436
vn -0.452595 -0.116589 -0.884062
vn 0.258758 -0.546655 -0.796375
vn 0.796375 -0.546655 -0.258758
vn 0.884062 -0.116589 0.452595
vn 0.883436 0.115734 0.454034
vn 0.702980 -0.673533 -0.228412
vn -0.000000 -0.749772 0.661696
vn -0.000000 -0.668323 -0.743871
vn -0.013022 -0.625156 -0.780391
vn -0.231775 -0.663351 0.711510
vn 0.702980 -0.673533 -0.228412
vn 0.775866 0.630714 0.015220
vn 0.739157 0.673533 -0.000000
vn 0.739157 -0.673533 0.000000
vn 0.743871 -0.668323 -0.000000
vn 0.780391 -0.625156 0.013021
vn 0.796375 -0.546655 -0.258758
vn 0.837358 -0.546655 -0.000000
vn 0.743871 -0.668323 -0.000000
vn -0.661696 -0.749772 0.000000
vn -0.711509 -0.663351 0.231775
vn 0.780391 -0.625156 0.013021
vn 0.702980 -0.673533 0.228412
vn 0.883436 0.115734 -0.454033
vn 0.884062 -0.116589 -0.452595
vn 0.796375 -0.546655 0.258758
vn 0.258758 -0.546655 0.796375
vn -0.452595 -0.116589 0.884062
vn -0.454034 0.115734 0.883436
vn 0.228412 -0.673533 0.702980
vn -0.711510 -0.663351 -0.231774
vn -0.661696 -0.749772 0.000000
vn 0.743871 -0.668323 -0.000000
vn 0.780391 -0.625156 -0.013022
vn 0.228412 -0.673533 0.702980
vn -0.015219 0.630715 0.775865
vn 0.000000 0.673534 0.739156
vn 0.000000 -0.673533 0.739157
vn 0.000000 -0.668323 0.743871
vn 0.000000 -0.749773 -0.661695
vn -0.231774 -0.663351 -0.711510
vn -0.013021 -0.625157 0.780391
vn 0.000000 0.673534 0.739156
vn 0.015219 0.630715 0.775866
vn -0.228412 -0.673533 0.702980
vn 0.000000 -0.673533 0.739157
vn -0.228412 -0.673533 0.702980
vn 0.454034 0.115735 0.883436
vn 0.452595 -0.116589 0.884062
vn -0.258758 -0.546655 0.796375
vn -0.796375 -0.546655 0.258758
vn -0.884062 -0.116589 -0.452594
vn -0.883436 0.115734 -0.454033
vn -0.702980 -0.673533 0.228412
vn 0.013022 -0.625156 0.780391
vn 0.231775 -0.663352 -0.711509
vn 0.000000 -0.749773 -0.661695
vn 0.000000 -0.668323 0.743871
vn -0.702980 -0.673533 0.228412
vn -0.775865 0.630715 -0.015219
vn -0.739157 0.673534 0.000000
vn -0.739157 -0.673533 0.000000
vn -0.743872 -0.668323 -0.000000
vn 0.661695 -0.749773 0.000000
vn 0.711509 -0.663351 -0.231775
vn -0.780391 -0.625156 -0.013022
vn -0.739157 0.673534 0.000000
vn -0.775866 0.630714 0.015220
vn -0.702980 -0.673533 -0.228412
vn -0.739157 -0.673533 0.000000
vn -0.702980 -0.673533 -0.228412
vn -0.883436 0.115734 0.454033
vn -0.884062 -0.116589 0.452593
vn -0.796375 -0.546655 -0.258758
vn -0.258758 -0.546655 -0.796375
vn 0.452595 -0.116589 -0.884062
vn 0.454034 0.115733 -0.883436
vn -0.228412 -0.673534 -0.702980
vn -0.780392 -0.625156 0.013022
vn 0.711509 -0.663352 0.231775
vn 0.661695 -0.749773 0.000000
vn -0.743872 -0.668323 -0.000000
vn -0.228412 -0.673534 -0.702980
vn 0.015219 0.630714 -0.775866
vn -0.000000 0.673534 -0.739157
vn -0.000000 -0.673533 -0.739157
vn -0.000000 -0.749772 0.661696
vn 0.231774 -0.663351 0.711509
vn 0.013021 -0.625156 -0.780391
vn -0.000000 -0.668323 -0.743871
vn -0.000000 -0.749772 0.661696
vn -0.231775 -0.663351 0.711510
vn -0.228412 -0.673533 0.702980
vn 0.000000 -0.673533 0.739157
vn -0.668100 0.744071 -0.000000
vn -0.716779 0.657795 0.231375
vn -0.635401 -0.744071 0.206454
vn -0.668100 -0.744071 0.000000
vn 0.884062 -0.116589 0.452595
vn -0.582644 -0.142137 0.800202
vn -0.583967 0.143303 0.799029
vn 0.883436 0.115734 0.454034
vn 0.000000 0.673534 0.739156
vn -0.015219 0.630715 0.775865
vn -0.231376 0.657794 -0.716779
vn 0.000000 0.744071 -0.668100
vn -0.452595 -0.116589 0.884062
vn -0.800202 -0.142136 -0.582644
vn -0.799029 0.143303 -0.583967
vn -0.454034 0.115734 0.883436
vn 0.452595 -0.116589 0.884062
vn 0.454034 0.115735 0.883436
vn 0.799029 0.143303 -0.583966
vn 0.800202 -0.142137 -0.582644
vn -0.883436 0.115734 -0.454033
vn -0.884062 -0.116589 -0.452594
vn 0.582644 -0.142137 -0.800202
vn 0.583967 0.143303 -0.799029
vn -0.884062 -0.116589 0.452593
vn -0.883436 0.115734 0.454033
vn 0.583966 0.143303 0.799029
vn 0.582643 -0.142137 0.800203
vn 0.800202 -0.142137 0.582644
vn 0.799029 0.143303 0.583966
vn 0.454034 0.115733 -0.883436
vn 0.452595 -0.116589 -0.884062
vn -0.702980 -0.673533 0.228412
vn -0.711509 -0.663351 0.231775
vn -0.661696 -0.749772 0.000000
vn -0.739157 -0.673533 0.000000
vn -0.661696 -0.749772 0.000000
vn -0.711510 -0.663351 -0.231774
vn -0.702980 -0.673534 -0.228412
vn -0.739157 -0.673533 0.000000
vn -0.228412 -0.673533 -0.702980
vn -0.231774 -0.663351 -0.711510
vn 0.000000 -0.749773 -0.661695
vn 0.000000 -0.673534 -0.739157
vn 0.000000 -0.749773 -0.661695
vn 0.231775 -0.663352 -0.711509
vn 0.228412 -0.673534 -0.702980
vn 0.000000 -0.673534 -0.739157
vn 0.702980 -0.673534 -0.228412
vn 0.711509 -0.663351 -0.231775
vn 0.661695 -0.749773 0.000000
vn 0.739157 -0.673533 0.000000
vn 0.661695 -0.749773 0.000000
vn 0.711509 -0.663352 0.231775
vn 0.702980 -0.673533 0.228412
vn 0.739157 -0.673533 0.000000
vn 0.228412 -0.673533 0.702980
vn 0.231774 -0.663351 0.711509
vn -0.000000 -0.749772 0.661696
vn 0.000000 -0.673533 0.739157
vn 0.668101 0.744071 -0.000000
vn 0.716779 0.657794 -0.231376
vn 0.635401 -0.744071 -0.206454
vn 0.668100 -0.744071 -0.000000
vn -0.000000 0.744071 0.668100
vn -0.231376 0.657795 0.716778
vn -0.015220 0.630715 -0.775865
vn -0.000000 0.673534 -0.739157
vn 0.231376 0.657795 0.716778
vn -0.000000 0.744071 0.668100
vn -0.000000 0.673534 -0.739157
vn 0.015219 0.630714 -0.775866
vn 0.000000 0.744071 -0.668100
vn -0.231376 0.657794 -0.716779
vn -0.206455 -0.744071 -0.635401
vn 0.000000 -0.744071 -0.668100
vn -0.739157 0.673534 0.000000
vn -0.775865 0.630715 -0.015219
vn 0.716779 0.657794 -0.231376
vn 0.668101 0.744071 -0.000000
vn -0.583966 0.143303 -0.799029
vn -0.582643 -0.142137 -0.800202
vn 0.884062 -0.116589 -0.452595
vn 0.883436 0.115734 -0.454033
vn -0.000000 0.744071 0.668100
vn 0.231376 0.657795 0.716778
vn 0.206455 -0.744071 0.635401
vn 0.000000 -0.744071 0.668101
vn -0.716778 0.657795 -0.231376
vn 0.775866 0.630714 -0.015220
vn 0.739157 0.673533 -0.000000
vn -0.668100 0.744071 -0.000000
vn 0.206455 -0.744071 -0.635401
vn 0.231375 0.657795 -0.716778
vn 0.000000 0.744071 -0.668100
vn 0.000000 -0.744071 -0.668100
vn 0.228412 -0.673534 -0.702980
vn 0.800202 -0.142137 -0.582644
vn 0.799029 0.143303 -0.583966
vn 0.206455 -0.744071 -0.635401
vn -0.258758 -0.546655 0.796375
vn 0.013022 -0.625156 0.780391
vn 0.000000 -0.668323 0.743871
vn 0.000000 -0.546655 0.837358
vn 0.000000 -0.668323 0.743871
vn -0.013021 -0.625157 0.780391
vn 0.258758 -0.546655 0.796375
vn 0.000000 -0.546655 0.837358
vn 0.015219 0.630715 0.775866
vn 0.000000 0.673534 0.739156
vn 0.000000 0.744071 -0.668100
vn 0.231375 0.657795 -0.716778
vn -0.206455 -0.744071 -0.635401
vn -0.799029 0.143303 -0.583967
vn -0.800202 -0.142136 -0.582644
vn -0.228412 -0.673533 -0.702980
vn 0.635401 -0.744071 0.206455
vn 0.716778 0.657795 0.231376
vn 0.668101 0.744071 -0.000000
vn 0.668100 -0.744071 -0.000000
vn 0.702980 -0.673533 0.228412
vn 0.582643 -0.142137 0.800203
vn 0.583966 0.143303 0.799029
vn 0.635401 -0.744071 0.206455
vn -0.796375 -0.546655 -0.258758
vn -0.780392 -0.625156 0.013022
vn -0.743872 -0.668323 -0.000000
vn -0.837358 -0.546655 -0.000000
vn -0.743872 -0.668323 -0.000000
vn -0.780391 -0.625156 -0.013022
vn -0.796375 -0.546655 0.258758
vn -0.837358 -0.546655 -0.000000
vn -0.775866 0.630714 0.015220
vn -0.739157 0.673534 0.000000
vn 0.668101 0.744071 -0.000000
vn 0.716778 0.657795 0.231376
vn 0.635401 -0.744071 -0.206454
vn 0.583967 0.143303 -0.799029
vn 0.582644 -0.142137 -0.800202
vn 0.702980 -0.673534 -0.228412
vn 0.542325 0.385619 -0.746446
vn 0.285117 0.385619 -0.877500
vn 0.308102 0.076913 -0.948239
vn 0.586044 0.076913 -0.806621
vn 0.804872 -0.101097 -0.584774
vn 0.584774 -0.101097 -0.804872
vn 0.542324 -0.385620 -0.746446
vn 0.746446 -0.385621 -0.542324
vn 0.877500 0.385620 -0.285117
vn 0.746446 0.385620 -0.542325
vn 0.806621 0.076913 -0.586044
vn 0.948239 0.076913 -0.308102
vn 0.746446 0.385620 -0.542325
vn 0.542325 0.385619 -0.746446
vn 0.586044 0.076913 -0.806621
vn 0.806621 0.076913 -0.586044
vn -0.922658 0.385620 -0.000000
vn -0.877500 0.385620 0.285117
vn -0.948239 0.076914 0.308102
vn -0.997038 0.076913 -0.000000
vn -0.285117 0.385620 0.877500
vn 0.000000 0.385619 0.922658
vn 0.000000 0.076913 0.997038
vn -0.308102 0.076913 0.948239
vn 0.877500 0.385620 0.285117
vn 0.922658 0.385620 -0.000000
vn 0.997038 0.076913 -0.000000
vn 0.948239 0.076914 0.308102
vn -0.542325 0.385620 -0.746446
vn -0.746446 0.385620 -0.542325
vn -0.806621 0.076913 -0.586044
vn -0.586044 0.076913 -0.806620
vn -0.746446 0.385620 0.542325
vn -0.542325 0.385619 0.746446
vn -0.586044 0.076914 0.806620
vn -0.806621 0.076914 0.586044
vn 0.542325 0.385619 0.746446
vn 0.746446 0.385620 0.542325
vn 0.806620 0.076914 0.586044
vn 0.586044 0.076914 0.806621
vn 0.000000 0.385619 0.922658
vn 0.285117 0.385619 0.877500
vn 0.308102 0.076913 0.948239
vn 0.000000 0.076913 0.997038
vn 0.922658 0.385620 -0.000000
vn 0.877500 0.385620 -0.285117
vn 0.948239 0.076913 -0.308102
vn 0.997038 0.076913 -0.000000
vn -0.746446 0.385620 -0.542325
vn -0.877500 0.385620 -0.285117
vn -0.948239 0.076913 -0.308102
vn -0.806621 0.076913 -0.586044
vn -0.542325 0.385619 0.746446
vn -0.285117 0.385620 0.877500
vn -0.308102 0.076913 0.948239
vn -0.586044 0.076914 0.806620
vn 0.746446 0.385620 0.542325
vn 0.877500 0.385620 0.285117
vn 0.948239 0.076914 0.308102
vn 0.806620 0.076914 0.586044
vn 0.946184 -0.101097 -0.307434
vn 0.804872 -0.101097 -0.584774
vn 0.746446 -0.385621 -0.542324
vn 0.877500 -0.385620 -0.285117
vn -0.877500 0.385620 0.285117
vn -0.746446 0.385620 0.542325
vn -0.806621 0.076914 0.586044
vn -0.948239 0.076914 0.308102
vn 0.307434 -0.101097 -0.946184
vn 0.000000 -0.101097 -0.994877
vn 0.000000 -0.385621 -0.922657
vn 0.285117 -0.385621 -0.877499
vn -0.877500 0.385620 -0.285117
vn -0.922658 0.385620 -0.000000
vn -0.997038 0.076913 -0.000000
vn -0.948239 0.076913 -0.308102
vn 0.285117 0.385619 0.877500
vn 0.542325 0.385619 0.746446
vn 0.586044 0.076914 0.806621
vn 0.308102 0.076913 0.948239
vn 0.000000 -0.359944 -0.932974
vn 0.288305 -0.359943 -0.887311
vn 0.285117 -0.385621 -0.877499
vn 0.000000 -0.385621 -0.922657
vn 0.288305 -0.359943 -0.887311
vn 0.548389 -0.359943 -0.754792
vn 0.542324 -0.385620 -0.746446
vn 0.285117 -0.385621 -0.877499
vn -0.288305 -0.359944 -0.887311
vn 0.000000 -0.359944 -0.932974
vn 0.000000 -0.385621 -0.922657
vn -0.285117 -0.385621 -0.877499
vn 0.542325 0.385619 -0.746446
vn 0.746446 0.385620 -0.542325
vn 0.754792 0.359943 -0.548389
vn 0.548389 0.359943 -0.754792
vn 0.754792 -0.359943 -0.548388
vn 0.887311 -0.359943 -0.288305
vn 0.877500 -0.385620 -0.285117
vn 0.746446 -0.385621 -0.542324
vn 0.877500 0.385620 -0.285117
vn 0.922658 0.385620 -0.000000
vn 0.932974 0.359943 -0.000000
vn 0.887311 0.359943 -0.288305
vn 0.548389 -0.359943 -0.754792
vn 0.754792 -0.359943 -0.548388
vn 0.746446 -0.385621 -0.542324
vn 0.542324 -0.385620 -0.746446
vn -0.542325 0.385620 -0.746446
vn -0.285117 0.385620 -0.877500
vn -0.288305 0.359943 -0.887311
vn -0.548389 0.359943 -0.754792
vn -0.887311 -0.359943 0.288305
vn -0.932974 -0.359943 0.000000
vn -0.922658 -0.385620 0.000000
vn -0.877500 -0.385620 0.285117
vn -0.922658 0.385620 -0.000000
vn -0.877500 0.385620 -0.285117
vn -0.887311 0.359943 -0.288305
vn -0.932974 0.359943 -0.000000
vn 0.000000 -0.359942 0.932975
vn -0.288305 -0.359943 0.887311
vn -0.285117 -0.385620 0.877500
vn 0.000000 -0.385620 0.922658
vn -0.285117 0.385620 0.877500
vn -0.542325 0.385619 0.746446
vn -0.548389 0.359943 0.754792
vn -0.288305 0.359943 0.887311
vn 0.932974 -0.359943 0.000000
vn 0.887311 -0.359943 0.288305
vn 0.877500 -0.385620 0.285117
vn 0.922658 -0.385620 0.000000
vn 0.877500 0.385620 0.285117
vn 0.746446 0.385620 0.542325
vn 0.754792 0.359943 0.548389
vn 0.887311 0.359943 0.288305
vn -0.754792 -0.359943 -0.548388
vn -0.548389 -0.359943 -0.754792
vn -0.542324 -0.385620 -0.746446
vn -0.746446 -0.385621 -0.542324
vn -0.548389 -0.359942 0.754792
vn -0.754792 -0.359943 0.548389
vn -0.746446 -0.385620 0.542324
vn -0.542325 -0.385620 0.746446
vn -0.746446 0.385620 0.542325
vn -0.877500 0.385620 0.285117
vn -0.887311 0.359943 0.288305
vn -0.754792 0.359943 0.548389
vn 0.754792 -0.359943 0.548389
vn 0.548389 -0.359942 0.754792
vn 0.542325 -0.385620 0.746446
vn 0.746446 -0.385620 0.542325
vn 0.542325 0.385619 0.746446
vn 0.285117 0.385619 0.877500
vn 0.288305 0.359942 0.887312
vn 0.548388 0.359943 0.754792
vn 0.288305 -0.359942 0.887312
vn 0.000000 -0.359942 0.932975
vn 0.000000 -0.385620 0.922658
vn 0.285117 -0.385620 0.877500
vn 0.000000 0.385619 0.922658
vn -0.285117 0.385620 0.877500
vn -0.288305 0.359943 0.887311
vn 0.000000 0.359943 0.932974
vn 0.887311 -0.359943 -0.288305
vn 0.932974 -0.359943 0.000000
vn 0.922658 -0.385620 0.000000
vn 0.877500 -0.385620 -0.285117
vn 0.922658 0.385620 -0.000000
vn 0.877500 0.385620 0.285117
vn 0.887311 0.359943 0.288305
vn 0.932974 0.359943 -0.000000
vn -0.887311 -0.359943 -0.288305
vn -0.754792 -0.359943 -0.548388
vn -0.746446 -0.385621 -0.542324
vn -0.877500 -0.385620 -0.285117
vn -0.746446 0.385620 -0.542325
vn -0.542325 0.385620 -0.746446
vn -0.548389 0.359943 -0.754792
vn -0.754792 0.359943 -0.548389
vn -0.288305 -0.359943 0.887311
vn -0.548389 -0.359942 0.754792
vn -0.542325 -0.385620 0.746446
vn -0.285117 -0.385620 0.877500
vn -0.542325 0.385619 0.746446
vn -0.746446 0.385620 0.542325
vn -0.754792 0.359943 0.548389
vn -0.548389 0.359943 0.754792
vn 0.887311 -0.359943 0.288305
vn 0.754792 -0.359943 0.548389
vn 0.746446 -0.385620 0.542325
vn 0.877500 -0.385620 0.285117
vn 0.746446 0.385620 0.542325
vn 0.542325 0.385619 0.746446
vn 0.548388 0.359943 0.754792
vn 0.754792 0.359943 0.548389
vn -0.548389 -0.359943 -0.754792
vn -0.288305 -0.359944 -0.887311
vn -0.285117 -0.385621 -0.877499
vn -0.542324 -0.385620 -0.746446
vn 0.746446 0.385620 -0.542325
vn 0.877500 0.385620 -0.285117
vn 0.887311 0.359943 -0.288305
vn 0.754792 0.359943 -0.548389
vn -0.754792 -0.359943 0.548389
vn -0.887311 -0.359943 0.288305
vn -0.877500 -0.385620 0.285117
vn -0.746446 -0.385620 0.542324
vn -0.877500 0.385620 0.285117
vn -0.922658 0.385620 -0.000000
vn -0.932974 0.359943 -0.000000
vn -0.887311 0.359943 0.288305
vn 0.000000 0.385620 -0.922658
vn 0.285117 0.385619 -0.877500
vn 0.288305 0.359943 -0.887311
vn 0.000000 0.359943 -0.932974
vn -0.285117 0.385620 -0.877500
vn 0.000000 0.385620 -0.922658
vn 0.000000 0.359943 -0.932974
vn -0.288305 0.359943 -0.887311
vn -0.932974 -0.359943 0.000000
vn -0.887311 -0.359943 -0.288305
vn -0.877500 -0.385620 -0.285117
vn -0.922658 -0.385620 0.000000
vn -0.877500 0.385620 -0.285117
vn -0.746446 0.385620 -0.542325
vn -0.754792 0.359943 -0.548389
vn -0.887311 0.359943 -0.288305
vn 0.548389 -0.359942 0.754792
vn 0.288305 -0.359942 0.887312
vn 0.285117 -0.385620 0.877500
vn 0.542325 -0.385620 0.746446
vn 0.285117 0.385619 0.877500
vn 0.000000 0.385619 0.922658
vn 0.000000 0.359943 0.932974
vn 0.288305 0.359942 0.887312
vn 0.584774 -0.101097 -0.804872
vn 0.307434 -0.101097 -0.946184
vn 0.285117 -0.385621 -0.877499
vn 0.542324 -0.385620 -0.746446
vn 0.288305 -0.359943 -0.887311
vn 0.000000 -0.359944 -0.932974
vn 0.000000 0.359943 -0.932974
vn 0.288305 0.359943 -0.887311
vn 0.000000 -0.359944 -0.932974
vn -0.288305 -0.359944 -0.887311
vn -0.288305 0.359943 -0.887311
vn 0.000000 0.359943 -0.932974
vn 0.887311 -0.359943 -0.288305
vn 0.754792 -0.359943 -0.548388
vn 0.754792 0.359943 -0.548389
vn 0.887311 0.359943 -0.288305
vn 0.754792 -0.359943 -0.548388
vn 0.548389 -0.359943 -0.754792
vn 0.548389 0.359943 -0.754792
vn 0.754792 0.359943 -0.548389
vn -0.932974 -0.359943 0.000000
vn -0.887311 -0.359943 0.288305
vn -0.887311 0.359943 0.288305
vn -0.932974 0.359943 -0.000000
vn -0.288305 -0.359943 0.887311
vn 0.000000 -0.359942 0.932975
vn 0.000000 0.359943 0.932974
vn -0.288305 0.359943 0.887311
vn 0.887311 -0.359943 0.288305
vn 0.932974 -0.359943 0.000000
vn 0.932974 0.359943 -0.000000
vn 0.887311 0.359943 0.288305
vn -0.548389 -0.359943 -0.754792
vn -0.754792 -0.359943 -0.548388
vn -0.754792 0.359943 -0.548389
vn -0.548389 0.359943 -0.754792
vn -0.754792 -0.359943 0.548389
vn -0.548389 -0.359942 0.754792
vn -0.548389 0.359943 0.754792
vn -0.754792 0.359943 0.548389
vn 0.548389 -0.359942 0.754792
vn 0.754792 -0.359943 0.548389
vn 0.754792 0.359943 0.548389
vn 0.548388 0.359943 0.754792
vn 0.000000 -0.359942 0.932975
vn 0.288305 -0.359942 0.887312
vn 0.288305 0.359942 0.887312
vn 0.000000 0.359943 0.932974
vn 0.932974 -0.359943 0.000000
vn 0.887311 -0.359943 -0.288305
vn 0.887311 0.359943 -0.288305
vn 0.932974 0.359943 -0.000000
vn -0.754792 -0.359943 -0.548388
vn -0.887311 -0.359943 -0.288305
vn -0.887311 0.359943 -0.288305
vn -0.754792 0.359943 -0.548389
vn -0.548389 -0.359942 0.754792
vn -0.288305 -0.359943 0.887311
vn -0.288305 0.359943 0.887311
vn -0.548389 0.359943 0.754792
vn 0.754792 -0.359943 0.548389
vn 0.887311 -0.359943 0.288305
vn 0.887311 0.359943 0.288305
vn 0.754792 0.359943 0.548389
vn -0.288305 -0.359944 -0.887311
vn -0.548389 -0.359943 -0.754792
vn -0.548389 0.359943 -0.754792
vn -0.288305 0.359943 -0.887311
vn -0.887311 -0.359943 0.288305
vn -0.754792 -0.359943 0.548389
vn -0.754792 0.359943 0.548389
vn -0.887311 0.359943 0.288305
vn 0.548389 -0.359943 -0.754792
vn 0.288305 -0.359943 -0.887311
vn 0.288305 0.359943 -0.887311
vn 0.548389 0.359943 -0.754792
vn -0.887311 -0.359943 -0.288305
vn -0.932974 -0.359943 0.000000
vn -0.932974 0.359943 -0.000000
vn -0.887311 0.359943 -0.288305
vn 0.288305 -0.359942 0.887312
vn 0.548389 -0.359942 0.754792
vn 0.548388 0.359943 0.754792
vn 0.288305 0.359942 0.887312
vn 0.285117 0.385619 -0.877500
vn 0.542325 0.385619 -0.746446
vn 0.548389 0.359943 -0.754792
vn 0.288305 0.359943 -0.887311
vn -0.799029 0.143303 0.583967
vn -0.549668 0.463449 0.695040
vn -0.206455 -0.744071 0.635401
vn -0.549668 0.463449 0.695040
vn -0.231376 0.657795 0.716778
vn -0.206455 -0.744071 0.635401
vn -0.716779 0.657795 0.231375
vn -0.695040 0.463449 0.549667
vn -0.635401 -0.744071 0.206454
vn -0.695040 0.463449 0.549667
vn -0.583967 0.143303 0.799029
vn -0.635401 -0.744071 0.206454
vn -0.583966 0.143303 -0.799029
vn -0.695039 0.463448 -0.549670
vn -0.635401 -0.744071 -0.206455
vn -0.695039 0.463448 -0.549670
vn -0.716778 0.657795 -0.231376
vn -0.635401 -0.744071 -0.206455
vn -0.231376 0.657794 -0.716779
vn -0.549667 0.463449 -0.695040
vn -0.206455 -0.744071 -0.635401
vn -0.549667 0.463449 -0.695040
vn -0.799029 0.143303 -0.583967
vn -0.206455 -0.744071 -0.635401
vn 0.799029 0.143303 -0.583966
vn 0.549668 0.463449 -0.695040
vn 0.206455 -0.744071 -0.635401
vn 0.549668 0.463449 -0.695040
vn 0.231375 0.657795 -0.716778
vn 0.206455 -0.744071 -0.635401
vn 0.716779 0.657794 -0.231376
vn 0.695040 0.463449 -0.549667
vn 0.635401 -0.744071 -0.206454
vn 0.695040 0.463449 -0.549667
vn 0.583967 0.143303 -0.799029
vn 0.635401 -0.744071 -0.206454
vn 0.583966 0.143303 0.799029
vn 0.695039 0.463449 0.549669
vn 0.635401 -0.744071 0.206455
vn 0.695039 0.463449 0.549669
vn 0.716778 0.657795 0.231376
vn 0.635401 -0.744071 0.206455
vn 0.231376 0.657795 0.716778
vn 0.549667 0.463449 0.695040
vn 0.206455 -0.744071 0.635401
vn 0.549667 0.463449 0.695040
vn 0.799029 0.143303 0.583966
vn 0.206455 -0.744071 0.635401
vn -0.015220 0.630715 -0.775865
vn -0.262762 0.381266 -0.886336
vn 0.228412 -0.673533 -0.702980
vn -0.262762 0.381266 -0.886336
vn -0.454034 0.115734 -0.883436
vn 0.228412 -0.673533 -0.702980
vn -0.452595 -0.116589 -0.884062
vn -0.258535 -0.379546 -0.888316
vn 0.258758 -0.546655 -0.796375
vn -0.258535 -0.379546 -0.888316
vn -0.013022 -0.625156 -0.780391
vn 0.258758 -0.546655 -0.796375
vn 0.883436 0.115734 0.454034
vn 0.886337 0.381266 0.262761
vn 0.702980 -0.673533 -0.228412
vn 0.886337 0.381266 0.262761
vn 0.775866 0.630714 0.015220
vn 0.702980 -0.673533 -0.228412
vn 0.780391 -0.625156 0.013021
vn 0.888316 -0.379546 0.258534
vn 0.796375 -0.546655 -0.258758
vn 0.888316 -0.379546 0.258534
vn 0.884062 -0.116589 0.452595
vn 0.796375 -0.546655 -0.258758
vn 0.775866 0.630714 -0.015220
vn 0.886337 0.381266 -0.262761
vn 0.702980 -0.673533 0.228412
vn 0.886337 0.381266 -0.262761
vn 0.883436 0.115734 -0.454033
vn 0.702980 -0.673533 0.228412
vn 0.884062 -0.116589 -0.452595
vn 0.888316 -0.379546 -0.258534
vn 0.796375 -0.546655 0.258758
vn 0.888316 -0.379546 -0.258534
vn 0.780391 -0.625156 -0.013022
vn 0.796375 -0.546655 0.258758
vn -0.454034 0.115734 0.883436
vn -0.262762 0.381265 0.886337
vn 0.228412 -0.673533 0.702980
vn -0.262762 0.381265 0.886337
vn -0.015219 0.630715 0.775865
vn 0.228412 -0.673533 0.702980
vn -0.013021 -0.625157 0.780391
vn -0.258535 -0.379546 0.888316
vn 0.258758 -0.546655 0.796375
vn -0.258535 -0.379546 0.888316
vn -0.452595 -0.116589 0.884062
vn 0.258758 -0.546655 0.796375
vn 0.015219 0.630715 0.775866
vn 0.262762 0.381267 0.886336
vn -0.228412 -0.673533 0.702980
vn 0.262762 0.381267 0.886336
vn 0.454034 0.115735 0.883436
vn -0.228412 -0.673533 0.702980
vn 0.452595 -0.116589 0.884062
vn 0.258535 -0.379546 0.888316
vn -0.258758 -0.546655 0.796375
vn 0.258535 -0.379546 0.888316
vn 0.013022 -0.625156 0.780391
vn -0.258758 -0.546655 0.796375
vn -0.883436 0.115734 -0.454033
vn -0.886337 0.381266 -0.262761
vn -0.702980 -0.673533 0.228412
vn -0.886337 0.381266 -0.262761
vn -0.775865 0.630715 -0.015219
vn -0.702980 -0.673533 0.228412
vn -0.780391 -0.625156 -0.013022
vn -0.888316 -0.379546 -0.258534
vn -0.796375 -0.546655 0.258758
vn -0.888316 -0.379546 -0.258534
vn -0.884062 -0.116589 -0.452594
vn -0.796375 -0.546655 0.258758
vn -0.775866 0.630714 0.015220
vn -0.886337 0.381266 0.262762
vn -0.702980 -0.673533 -0.228412
vn -0.886337 0.381266 0.262762
vn -0.883436 0.115734 0.454033
vn -0.702980 -0.673533 -0.228412
vn -0.884062 -0.116589 0.452593
vn -0.888316 -0.379546 0.258534
vn -0.796375 -0.546655 -0.258758
vn -0.888316 -0.379546 0.258534
vn -0.780392 -0.625156 0.013022
vn -0.796375 -0.546655 -0.258758
vn 0.454034 0.115733 -0.883436
vn 0.262762 0.381265 -0.886337
vn -0.228412 -0.673534 -0.702980
vn 0.262762 0.381265 -0.886337
vn 0.015219 0.630714 -0.775866
vn -0.228412 -0.673534 -0.702980
vn 0.013021 -0.625156 -0.780391
vn 0.258535 -0.379545 -0.888316
vn -0.258758 -0.546655 -0.796375
vn 0.258535 -0.379545 -0.888316
vn 0.452595 -0.116589 -0.884062
vn -0.258758 -0.546655 -0.796375
vn -0.231775 -0.663351 0.711510
vn -0.553278 -0.465407 0.690854
vn -0.228412 -0.673533 0.702980
vn -0.553278 -0.465407 0.690854
vn -0.800202 -0.142137 0.582644
vn -0.228412 -0.673533 0.702980
vn -0.582644 -0.142137 0.800202
vn -0.690854 -0.465408 0.553278
vn -0.702980 -0.673533 0.228412
vn -0.690854 -0.465408 0.553278
vn -0.711509 -0.663351 0.231775
vn -0.702980 -0.673533 0.228412
vn -0.711510 -0.663351 -0.231774
vn -0.690854 -0.465408 -0.553278
vn -0.702980 -0.673534 -0.228412
vn -0.690854 -0.465408 -0.553278
vn -0.582643 -0.142137 -0.800202
vn -0.702980 -0.673534 -0.228412
vn -0.800202 -0.142136 -0.582644
vn -0.553278 -0.465407 -0.690854
vn -0.228412 -0.673533 -0.702980
vn -0.553278 -0.465407 -0.690854
vn -0.231774 -0.663351 -0.711510
vn -0.228412 -0.673533 -0.702980
vn 0.231775 -0.663352 -0.711509
vn 0.553278 -0.465408 -0.690854
vn 0.228412 -0.673534 -0.702980
vn 0.553278 -0.465408 -0.690854
vn 0.800202 -0.142137 -0.582644
vn 0.228412 -0.673534 -0.702980
vn 0.582644 -0.142137 -0.800202
vn 0.690853 -0.465408 -0.553279
vn 0.702980 -0.673534 -0.228412
vn 0.690853 -0.465408 -0.553279
vn 0.711509 -0.663351 -0.231775
vn 0.702980 -0.673534 -0.228412
vn 0.711509 -0.663352 0.231775
vn 0.690853 -0.465408 0.553279
vn 0.702980 -0.673533 0.228412
vn 0.690853 -0.465408 0.553279
vn 0.582643 -0.142137 0.800203
vn 0.702980 -0.673533 0.228412
vn 0.800202 -0.142137 0.582644
vn 0.553278 -0.465407 0.690855
vn 0.228412 -0.673533 0.702980
vn 0.553278 -0.465407 0.690855
vn 0.231774 -0.663351 0.711509
vn 0.228412 -0.673533 0.702980
vn 0.775866 0.630714 -0.015220
vn -0.716778 0.657795 -0.231376
vn -0.695039 0.463448 -0.549670
vn 0.886337 0.381266 -0.262761
vn 0.886337 0.381266 -0.262761
vn -0.695039 0.463448 -0.549670
vn -0.583966 0.143303 -0.799029
vn 0.883436 0.115734 -0.454033
vn 0.884062 -0.116589 -0.452595
vn -0.582643 -0.142137 -0.800202
vn -0.690854 -0.465408 -0.553278
vn 0.888316 -0.379546 -0.258534
vn 0.888316 -0.379546 -0.258534
vn -0.690854 -0.465408 -0.553278
vn -0.711510 -0.663351 -0.231774
vn 0.780391 -0.625156 -0.013022
vn 0.013021 -0.625156 -0.780391
vn 0.231774 -0.663351 0.711509
vn 0.553278 -0.465407 0.690855
vn 0.258535 -0.379545 -0.888316
vn 0.258535 -0.379545 -0.888316
vn 0.553278 -0.465407 0.690855
vn 0.800202 -0.142137 0.582644
vn 0.452595 -0.116589 -0.884062
vn 0.454034 0.115733 -0.883436
vn 0.799029 0.143303 0.583966
vn 0.549667 0.463449 0.695040
vn 0.262762 0.381265 -0.886337
vn 0.262762 0.381265 -0.886337
vn 0.549667 0.463449 0.695040
vn 0.231376 0.657795 0.716778
vn 0.015219 0.630714 -0.775866
vn -0.015220 0.630715 -0.775865
vn -0.231376 0.657795 0.716778
vn -0.549668 0.463449 0.695040
vn -0.262762 0.381266 -0.886336
vn -0.262762 0.381266 -0.886336
vn -0.549668 0.463449 0.695040
vn -0.799029 0.143303 0.583967
vn -0.454034 0.115734 -0.883436
vn -0.452595 -0.116589 -0.884062
vn -0.800202 -0.142137 0.582644
vn -0.553278 -0.465407 0.690854
vn -0.258535 -0.379546 -0.888316
vn -0.258535 -0.379546 -0.888316
vn -0.553278 -0.465407 0.690854
vn -0.231775 -0.663351 0.711510
vn -0.013022 -0.625156 -0.780391
vn 0.883436 0.115734 0.454034
vn -0.583967 0.143303 0.799029
vn -0.695040 0.463449 0.549667
vn 0.886337 0.381266 0.262761
vn 0.886337 0.381266 0.262761
vn -0.695040 0.463449 0.549667
vn -0.716779 0.657795 0.231375
vn 0.775866 0.630714 0.015220
vn 0.780391 -0.625156 0.013021
vn -0.711509 -0.663351 0.231775
vn -0.690854 -0.465408 0.553278
vn 0.888316 -0.379546 0.258534
vn 0.888316 -0.379546 0.258534
vn -0.690854 -0.465408 0.553278
vn -0.582644 -0.142137 0.800202
vn 0.884062 -0.116589 0.452595
vn 0.015219 0.630715 0.775866
vn 0.231375 0.657795 -0.716778
vn 0.549668 0.463449 -0.695040
vn 0.262762 0.381267 0.886336
vn 0.262762 0.381267 0.886336
vn 0.549668 0.463449 -0.695040
vn 0.799029 0.143303 -0.583966
vn 0.454034 0.115735 0.883436
vn 0.452595 -0.116589 0.884062
vn 0.800202 -0.142137 -0.582644
vn 0.553278 -0.465408 -0.690854
vn 0.258535 -0.379546 0.888316
vn 0.258535 -0.379546 0.888316
vn 0.553278 -0.465408 -0.690854
vn 0.231775 -0.663352 -0.711509
vn 0.013022 -0.625156 0.780391
vn -0.013021 -0.625157 0.780391
vn -0.231774 -0.663351 -0.711510
vn -0.553278 -0.465407 -0.690854
vn -0.258535 -0.379546 0.888316
vn -0.258535 -0.379546 0.888316
vn -0.553278 -0.465407 -0.690854
vn -0.800202 -0.142136 -0.582644
vn -0.452595 -0.116589 0.884062
vn -0.454034 0.115734 0.883436
vn -0.799029 0.143303 -0.583967
vn -0.549667 0.463449 -0.695040
vn -0.262762 0.381265 0.886337
vn -0.262762 0.381265 0.886337
vn -0.549667 0.463449 -0.695040
vn -0.231376 0.657794 -0.716779
vn -0.015219 0.630715 0.775865
vn -0.775866 0.630714 0.015220
vn 0.716778 0.657795 0.231376
vn 0.695039 0.463449 0.549669
vn -0.886337 0.381266 0.262762
vn -0.886337 0.381266 0.262762
vn 0.695039 0.463449 0.549669
vn 0.583966 0.143303 0.799029
vn -0.883436 0.115734 0.454033
vn -0.884062 -0.116589 0.452593
vn 0.582643 -0.142137 0.800203
vn 0.690853 -0.465408 0.553279
vn -0.888316 -0.379546 0.258534
vn -0.888316 -0.379546 0.258534
vn 0.690853 -0.465408 0.553279
vn 0.711509 -0.663352 0.231775
vn -0.780392 -0.625156 0.013022
vn -0.780391 -0.625156 -0.013022
vn 0.711509 -0.663351 -0.231775
vn 0.690853 -0.465408 -0.553279
vn -0.888316 -0.379546 -0.258534
vn -0.888316 -0.379546 -0.258534
vn 0.690853 -0.465408 -0.553279
vn 0.582644 -0.142137 -0.800202
vn -0.884062 -0.116589 -0.452594
vn -0.883436 0.115734 -0.454033
vn 0.583967 0.143303 -0.799029
vn 0.695040 0.463449 -0.549667
vn -0.886337 0.381266 -0.262761
vn -0.886337 0.381266 -0.262761
vn 0.695040 0.463449 -0.549667
vn 0.716779 0.657794 -0.231376
vn -0.775865 0.630715 -0.015219
vn -0.799029 0.143303 0.583967
vn -0.800202 -0.142137 0.582644
vn -0.452595 -0.116589 -0.884062
vn -0.454034 0.115734 -0.883436
vn 0.000000 -1.000000 0.000000
vn 0.000000 -0.673533 0.739157
vn -0.228412 -0.673533 0.702980
vn 0.000000 -1.000000 0.000000
vn -0.228412 -0.673533 0.702980
vn -0.434466 -0.673533 0.597990
vn 0.000000 -1.000000 0.000000
vn -0.434466 -0.673533 0.597990
vn -0.597990 -0.673533 0.434466
vn 0.000000 -1.000000 0.000000
vn -0.597990 -0.673533 0.434466
vn -0.702980 -0.673533 0.228412
vn 0.000000 -1.000000 0.000000
vn -0.702980 -0.673533 0.228412
vn -0.739157 -0.673533 0.000000
vn 0.000000 -1.000000 0.000000
vn -0.739157 -0.673533 0.000000
vn -0.702980 -0.673534 -0.228412
vn 0.000000 -1.000000 0.000000
vn -0.702980 -0.673534 -0.228412
vn -0.597990 -0.673534 -0.434465
vn 0.000000 -1.000000 0.000000
vn -0.597990 -0.673534 -0.434465
vn -0.434466 -0.673534 -0.597990
vn 0.000000 -1.000000 0.000000
vn -0.434466 -0.673534 -0.597990
vn -0.228412 -0.673533 -0.702980
vn 0.000000 -1.000000 0.000000
vn -0.228412 -0.673533 -0.702980
vn 0.000000 -0.673534 -0.739157
vn 0.000000 -1.000000 0.000000
vn 0.000000 -0.673534 -0.739157
vn 0.228412 -0.673534 -0.702980
vn 0.000000 -1.000000 0.000000
vn 0.228412 -0.673534 -0.702980
vn 0.434466 -0.673534 -0.597990
vn 0.000000 -1.000000 0.000000
vn 0.434466 -0.673534 -0.597990
vn 0.597990 -0.673534 -0.434465
vn 0.000000 -1.000000 0.000000
vn 0.597990 -0.673534 -0.434465
vn 0.702980 -0.673534 -0.228412
vn 0.000000 -1.000000 0.000000
vn 0.702980 -0.673534 -0.228412
vn 0.739157 -0.673533 0.000000
vn 0.000000 -1.000000 0.000000
vn 0.739157 -0.673533 0.000000
vn 0.702980 -0.673533 0.228412
vn 0.000000 -1.000000 0.000000
vn 0.702980 -0.673533 0.228412
vn 0.597990 -0.673533 0.434466
vn 0.000000 -1.000000 0.000000
vn 0.597990 -0.673533 0.434466
vn 0.434466 -0.673533 0.597990
vn 0.000000 -1.000000 0.000000
vn 0.434466 -0.673533 0.597990
vn 0.228412 -0.673533 0.702980
vn 0.000000 -1.000000 0.000000
vn 0.228412 -0.673533 0.702980
vn 0.000000 -0.673533 0.739157
vn 0.000000 -0.000000 -1.000000
vn 0.000000 0.670031 -0.742333
vn 0.253893 0.670031 -0.697565
vn 0.559484 -0.278300 -0.780722
vn 0.559484 -0.278300 -0.780722
vn 0.253893 0.670031 -0.697565
vn 0.477162 0.670031 -0.568660
vn 0.477163 -0.670031 -0.568660
vn 0.477163 -0.670031 -0.568660
vn 0.477162 0.670031 -0.568660
vn 0.642879 0.670031 -0.371167
vn 0.642880 -0.670031 -0.371166
vn 0.642880 -0.670031 -0.371166
vn 0.642879 0.670031 -0.371167
vn 0.731055 0.670031 -0.128905
vn 0.731055 -0.670031 -0.128905
vn 0.731055 -0.670031 -0.128905
vn 0.731055 0.670031 -0.128905
vn 0.731055 0.670031 0.128905
vn 0.955867 -0.278300 -0.094167
vn 0.955867 -0.278300 -0.094167
vn 0.731055 0.670031 0.128905
vn 0.281322 0.568724 0.772924
vn 0.342020 0.000000 0.939692
vn 0.342020 0.000000 0.939693
vn -0.939693 0.000000 0.342020
vn -0.939693 0.000000 0.342020
vn 0.342020 0.000000 0.939693
vn -0.803465 -0.329943 -0.495562
vn -0.939693 0.000000 0.342020
vn -0.760703 0.587088 0.276873
vn -0.653216 0.748360 -0.115180
vn -0.342020 0.000000 0.939693
vn -0.281322 0.568724 0.772924
vn -0.731055 0.670031 0.128905
vn -0.955867 -0.278300 -0.094167
vn -0.955867 -0.278300 -0.094167
vn -0.731055 0.670031 0.128905
vn -0.731055 0.670031 -0.128905
vn -0.731055 -0.670031 -0.128905
vn -0.731055 -0.670031 -0.128905
vn -0.731055 0.670031 -0.128905
vn -0.642879 0.670031 -0.371167
vn -0.642880 -0.670031 -0.371166
vn -0.642880 -0.670031 -0.371166
vn -0.642879 0.670031 -0.371167
vn -0.477163 0.670031 -0.568660
vn -0.477163 -0.670031 -0.568660
vn -0.477163 -0.670031 -0.568660
vn -0.477163 0.670031 -0.568660
vn -0.253893 0.670031 -0.697565
vn -0.559484 -0.278300 -0.780722
vn -0.559484 -0.278300 -0.780722
vn -0.253893 0.670031 -0.697565
vn 0.000000 0.670031 -0.742333
vn 0.000000 -0.000000 -1.000000
vn -0.000000 0.748361 0.663292
vn -0.226860 0.748360 0.623291
vn 0.253893 0.670031 -0.697565
vn 0.000000 0.670031 -0.742333
vn -0.226860 0.748360 0.623291
vn -0.426356 0.748360 0.508111
vn 0.477162 0.670031 -0.568660
vn 0.253893 0.670031 -0.697565
vn -0.426356 0.748360 0.508111
vn -0.574428 0.748360 0.331646
vn 0.642879 0.670031 -0.371167
vn 0.477162 0.670031 -0.568660
vn -0.574428 0.748360 0.331646
vn -0.653216 0.748360 0.115179
vn 0.731055 0.670031 -0.128905
vn 0.642879 0.670031 -0.371167
vn -0.653216 0.748360 0.115179
vn -0.653216 0.748360 -0.115180
vn 0.731055 0.670031 0.128905
vn 0.731055 0.670031 -0.128905
vn -0.653216 0.748360 -0.115180
vn -0.760703 0.587088 0.276873
vn 0.281322 0.568724 0.772924
vn 0.731055 0.670031 0.128905
vn -0.653215 -0.748361 0.115180
vn -0.803465 -0.329943 -0.495562
vn -0.653216 0.748360 -0.115180
vn -0.653216 0.748360 0.115179
vn -0.574428 -0.748361 0.331646
vn -0.653215 -0.748361 0.115180
vn -0.653216 0.748360 0.115179
vn -0.574428 0.748360 0.331646
vn -0.426356 -0.748361 0.508111
vn -0.574428 -0.748361 0.331646
vn -0.574428 0.748360 0.331646
vn -0.426356 0.748360 0.508111
vn 0.027437 -0.329943 0.943602
vn -0.426356 -0.748361 0.508111
vn -0.426356 0.748360 0.508111
vn -0.226860 0.748360 0.623291
vn 0.000000 -0.000000 1.000000
vn 0.027437 -0.329943 0.943602
vn -0.226860 0.748360 0.623291
vn -0.000000 0.748361 0.663292
vn -0.027437 -0.329943 0.943602
vn 0.000000 -0.000000 1.000000
vn -0.000000 0.748361 0.663292
vn 0.226860 0.748360 0.623291
vn 0.426356 -0.748361 0.508111
vn -0.027437 -0.329943 0.943602
vn 0.226860 0.748360 0.623291
vn 0.426356 0.748361 0.508111
vn 0.574428 -0.748361 0.331646
vn 0.426356 -0.748361 0.508111
vn 0.426356 0.748361 0.508111
vn 0.574428 0.748361 0.331646
vn 0.653215 -0.748361 0.115180
vn 0.574428 -0.748361 0.331646
vn 0.574428 0.748361 0.331646
vn 0.653216 0.748360 0.115179
vn 0.803465 -0.329943 -0.495562
vn 0.653215 -0.748361 0.115180
vn 0.653216 0.748360 0.115179
vn 0.653216 0.748360 -0.115180
vn 0.939693 0.000000 0.342020
vn 0.803465 -0.329943 -0.495562
vn 0.653216 0.748360 -0.115180
vn 0.760703 0.587088 0.276873
vn -0.342020 0.000000 0.939693
vn -0.342020 0.000000 0.939693
vn 0.939693 0.000000 0.342020
vn 0.939693 0.000000 0.342020
vn 0.760703 0.587088 0.276873
vn 0.653216 0.748360 -0.115180
vn -0.731055 0.670031 0.128905
vn -0.281322 0.568724 0.772924
vn 0.653216 0.748360 -0.115180
vn 0.653216 0.748360 0.115179
vn -0.731055 0.670031 -0.128905
vn -0.731055 0.670031 0.128905
vn 0.653216 0.748360 0.115179
vn 0.574428 0.748361 0.331646
vn -0.642879 0.670031 -0.371167
vn -0.731055 0.670031 -0.128905
vn 0.574428 0.748361 0.331646
vn 0.426356 0.748361 0.508111
vn -0.477163 0.670031 -0.568660
vn -0.642879 0.670031 -0.371167
vn 0.426356 0.748361 0.508111
vn 0.226860 0.748360 0.623291
vn -0.253893 0.670031 -0.697565
vn -0.477163 0.670031 -0.568660
vn 0.226860 0.748360 0.623291
vn -0.000000 0.748361 0.663292
vn 0.000000 0.670031 -0.742333
vn -0.253893 0.670031 -0.697565
vn -0.281322 0.568724 0.772924
vn -0.342020 0.000000 0.939693
vn 0.939693 0.000000 0.342020
vn 0.760703 0.587088 0.276873
vn -0.342020 0.000000 0.939693
vn -0.342020 0.000000 0.939693
vn 0.939693 0.000000 0.342020
vn 0.939693 0.000000 0.342020
vn 0.939693 0.000000 0.342020
vn 0.984808 -0.000000 -0.173648
vn 0.803465 0.329943 -0.495562
vn 0.939693 0.000000 0.342020
vn 0.939693 0.000000 0.342020
vn 0.803465 0.329943 -0.495562
vn 0.803465 -0.329943 -0.495562
vn 0.939693 0.000000 0.342020
vn 0.984808 -0.000000 -0.173648
vn 0.984808 0.000000 0.173648
vn 0.653215 0.748361 0.115179
vn 0.803465 0.329943 -0.495562
vn -0.574428 0.748361 0.331646
vn 0.642879 0.670031 -0.371167
vn 0.477163 0.670031 -0.568660
vn -0.426356 0.748361 0.508111
vn 0.984808 0.000000 0.173648
vn 0.866025 0.000000 0.500000
vn 0.574428 0.748361 0.331646
vn 0.653215 0.748361 0.115179
vn -0.426356 0.748361 0.508111
vn 0.477163 0.670031 -0.568660
vn 0.559484 0.278300 -0.780722
vn 0.027437 0.329943 0.943602
vn 0.866025 0.000000 0.500000
vn 0.642788 0.000000 0.766044
vn 0.426356 0.748361 0.508111
vn 0.574428 0.748361 0.331646
vn 0.642788 0.000000 0.766044
vn 0.342020 0.000001 0.939693
vn -0.027437 0.329943 0.943602
vn 0.426356 0.748361 0.508111
vn 0.342020 0.000001 0.939693
vn 0.000000 0.000001 1.000000
vn 0.000000 0.000000 1.000000
vn -0.027437 0.329943 0.943602
vn -0.559484 0.278300 -0.780722
vn -0.477163 0.670031 -0.568660
vn 0.426356 0.748361 0.508111
vn -0.027437 0.329943 0.943602
vn 0.000000 0.000001 1.000000
vn -0.342020 0.000001 0.939693
vn 0.027437 0.329943 0.943602
vn 0.000000 0.000000 1.000000
vn -0.477163 0.670031 -0.568660
vn -0.642879 0.670031 -0.371167
vn 0.574428 0.748361 0.331646
vn 0.426356 0.748361 0.508111
vn -0.342020 0.000001 0.939693
vn -0.642788 0.000000 0.766044
vn -0.426356 0.748361 0.508111
vn 0.027437 0.329943 0.943602
vn -0.642879 0.670031 -0.371167
vn -0.731055 0.670031 -0.128905
vn 0.653215 0.748361 0.115179
vn 0.574428 0.748361 0.331646
vn -0.642788 0.000000 0.766044
vn -0.866026 0.000000 0.500000
vn -0.574428 0.748361 0.331646
vn -0.426356 0.748361 0.508111
vn 0.653215 0.748361 0.115179
vn -0.731055 0.670031 -0.128905
vn -0.955867 0.278300 -0.094167
vn 0.803465 0.329943 -0.495562
vn -0.866026 0.000000 0.500000
vn -0.984808 0.000000 0.173648
vn -0.653215 0.748361 0.115179
vn -0.574428 0.748361 0.331646
vn -0.955867 -0.278300 -0.094167
vn 0.803465 -0.329943 -0.495562
vn 0.803465 0.329943 -0.495562
vn -0.955867 0.278300 -0.094167
vn -0.984808 0.000000 0.173648
vn -0.984808 -0.000000 -0.173648
vn -0.803465 0.329943 -0.495562
vn -0.653215 0.748361 0.115179
vn -0.955867 -0.278300 -0.094167
vn -0.731055 -0.670031 -0.128905
vn 0.653215 -0.748361 0.115180
vn 0.803465 -0.329943 -0.495562
vn -0.342020 -0.000000 -0.939693
vn -0.559484 0.278300 -0.780722
vn 0.000000 -0.000000 -1.000000
vn 0.000000 -0.000000 -1.000000
vn -0.731055 -0.670031 -0.128905
vn -0.642880 -0.670031 -0.371166
vn 0.574428 -0.748361 0.331646
vn 0.653215 -0.748361 0.115180
vn -0.642788 -0.000000 -0.766044
vn -0.477163 0.670031 -0.568660
vn -0.559484 0.278300 -0.780722
vn -0.342020 -0.000000 -0.939693
vn -0.642880 -0.670031 -0.371166
vn -0.477163 -0.670031 -0.568660
vn 0.426356 -0.748361 0.508111
vn 0.574428 -0.748361 0.331646
vn -0.866026 -0.000000 -0.500000
vn -0.642879 0.670031 -0.371167
vn -0.477163 0.670031 -0.568660
vn -0.642788 -0.000000 -0.766044
vn -0.477163 -0.670031 -0.568660
vn -0.559484 -0.278300 -0.780722
vn -0.027437 -0.329943 0.943602
vn 0.426356 -0.748361 0.508111
vn -0.984808 -0.000000 -0.173648
vn -0.731055 0.670031 -0.128905
vn -0.642879 0.670031 -0.371167
vn -0.866026 -0.000000 -0.500000
vn -0.984808 0.000000 0.173648
vn -0.955867 0.278300 -0.094167
vn -0.731055 0.670031 -0.128905
vn -0.984808 -0.000000 -0.173648
vn -0.342020 0.000000 0.939693
vn -0.342020 0.000000 0.939693
vn -0.955867 0.278300 -0.094167
vn -0.984808 0.000000 0.173648
vn -0.342020 0.000000 0.939693
vn -0.342020 0.000000 0.939693
vn -0.955867 -0.278300 -0.094167
vn -0.955867 0.278300 -0.094167
vn -0.984808 -0.000000 -0.173648
vn -0.939693 0.000000 0.342020
vn -0.939693 0.000000 0.342020
vn -0.803465 0.329943 -0.495562
vn -0.803465 0.329943 -0.495562
vn -0.939693 0.000000 0.342020
vn -0.939693 0.000000 0.342020
vn -0.803465 -0.329943 -0.495562
vn 0.281322 0.568724 0.772924
vn -0.760703 0.587088 0.276873
vn -0.939693 0.000000 0.342020
vn 0.342020 0.000000 0.939692
vn 0.342020 0.000000 0.939692
vn -0.939693 0.000000 0.342020
vn -0.939693 0.000000 0.342020
vn 0.342020 0.000000 0.939693
vn 0.984808 0.000000 0.173648
vn 0.955867 0.278300 -0.094167
vn 0.342020 0.000000 0.939693
vn 0.342020 0.000000 0.939693
vn 0.955867 0.278300 -0.094167
vn 0.955867 -0.278300 -0.094167
vn 0.342020 0.000000 0.939692
vn 0.342020 0.000000 0.939693
vn 0.984808 -0.000000 -0.173648
vn 0.731055 0.670031 -0.128905
vn 0.955867 0.278300 -0.094167
vn 0.984808 0.000000 0.173648
vn 0.559484 -0.278300 -0.780722
vn 0.477163 -0.670031 -0.568660
vn -0.426356 -0.748361 0.508111
vn 0.027437 -0.329943 0.943602
vn 0.866025 -0.000000 -0.500000
vn 0.642879 0.670031 -0.371167
vn 0.731055 0.670031 -0.128905
vn 0.984808 -0.000000 -0.173648
vn 0.477163 -0.670031 -0.568660
vn 0.642880 -0.670031 -0.371166
vn -0.574428 -0.748361 0.331646
vn -0.426356 -0.748361 0.508111
vn 0.642788 -0.000000 -0.766044
vn 0.477163 0.670031 -0.568660
vn 0.642879 0.670031 -0.371167
vn 0.866025 -0.000000 -0.500000
vn 0.642880 -0.670031 -0.371166
vn 0.731055 -0.670031 -0.128905
vn -0.653215 -0.748361 0.115180
vn -0.574428 -0.748361 0.331646
vn 0.342020 -0.000000 -0.939693
vn 0.559484 0.278300 -0.780722
vn 0.477163 0.670031 -0.568660
vn 0.642788 -0.000000 -0.766044
vn -0.653215 -0.748361 0.115180
vn 0.731055 -0.670031 -0.128905
vn 0.955867 -0.278300 -0.094167
vn -0.803465 -0.329943 -0.495562
vn 0.000000 -0.000000 -1.000000
vn 0.000000 -0.000000 -1.000000
vn 0.559484 0.278300 -0.780722
vn 0.342020 -0.000000 -0.939693
vn 0.955867 -0.278300 -0.094167
vn 0.955867 0.278300 -0.094167
vn -0.803465 0.329943 -0.495562
vn -0.803465 -0.329943 -0.495562
vn -0.653215 0.748361 0.115179
vn 0.731055 0.670031 -0.128905
vn 0.642879 0.670031 -0.371167
vn -0.574428 0.748361 0.331646
vn 0.955867 0.278300 -0.094167
vn 0.731055 0.670031 -0.128905
vn -0.653215 0.748361 0.115179
vn -0.803465 0.329943 -0.495562
vn -0.559484 -0.278300 -0.780722
vn 0.000000 -0.000000 -1.000000
vn 0.000000 -0.000000 -1.000000
vn -0.559484 0.278300 -0.780722
vn 0.027437 0.329943 0.943602
vn 0.027437 -0.329943 0.943602
vn 0.000000 -0.000000 1.000000
vn 0.000000 0.000000 1.000000
vn 0.559484 0.278300 -0.780722
vn 0.000000 -0.000000 -1.000000
vn 0.000000 -0.000000 -1.000000
vn 0.559484 -0.278300 -0.780722
vn -0.559484 -0.278300 -0.780722
vn -0.559484 0.278300 -0.780722
vn -0.027437 0.329943 0.943602
vn -0.027437 -0.329943 0.943602
vn 0.000000 -0.000000 1.000000
vn -0.027437 -0.329943 0.943602
vn -0.027437 0.329943 0.943602
vn 0.000000 0.000000 1.000000
vn 0.027437 0.329943 0.943602
vn 0.559484 0.278300 -0.780722
vn 0.559484 -0.278300 -0.780722
vn 0.027437 -0.329943 0.943602
vn -0.267016 -0.268581 -0.925509
vn -0.267016 0.268584 -0.925508
vn 0.267017 0.268584 -0.925508
vn 0.267016 -0.268582 -0.925509
vn 0.647177 -0.266398 -0.714278
vn 0.647177 0.266398 -0.714278
vn 0.914950 0.270830 -0.299194
vn 0.914950 -0.270830 -0.299194
vn 0.914951 -0.270829 0.299194
vn 0.914951 0.270829 0.299194
vn 0.647178 0.266398 0.714277
vn 0.647178 -0.266398 0.714278
vn 0.267016 -0.268581 0.925509
vn 0.267016 0.268584 0.925508
vn -0.267016 0.268583 0.925508
vn -0.267016 -0.268582 0.925509
vn -0.259979 0.874431 0.409611
vn -0.470096 0.882475 0.015734
vn -0.658313 0.741883 0.127414
vn -0.418266 0.729554 0.541115
vn -0.647178 -0.266398 0.714278
vn -0.647178 0.266398 0.714278
vn -0.914951 0.270830 0.299194
vn -0.914950 -0.270830 0.299194
vn -0.908920 -0.372680 0.187013
vn -0.908920 0.372680 0.187014
vn -0.907700 0.293258 0.300133
vn -0.907701 -0.293258 0.300133
vn -0.470096 -0.882475 0.015737
vn -0.259978 -0.874431 0.409612
vn -0.418266 -0.729554 0.541114
vn -0.658312 -0.741883 0.127415
vn -0.078608 0.988195 -0.131498
vn -0.148113 0.988970 0.000000
vn -0.078607 0.988194 0.131501
vn 0.078607 0.988194 0.131501
vn 0.232784 -0.881713 -0.410357
vn -0.232784 -0.881713 -0.410358
vn -0.256846 -0.738722 -0.623153
vn 0.256846 -0.738722 -0.623153
vn -0.908920 0.372680 -0.187014
vn -0.908920 -0.372680 -0.187013
vn -0.907701 -0.293258 -0.300132
vn -0.907700 0.293258 -0.300134
vn -0.331739 0.363559 -0.870502
vn -0.331739 -0.363559 -0.870502
vn -0.189428 -0.275525 -0.942445
vn -0.189428 0.275524 -0.942445
vn 0.331739 -0.363560 -0.870502
vn 0.331738 0.363558 -0.870503
vn 0.189427 0.275523 -0.942446
vn 0.189428 -0.275525 -0.942445
vn 0.470096 -0.882475 -0.015736
vn 0.259979 -0.874432 -0.409610
vn 0.418266 -0.729555 -0.541113
vn 0.658312 -0.741883 -0.127415
vn -0.232784 0.881712 -0.410360
vn 0.232784 0.881712 -0.410361
vn 0.256846 0.738723 -0.623152
vn -0.256845 0.738722 -0.623153
vn 0.650304 0.375706 -0.660265
vn 0.650305 -0.375707 -0.660264
vn 0.756104 -0.287301 -0.588018
vn 0.756104 0.287301 -0.588018
vn 0.908920 -0.372680 -0.187013
vn 0.908920 0.372680 -0.187014
vn 0.907700 0.293258 -0.300133
vn 0.907701 -0.293258 -0.300132
vn 0.259979 -0.874432 0.409610
vn 0.470096 -0.882475 0.015736
vn 0.658313 -0.741883 0.127414
vn 0.418266 -0.729555 0.541113
vn 0.259978 0.874431 -0.409613
vn 0.470096 0.882475 -0.015735
vn 0.658312 0.741883 -0.127413
vn 0.418266 0.729554 -0.541115
vn 0.908920 0.372680 0.187014
vn 0.908920 -0.372680 0.187013
vn 0.907701 -0.293258 0.300132
vn 0.907700 0.293258 0.300134
vn 0.650304 -0.375707 0.660264
vn 0.650304 0.375705 0.660266
vn 0.756103 0.287301 0.588019
vn 0.756104 -0.287301 0.588018
vn -0.232784 -0.881713 0.410358
vn 0.232784 -0.881713 0.410357
vn 0.256846 -0.738722 0.623153
vn -0.256846 -0.738722 0.623153
vn 0.470096 0.882475 0.015735
vn 0.259978 0.874431 0.409613
vn 0.418266 0.729555 0.541113
vn 0.658313 0.741883 0.127413
vn 0.331738 0.363558 0.870503
vn 0.331739 -0.363560 0.870502
vn 0.189428 -0.275525 0.942445
vn 0.189428 0.275524 0.942445
vn -0.331737 -0.363558 0.870503
vn -0.331739 0.363560 0.870502
vn -0.189428 0.275523 0.942446
vn -0.189428 -0.275525 0.942445
vn -0.914950 -0.270829 -0.299194
vn -0.914951 0.270829 -0.299194
vn -0.647178 0.266398 -0.714278
vn -0.647178 -0.266398 -0.714278
vn 0.232784 0.881712 0.410361
vn -0.232784 0.881712 0.410360
vn -0.256845 0.738722 0.623153
vn 0.256846 0.738723 0.623153
vn -0.650305 0.375707 0.660264
vn -0.650303 -0.375705 0.660266
vn -0.756104 -0.287301 0.588018
vn -0.756103 0.287300 0.588019
vn -0.650304 -0.375706 -0.660265
vn -0.650304 0.375706 -0.660264
vn -0.756103 0.287301 -0.588019
vn -0.756104 -0.287301 -0.588018
vn -0.078608 -0.988195 -0.131498
vn 0.078608 -0.988195 -0.131498
vn 0.148113 -0.988970 -0.000000
vn 0.078607 -0.988195 0.131498
vn -0.470096 0.882475 -0.015734
vn -0.259979 0.874431 -0.409611
vn -0.418266 0.729554 -0.541114
vn -0.658313 0.741883 -0.127414
vn -0.470096 -0.882475 -0.015736
vn -0.148113 -0.988970 0.000000
vn -0.470096 -0.882475 0.015737
vn -0.470096 0.882475 -0.015734
vn -0.908920 0.372680 0.187014
vn -0.908920 0.372680 -0.187014
vn -0.470096 0.882475 0.015734
vn -0.259978 -0.874431 -0.409611
vn -0.331739 -0.363559 -0.870502
vn -0.650304 -0.375706 -0.660265
vn -0.232784 -0.881713 -0.410358
vn -0.259979 0.874431 -0.409611
vn -0.078608 0.988195 -0.131498
vn -0.232784 0.881712 -0.410360
vn 0.232784 -0.881713 -0.410357
vn 0.650305 -0.375707 -0.660264
vn 0.331739 -0.363560 -0.870502
vn 0.259979 -0.874432 -0.409610
vn 0.232784 0.881712 -0.410361
vn 0.078607 0.988194 -0.131502
vn 0.259978 0.874431 -0.409613
vn 0.470096 -0.882475 -0.015736
vn 0.908920 -0.372680 0.187013
vn 0.908920 -0.372680 -0.187013
vn 0.470096 -0.882475 0.015736
vn 0.470096 0.882475 -0.015735
vn 0.148113 0.988970 0.000000
vn 0.470096 0.882475 0.015735
vn 0.259979 -0.874432 0.409610
vn 0.331739 -0.363560 0.870502
vn 0.650304 -0.375707 0.660264
vn 0.232784 -0.881713 0.410357
vn 0.259978 0.874431 0.409613
vn 0.078607 0.988194 0.131501
vn 0.232784 0.881712 0.410361
vn -0.232784 -0.881713 0.410358
vn -0.650303 -0.375705 0.660266
vn -0.331737 -0.363558 0.870503
vn -0.259978 -0.874431 0.409612
vn -0.232784 0.881712 0.410360
vn -0.078607 0.988194 0.131501
vn -0.259979 0.874431 0.409611
vn -0.907701 -0.293258 0.300133
vn -0.914950 -0.270829 -0.299194
vn -0.658313 -0.741883 -0.127414
vn -0.907700 0.293258 0.300133
vn -0.658313 0.741883 -0.127414
vn -0.914951 0.270829 -0.299194
vn -0.418266 0.729554 -0.541114
vn -0.189428 0.275524 -0.942445
vn -0.647178 0.266398 -0.714278
vn -0.418266 -0.729555 -0.541113
vn -0.647178 -0.266398 -0.714278
vn -0.189428 -0.275525 -0.942445
vn -0.756104 -0.287301 -0.588018
vn -0.267016 -0.268581 -0.925509
vn -0.256846 -0.738722 -0.623153
vn -0.756103 0.287301 -0.588019
vn -0.256845 0.738722 -0.623153
vn -0.267016 0.268584 -0.925508
vn 0.256846 0.738723 -0.623152
vn 0.756104 0.287301 -0.588018
vn 0.267017 0.268584 -0.925508
vn 0.256846 -0.738722 -0.623153
vn 0.267016 -0.268582 -0.925509
vn 0.756104 -0.287301 -0.588018
vn 0.189428 -0.275525 -0.942445
vn 0.647177 -0.266398 -0.714278
vn 0.418266 -0.729555 -0.541113
vn 0.189427 0.275523 -0.942446
vn 0.418266 0.729554 -0.541115
vn 0.647177 0.266398 -0.714278
vn 0.658312 0.741883 -0.127413
vn 0.907700 0.293258 0.300134
vn 0.914950 0.270830 -0.299194
vn 0.658312 -0.741883 -0.127415
vn 0.914950 -0.270830 -0.299194
vn 0.907701 -0.293258 0.300132
vn 0.907701 -0.293258 -0.300132
vn 0.914951 -0.270829 0.299194
vn 0.658313 -0.741883 0.127414
vn 0.907700 0.293258 -0.300133
vn 0.658313 0.741883 0.127413
vn 0.914951 0.270829 0.299194
vn 0.418266 0.729555 0.541113
vn 0.189428 0.275524 0.942445
vn 0.647178 0.266398 0.714277
vn 0.418266 -0.729555 0.541113
vn 0.647178 -0.266398 0.714278
vn 0.189428 -0.275525 0.942445
vn 0.756104 -0.287301 0.588018
vn 0.267016 -0.268581 0.925509
vn 0.256846 -0.738722 0.623153
vn 0.756103 0.287301 0.588019
vn 0.256846 0.738723 0.623153
vn 0.267016 0.268584 0.925508
vn -0.256845 0.738722 0.623153
vn -0.756103 0.287300 0.588019
vn -0.267016 0.268583 0.925508
vn -0.256846 -0.738722 0.623153
vn -0.267016 -0.268582 0.925509
vn -0.756104 -0.287301 0.588018
vn -0.189428 -0.275525 0.942445
vn -0.647178 -0.266398 0.714278
vn -0.418266 -0.729554 0.541114
vn -0.189428 0.275523 0.942446
vn -0.418266 0.729554 0.541115
vn -0.647178 0.266398 0.714278
vn -0.658313 0.741883 0.127414
vn -0.907700 0.293258 -0.300134
vn -0.914951 0.270830 0.299194
vn -0.658312 -0.741883 0.127415
vn -0.914950 -0.270830 0.299194
vn -0.907701 -0.293258 -0.300132
vn -0.470096 -0.882475 -0.015736
vn -0.259978 -0.874431 -0.409611
vn -0.078608 -0.988195 -0.131498
vn -0.148113 -0.988970 0.000000
vn -0.259979 0.874431 -0.409611
vn -0.470096 0.882475 -0.015734
vn -0.148113 0.988970 0.000000
vn -0.078608 0.988195 -0.131498
vn -0.908920 -0.372680 -0.187013
vn -0.908920 0.372680 -0.187014
vn -0.908920 0.372680 0.187014
vn -0.908920 -0.372680 0.187013
vn -0.650304 0.375706 -0.660264
vn -0.650304 -0.375706 -0.660265
vn -0.331739 -0.363559 -0.870502
vn -0.331739 0.363559 -0.870502
vn -0.232784 -0.881713 -0.410358
vn 0.232784 -0.881713 -0.410357
vn 0.078608 -0.988195 -0.131498
vn -0.078608 -0.988195 -0.131498
vn 0.232784 0.881712 -0.410361
vn -0.232784 0.881712 -0.410360
vn -0.078608 0.988195 -0.131498
vn 0.078607 0.988194 -0.131502
vn 0.331738 0.363558 -0.870503
vn 0.331739 -0.363560 -0.870502
vn 0.650305 -0.375707 -0.660264
vn 0.650304 0.375706 -0.660265
vn 0.259979 -0.874432 -0.409610
vn 0.470096 -0.882475 -0.015736
vn 0.148113 -0.988970 -0.000000
vn 0.078608 -0.988195 -0.131498
vn 0.470096 0.882475 -0.015735
vn 0.259978 0.874431 -0.409613
vn 0.078607 0.988194 -0.131502
vn 0.148113 0.988970 0.000000
vn 0.908920 0.372680 -0.187014
vn 0.908920 -0.372680 -0.187013
vn 0.908920 -0.372680 0.187013
vn 0.908920 0.372680 0.187014
vn 0.470096 -0.882475 0.015736
vn 0.259979 -0.874432 0.409610
vn 0.078607 -0.988195 0.131498
vn 0.148113 -0.988970 -0.000000
vn 0.259978 0.874431 0.409613
vn 0.470096 0.882475 0.015735
vn 0.148113 0.988970 0.000000
vn 0.078607 0.988194 0.131501
vn 0.650304 0.375705 0.660266
vn 0.650304 -0.375707 0.660264
vn 0.331739 -0.363560 0.870502
vn 0.331738 0.363558 0.870503
vn 0.232784 -0.881713 0.410357
vn -0.232784 -0.881713 0.410358
vn -0.078607 -0.988195 0.131499
vn 0.078607 -0.988195 0.131498
vn -0.232784 0.881712 0.410360
vn 0.232784 0.881712 0.410361
vn 0.078607 0.988194 0.131501
vn -0.078607 0.988194 0.131501
vn -0.331739 0.363560 0.870502
vn -0.331737 -0.363558 0.870503
vn -0.650303 -0.375705 0.660266
vn -0.650305 0.375707 0.660264
vn -0.259978 -0.874431 0.409612
vn -0.470096 -0.882475 0.015737
vn -0.148113 -0.988970 0.000000
vn -0.078607 -0.988195 0.131499
vn -0.470096 0.882475 0.015734
vn -0.259979 0.874431 0.409611
vn -0.078607 0.988194 0.131501
vn -0.148113 0.988970 0.000000
vn -0.907701 -0.293258 0.300133
vn -0.907700 0.293258 0.300133
vn -0.914951 0.270829 -0.299194
vn -0.914950 -0.270829 -0.299194
vn -0.914950 -0.270829 -0.299194
vn -0.647178 -0.266398 -0.714278
vn -0.418266 -0.729555 -0.541113
vn -0.658313 -0.741883 -0.127414
vn -0.647178 0.266398 -0.714278
vn -0.914951 0.270829 -0.299194
vn -0.658313 0.741883 -0.127414
vn -0.418266 0.729554 -0.541114
vn -0.189428 0.275524 -0.942445
vn -0.189428 -0.275525 -0.942445
vn -0.647178 -0.266398 -0.714278
vn -0.647178 0.266398 -0.714278
vn -0.658313 -0.741883 -0.127414
vn -0.470096 -0.882475 -0.015736
vn -0.908920 -0.372680 0.187013
vn -0.907701 -0.293258 0.300133
vn -0.470096 0.882475 -0.015734
vn -0.658313 0.741883 -0.127414
vn -0.907700 0.293258 0.300133
vn -0.908920 0.372680 0.187014
vn -0.331739 0.363559 -0.870502
vn -0.189428 0.275524 -0.942445
vn -0.418266 0.729554 -0.541114
vn -0.259979 0.874431 -0.409611
vn -0.259978 -0.874431 -0.409611
vn -0.418266 -0.729555 -0.541113
vn -0.189428 -0.275525 -0.942445
vn -0.331739 -0.363559 -0.870502
vn -0.267016 0.268584 -0.925508
vn -0.267016 -0.268581 -0.925509
vn -0.756104 -0.287301 -0.588018
vn -0.756103 0.287301 -0.588019
vn -0.267016 -0.268581 -0.925509
vn 0.267016 -0.268582 -0.925509
vn 0.256846 -0.738722 -0.623153
vn -0.256846 -0.738722 -0.623153
vn 0.267017 0.268584 -0.925508
vn -0.267016 0.268584 -0.925508
vn -0.256845 0.738722 -0.623153
vn 0.256846 0.738723 -0.623152
vn 0.756104 0.287301 -0.588018
vn 0.756104 -0.287301 -0.588018
vn 0.267016 -0.268582 -0.925509
vn 0.267017 0.268584 -0.925508
vn -0.256846 -0.738722 -0.623153
vn -0.232784 -0.881713 -0.410358
vn -0.650304 -0.375706 -0.660265
vn -0.756104 -0.287301 -0.588018
vn -0.232784 0.881712 -0.410360
vn -0.256845 0.738722 -0.623153
vn -0.756103 0.287301 -0.588019
vn -0.650304 0.375706 -0.660264
vn 0.650304 0.375706 -0.660265
vn 0.756104 0.287301 -0.588018
vn 0.256846 0.738723 -0.623152
vn 0.232784 0.881712 -0.410361
vn 0.232784 -0.881713 -0.410357
vn 0.256846 -0.738722 -0.623153
vn 0.756104 -0.287301 -0.588018
vn 0.650305 -0.375707 -0.660264
vn 0.647177 0.266398 -0.714278
vn 0.647177 -0.266398 -0.714278
vn 0.189428 -0.275525 -0.942445
vn 0.189427 0.275523 -0.942446
vn 0.647177 -0.266398 -0.714278
vn 0.914950 -0.270830 -0.299194
vn 0.658312 -0.741883 -0.127415
vn 0.418266 -0.729555 -0.541113
vn 0.914950 0.270830 -0.299194
vn 0.647177 0.266398 -0.714278
vn 0.418266 0.729554 -0.541115
vn 0.658312 0.741883 -0.127413
vn 0.907700 0.293258 0.300134
vn 0.907701 -0.293258 0.300132
vn 0.914950 -0.270830 -0.299194
vn 0.914950 0.270830 -0.299194
vn 0.418266 -0.729555 -0.541113
vn 0.259979 -0.874432 -0.409610
vn 0.331739 -0.363560 -0.870502
vn 0.189428 -0.275525 -0.942445
vn 0.259978 0.874431 -0.409613
vn 0.418266 0.729554 -0.541115
vn 0.189427 0.275523 -0.942446
vn 0.331738 0.363558 -0.870503
vn 0.908920 0.372680 0.187014
vn 0.907700 0.293258 0.300134
vn 0.658312 0.741883 -0.127413
vn 0.470096 0.882475 -0.015735
vn 0.470096 -0.882475 -0.015736
vn 0.658312 -0.741883 -0.127415
vn 0.907701 -0.293258 0.300132
vn 0.908920 -0.372680 0.187013
vn 0.914951 0.270829 0.299194
vn 0.914951 -0.270829 0.299194
vn 0.907701 -0.293258 -0.300132
vn 0.907700 0.293258 -0.300133
vn 0.914951 -0.270829 0.299194
vn 0.647178 -0.266398 0.714278
vn 0.418266 -0.729555 0.541113
vn 0.658313 -0.741883 0.127414
vn 0.647178 0.266398 0.714277
vn 0.914951 0.270829 0.299194
vn 0.658313 0.741883 0.127413
vn 0.418266 0.729555 0.541113
vn 0.189428 0.275524 0.942445
vn 0.189428 -0.275525 0.942445
vn 0.647178 -0.266398 0.714278
vn 0.647178 0.266398 0.714277
vn 0.658313 -0.741883 0.127414
vn 0.470096 -0.882475 0.015736
vn 0.908920 -0.372680 -0.187013
vn 0.907701 -0.293258 -0.300132
vn 0.470096 0.882475 0.015735
vn 0.658313 0.741883 0.127413
vn 0.907700 0.293258 -0.300133
vn 0.908920 0.372680 -0.187014
vn 0.331738 0.363558 0.870503
vn 0.189428 0.275524 0.942445
vn 0.418266 0.729555 0.541113
vn 0.259978 0.874431 0.409613
vn 0.259979 -0.874432 0.409610
vn 0.418266 -0.729555 0.541113
vn 0.189428 -0.275525 0.942445
vn 0.331739 -0.363560 0.870502
vn 0.267016 0.268584 0.925508
vn 0.267016 -0.268581 0.925509
vn 0.756104 -0.287301 0.588018
vn 0.756103 0.287301 0.588019
vn 0.267016 -0.268581 0.925509
vn -0.267016 -0.268582 0.925509
vn -0.256846 -0.738722 0.623153
vn 0.256846 -0.738722 0.623153
vn -0.267016 0.268583 0.925508
vn 0.267016 0.268584 0.925508
vn 0.256846 0.738723 0.623153
vn -0.256845 0.738722 0.623153
vn -0.756103 0.287300 0.588019
vn -0.756104 -0.287301 0.588018
vn -0.267016 -0.268582 0.925509
vn -0.267016 0.268583 0.925508
vn 0.256846 -0.738722 0.623153
vn 0.232784 -0.881713 0.410357
vn 0.650304 -0.375707 0.660264
vn 0.756104 -0.287301 0.588018
vn 0.232784 0.881712 0.410361
vn 0.256846 0.738723 0.623153
vn 0.756103 0.287301 0.588019
vn 0.650304 0.375705 0.660266
vn -0.650305 0.375707 0.660264
vn -0.756103 0.287300 0.588019
vn -0.256845 0.738722 0.623153
vn -0.232784 0.881712 0.410360
vn -0.232784 -0.881713 0.410358
vn -0.256846 -0.738722 0.623153
vn -0.756104 -0.287301 0.588018
vn -0.650303 -0.375705 0.660266
vn -0.647178 0.266398 0.714278
vn -0.647178 -0.266398 0.714278
vn -0.189428 -0.275525 0.942445
vn -0.189428 0.275523 0.942446
vn -0.647178 -0.266398 0.714278
vn -0.914950 -0.270830 0.299194
vn -0.658312 -0.741883 0.127415
vn -0.418266 -0.729554 0.541114
vn -0.914951 0.270830 0.299194
vn -0.647178 0.266398 0.714278
vn -0.418266 0.729554 0.541115
vn -0.658313 0.741883 0.127414
vn -0.914950 -0.270830 0.299194
vn -0.914951 0.270830 0.299194
vn -0.907700 0.293258 -0.300134
vn -0.907701 -0.293258 -0.300132
vn -0.418266 -0.729554 0.541114
vn -0.259978 -0.874431 0.409612
vn -0.331737 -0.363558 0.870503
vn -0.189428 -0.275525 0.942445
vn -0.259979 0.874431 0.409611
vn -0.418266 0.729554 0.541115
vn -0.189428 0.275523 0.942446
vn -0.331739 0.363560 0.870502
vn -0.908920 0.372680 -0.187014
vn -0.907700 0.293258 -0.300134
vn -0.658313 0.741883 0.127414
vn -0.470096 0.882475 0.015734
vn -0.470096 -0.882475 0.015737
vn -0.658312 -0.741883 0.127415
vn -0.907701 -0.293258 -0.300132
vn -0.908920 -0.372680 -0.187013
vn -0.259978 -0.874431 -0.409611
vn -0.470096 -0.882475 -0.015736
vn -0.658313 -0.741883 -0.127414
vn -0.418266 -0.729555 -0.541113
vn -0.148113 0.988970 0.000000
vn -0.470096 0.882475 -0.015734
vn -0.470096 0.882475 0.015734
vn -0.650305 0.375707 0.660264
vn -0.232784 0.881712 0.410360
vn -0.259979 0.874431 0.409611
vn -0.331739 0.363560 0.870502
vn 0.331738 0.363558 0.870503
vn 0.259978 0.874431 0.409613
vn 0.232784 0.881712 0.410361
vn 0.650304 0.375705 0.660266
vn 0.908920 0.372680 0.187014
vn 0.470096 0.882475 -0.015735
vn 0.470096 0.882475 0.015735
vn 0.908920 0.372680 -0.187014
vn 0.650304 0.375706 -0.660265
vn 0.232784 0.881712 -0.410361
vn 0.259978 0.874431 -0.409613
vn 0.331738 0.363558 -0.870503
vn -0.331739 0.363559 -0.870502
vn -0.259979 0.874431 -0.409611
vn -0.232784 0.881712 -0.410360
vn -0.650304 0.375706 -0.660264
vn -0.078608 -0.988195 -0.131498
vn -0.259978 -0.874431 -0.409611
vn -0.232784 -0.881713 -0.410358
vn -0.908920 -0.372680 0.187013
vn -0.470096 -0.882475 -0.015736
vn -0.470096 -0.882475 0.015737
vn -0.908920 -0.372680 -0.187013
vn -0.078607 -0.988195 0.131499
vn -0.232784 -0.881713 0.410358
vn -0.259978 -0.874431 0.409612
vn 0.078607 -0.988195 0.131498
vn 0.259979 -0.874432 0.409610
vn 0.232784 -0.881713 0.410357
vn 0.148113 -0.988970 -0.000000
vn 0.470096 -0.882475 -0.015736
vn 0.470096 -0.882475 0.015736
vn 0.078608 -0.988195 -0.131498
vn 0.232784 -0.881713 -0.410357
vn 0.259979 -0.874432 -0.409610
vn 0.078607 0.988194 -0.131502
vn -0.078608 0.988195 -0.131498
vn 0.078607 0.988194 0.131501
vn 0.148113 0.988970 0.000000
vn -0.148113 -0.988970 0.000000
vn -0.078608 -0.988195 -0.131498
vn 0.078607 -0.988195 0.131498
vn -0.078607 -0.988195 0.131499
s off
g valveFBXASC046small4
usemtl valveFBXASC046small1SG
f 1/106/1 22/45/2 21/75/3 3/139/4
f 3/139/5 21/75/6 23/171/7 5/128/8
f 5/128/9 23/171/10 24/46/11 7/183/12
f 7/183/13 24/46/14 25/116/15 9/16/16
f 9/16/17 25/116/18 26/114/19 11/35/20
f 11/35/21 26/114/22 27/22/23 13/43/24
f 13/43/25 27/22/26 28/24/27 15/61/28
f 15/61/29 28/24/30 29/175/31 17/5/32
f 4/181/33 2/29/34 31/151/35 32/2/36
f 17/5/37 29/175/38 30/6/39 19/162/40
f 19/162/41 30/6/42 22/53/43 1/71/44
f 2/29/45 4/181/46 21/75/47 22/45/48
f 4/181/49 6/20/50 23/171/51 21/75/52
f 6/20/53 8/89/54 24/46/55 23/171/56
f 8/89/57 10/48/58 25/116/59 24/46/60
f 10/48/61 12/44/62 26/114/63 25/116/64
f 12/44/65 14/25/66 27/22/67 26/114/68
f 14/25/69 16/186/70 28/24/71 27/22/72
f 16/186/73 18/138/74 29/175/75 28/24/76
f 18/138/77 20/141/78 30/6/79 29/175/80
f 20/141/81 2/81/82 22/53/83 30/6/84
f 39/144/85 38/82/86 48/173/87 49/40/88
f 18/138/89 16/186/90 38/82/91 39/144/92
f 12/44/93 10/48/94 35/49/95 36/167/96
f 6/20/97 4/181/98 32/2/99 33/84/100
f 20/141/101 18/138/102 39/144/103 40/174/104
f 14/25/105 12/44/106 36/167/107 37/136/108
f 8/89/109 6/20/110 33/84/111 34/149/112
f 2/81/113 20/141/114 40/174/115 31/147/116
f 16/186/117 14/25/118 37/136/119 38/82/120
f 10/48/121 8/89/122 34/149/123 35/49/124
f 46/47/125 45/168/126 65/102/127 66/54/128
f 36/167/129 35/49/130 45/168/131 46/47/132
f 33/84/133 32/2/134 42/88/135 43/182/136
f 40/174/137 39/144/138 49/40/139 50/177/140
f 37/136/141 36/167/142 46/47/143 47/50/144
f 34/149/145 33/84/146 43/182/147 44/9/148
f 31/147/149 40/174/150 50/177/151 41/30/152
f 38/82/153 37/136/154 47/50/155 48/173/156
f 35/49/157 34/149/158 44/9/159 45/168/160
f 32/2/161 31/151/162 41/134/163 42/88/164
f 43/182/165 42/88/166 61/65/167 63/18/168
f 50/177/169 49/40/170 69/79/171 70/137/172
f 47/50/173 46/47/174 66/54/175 67/23/176
f 44/9/177 43/182/178 63/18/179 64/62/180
f 41/30/181 50/177/182 70/137/183 62/132/184
f 48/173/185 47/50/186 67/23/187 68/122/188
f 45/168/189 44/9/190 64/62/191 65/102/192
f 42/88/193 41/134/194 62/163/195 61/65/196
f 49/40/197 48/173/198 68/122/199 69/79/200
f 56/74/201 55/107/202 75/56/203 76/92/204
f 52/111/205 51/152/206 61/65/207 62/163/208
f 51/152/209 53/12/210 63/18/211 61/65/212
f 53/12/213 54/93/214 64/62/215 63/18/216
f 54/93/217 55/107/218 65/102/219 64/62/220
f 55/107/221 56/74/222 66/54/223 65/102/224
f 56/74/225 57/135/226 67/23/227 66/54/228
f 57/135/229 58/68/230 68/122/231 67/23/232
f 58/68/233 59/39/234 69/79/235 68/122/236
f 59/39/237 60/123/238 70/137/239 69/79/240
f 60/123/241 52/21/242 62/132/243 70/137/244
f 53/12/245 51/152/246 71/180/247 73/72/248
f 60/123/249 59/39/250 79/131/251 80/133/252
f 57/135/253 56/74/254 76/92/255 77/153/256
f 54/93/257 53/12/258 73/72/259 74/130/260
f 52/21/261 60/123/262 80/133/263 72/118/264
f 58/68/265 57/135/266 77/153/267 78/143/268
f 55/107/269 54/93/270 74/130/271 75/56/272
f 51/152/273 52/111/274 72/94/275 71/180/276
f 59/39/277 58/68/278 78/143/279 79/131/280
f 81/126/281 82/120/282 84/38/283 83/184/284
f 83/184/285 84/38/286 86/37/287 85/13/288
f 85/13/289 86/37/290 88/51/291 87/115/292
f 87/115/293 88/51/294 90/159/295 89/80/296
f 89/80/297 90/159/298 92/176/299 91/155/300
f 91/95/301 92/121/302 94/90/303 93/97/304
f 93/97/305 94/90/306 96/77/307 95/104/308
f 95/104/309 96/77/310 98/160/311 97/109/312
f 97/109/313 98/160/314 100/57/315 99/85/316
f 99/85/317 100/57/318 82/120/319 81/126/320
f 81/126/321 83/184/322 122/129/323 121/31/324
f 107/3/325 108/78/326 148/58/327 147/105/328
f 109/1/329 108/78/330 138/73/331 139/110/332
f 95/104/333 97/109/334 129/108/335 128/156/336
f 85/13/337 87/115/338 124/66/339 123/41/340
f 108/78/341 107/3/342 137/69/343 138/73/344
f 99/85/345 81/126/346 121/31/347 130/99/348
f 89/80/349 91/155/350 126/165/351 125/140/352
f 107/3/353 106/117/354 136/42/355 137/69/356
f 106/4/357 105/32/358 135/125/359 136/87/360
f 93/97/361 95/104/362 128/156/363 127/178/364
f 113/103/365 114/172/366 155/169/367 154/124/368
f 104/86/369 105/32/370 145/11/371 144/60/372
f 101/157/373 102/146/374 142/187/375 141/185/376
f 108/78/377 109/1/378 149/148/379 148/58/380
f 105/32/381 106/4/382 146/100/383 145/11/384
f 102/146/385 103/113/386 143/170/387 142/187/388
f 109/1/389 110/161/390 150/26/391 149/148/392
f 106/117/393 107/3/394 147/105/395 146/179/396
f 103/113/397 104/86/398 144/60/399 143/170/400
f 110/161/401 101/157/402 141/185/403 150/26/404
f 127/178/405 128/156/406 138/73/407 137/69/408
f 126/10/409 127/178/410 137/69/411 136/42/412
f 125/140/413 126/165/414 136/87/415 135/125/416
f 124/66/417 125/140/418 135/125/419 134/64/420
f 121/31/421 122/129/422 132/119/423 131/76/424
f 123/41/425 124/66/426 134/64/427 133/14/428
f 122/129/429 123/41/430 133/14/431 132/119/432
f 130/99/433 121/31/434 131/76/435 140/142/436
f 129/108/437 130/99/438 140/142/439 139/110/440
f 128/156/441 129/108/442 139/110/443 138/73/444
f 102/146/445 101/157/446 131/76/447 132/119/448
f 110/161/449 109/1/450 139/110/451 140/142/452
f 91/95/453 93/97/454 127/178/455 126/10/456
f 103/113/457 102/146/458 132/119/459 133/14/460
f 101/157/461 110/161/462 140/142/463 131/76/464
f 104/86/465 103/113/466 133/14/467 134/64/468
f 87/115/469 89/80/470 125/140/471 124/66/472
f 97/109/473 99/85/474 130/99/475 129/108/476
f 105/32/477 104/86/478 134/64/479 135/125/480
f 83/184/481 85/13/482 123/41/483 122/129/484
f 112/33/485 111/70/486 141/185/487 142/187/488
f 113/103/489 112/33/490 142/187/491 143/170/492
f 114/172/493 113/103/494 143/170/495 144/60/496
f 115/34/497 114/172/498 144/60/499 145/11/500
f 116/158/501 115/34/502 145/11/503 146/100/504
f 117/112/505 116/150/506 146/179/507 147/105/508
f 118/63/509 117/112/510 147/105/511 148/58/512
f 119/98/513 118/63/514 148/58/515 149/148/516
f 120/59/517 119/98/518 149/148/519 150/26/520
f 111/70/521 120/59/522 150/26/523 141/185/524
f 120/59/525 111/70/526 152/91/527 161/8/528
f 117/112/529 118/63/530 159/19/531 158/55/532
f 114/172/533 115/34/534 156/52/535 155/169/536
f 111/70/537 112/33/538 153/127/539 152/91/540
f 118/63/541 119/98/542 160/7/543 159/19/544
f 115/34/545 116/158/546 157/164/547 156/52/548
f 112/33/549 113/103/550 154/124/551 153/127/552
f 119/98/553 120/59/554 161/8/555 160/7/556
f 116/150/557 117/112/558 158/55/559 157/17/560
f 151/27/561 152/36/562 153/28/563
f 151/27/564 153/28/565 154/15/566
f 151/27/567 154/15/568 155/166/569
f 151/27/570 155/166/571 156/101/572
f 151/27/573 156/101/574 157/145/575
f 151/27/576 157/145/577 158/67/578
f 151/27/579 158/67/580 159/96/581
f 151/27/582 159/96/583 160/154/584
f 151/27/585 160/154/586 161/83/587
f 151/27/588 161/83/589 152/36/590
usemtl cylinderFBXASC046small1SG
f 405/188/591 406/189/592 177/190/593 176/191/594
f 176/191/595 177/190/596 179/192/597 178/193/598
f 178/193/599 179/192/600 408/194/601 409/195/602
f 412/196/603 413/197/604 183/198/605 182/199/606
f 182/199/607 183/198/608 185/200/609 184/201/610
f 184/201/611 185/200/612 414/202/613 415/203/614
f 413/197/615 560/204/616 181/205/617 411/206/618
f 418/207/619 419/208/620 189/209/621 188/210/622
f 188/210/623 189/209/624 191/211/625 190/212/626
f 190/212/627 191/211/628 420/213/629 421/214/630
f 180/215/631 556/216/632 412/196/633 410/217/634
f 180/215/635 551/218/636 523/219/637 165/220/638
f 424/221/639 425/222/640 195/223/641 194/224/642
f 194/224/643 195/223/644 197/225/645 196/226/646
f 196/226/647 197/225/648 426/227/649 427/228/650
f 430/229/651 524/230/652 595/231/653 620/232/654
f 432/233/655 527/234/656 165/235/657 431/236/658
f 429/237/659 428/238/660 404/239/661 405/188/662
f 163/240/663 429/237/664 405/188/665 176/191/666
f 164/241/667 163/240/668 176/191/669 178/193/670
f 430/229/671 164/241/672 178/193/673 409/195/674
f 431/236/675 430/229/676 409/195/677 410/217/678
f 432/233/679 431/236/680 410/217/681 412/196/682
f 166/242/683 432/233/684 412/196/685 182/199/686
f 167/243/687 166/242/688 182/199/689 184/201/690
f 433/244/691 167/243/692 184/201/693 415/203/694
f 434/245/695 433/244/696 415/203/697 416/246/698
f 435/247/699 434/245/700 416/246/701 418/207/702
f 169/248/703 435/247/704 418/207/705 188/210/706
f 170/249/707 169/248/708 188/210/709 190/212/710
f 436/250/711 170/249/712 190/212/713 421/214/714
f 437/251/715 436/250/716 421/214/717 422/252/718
f 438/253/719 437/251/720 422/252/721 424/221/722
f 172/254/723 438/253/724 424/221/725 194/224/726
f 173/255/727 172/254/728 194/224/729 196/226/730
f 439/256/731 173/255/732 196/226/733 427/228/734
f 428/238/735 439/256/736 427/228/737 404/239/738
f 248/257/739 245/258/740 460/259/741 462/260/742
f 269/261/743 266/262/744 474/263/745 476/264/746
f 440/265/747 443/266/748 281/267/749 279/268/750
f 263/269/751 260/270/752 470/271/753 473/272/754
f 275/273/755 272/274/756 479/275/757 446/276/758
f 242/277/759 239/278/760 456/279/761 459/280/762
f 257/281/763 254/282/764 466/283/765 469/284/766
f 272/274/767 269/261/768 476/264/769 479/275/770
f 236/285/771 233/286/772 452/287/773 455/288/774
f 251/289/775 248/257/776 462/260/777 465/290/778
f 423/291/779 420/292/780 261/293/781 264/294/782
f 278/295/783 282/296/784 199/297/785 198/298/786
f 406/299/787 407/300/788 221/301/789 219/302/790
f 245/258/791 242/277/792 459/280/793 460/259/794
f 260/270/795 257/281/796 469/284/797 470/271/798
f 239/278/799 236/285/800 455/288/801 456/279/802
f 254/282/803 251/289/804 465/290/805 466/283/806
f 266/262/807 263/269/808 473/272/809 474/263/810
f 447/303/811 478/304/812 333/305/813 336/306/814
f 233/286/815 230/307/816 451/308/817 452/287/818
f 317/309/819 314/310/820 210/311/821 211/312/822
f 185/313/823 183/314/824 240/315/825 243/316/826
f 177/317/827 406/299/828 219/302/829 225/318/830
f 425/319/831 423/291/832 264/294/833 267/320/834
f 414/321/835 185/313/836 243/316/837 246/322/838
f 222/323/839 275/273/840 446/276/841 442/324/842
f 195/325/843 425/319/844 267/320/845 270/326/846
f 417/327/847 414/321/848 246/322/849 249/328/850
f 179/329/851 177/317/852 225/318/853 228/330/854
f 197/331/855 195/325/856 270/326/857 273/332/858
f 419/333/859 417/327/860 249/328/861 252/334/862
f 408/335/863 179/329/864 228/330/865 231/336/866
f 426/337/867 197/331/868 273/332/869 276/338/870
f 189/339/871 419/333/872 252/334/873 255/340/874
f 411/341/875 408/335/876 231/336/877 234/342/878
f 407/343/879 426/337/880 276/338/881 221/344/882
f 191/345/883 189/339/884 255/340/885 258/346/886
f 413/347/887 411/341/888 234/342/889 237/348/890
f 420/292/891 191/345/892 258/346/893 261/293/894
f 183/314/895 413/347/896 237/348/897 240/315/898
f 200/349/899 198/298/900 343/350/901 345/351/902
f 296/352/903 293/353/904 203/354/905 204/355/906
f 287/356/907 284/357/908 200/349/909 201/358/910
f 320/359/911 317/309/912 211/312/913 212/360/914
f 299/361/915 296/352/916 204/355/917 205/362/918
f 323/363/919 320/359/920 212/360/921 213/364/922
f 302/365/923 299/361/924 205/362/925 206/366/926
f 326/367/927 323/363/928 213/364/929 214/368/930
f 305/369/931 302/365/932 206/366/933 207/370/934
f 284/357/935 278/295/936 198/298/937 200/349/938
f 329/371/939 326/367/940 214/368/941 215/372/942
f 308/373/943 305/369/944 207/370/945 208/374/946
f 282/296/947 335/375/948 217/376/949 199/297/950
f 332/377/951 329/371/952 215/372/953 216/378/954
f 311/379/955 308/373/956 208/374/957 209/380/958
f 290/381/959 287/356/960 201/358/961 202/382/962
f 335/375/963 332/377/964 216/378/965 217/376/966
f 314/310/967 311/379/968 209/380/969 210/311/970
f 293/353/971 290/381/972 202/382/973 203/354/974
f 219/302/975 221/301/976 223/383/977 220/384/978
f 220/384/979 223/383/980 222/385/981 218/386/982
f 225/318/983 219/302/984 220/384/985 226/387/986
f 226/387/987 220/384/988 218/386/989 224/388/990
f 228/330/991 225/318/992 226/387/993 229/389/994
f 229/389/995 226/387/996 224/388/997 227/390/998
f 231/336/999 228/330/1000 229/389/1001 232/391/1002
f 232/391/1003 229/389/1004 227/390/1005 230/307/1006
f 234/342/1007 231/336/1008 232/391/1009 235/392/1010
f 235/392/1011 232/391/1012 230/307/1013 233/286/1014
f 237/348/1015 234/342/1016 235/392/1017 238/393/1018
f 238/393/1019 235/392/1020 233/286/1021 236/285/1022
f 240/315/1023 237/348/1024 238/393/1025 241/394/1026
f 241/394/1027 238/393/1028 236/285/1029 239/278/1030
f 243/316/1031 240/315/1032 241/394/1033 244/395/1034
f 244/395/1035 241/394/1036 239/278/1037 242/277/1038
f 246/322/1039 243/316/1040 244/395/1041 247/396/1042
f 247/396/1043 244/395/1044 242/277/1045 245/258/1046
f 249/328/1047 246/322/1048 247/396/1049 250/397/1050
f 250/397/1051 247/396/1052 245/258/1053 248/257/1054
f 252/334/1055 249/328/1056 250/397/1057 253/398/1058
f 253/398/1059 250/397/1060 248/257/1061 251/289/1062
f 255/340/1063 252/334/1064 253/398/1065 256/399/1066
f 256/399/1067 253/398/1068 251/289/1069 254/282/1070
f 258/346/1071 255/340/1072 256/399/1073 259/400/1074
f 259/400/1075 256/399/1076 254/282/1077 257/281/1078
f 261/293/1079 258/346/1080 259/400/1081 262/401/1082
f 262/401/1083 259/400/1084 257/281/1085 260/270/1086
f 264/294/1087 261/293/1088 262/401/1089 265/402/1090
f 265/402/1091 262/401/1092 260/270/1093 263/269/1094
f 267/320/1095 264/294/1096 265/402/1097 268/403/1098
f 268/403/1099 265/402/1100 263/269/1101 266/262/1102
f 270/326/1103 267/320/1104 268/403/1105 271/404/1106
f 271/404/1107 268/403/1108 266/262/1109 269/261/1110
f 273/332/1111 270/326/1112 271/404/1113 274/405/1114
f 274/405/1115 271/404/1116 269/261/1117 272/274/1118
f 276/338/1119 273/332/1120 274/405/1121 277/406/1122
f 277/406/1123 274/405/1124 272/274/1125 275/273/1126
f 221/344/1127 276/338/1128 277/406/1129 223/407/1130
f 223/407/1131 277/406/1132 275/273/1133 222/323/1134
f 279/408/1135 281/409/1136 283/410/1137 280/411/1138
f 280/411/1139 283/410/1140 282/296/1141 278/295/1142
f 285/412/1143 279/408/1144 280/411/1145 286/413/1146
f 286/413/1147 280/411/1148 278/295/1149 284/357/1150
f 288/414/1151 285/412/1152 286/413/1153 289/415/1154
f 289/415/1155 286/413/1156 284/357/1157 287/356/1158
f 291/416/1159 288/414/1160 289/415/1161 292/417/1162
f 292/417/1163 289/415/1164 287/356/1165 290/381/1166
f 294/418/1167 291/416/1168 292/417/1169 295/419/1170
f 295/419/1171 292/417/1172 290/381/1173 293/353/1174
f 297/420/1175 294/418/1176 295/419/1177 298/421/1178
f 298/421/1179 295/419/1180 293/353/1181 296/352/1182
f 300/422/1183 297/420/1184 298/421/1185 301/423/1186
f 301/423/1187 298/421/1188 296/352/1189 299/361/1190
f 303/424/1191 300/422/1192 301/423/1193 304/425/1194
f 304/425/1195 301/423/1196 299/361/1197 302/365/1198
f 306/426/1199 303/424/1200 304/425/1201 307/427/1202
f 307/427/1203 304/425/1204 302/365/1205 305/369/1206
f 309/428/1207 306/426/1208 307/427/1209 310/429/1210
f 310/429/1211 307/427/1212 305/369/1213 308/373/1214
f 312/430/1215 309/428/1216 310/429/1217 313/431/1218
f 313/431/1219 310/429/1220 308/373/1221 311/379/1222
f 315/432/1223 312/430/1224 313/431/1225 316/433/1226
f 316/433/1227 313/431/1228 311/379/1229 314/310/1230
f 318/434/1231 315/432/1232 316/433/1233 319/435/1234
f 319/435/1235 316/433/1236 314/310/1237 317/309/1238
f 321/436/1239 318/434/1240 319/435/1241 322/437/1242
f 322/437/1243 319/435/1244 317/309/1245 320/359/1246
f 324/438/1247 321/436/1248 322/437/1249 325/439/1250
f 325/439/1251 322/437/1252 320/359/1253 323/363/1254
f 327/440/1255 324/438/1256 325/439/1257 328/441/1258
f 328/441/1259 325/439/1260 323/363/1261 326/367/1262
f 330/442/1263 327/440/1264 328/441/1265 331/443/1266
f 331/443/1267 328/441/1268 326/367/1269 329/371/1270
f 333/444/1271 330/442/1272 331/443/1273 334/445/1274
f 334/445/1275 331/443/1276 329/371/1277 332/377/1278
f 336/446/1279 333/444/1280 334/445/1281 337/447/1282
f 337/447/1283 334/445/1284 332/377/1285 335/375/1286
f 281/409/1287 336/446/1288 337/447/1289 283/410/1290
f 283/410/1291 337/447/1292 335/375/1293 282/296/1294
f 443/448/1295 447/303/1296 336/306/1297 281/449/1298
f 166/242/1299 167/243/1300 624/450/1301 623/451/1302
f 622/452/1303 599/453/1304 526/454/1305 432/233/1306
f 406/189/1307 548/455/1308 175/456/1309 407/457/1310
f 167/243/1311 433/244/1312 625/458/1313 624/450/1314
f 429/237/1315 163/240/1316 618/459/1317 617/460/1318
f 438/253/1319 172/254/1320 633/461/1321 632/462/1322
f 175/456/1323 589/463/1324 426/227/1325 407/457/1326
f 163/240/1327 164/241/1328 619/464/1329 618/459/1330
f 172/254/1331 173/255/1332 634/465/1333 633/461/1334
f 174/466/1335 544/467/1336 405/188/1337 404/239/1338
f 164/241/1339 430/229/1340 620/232/1341 619/464/1342
f 173/255/1343 439/256/1344 635/468/1345 634/465/1346
f 435/247/1347 169/248/1348 628/469/1349 627/470/1350
f 439/256/1351 542/471/1352 613/472/1353 635/468/1354
f 429/237/1355 521/473/1356 162/474/1357 428/238/1358
f 169/248/1359 170/249/1360 629/475/1361 628/469/1362
f 617/460/1363 593/476/1364 520/477/1365 429/237/1366
f 170/249/1367 436/250/1368 630/478/1369 629/475/1370
f 432/233/1371 166/242/1372 623/451/1373 622/452/1374
f 358/479/1375 357/480/1376 377/481/1377 378/482/1378
f 215/372/1379 214/368/1380 359/483/1381 360/484/1382
f 208/374/1383 207/370/1384 352/485/1385 353/486/1386
f 201/358/1387 200/349/1388 345/351/1389 346/487/1390
f 216/378/1391 215/372/1392 360/484/1393 361/488/1394
f 209/380/1395 208/374/1396 353/486/1397 354/489/1398
f 202/382/1399 201/358/1400 346/487/1401 347/490/1402
f 217/376/1403 216/378/1404 361/488/1405 362/491/1406
f 210/311/1407 209/380/1408 354/489/1409 355/492/1410
f 203/354/1411 202/382/1412 347/490/1413 348/493/1414
f 199/297/1415 217/376/1416 362/491/1417 344/494/1418
f 211/312/1419 210/311/1420 355/492/1421 356/495/1422
f 204/355/1423 203/354/1424 348/493/1425 349/496/1426
f 212/360/1427 211/312/1428 356/495/1429 357/480/1430
f 205/362/1431 204/355/1432 349/496/1433 350/497/1434
f 213/364/1435 212/360/1436 357/480/1437 358/479/1438
f 206/366/1439 205/362/1440 350/497/1441 351/498/1442
f 198/298/1443 199/297/1444 344/494/1445 343/350/1446
f 214/368/1447 213/364/1448 358/479/1449 359/483/1450
f 207/370/1451 206/366/1452 351/498/1453 352/485/1454
f 367/499/1455 366/500/1456 403/501/1457 402/502/1458
f 351/498/1459 350/497/1460 370/503/1461 371/504/1462
f 343/350/1463 344/494/1464 364/505/1465 363/506/1466
f 359/483/1467 358/479/1468 378/482/1469 379/507/1470
f 352/485/1471 351/498/1472 371/504/1473 372/508/1474
f 345/351/1475 343/350/1476 363/506/1477 365/509/1478
f 360/484/1479 359/483/1480 379/507/1481 380/510/1482
f 353/486/1483 352/485/1484 372/508/1485 373/511/1486
f 346/487/1487 345/351/1488 365/509/1489 366/500/1490
f 361/488/1491 360/484/1492 380/510/1493 381/512/1494
f 354/489/1495 353/486/1496 373/511/1497 374/513/1498
f 347/490/1499 346/487/1500 366/500/1501 367/499/1502
f 362/491/1503 361/488/1504 381/512/1505 382/514/1506
f 355/492/1507 354/489/1508 374/513/1509 375/515/1510
f 348/493/1511 347/490/1512 367/499/1513 368/516/1514
f 344/494/1515 362/491/1516 382/514/1517 364/505/1518
f 356/495/1519 355/492/1520 375/515/1521 376/517/1522
f 349/496/1523 348/493/1524 368/516/1525 369/518/1526
f 357/480/1527 356/495/1528 376/517/1529 377/481/1530
f 350/497/1531 349/496/1532 369/518/1533 370/503/1534
f 382/514/1535 381/512/1536 388/519/1537 387/520/1538
f 376/517/1539 375/515/1540 394/521/1541 393/522/1542
f 369/518/1543 368/516/1544 401/523/1545 400/524/1546
f 377/481/1547 376/517/1548 393/522/1549 392/525/1550
f 370/503/1551 369/518/1552 400/524/1553 399/526/1554
f 378/482/1555 377/481/1556 392/525/1557 391/527/1558
f 371/504/1559 370/503/1560 399/526/1561 398/528/1562
f 379/507/1563 378/482/1564 391/527/1565 390/529/1566
f 374/513/1567 373/511/1568 396/530/1569 395/531/1570
f 372/508/1571 371/504/1572 398/528/1573 397/532/1574
f 380/510/1575 379/507/1576 390/529/1577 389/533/1578
f 373/511/1579 372/508/1580 397/532/1581 396/530/1582
f 366/500/1583 365/509/1584 384/534/1585 403/501/1586
f 381/512/1587 380/510/1588 389/533/1589 388/519/1590
f 363/506/1591 364/505/1592 386/535/1593 385/536/1594
f 375/515/1595 374/513/1596 395/531/1597 394/521/1598
f 368/516/1599 367/499/1600 402/502/1601 401/523/1602
f 364/505/1603 382/514/1604 387/520/1605 386/535/1606
f 365/509/1607 363/506/1608 385/536/1609 384/534/1610
f 383/537/1611 384/534/1612 385/536/1613
f 383/537/1614 385/536/1615 386/535/1616
f 383/537/1617 386/535/1618 387/520/1619
f 383/537/1620 387/520/1621 388/519/1622
f 383/537/1623 388/519/1624 389/533/1625
f 383/537/1626 389/533/1627 390/529/1628
f 383/537/1629 390/529/1630 391/527/1631
f 383/537/1632 391/527/1633 392/525/1634
f 383/537/1635 392/525/1636 393/522/1637
f 383/537/1638 393/522/1639 394/521/1640
f 383/537/1641 394/521/1642 395/531/1643
f 383/537/1644 395/531/1645 396/530/1646
f 383/537/1647 396/530/1648 397/532/1649
f 383/537/1650 397/532/1651 398/528/1652
f 383/537/1653 398/528/1654 399/526/1655
f 383/537/1656 399/526/1657 400/524/1658
f 383/537/1659 400/524/1660 401/523/1661
f 383/537/1662 401/523/1663 402/502/1664
f 383/537/1665 402/502/1666 403/501/1667
f 383/537/1668 403/501/1669 384/534/1670
f 405/188/1671 545/538/1672 547/539/1673 406/189/1674
f 408/194/1675 554/540/1676 550/541/1677 409/195/1678
f 338/542/1679 175/456/1680 548/455/1681 592/543/1682
f 409/195/1683 551/218/1684 180/215/1685 410/217/1686
f 181/205/1687 553/544/1688 408/194/1689 411/206/1690
f 181/205/1691 340/545/1692 596/546/1693 553/544/1694
f 412/196/1695 557/547/1696 559/548/1697 413/197/1698
f 414/202/1699 566/549/1700 562/550/1701 415/203/1702
f 598/551/1703 340/545/1704 181/205/1705 560/204/1706
f 415/203/1707 563/552/1708 186/553/1709 416/246/1710
f 187/554/1711 341/555/1712 602/556/1713 565/557/1714
f 186/553/1715 568/558/1716 418/207/1717 416/246/1718
f 418/207/1719 569/559/1720 571/560/1721 419/208/1722
f 420/213/1723 578/561/1724 574/562/1725 421/214/1726
f 572/563/1727 604/564/1728 341/555/1729 187/554/1730
f 421/214/1731 575/565/1732 192/566/1733 422/252/1734
f 193/567/1735 342/568/1736 608/569/1737 577/570/1738
f 192/566/1739 580/571/1740 424/221/1741 422/252/1742
f 424/221/1743 581/572/1744 583/573/1745 425/222/1746
f 426/227/1747 590/574/1748 586/575/1749 427/228/1750
f 584/576/1751 610/577/1752 342/568/1753 193/567/1754
f 427/228/1755 587/578/1756 174/466/1757 404/239/1758
f 338/542/1759 614/579/1760 589/463/1761 175/456/1762
f 338/580/1763 592/581/1764 617/460/1765 616/582/1766
f 165/235/1767 523/583/1768 430/229/1769 431/236/1770
f 554/540/1771 595/584/1772 524/585/1773 550/541/1774
f 186/553/1775 563/552/1776 529/586/1777 168/587/1778
f 566/549/1779 601/588/1780 530/589/1781 562/550/1782
f 571/560/1783 569/559/1784 532/590/1785 605/591/1786
f 574/562/1787 578/561/1788 607/592/1789 536/593/1790
f 583/573/1791 581/572/1792 538/594/1793 611/595/1794
f 613/596/1795 542/597/1796 586/575/1797 590/574/1798
f 620/232/1799 596/598/1800 340/599/1801 621/600/1802
f 340/599/1803 598/601/1804 622/452/1805 621/600/1806
f 625/458/1807 602/602/1808 341/603/1809 626/604/1810
f 341/603/1811 604/605/1812 627/470/1813 626/604/1814
f 630/478/1815 608/606/1816 342/607/1817 631/608/1818
f 342/607/1819 610/609/1820 632/462/1821 631/608/1822
f 635/468/1823 614/610/1824 338/580/1825 616/582/1826
f 171/611/1827 535/612/1828 436/250/1829 437/251/1830
f 162/613/1831 521/614/1832 544/467/1833 174/466/1834
f 541/615/1835 162/613/1836 174/466/1837 587/578/1838
f 168/616/1839 529/617/1840 433/244/1841 434/245/1842
f 192/566/1843 575/565/1844 535/618/1845 171/619/1846
f 526/620/1847 599/621/1848 559/548/1849 557/547/1850
f 162/474/1851 541/622/1852 439/256/1853 428/238/1854
f 527/623/1855 556/216/1856 180/215/1857 165/220/1858
f 435/247/1859 533/624/1860 168/616/1861 434/245/1862
f 627/470/1863 605/625/1864 532/626/1865 435/247/1866
f 419/208/1867 572/563/1868 187/554/1869 417/627/1870
f 187/554/1871 565/557/1872 414/202/1873 417/627/1874
f 568/558/1875 186/553/1876 168/587/1877 533/628/1878
f 433/244/1879 530/629/1880 601/630/1881 625/458/1882
f 438/253/1883 539/631/1884 171/611/1885 437/251/1886
f 632/462/1887 611/632/1888 538/633/1889 438/253/1890
f 425/222/1891 584/576/1892 193/567/1893 423/634/1894
f 193/567/1895 577/570/1896 420/213/1897 423/634/1898
f 580/571/1899 192/566/1900 171/619/1901 539/635/1902
f 436/250/1903 536/636/1904 607/637/1905 630/478/1906
f 445/638/1907 440/265/1908 279/268/1909 285/639/1910
f 227/390/1911 224/388/1912 444/640/1913 448/641/1914
f 450/642/1915 449/643/1916 288/644/1917 291/645/1918
f 449/643/1919 445/638/1920 285/639/1921 288/644/1922
f 472/646/1923 471/647/1924 321/648/1925 324/649/1926
f 464/650/1927 463/651/1928 309/652/1929 312/653/1930
f 454/654/1931 453/655/1932 294/656/1933 297/657/1934
f 478/304/1935 477/658/1936 330/659/1937 333/305/1938
f 468/660/1939 467/661/1940 315/662/1941 318/663/1942
f 458/664/1943 457/665/1944 300/666/1945 303/667/1946
f 463/651/1947 461/668/1948 306/669/1949 309/652/1950
f 453/655/1951 450/642/1952 291/645/1953 294/656/1954
f 477/658/1955 475/670/1956 327/671/1957 330/659/1958
f 467/661/1959 464/650/1960 312/653/1961 315/662/1962
f 457/665/1963 454/654/1964 297/657/1965 300/666/1966
f 230/307/1967 227/390/1968 448/641/1969 451/308/1970
f 471/647/1971 468/660/1972 318/663/1973 321/648/1974
f 218/386/1975 222/385/1976 442/672/1977 441/673/1978
f 475/670/1979 472/646/1980 324/649/1981 327/671/1982
f 461/668/1983 458/664/1984 303/667/1985 306/669/1986
f 482/674/1987 481/675/1988 441/673/1989 442/672/1990
f 481/675/1991 484/676/1992 444/640/1993 441/673/1994
f 486/677/1995 482/678/1996 442/324/1997 446/276/1998
f 445/638/1999 449/643/2000 489/679/2001 485/680/2002
f 488/681/2003 491/682/2004 451/308/2005 448/641/2006
f 450/642/2007 453/655/2008 493/683/2009 490/684/2010
f 484/676/2011 488/681/2012 448/641/2013 444/640/2014
f 478/304/2015 447/303/2016 487/685/2017 518/686/2018
f 510/687/2019 513/688/2020 473/272/2021 470/271/2022
f 472/646/2023 475/670/2024 515/689/2025 512/690/2026
f 502/691/2027 505/692/2028 465/290/2029 462/260/2030
f 464/650/2031 467/661/2032 507/693/2033 504/694/2034
f 492/695/2035 495/696/2036 455/288/2037 452/287/2038
f 454/654/2039 457/665/2040 497/697/2041 494/698/2042
f 516/699/2043 519/700/2044 479/275/2045 476/264/2046
f 506/701/2047 509/702/2048 469/284/2049 466/283/2050
f 468/660/2051 471/647/2052 511/703/2053 508/704/2054
f 496/705/2055 499/706/2056 459/280/2057 456/279/2058
f 458/664/2059 461/668/2060 501/707/2061 498/708/2062
f 500/709/2063 502/691/2064 462/260/2065 460/259/2066
f 463/651/2067 464/650/2068 504/694/2069 503/710/2070
f 491/682/2071 492/695/2072 452/287/2073 451/308/2074
f 453/655/2075 454/654/2076 494/698/2077 493/683/2078
f 514/711/2079 516/699/2080 476/264/2081 474/263/2082
f 477/658/2083 478/304/2084 518/686/2085 517/712/2086
f 505/692/2087 506/701/2088 466/283/2089 465/290/2090
f 467/661/2091 468/660/2092 508/704/2093 507/693/2094
f 495/696/2095 496/705/2096 456/279/2097 455/288/2098
f 457/665/2099 458/664/2100 498/708/2101 497/697/2102
f 519/700/2103 486/677/2104 446/276/2105 479/275/2106
f 449/643/2107 450/642/2108 490/684/2109 489/679/2110
f 509/702/2111 510/687/2112 470/271/2113 469/284/2114
f 471/647/2115 472/646/2116 512/690/2117 511/703/2118
f 443/266/2119 440/265/2120 480/713/2121 483/714/2122
f 447/303/2123 443/448/2124 483/715/2125 487/685/2126
f 513/688/2127 514/711/2128 474/263/2129 473/272/2130
f 475/670/2131 477/658/2132 517/712/2133 515/689/2134
f 499/706/2135 500/709/2136 460/259/2137 459/280/2138
f 461/668/2139 463/651/2140 503/710/2141 501/707/2142
f 224/388/2143 218/386/2144 441/673/2145 444/640/2146
f 481/675/2147 482/674/2148 483/714/2149 480/713/2150
f 482/678/2151 486/677/2152 487/685/2153 483/715/2154
f 491/682/2155 488/681/2156 489/679/2157 490/684/2158
f 488/681/2159 484/676/2160 485/680/2161 489/679/2162
f 513/688/2163 510/687/2164 511/703/2165 512/690/2166
f 505/692/2167 502/691/2168 503/710/2169 504/694/2170
f 495/696/2171 492/695/2172 493/683/2173 494/698/2174
f 519/700/2175 516/699/2176 517/712/2177 518/686/2178
f 509/702/2179 506/701/2180 507/693/2181 508/704/2182
f 499/706/2183 496/705/2184 497/697/2185 498/708/2186
f 502/691/2187 500/709/2188 501/707/2189 503/710/2190
f 492/695/2191 491/682/2192 490/684/2193 493/683/2194
f 516/699/2195 514/711/2196 515/689/2197 517/712/2198
f 506/701/2199 505/692/2200 504/694/2201 507/693/2202
f 496/705/2203 495/696/2204 494/698/2205 497/697/2206
f 486/677/2207 519/700/2208 518/686/2209 487/685/2210
f 510/687/2211 509/702/2212 508/704/2213 511/703/2214
f 484/676/2215 481/675/2216 480/713/2217 485/680/2218
f 514/711/2219 513/688/2220 512/690/2221 515/689/2222
f 500/709/2223 499/706/2224 498/708/2225 501/707/2226
f 440/265/2227 445/638/2228 485/680/2229 480/713/2230
f 520/477/2231 522/716/2232 429/237/2233
f 522/716/2234 521/473/2235 429/237/2236
f 523/583/2237 525/717/2238 430/229/2239
f 525/717/2240 524/230/2241 430/229/2242
f 526/454/2243 528/718/2244 432/233/2245
f 528/718/2246 527/234/2247 432/233/2248
f 529/617/2249 531/719/2250 433/244/2251
f 531/719/2252 530/629/2253 433/244/2254
f 532/626/2255 534/720/2256 435/247/2257
f 534/720/2258 533/624/2259 435/247/2260
f 535/612/2261 537/721/2262 436/250/2263
f 537/721/2264 536/636/2265 436/250/2266
f 538/633/2267 540/722/2268 438/253/2269
f 540/722/2270 539/631/2271 438/253/2272
f 541/622/2273 543/723/2274 439/256/2275
f 543/723/2276 542/471/2277 439/256/2278
f 544/467/2279 546/724/2280 405/188/2281
f 546/724/2282 545/538/2283 405/188/2284
f 547/539/2285 549/725/2286 406/189/2287
f 549/725/2288 548/455/2289 406/189/2290
f 550/541/2291 552/726/2292 409/195/2293
f 552/726/2294 551/218/2295 409/195/2296
f 553/544/2297 555/727/2298 408/194/2299
f 555/727/2300 554/540/2301 408/194/2302
f 556/216/2303 558/728/2304 412/196/2305
f 558/728/2306 557/547/2307 412/196/2308
f 559/548/2309 561/729/2310 413/197/2311
f 561/729/2312 560/204/2313 413/197/2314
f 562/550/2315 564/730/2316 415/203/2317
f 564/730/2318 563/552/2319 415/203/2320
f 565/557/2321 567/731/2322 414/202/2323
f 567/731/2324 566/549/2325 414/202/2326
f 568/558/2327 570/732/2328 418/207/2329
f 570/732/2330 569/559/2331 418/207/2332
f 571/560/2333 573/733/2334 419/208/2335
f 573/733/2336 572/563/2337 419/208/2338
f 574/562/2339 576/734/2340 421/214/2341
f 576/734/2342 575/565/2343 421/214/2344
f 577/570/2345 579/735/2346 420/213/2347
f 579/735/2348 578/561/2349 420/213/2350
f 580/571/2351 582/736/2352 424/221/2353
f 582/736/2354 581/572/2355 424/221/2356
f 583/573/2357 585/737/2358 425/222/2359
f 585/737/2360 584/576/2361 425/222/2362
f 586/575/2363 588/738/2364 427/228/2365
f 588/738/2366 587/578/2367 427/228/2368
f 589/463/2369 591/739/2370 426/227/2371
f 591/739/2372 590/574/2373 426/227/2374
f 592/581/2375 594/740/2376 617/460/2377
f 594/740/2378 593/476/2379 617/460/2380
f 595/231/2381 597/741/2382 620/232/2383
f 597/741/2384 596/598/2385 620/232/2386
f 598/601/2387 600/742/2388 622/452/2389
f 600/742/2390 599/453/2391 622/452/2392
f 601/630/2393 603/743/2394 625/458/2395
f 603/743/2396 602/602/2397 625/458/2398
f 604/605/2399 606/744/2400 627/470/2401
f 606/744/2402 605/625/2403 627/470/2404
f 607/637/2405 609/745/2406 630/478/2407
f 609/745/2408 608/606/2409 630/478/2410
f 610/609/2411 612/746/2412 632/462/2413
f 612/746/2414 611/632/2415 632/462/2416
f 613/472/2417 615/747/2418 635/468/2419
f 615/747/2420 614/610/2421 635/468/2422
f 556/216/2423 527/623/2424 528/748/2425 558/728/2426
f 558/728/2427 528/748/2428 526/620/2429 557/547/2430
f 559/548/2431 599/621/2432 600/749/2433 561/729/2434
f 561/729/2435 600/749/2436 598/551/2437 560/204/2438
f 589/463/2439 614/579/2440 615/750/2441 591/739/2442
f 591/739/2443 615/750/2444 613/596/2445 590/574/2446
f 586/575/2447 542/597/2448 543/751/2449 588/738/2450
f 588/738/2451 543/751/2452 541/615/2453 587/578/2454
f 544/467/2455 521/614/2456 522/752/2457 546/724/2458
f 546/724/2459 522/752/2460 520/753/2461 545/538/2462
f 547/539/2463 593/754/2464 594/755/2465 549/725/2466
f 549/725/2467 594/755/2468 592/543/2469 548/455/2470
f 550/541/2471 524/585/2472 525/756/2473 552/726/2474
f 552/726/2475 525/756/2476 523/219/2477 551/218/2478
f 553/544/2479 596/546/2480 597/757/2481 555/727/2482
f 555/727/2483 597/757/2484 595/584/2485 554/540/2486
f 568/558/2487 533/628/2488 534/758/2489 570/732/2490
f 570/732/2491 534/758/2492 532/590/2493 569/559/2494
f 571/560/2495 605/591/2496 606/759/2497 573/733/2498
f 573/733/2499 606/759/2500 604/564/2501 572/563/2502
f 565/557/2503 602/556/2504 603/760/2505 567/731/2506
f 567/731/2507 603/760/2508 601/588/2509 566/549/2510
f 562/550/2511 530/589/2512 531/761/2513 564/730/2514
f 564/730/2515 531/761/2516 529/586/2517 563/552/2518
f 580/571/2519 539/635/2520 540/762/2521 582/736/2522
f 582/736/2523 540/762/2524 538/594/2525 581/572/2526
f 583/573/2527 611/595/2528 612/763/2529 585/737/2530
f 585/737/2531 612/763/2532 610/577/2533 584/576/2534
f 577/570/2535 608/569/2536 609/764/2537 579/735/2538
f 579/735/2539 609/764/2540 607/592/2541 578/561/2542
f 574/562/2543 536/593/2544 537/765/2545 576/734/2546
f 576/734/2547 537/765/2548 535/618/2549 575/565/2550
f 520/753/2551 593/754/2552 547/539/2553 545/538/2554
f 339/766/2555 616/582/2556 617/460/2557
f 339/766/2558 617/460/2559 618/459/2560
f 339/766/2561 618/459/2562 619/464/2563
f 339/766/2564 619/464/2565 620/232/2566
f 339/766/2567 620/232/2568 621/600/2569
f 339/766/2570 621/600/2571 622/452/2572
f 339/766/2573 622/452/2574 623/451/2575
f 339/766/2576 623/451/2577 624/450/2578
f 339/766/2579 624/450/2580 625/458/2581
f 339/766/2582 625/458/2583 626/604/2584
f 339/766/2585 626/604/2586 627/470/2587
f 339/766/2588 627/470/2589 628/469/2590
f 339/766/2591 628/469/2592 629/475/2593
f 339/766/2594 629/475/2595 630/478/2596
f 339/766/2597 630/478/2598 631/608/2599
f 339/766/2600 631/608/2601 632/462/2602
f 339/766/2603 632/462/2604 633/461/2605
f 339/766/2606 633/461/2607 634/465/2608
f 339/766/2609 634/465/2610 635/468/2611
f 339/766/2612 635/468/2613 616/582/2614
usemtl rimFBXASC046small1SG
f 689/767/2615 665/768/2616 664/769/2617 690/770/2618
f 690/770/2619 664/769/2620 667/771/2621 692/772/2622
f 692/772/2623 667/771/2624 669/773/2625 694/774/2626
f 694/774/2627 669/773/2628 671/775/2629 696/776/2630
f 696/776/2631 671/775/2632 673/777/2633 698/778/2634
f 698/778/2635 673/777/2636 675/779/2637 700/780/2638
f 701/781/2639 714/782/2640 648/783/2641 674/784/2642
f 717/785/2643 715/786/2644 649/787/2645 647/788/2646
f 702/789/2647 677/790/2648 679/791/2649 704/792/2650
f 704/792/2651 679/791/2652 681/793/2653 706/794/2654
f 706/794/2655 681/793/2656 683/795/2657 708/796/2658
f 708/796/2659 683/795/2660 685/797/2661 710/798/2662
f 710/798/2663 685/797/2664 687/799/2665 712/800/2666
f 712/800/2667 687/799/2668 665/768/2669 689/767/2670
f 637/801/2671 639/802/2672 664/769/2673 665/768/2674
f 639/802/2675 641/803/2676 667/771/2677 664/769/2678
f 641/803/2679 643/804/2680 669/773/2681 667/771/2682
f 643/804/2683 645/805/2684 671/775/2685 669/773/2686
f 645/805/2687 647/788/2688 673/777/2689 671/775/2690
f 647/788/2691 649/787/2692 675/779/2693 673/777/2694
f 719/806/2695 717/785/2696 647/788/2697 645/805/2698
f 721/807/2699 719/806/2700 645/805/2701 643/804/2702
f 723/808/2703 721/807/2704 643/804/2705 641/803/2706
f 725/809/2707 723/808/2708 641/803/2709 639/802/2710
f 727/810/2711 725/809/2712 639/802/2713 637/801/2714
f 729/811/2715 727/810/2716 637/801/2717 661/812/2718
f 731/813/2719 729/811/2720 661/812/2721 659/814/2722
f 733/815/2723 731/813/2724 659/814/2725 657/816/2726
f 735/817/2727 733/815/2728 657/816/2729 655/818/2730
f 737/819/2731 735/817/2732 655/818/2733 653/820/2734
f 739/821/2735 737/819/2736 653/820/2737 651/822/2738
f 703/823/2739 676/824/2740 650/825/2741 738/826/2742
f 651/822/2743 653/820/2744 679/791/2745 677/790/2746
f 653/820/2747 655/818/2748 681/793/2749 679/791/2750
f 655/818/2751 657/816/2752 683/795/2753 681/793/2754
f 657/816/2755 659/814/2756 685/797/2757 683/795/2758
f 659/814/2759 661/812/2760 687/799/2761 685/797/2762
f 661/812/2763 637/801/2764 665/768/2765 687/799/2766
f 677/790/2767 702/789/2768 739/827/2769 651/822/2770
f 702/789/2771 703/823/2772 738/826/2773 739/827/2774
f 650/828/2775 652/829/2776 736/830/2777 738/831/2778
f 738/831/2779 736/830/2780 737/819/2781 739/821/2782
f 652/829/2783 654/832/2784 734/833/2785 736/830/2786
f 720/834/2787 695/835/2788 693/836/2789 722/837/2790
f 654/832/2791 656/838/2792 732/839/2793 734/833/2794
f 722/837/2795 693/836/2796 691/840/2797 724/841/2798
f 656/838/2799 658/842/2800 730/843/2801 732/839/2802
f 658/842/2803 660/844/2804 728/845/2805 730/843/2806
f 660/844/2807 636/846/2808 726/847/2809 728/845/2810
f 713/848/2811 711/849/2812 730/850/2813 728/851/2814
f 636/846/2815 638/852/2816 724/853/2817 726/847/2818
f 711/849/2819 709/854/2820 732/855/2821 730/850/2822
f 638/852/2823 640/856/2824 722/857/2825 724/853/2826
f 709/854/2827 707/858/2828 734/859/2829 732/855/2830
f 640/856/2831 642/860/2832 720/861/2833 722/857/2834
f 734/859/2835 707/858/2836 705/862/2837 736/863/2838
f 642/860/2839 644/864/2840 718/865/2841 720/861/2842
f 704/792/2843 737/866/2844 736/863/2845 705/862/2846
f 644/864/2847 646/867/2848 716/868/2849 718/865/2850
f 704/792/2851 706/794/2852 735/869/2853 737/866/2854
f 686/870/2855 713/848/2856 688/871/2857 662/872/2858
f 706/794/2859 708/796/2860 733/873/2861 735/869/2862
f 684/874/2863 711/849/2864 713/848/2865 686/870/2866
f 708/796/2867 710/798/2868 731/875/2869 733/873/2870
f 682/876/2871 709/854/2872 711/849/2873 684/874/2874
f 710/798/2875 712/800/2876 729/877/2877 731/875/2878
f 680/878/2879 707/858/2880 709/854/2881 682/876/2882
f 678/879/2883 705/862/2884 707/858/2885 680/878/2886
f 676/824/2887 703/823/2888 705/862/2889 678/879/2890
f 703/823/2891 702/789/2892 704/792/2893 705/862/2894
f 646/867/2895 648/880/2896 714/881/2897 716/868/2898
f 716/868/2899 714/881/2900 715/786/2901 717/785/2902
f 675/779/2903 649/787/2904 715/882/2905 700/780/2906
f 700/780/2907 715/882/2908 714/782/2909 701/781/2910
f 672/883/2911 699/884/2912 701/781/2913 674/784/2914
f 699/884/2915 698/778/2916 700/780/2917 701/781/2918
f 670/885/2919 697/886/2920 699/884/2921 672/883/2922
f 690/770/2923 692/772/2924 723/887/2925 725/888/2926
f 668/889/2927 695/835/2928 697/886/2929 670/885/2930
f 692/772/2931 694/774/2932 721/890/2933 723/887/2934
f 666/891/2935 693/836/2936 695/835/2937 668/889/2938
f 694/774/2939 696/776/2940 719/892/2941 721/890/2942
f 663/893/2943 691/840/2944 693/836/2945 666/891/2946
f 719/892/2947 696/776/2948 698/778/2949 717/894/2950
f 662/872/2951 688/871/2952 691/840/2953 663/893/2954
f 698/778/2955 699/884/2956 716/895/2957 717/894/2958
f 718/896/2959 697/886/2960 695/835/2961 720/834/2962
f 699/884/2963 697/886/2964 718/896/2965 716/895/2966
f 712/800/2967 689/767/2968 688/871/2969 713/848/2970
f 724/853/2971 725/809/2972 727/810/2973 726/847/2974
f 691/840/2975 688/871/2976 689/767/2977 690/770/2978
f 712/800/2979 713/848/2980 728/851/2981 729/877/2982
f 727/810/2983 729/811/2984 728/845/2985 726/847/2986
f 724/841/2987 691/840/2988 690/770/2989 725/888/2990
usemtl tapFBXASC046small1SG
f 813/897/2991 817/898/2992 820/899/2993 822/900/2994
f 825/901/2995 829/902/2996 832/903/2997 834/904/2998
f 837/905/2999 841/906/3000 844/907/3001 846/908/3002
f 849/909/3003 853/910/3004 856/911/3005 858/912/3006
f 797/913/3007 748/914/3008 866/915/3009 864/916/3010
f 861/917/3011 865/918/3012 868/919/3013 870/920/3014
f 744/921/3015 746/922/3016 803/923/3017 800/924/3018
f 742/925/3019 793/926/3020 862/927/3021 869/928/3022
f 756/929/3023 749/930/3024 796/931/3025 786/932/3026
f 760/933/3027 753/934/3028 814/935/3029 821/936/3030
f 747/937/3031 743/938/3032 871/939/3033 867/940/3034
f 759/941/3035 751/942/3036 811/943/3037 807/944/3038
f 762/945/3039 768/946/3040 827/947/3041 824/948/3042
f 770/949/3043 763/950/3044 826/951/3045 833/952/3046
f 757/953/3047 765/954/3048 818/955/3049 816/956/3050
f 769/957/3051 761/958/3052 823/959/3053 819/960/3054
f 772/961/3055 778/962/3056 839/963/3057 836/964/3058
f 780/965/3059 773/966/3060 838/967/3061 845/968/3062
f 767/969/3063 775/970/3064 830/971/3065 828/972/3066
f 779/973/3067 771/974/3068 835/975/3069 831/976/3070
f 782/977/3071 788/978/3072 851/979/3073 848/980/3074
f 790/981/3075 783/982/3076 850/983/3077 857/984/3078
f 777/985/3079 785/986/3080 842/987/3081 840/988/3082
f 789/989/3083 781/990/3084 847/991/3085 843/992/3086
f 792/993/3087 798/994/3088 863/995/3089 860/996/3090
f 801/997/3091 805/998/3092 808/999/3093 810/1000/3094
f 787/1001/3095 795/1002/3096 854/1003/3097 852/1004/3098
f 799/1005/3099 791/1006/3100 859/1007/3101 855/1008/3102
f 752/1009/3103 758/1010/3104 815/1011/3105 812/1012/3106
f 754/1013/3107 764/1014/3108 774/1015/3109 784/1016/3110
f 745/1017/3111 755/1018/3112 806/1019/3113 804/1020/3114
f 740/1021/3115 741/1022/3116 742/925/3117
f 745/1017/3118 746/1023/3119 747/1024/3120 748/914/3121
f 750/1025/3122 751/1026/3123 752/1027/3124 753/934/3125
f 755/1018/3126 756/929/3127 757/953/3128
f 760/933/3129 761/1028/3130 762/1029/3131 763/950/3132
f 765/954/3133 766/1030/3134 767/969/3135
f 770/949/3136 771/1031/3137 772/1032/3138 773/966/3139
f 775/970/3140 776/1033/3141 777/985/3142
f 780/965/3143 781/1034/3144 782/1035/3145 783/982/3146
f 785/986/3147 786/932/3148 787/1001/3149
f 790/981/3150 791/1036/3151 792/1037/3152 793/926/3153
f 795/1002/3154 796/931/3155 797/913/3156
f 800/1038/3157 801/1039/3158 802/1040/3159
f 803/1041/3160 804/1020/3161 805/1042/3162
f 806/1019/3163 807/1043/3164 808/1044/3165
f 809/1045/3166 810/1046/3167 811/1047/3168
f 812/1048/3169 813/1049/3170 814/935/3171
f 815/1050/3172 816/956/3173 817/1051/3174
f 818/955/3175 819/1052/3176 820/1053/3177
f 821/936/3178 822/1054/3179 823/1055/3180
f 824/1056/3181 825/1057/3182 826/951/3183
f 827/1058/3184 828/972/3185 829/1059/3186
f 830/971/3187 831/1060/3188 832/1061/3189
f 833/952/3190 834/1062/3191 835/1063/3192
f 836/1064/3193 837/1065/3194 838/967/3195
f 839/1066/3196 840/988/3197 841/1067/3198
f 842/987/3199 843/1068/3200 844/1069/3201
f 845/968/3202 846/1070/3203 847/1071/3204
f 848/1072/3205 849/1073/3206 850/983/3207
f 851/1074/3208 852/1004/3209 853/1075/3210
f 854/1003/3211 855/1076/3212 856/1077/3213
f 857/984/3214 858/1078/3215 859/1079/3216
f 860/1080/3217 861/1081/3218 862/927/3219
f 863/1082/3220 864/916/3221 865/1083/3222
f 866/915/3223 867/1084/3224 868/1085/3225
f 869/928/3226 870/1086/3227 871/1087/3228
f 740/1021/3229 750/1025/3230 754/1013/3231 741/1022/3232
f 755/1018/3233 745/1017/3234 749/930/3235 756/929/3236
f 743/938/3237 747/937/3238 746/922/3239 744/921/3240
f 758/1010/3241 752/1009/3242 751/942/3243 759/941/3244
f 753/934/3245 760/933/3246 764/1014/3247 754/1013/3248
f 765/954/3249 757/953/3250 756/929/3251 766/1030/3252
f 768/946/3253 762/945/3254 761/958/3255 769/957/3256
f 763/950/3257 770/949/3258 774/1015/3259 764/1014/3260
f 775/970/3261 767/969/3262 766/1030/3263 776/1033/3264
f 778/1088/3265 772/1089/3266 771/974/3267 779/973/3268
f 773/966/3269 780/965/3270 784/1016/3271 774/1015/3272
f 785/986/3273 777/985/3274 776/1033/3275 786/932/3276
f 788/978/3277 782/977/3278 781/990/3279 789/989/3280
f 783/982/3281 790/981/3282 794/1090/3283 784/1016/3284
f 795/1002/3285 787/1001/3286 786/932/3287 796/931/3288
f 798/994/3289 792/993/3290 791/1006/3291 799/1005/3292
f 793/926/3293 742/925/3294 741/1022/3295 794/1090/3296
f 748/914/3297 797/913/3298 796/931/3299 749/930/3300
f 800/924/3301 803/923/3302 805/998/3303 801/997/3304
f 801/1039/3305 810/1046/3306 809/1045/3307 802/1040/3308
f 808/1044/3309 805/1042/3310 804/1020/3311 806/1019/3312
f 807/944/3313 811/943/3314 810/1000/3315 808/999/3316
f 802/1040/3317 740/1021/3318 744/1091/3319 800/1038/3320
f 745/1017/3321 804/1020/3322 803/1041/3323 746/1023/3324
f 759/1092/3325 807/1043/3326 806/1019/3327 755/1018/3328
f 750/1025/3329 809/1045/3330 811/1047/3331 751/1026/3332
f 817/898/3333 813/897/3334 812/1012/3335 815/1011/3336
f 813/1049/3337 822/1054/3338 821/936/3339 814/935/3340
f 820/1053/3341 817/1051/3342 816/956/3343 818/955/3344
f 819/960/3345 823/959/3346 822/900/3347 820/899/3348
f 814/935/3349 753/934/3350 752/1027/3351 812/1048/3352
f 757/953/3353 816/956/3354 815/1050/3355 758/1093/3356
f 769/1094/3357 819/1052/3358 818/955/3359 765/954/3360
f 760/933/3361 821/936/3362 823/1055/3363 761/1028/3364
f 829/902/3365 825/901/3366 824/948/3367 827/947/3368
f 825/1057/3369 834/1062/3370 833/952/3371 826/951/3372
f 832/1061/3373 829/1059/3374 828/972/3375 830/971/3376
f 831/976/3377 835/975/3378 834/904/3379 832/903/3380
f 826/951/3381 763/950/3382 762/1029/3383 824/1056/3384
f 767/969/3385 828/972/3386 827/1058/3387 768/1095/3388
f 779/1096/3389 831/1060/3390 830/971/3391 775/970/3392
f 770/949/3393 833/952/3394 835/1063/3395 771/1031/3396
f 841/906/3397 837/905/3398 836/964/3399 839/963/3400
f 837/1065/3401 846/1070/3402 845/968/3403 838/967/3404
f 844/1069/3405 841/1067/3406 840/988/3407 842/987/3408
f 843/992/3409 847/991/3410 846/908/3411 844/907/3412
f 838/967/3413 773/966/3414 772/1032/3415 836/1064/3416
f 777/985/3417 840/988/3418 839/1066/3419 778/1097/3420
f 789/1098/3421 843/1068/3422 842/987/3423 785/986/3424
f 780/965/3425 845/968/3426 847/1071/3427 781/1034/3428
f 853/910/3429 849/909/3430 848/980/3431 851/979/3432
f 849/1073/3433 858/1078/3434 857/984/3435 850/983/3436
f 856/1077/3437 853/1075/3438 852/1004/3439 854/1003/3440
f 855/1008/3441 859/1007/3442 858/912/3443 856/911/3444
f 850/983/3445 783/982/3446 782/1035/3447 848/1072/3448
f 787/1001/3449 852/1004/3450 851/1074/3451 788/1099/3452
f 799/1100/3453 855/1076/3454 854/1003/3455 795/1002/3456
f 790/981/3457 857/984/3458 859/1079/3459 791/1036/3460
f 865/918/3461 861/917/3462 860/996/3463 863/995/3464
f 861/1081/3465 870/1086/3466 869/928/3467 862/927/3468
f 868/1085/3469 865/1083/3470 864/916/3471 866/915/3472
f 870/920/3473 868/919/3474 867/940/3475 871/939/3476
f 862/927/3477 793/926/3478 792/1037/3479 860/1080/3480
f 797/913/3481 864/916/3482 863/1082/3483 798/1101/3484
f 747/1024/3485 867/1084/3486 866/915/3487 748/914/3488
f 742/925/3489 869/928/3490 871/1087/3491 743/1102/3492
f 750/1025/3493 740/1021/3494 802/1040/3495 809/1045/3496
f 749/930/3497 745/1017/3498 748/914/3499
f 799/1100/3500 795/1002/3501 797/913/3502 798/1101/3503
f 789/1098/3504 785/986/3505 787/1001/3506 788/1099/3507
f 779/1096/3508 775/970/3509 777/985/3510 778/1097/3511
f 769/1094/3512 765/954/3513 767/969/3514 768/1095/3515
f 759/1092/3516 755/1018/3517 757/953/3518 758/1093/3519
f 754/1013/3520 750/1025/3521 753/934/3522
f 744/1091/3523 740/1021/3524 742/925/3525 743/1102/3526
f 794/1090/3527 790/981/3528 793/926/3529
f 784/1016/3530 780/965/3531 783/982/3532
f 774/1015/3533 770/949/3534 773/966/3535
f 764/1014/3536 760/933/3537 763/950/3538
f 766/1030/3539 756/929/3540 786/932/3541 776/1033/3542
f 741/1022/3543 754/1013/3544 784/1016/3545 794/1090/3546
