# This file uses centimeters as units for non-parametric coordinates.

mtllib squarecanister.mtl
g default
v -38.860813 77.026647 0.000001
v -38.860813 86.320676 -0.000001
v -38.860813 82.262037 -10.291961
v -34.395298 82.262037 -9.272736
v -30.814236 82.262037 -6.416933
v -28.826897 82.262037 -2.290177
v -28.826897 82.262037 2.290177
v -30.814236 82.262037 6.416933
v -34.395298 82.262037 9.272736
v -38.860813 82.262037 10.291961
v -43.326328 82.262037 9.272736
v -46.907391 82.262037 6.416933
v -48.894730 82.262037 2.290177
v -48.894730 82.262037 -2.290177
v -46.907391 82.262037 -6.416933
v -43.326328 82.262037 -9.272736
v -33.912491 86.320676 -10.275297
v -38.860813 86.320676 -11.404719
v -38.860813 82.262037 -11.404718
v -29.944248 86.320676 -7.110727
v -27.742035 86.320676 -2.537790
v -27.742035 86.320676 2.537788
v -29.944248 86.320676 7.110726
v -33.912491 86.320676 10.275295
v -38.860813 86.320676 11.404717
v -43.809139 86.320676 10.275295
v -47.777382 86.320676 7.110726
v -49.979591 86.320676 2.537788
v -49.979591 86.320676 -2.537790
v -47.777382 86.320676 -7.110727
v -43.809139 86.320676 -10.275297
v -33.912491 82.262037 -10.275296
v -29.944248 82.262037 -7.110727
v -27.742035 82.262037 -2.537789
v -27.742035 82.262037 2.537789
v -29.944248 82.262037 7.110727
v -33.912491 82.262037 10.275296
v -38.860813 82.262037 11.404718
v -43.809139 82.262037 10.275296
v -47.777382 82.262037 7.110727
v -49.979591 82.262037 2.537789
v -49.979591 82.262037 -2.537789
v -47.777382 82.262037 -7.110727
v -43.809139 82.262037 -10.275296
v -38.860813 77.026647 -10.291960
v -34.395298 77.026647 -9.272735
v -30.814236 77.026647 -6.416932
v -28.826897 77.026647 -2.290176
v -28.826897 77.026647 2.290178
v -30.814236 77.026655 6.416934
v -34.395298 77.026655 9.272737
v -38.860813 77.026655 10.291962
v -43.326328 77.026655 9.272737
v -46.907391 77.026655 6.416934
v -48.894730 77.026647 2.290178
v -48.894730 77.026647 -2.290176
v -46.907391 77.026647 -6.416932
v -43.326328 77.026647 -9.272735
v -15.257263 71.504262 6.180207
v -15.257263 71.504255 -8.123274
v -2.519211 81.511777 6.180207
v -0.485369 82.697660 6.180207
v -1.768578 82.301267 6.180207
v -0.485369 82.697660 -8.123276
v -2.519211 81.511777 -8.123276
v -1.768578 82.301267 -8.123276
v -7.967083 71.971792 6.180207
v -5.534731 73.509824 6.180207
v -6.683872 72.368177 6.180207
v -5.534725 73.509824 -8.123275
v -7.967083 71.971792 -8.123274
v -6.683872 72.368169 -8.123275
v -1.768578 81.865949 3.842298
v -0.485369 82.262334 3.842298
v -6.683872 71.932859 3.842299
v -5.421751 73.089414 3.842298
v -15.257263 71.068937 3.842299
v -2.415174 81.089071 3.842298
v -7.967083 71.536466 3.842299
v -15.257263 71.068937 -5.558633
v -2.415174 81.089063 -5.558634
v -7.967083 71.536459 -5.558633
v -1.768578 81.865949 -5.558634
v -0.485369 82.262327 -5.558634
v -6.683872 71.932859 -5.558633
v -5.421751 73.089414 -5.558633
v -15.257263 73.337186 -5.558633
v -15.257263 73.337186 -8.009909
v -2.909031 84.134206 6.293572
v -4.064665 83.019041 6.293572
v -4.064665 83.019041 -5.558634
v -4.064665 83.019041 -8.009908
v -2.909031 84.134199 -8.009909
v -2.909031 84.134206 3.842297
v -1.625822 84.530599 6.293572
v -1.625822 84.530599 -8.009909
v -1.625822 84.530599 3.842297
v -7.824326 74.201116 6.293572
v -9.107540 73.804723 6.293572
v -9.107540 73.804723 -5.558633
v -9.107540 73.804723 -8.009909
v -7.824326 74.201108 -8.009909
v -7.824326 74.201108 3.842298
v -7.111799 74.983976 6.293572
v -7.111799 74.983976 -8.009909
v -7.111799 74.983976 3.842298
v -15.257263 73.337194 6.293572
v -15.257263 73.337194 3.842298
v -4.064665 83.019041 3.842298
v -9.107540 73.804723 3.842298
v -2.909031 84.134199 -5.558635
v -1.625822 84.530599 -5.558635
v -7.824326 74.201108 -5.558633
v -7.111799 74.983976 -5.558633
v -15.257263 71.068937 5.067935
v -2.909031 84.762090 5.067935
v -1.625822 85.158475 5.067935
v -7.824326 74.828992 5.067935
v -7.274752 75.590345 5.067935
v -15.257263 73.965078 5.067935
v -4.214722 83.628728 5.067935
v -9.107540 74.432607 5.067935
v -15.257263 71.068937 -6.784271
v -15.257263 73.965086 -6.784272
v -4.214722 83.628728 -6.784271
v -9.107540 74.432607 -6.784272
v -2.909031 84.762090 -6.784272
v -1.625822 85.158475 -6.784272
v -7.824326 74.828992 -6.784272
v -7.274752 75.590345 -6.784272
v -3.366470 82.202123 -5.244855
v -6.396435 74.182050 -5.244854
v -6.396435 74.182050 -8.323689
v -3.366470 82.202123 -8.323689
v -2.426304 83.174100 -8.323689
v -1.143093 83.570486 -8.323689
v -15.257263 72.377088 -5.244854
v -8.624809 72.844617 -5.244854
v -8.624809 72.844617 -8.323689
v -15.257263 72.377088 -8.323689
v -1.143093 83.570486 -5.244855
v -7.341599 73.241003 -5.244854
v -2.426304 83.174100 -5.244855
v -7.341599 73.241003 -8.323689
v -1.143093 83.570486 3.528518
v -3.366470 82.202123 3.528518
v -2.426304 83.174100 3.528518
v -1.143093 83.570486 6.607353
v -7.341599 73.241003 3.528518
v -8.624809 72.844617 3.528518
v -6.396435 74.182050 6.607352
v -3.366470 82.202123 6.607353
v -2.426304 83.174100 6.607353
v -6.396435 74.182050 3.528518
v -15.257263 72.377088 6.607352
v -8.624809 72.844617 6.607352
v -15.257263 72.377088 3.528518
v -7.341599 73.241010 6.607352
v -7.958780 71.536466 5.067935
v -7.958780 71.536459 -6.784271
v -6.676607 71.931943 5.067935
v -6.676607 71.931943 -6.784271
v -5.423342 73.093603 5.067935
v -5.423342 73.093603 -6.784272
v -2.403339 81.084516 5.067935
v -2.403339 81.084516 -6.784271
v -1.768705 81.863546 5.067935
v -1.768705 81.863546 -6.784271
v -0.490133 82.262189 5.067935
v -0.490133 82.262182 -6.784271
v -2.890820 81.645589 3.685408
v -8.295946 72.190542 3.685409
v -15.257263 71.723020 3.685409
v -0.814230 82.916418 3.685408
v -2.097441 82.520017 3.685408
v -7.012735 72.586927 3.685408
v -5.909096 73.635725 3.685408
v -2.890820 81.645589 -5.401744
v -8.295946 72.190542 -5.401744
v -5.909096 73.635725 -5.401744
v -15.257263 71.723020 -5.401744
v -0.814230 82.916410 -5.401744
v -7.012735 72.586927 -5.401744
v -2.097441 82.520017 -5.401744
v -15.257263 71.504262 6.180207
v -15.257263 71.504255 -8.123274
v -1.768578 81.865949 3.842298
v -0.485369 82.262334 3.842298
v -6.683872 71.932859 3.842299
v -5.741547 72.889814 3.842298
v -15.257263 71.068937 3.842299
v -2.710905 80.908987 3.842298
v -7.967083 71.536466 3.842299
v -15.257263 71.068937 -5.558633
v -2.710905 80.908979 -5.558634
v -7.967083 71.536459 -5.558633
v -1.768578 81.865949 -5.558634
v -0.485369 82.262327 -5.558634
v -6.683872 71.932859 -5.558633
v -5.741547 72.889814 -5.558633
v -15.257263 73.337186 -5.558633
v -15.257263 73.337186 -8.009909
v -15.257263 73.337194 6.293572
v -15.257263 73.337194 3.842298
v -15.257263 71.068937 5.067935
v -15.257263 73.965078 5.067935
v -15.257263 71.068937 -6.784271
v -15.257263 73.965086 -6.784272
v -15.257263 72.377088 -5.244854
v -15.257263 72.377088 -8.323689
v -15.257263 72.376096 -6.784272
v -15.257263 72.377088 6.607352
v -15.257263 72.377088 3.528518
v -15.257263 72.376104 5.067935
v -15.257263 71.723020 3.685409
v -15.257263 71.723020 -5.401744
v 54.694714 71.504262 6.180207
v 54.694714 71.504255 -8.123274
v 41.956657 81.511777 6.180207
v 39.922813 82.697660 6.180207
v 41.206024 82.301267 6.180207
v 39.922813 82.697660 -8.123276
v 41.956657 81.511777 -8.123276
v 41.206024 82.301267 -8.123276
v 47.404533 71.971792 6.180207
v 44.972176 73.509824 6.180207
v 46.121323 72.368177 6.180207
v 44.972176 73.509824 -8.123275
v 47.404533 71.971792 -8.123274
v 46.121323 72.368169 -8.123275
v 41.206024 81.865949 3.842298
v 39.922813 82.262334 3.842298
v 46.121323 71.932859 3.842299
v 44.859200 73.089414 3.842298
v 54.694714 71.068937 3.842299
v 41.852623 81.089071 3.842298
v 47.404533 71.536466 3.842299
v 54.694714 71.068937 -5.558633
v 41.852623 81.089063 -5.558634
v 47.404533 71.536459 -5.558633
v 41.206024 81.865949 -5.558634
v 39.922813 82.262327 -5.558634
v 46.121323 71.932859 -5.558633
v 44.859200 73.089414 -5.558633
v 54.694714 73.337186 -5.558633
v 54.694714 73.337186 -8.009909
v 42.346478 84.134206 6.293572
v 43.502113 83.019041 6.293572
v 43.502113 83.019041 -5.558634
v 43.502113 83.019041 -8.009908
v 42.346478 84.134199 -8.009909
v 42.346478 84.134206 3.842297
v 41.063271 84.530599 6.293572
v 41.063271 84.530599 -8.009909
v 41.063271 84.530599 3.842297
v 47.261776 74.201116 6.293572
v 48.544987 73.804723 6.293572
v 48.544987 73.804723 -5.558633
v 48.544987 73.804723 -8.009909
v 47.261776 74.201108 -8.009909
v 47.261776 74.201108 3.842298
v 46.549244 74.983976 6.293572
v 46.549244 74.983976 -8.009909
v 46.549244 74.983976 3.842298
v 54.694714 73.337194 6.293572
v 54.694714 73.337194 3.842298
v 43.502113 83.019041 3.842298
v 48.544987 73.804723 3.842298
v 42.346478 84.134199 -5.558635
v 41.063271 84.530599 -5.558635
v 47.261776 74.201108 -5.558633
v 46.549244 74.983976 -5.558633
v 54.694714 71.068937 5.067935
v 42.346478 84.762090 5.067935
v 41.063271 85.158475 5.067935
v 47.261776 74.828992 5.067935
v 46.712196 75.590345 5.067935
v 54.694714 73.965078 5.067935
v 43.652168 83.628728 5.067935
v 48.544987 74.432607 5.067935
v 54.694714 71.068937 -6.784271
v 54.694714 73.965086 -6.784272
v 43.652168 83.628728 -6.784271
v 48.544987 74.432607 -6.784272
v 42.346478 84.762090 -6.784272
v 41.063271 85.158475 -6.784272
v 47.261776 74.828992 -6.784272
v 46.712196 75.590345 -6.784272
v 42.803917 82.202123 -5.244855
v 45.833885 74.182050 -5.244854
v 45.833885 74.182050 -8.323689
v 42.803917 82.202123 -8.323689
v 41.863750 83.174100 -8.323689
v 40.580540 83.570486 -8.323689
v 54.694714 72.377088 -5.244854
v 48.062256 72.844617 -5.244854
v 48.062256 72.844617 -8.323689
v 54.694714 72.377088 -8.323689
v 40.580540 83.570486 -5.244855
v 46.779045 73.241003 -5.244854
v 41.863750 83.174100 -5.244855
v 46.779045 73.241003 -8.323689
v 40.580540 83.570486 3.528518
v 42.803917 82.202123 3.528518
v 41.863750 83.174100 3.528518
v 40.580540 83.570486 6.607353
v 46.779045 73.241003 3.528518
v 48.062256 72.844617 3.528518
v 45.833885 74.182050 6.607352
v 42.803917 82.202123 6.607353
v 41.863750 83.174100 6.607353
v 45.833885 74.182050 3.528518
v 54.694714 72.377088 6.607352
v 48.062256 72.844617 6.607352
v 54.694714 72.377088 3.528518
v 46.779045 73.241010 6.607352
v 47.396233 71.536466 5.067935
v 47.396233 71.536459 -6.784271
v 46.114052 71.931943 5.067935
v 46.114052 71.931943 -6.784271
v 44.860794 73.093603 5.067935
v 44.860794 73.093603 -6.784272
v 41.840790 81.084516 5.067935
v 41.840790 81.084516 -6.784271
v 41.206154 81.863546 5.067935
v 41.206154 81.863546 -6.784271
v 39.927582 82.262189 5.067935
v 39.927582 82.262182 -6.784271
v 42.328270 81.645589 3.685408
v 47.733391 72.190542 3.685409
v 54.694714 71.723020 3.685409
v 40.251678 82.916418 3.685408
v 41.534889 82.520017 3.685408
v 46.450180 72.586927 3.685408
v 45.346542 73.635725 3.685408
v 42.328270 81.645589 -5.401744
v 47.733391 72.190542 -5.401744
v 45.346542 73.635725 -5.401744
v 54.694714 71.723020 -5.401744
v 40.251678 82.916410 -5.401744
v 46.450180 72.586927 -5.401744
v 41.534889 82.520017 -5.401744
v 54.694714 71.504262 6.180207
v 54.694714 71.504255 -8.123274
v 41.206024 81.865949 3.842298
v 39.922813 82.262334 3.842298
v 46.121323 71.932859 3.842299
v 45.178993 72.889814 3.842298
v 54.694714 71.068937 3.842299
v 42.148354 80.908987 3.842298
v 47.404533 71.536466 3.842299
v 54.694714 71.068937 -5.558633
v 42.148354 80.908979 -5.558634
v 47.404533 71.536459 -5.558633
v 41.206024 81.865949 -5.558634
v 39.922813 82.262327 -5.558634
v 46.121323 71.932859 -5.558633
v 45.178993 72.889814 -5.558633
v 54.694714 73.337186 -5.558633
v 54.694714 73.337186 -8.009909
v 54.694714 73.337194 6.293572
v 54.694714 73.337194 3.842298
v 54.694714 71.068937 5.067935
v 54.694714 73.965078 5.067935
v 54.694714 71.068937 -6.784271
v 54.694714 73.965086 -6.784272
v 54.694714 72.377088 -5.244854
v 54.694714 72.377088 -8.323689
v 54.694714 72.376096 -6.784272
v 54.694714 72.377088 6.607352
v 54.694714 72.377088 3.528518
v 54.694714 72.376104 5.067935
v 54.694714 71.723020 3.685409
v 54.694714 71.723020 -5.401744
v -38.887680 70.868749 -8.864727
v -33.677124 70.868757 -7.171715
v -30.456821 70.868757 -2.739351
v -30.456821 70.868757 2.739353
v -33.677124 70.868757 7.171717
v -38.887680 70.868757 8.864729
v -44.098240 70.868757 7.171717
v -47.318542 70.868757 2.739353
v -47.318542 70.868757 -2.739351
v -44.098240 70.868757 -7.171715
v -33.677124 81.721578 -7.171717
v -38.887680 81.721578 -8.864729
v -30.456821 81.721578 -2.739353
v -30.456821 81.721578 2.739351
v -33.677124 81.721578 7.171715
v -38.887680 81.721578 8.864727
v -44.098240 81.721578 7.171715
v -47.318542 81.721578 2.739351
v -47.318542 81.721578 -2.739353
v -44.098240 81.721578 -7.171717
v -45.107883 71.328107 30.601744
v -50.791401 71.328107 29.979696
v -56.087597 71.328107 28.155939
v -60.635536 71.328107 25.254766
v -64.125298 71.328100 21.473879
v -66.319061 71.328100 17.070944
v -67.067307 71.328100 12.346014
v -50.791401 71.328092 -29.979723
v -45.107883 71.328092 -30.601770
v -56.087597 71.328092 -28.155966
v -60.635536 71.328092 -25.254787
v -64.125298 71.328100 -21.473904
v -66.319061 71.328100 -17.070969
v -67.067307 71.328100 -12.346037
v 66.319061 71.328100 -17.070971
v 67.067307 71.328100 -12.346039
v 64.125298 71.328100 -21.473906
v 60.635536 71.328092 -25.254793
v 56.087597 71.328092 -28.155966
v 50.791401 71.328092 -29.979723
v 45.107883 71.328092 -30.601770
v 50.791401 71.328107 29.979696
v 45.107883 71.328107 30.601744
v 56.087597 71.328107 28.155939
v 60.635536 71.328107 25.254761
v 64.125298 71.328100 21.473877
v 66.319061 71.328100 17.070942
v 67.067307 71.328100 12.346012
v -45.254128 76.148946 30.700962
v -50.956078 76.148946 30.076895
v -56.269436 76.148946 28.247225
v -60.832127 76.148946 25.336645
v -64.333206 76.148939 21.543499
v -66.534073 76.148939 17.126291
v -67.284744 76.148939 12.386041
v -50.956078 76.148931 -30.076921
v -45.254128 76.148931 -30.700989
v -56.269436 76.148931 -28.247252
v -60.832127 76.148931 -25.336666
v -64.333206 76.148939 -21.543526
v -66.534073 76.148939 -17.126314
v -67.284744 76.148939 -12.386065
v 66.534073 76.148939 -17.126318
v 67.284744 76.148939 -12.386067
v 64.333206 76.148939 -21.543526
v 60.832127 76.148931 -25.336672
v 56.269436 76.148931 -28.247252
v 50.956078 76.148931 -30.076921
v 45.254128 76.148931 -30.700989
v 50.956078 76.148946 30.076895
v 45.254128 76.148946 30.700962
v 56.269436 76.148946 28.247225
v 60.832127 76.148946 25.336639
v 64.333206 76.148939 21.543499
v 66.534073 76.148939 17.126287
v 67.284744 76.148939 12.386039
v -44.865894 76.148946 27.532417
v -49.827587 76.148946 26.989372
v -54.225655 76.148946 25.474886
v -58.002354 76.148939 23.065697
v -60.900318 76.148939 19.925972
v -62.722061 76.148939 16.269688
v -63.375282 76.148939 12.144838
v -49.827587 76.148931 -26.989399
v -44.865894 76.148931 -27.532444
v -54.225647 76.148931 -25.474916
v -58.002354 76.148939 -23.065720
v -60.900318 76.148939 -19.925997
v -62.722061 76.148939 -16.269714
v -63.375282 76.148939 -12.144864
v 62.722061 76.148939 -16.269714
v 63.375282 76.148939 -12.144865
v 60.900318 76.148939 -19.925999
v 58.002354 76.148939 -23.065723
v 54.225655 76.148931 -25.474913
v 49.827587 76.148931 -26.989399
v 44.865894 76.148931 -27.532444
v 49.827587 76.148946 26.989372
v 44.865894 76.148946 27.532417
v 54.225647 76.148946 25.474890
v 58.002354 76.148939 23.065693
v 60.900318 76.148939 19.925970
v 62.722061 76.148939 16.269688
v 63.375282 76.148939 12.144837
v 68.096497 72.509817 -12.402218
v 68.238220 73.738523 -12.409983
v 68.096497 74.967222 -12.402219
v -45.175461 74.967222 31.457352
v -45.184799 73.738523 31.575172
v -45.175461 72.509824 31.457352
v 45.175461 72.509824 31.457352
v 45.184799 73.738531 31.575172
v 45.175461 74.967229 31.457352
v -68.096497 74.967214 -12.402217
v -68.238220 73.738515 -12.409982
v -68.096497 72.509817 -12.402216
v -68.096497 72.509817 12.402193
v -68.238220 73.738523 12.409958
v -68.096497 74.967222 12.402192
v -67.315277 72.509740 -17.292986
v -67.452469 73.738523 -17.323591
v -67.315277 74.967298 -17.292986
v 68.096497 72.509817 12.402191
v 68.238220 73.738523 12.409957
v 68.096497 74.967222 12.402190
v -65.018524 72.509779 -21.902626
v -65.141525 73.738523 -21.961666
v -65.018524 74.967268 -21.902626
v 67.315277 72.509740 17.292959
v 67.452469 73.738523 17.323565
v 67.315277 74.967298 17.292959
v -61.364841 72.509771 -25.861092
v -61.465282 73.738515 -25.944590
v -61.364841 74.967260 -25.861092
v 65.018524 72.509779 21.902599
v 65.141525 73.738523 21.961639
v 65.018524 74.967268 21.902599
v -51.058464 74.967290 -30.807920
v -51.095272 73.738508 -30.921967
v -51.058464 72.509733 -30.807920
v -56.603302 72.509771 -28.898535
v -56.674320 73.738515 -29.000795
v -56.603302 74.967260 -28.898535
v 56.603302 74.967268 28.898508
v 56.674320 73.738523 29.000769
v 56.603302 72.509786 28.898508
v 61.364841 72.509786 25.861065
v 61.465282 73.738531 25.944563
v 61.364841 74.967275 25.861065
v 67.315277 72.509740 -17.292990
v 67.452469 73.738523 -17.323593
v 67.315277 74.967298 -17.292990
v -45.175461 72.509809 -31.457378
v -45.184799 73.738515 -31.575199
v -45.175461 74.967214 -31.457378
v 45.175461 74.967207 -31.457378
v 45.184799 73.738508 -31.575199
v 45.175461 72.509809 -31.457378
v 65.018524 72.509779 -21.902628
v 65.141525 73.738523 -21.961666
v 65.018524 74.967268 -21.902628
v 61.364841 72.509771 -25.861097
v 61.465282 73.738515 -25.944595
v 61.364841 74.967260 -25.861097
v 56.603302 72.509771 -28.898535
v 56.674320 73.738515 -29.000795
v 56.603302 74.967260 -28.898535
v 51.058464 72.509733 -30.807920
v 51.095272 73.738515 -30.921967
v 51.058464 74.967290 -30.807920
v -51.058464 74.967306 30.807894
v -51.095272 73.738523 30.921940
v -51.058464 72.509748 30.807894
v -56.603302 74.967268 28.898508
v -56.674320 73.738523 29.000769
v -56.603302 72.509786 28.898508
v -61.364841 74.967268 25.861071
v -61.465282 73.738523 25.944569
v -61.364841 72.509786 25.861071
v -65.018524 74.967260 21.902601
v -65.141525 73.738515 21.961639
v -65.018524 72.509779 21.902601
v 51.058464 72.509748 30.807894
v 51.095272 73.738531 30.921940
v 51.058464 74.967306 30.807894
v -67.315277 74.967298 17.292963
v -67.452469 73.738515 17.323566
v -67.315277 72.509740 17.292963
v -44.934288 76.632856 28.399904
v -45.039490 76.632803 29.734261
v -50.518997 76.632803 29.134537
v -50.099991 76.632856 27.834530
v -55.561352 76.632803 27.398191
v -54.751896 76.632856 26.232634
v -59.891312 76.632803 24.636068
v -58.746571 76.632856 23.684395
v -63.213825 76.632795 21.036394
v -61.811798 76.632848 20.363459
v -65.302437 76.632795 16.844484
v -63.738678 76.632848 16.496149
v -66.023834 76.632795 12.289155
v -64.418762 76.632848 12.201696
v -50.099991 76.632841 -27.834557
v -50.518997 76.632787 -29.134563
v -45.039490 76.632787 -29.734287
v -44.934288 76.632841 -28.399931
v -54.751892 76.632841 -26.232664
v -55.561352 76.632787 -27.398218
v -58.746571 76.632841 -23.684418
v -59.891319 76.632787 -24.636089
v -61.811798 76.632848 -20.363483
v -63.213825 76.632795 -21.036419
v -63.738678 76.632848 -16.496172
v -65.302437 76.632795 -16.844507
v -64.418762 76.632848 -12.201722
v -66.023834 76.632795 -12.289181
v 63.738678 76.632848 -16.496176
v 65.302437 76.632795 -16.844511
v 66.023834 76.632795 -12.289182
v 64.418762 76.632848 -12.201723
v 61.811798 76.632848 -20.363483
v 63.213825 76.632795 -21.036419
v 58.746571 76.632841 -23.684422
v 59.891312 76.632787 -24.636095
v 54.751896 76.632841 -26.232660
v 55.561352 76.632787 -27.398218
v 50.099991 76.632841 -27.834557
v 50.518997 76.632787 -29.134563
v 44.934288 76.632841 -28.399931
v 45.039490 76.632787 -29.734287
v 50.099991 76.632856 27.834530
v 50.518997 76.632803 29.134537
v 45.039490 76.632803 29.734261
v 44.934288 76.632856 28.399904
v 54.751892 76.632856 26.232637
v 55.561352 76.632803 27.398191
v 58.746571 76.632856 23.684391
v 59.891319 76.632803 24.636063
v 61.811798 76.632848 20.363457
v 63.213825 76.632795 21.036392
v 63.738678 76.632848 16.496145
v 65.302437 76.632795 16.844481
v 64.418762 76.632848 12.201695
v 66.023834 76.632795 12.289154
v 60.063763 74.541990 -19.524469
v 60.063763 72.935041 -19.524469
v 61.789001 74.541990 -16.061869
v 61.789001 72.935041 -16.061869
v 62.411369 72.935041 -12.092341
v 62.411369 74.541990 -12.092342
v -62.411369 74.541990 -12.092341
v -62.411369 72.935041 -12.092340
v -61.789001 74.541990 -16.061867
v -61.789001 72.935041 -16.061867
v -60.063763 74.541990 -19.524467
v -60.063763 72.935041 -19.524467
v -57.319302 74.541990 -22.497871
v -57.319302 72.935041 -22.497871
v -53.742661 74.541982 -24.779446
v -53.742661 72.935033 -24.779446
v -49.577572 74.541982 -26.213703
v -49.577572 72.935033 -26.213703
v -44.802715 72.935033 -26.731106
v -44.802715 74.541982 -26.731106
v -62.411369 72.935041 12.092317
v -62.411369 74.541990 12.092316
v -60.063763 74.541990 19.524443
v -60.063763 72.935041 19.524443
v -61.789001 72.935041 16.061842
v -61.789001 74.541990 16.061842
v 57.319302 74.541990 -22.497875
v 57.319302 72.935041 -22.497875
v 53.742664 74.541982 -24.779444
v 53.742664 72.935033 -24.779444
v 49.577572 74.541982 -26.213703
v 49.577572 72.935033 -26.213703
v 44.802715 74.541982 -26.731106
v 44.802715 72.935033 -26.731106
v 44.802715 72.935049 26.731079
v 44.802715 74.541997 26.731079
v 49.577572 74.541997 26.213676
v 49.577572 72.935049 26.213676
v 53.742661 74.541997 24.779419
v 53.742661 72.935049 24.779419
v 57.319302 74.541990 22.497845
v 57.319302 72.935041 22.497845
v 60.063763 74.541990 19.524441
v 60.063763 72.935041 19.524441
v 61.789001 74.541990 16.061840
v 61.789001 72.935041 16.061840
v 62.411369 74.541990 12.092315
v 62.411369 72.935041 12.092316
v -44.802715 72.935049 26.731079
v -44.802715 74.541997 26.731079
v -49.577572 72.935049 26.213676
v -49.577572 74.541997 26.213676
v -53.742664 72.935049 24.779417
v -53.742664 74.541997 24.779417
v -57.319302 72.935041 22.497849
v -57.319302 74.541990 22.497849
v -44.865894 -81.015917 27.532444
v -49.827587 -81.015917 26.989399
v -54.225655 -81.015917 25.474913
v -58.002354 -81.015925 23.065723
v -60.900318 -81.015925 19.925999
v -62.722061 -81.015925 16.269714
v -63.375282 -81.015925 12.144864
v -49.827587 -81.015933 -26.989372
v -44.865894 -81.015933 -27.532417
v -54.225647 -81.015933 -25.474890
v -58.002354 -81.015925 -23.065693
v -60.900318 -81.015925 -19.925970
v -62.722061 -81.015925 -16.269688
v -63.375282 -81.015925 -12.144838
v 62.722061 -81.015925 -16.269688
v 63.375282 -81.015925 -12.144839
v 60.900318 -81.015925 -19.925972
v 58.002354 -81.015925 -23.065697
v 54.225655 -81.015933 -25.474886
v 49.827587 -81.015933 -26.989372
v 44.865894 -81.015933 -27.532417
v 49.827587 -81.015917 26.989399
v 44.865894 -81.015917 27.532444
v 54.225647 -81.015917 25.474916
v 58.002354 -81.015925 23.065720
v 60.900318 -81.015925 19.925997
v 62.722061 -81.015925 16.269714
v 63.375282 -81.015925 12.144863
v -45.107883 -81.015917 30.601770
v -50.791401 -81.015917 29.979723
v -56.087597 -81.015917 28.155966
v -60.635536 -81.015917 25.254793
v -64.125298 -81.015925 21.473906
v -66.319061 -81.015925 17.070971
v -67.067307 -81.015925 12.346039
v -50.791401 -81.015933 -29.979696
v -45.107883 -81.015933 -30.601744
v -56.087597 -81.015933 -28.155939
v -60.635536 -81.015933 -25.254761
v -64.125298 -81.015925 -21.473877
v -66.319061 -81.015925 -17.070942
v -67.067307 -81.015925 -12.346012
v 66.319061 -81.015925 -17.070944
v 67.067307 -81.015925 -12.346014
v 64.125298 -81.015925 -21.473879
v 60.635536 -81.015933 -25.254766
v 56.087597 -81.015933 -28.155939
v 50.791401 -81.015933 -29.979696
v 45.107883 -81.015933 -30.601744
v 50.791401 -81.015917 29.979723
v 45.107883 -81.015917 30.601770
v 56.087597 -81.015917 28.155966
v 60.635536 -81.015917 25.254787
v 64.125298 -81.015925 21.473904
v 66.319061 -81.015925 17.070969
v 67.067307 -81.015925 12.346037
v -45.254128 -85.836764 30.700989
v -50.956078 -85.836764 30.076921
v -56.269436 -85.836764 28.247252
v -60.832127 -85.836764 25.336672
v -64.333206 -85.836771 21.543526
v -66.534073 -85.836771 17.126318
v -67.284744 -85.836771 12.386067
v -50.956078 -85.836779 -30.076895
v -45.254128 -85.836779 -30.700962
v -56.269436 -85.836779 -28.247225
v -60.832127 -85.836779 -25.336639
v -64.333206 -85.836771 -21.543499
v -66.534073 -85.836771 -17.126287
v -67.284744 -85.836771 -12.386039
v 66.534073 -85.836771 -17.126291
v 67.284744 -85.836771 -12.386041
v 64.333206 -85.836771 -21.543499
v 60.832127 -85.836779 -25.336645
v 56.269436 -85.836779 -28.247225
v 50.956078 -85.836779 -30.076895
v 45.254128 -85.836779 -30.700962
v 50.956078 -85.836764 30.076921
v 45.254128 -85.836764 30.700989
v 56.269436 -85.836764 28.247252
v 60.832127 -85.836764 25.336666
v 64.333206 -85.836771 21.543526
v 66.534073 -85.836771 17.126314
v 67.284744 -85.836771 12.386065
v -44.865894 -85.836764 27.532444
v -49.827587 -85.836764 26.989399
v -54.225655 -85.836764 25.474913
v -58.002354 -85.836771 23.065723
v -60.900318 -85.836771 19.925999
v -62.722061 -85.836771 16.269714
v -63.375282 -85.836771 12.144865
v -49.827587 -85.836779 -26.989372
v -44.865894 -85.836779 -27.532417
v -54.225647 -85.836779 -25.474890
v -58.002354 -85.836771 -23.065693
v -60.900318 -85.836771 -19.925970
v -62.722061 -85.836771 -16.269688
v -63.375282 -85.836771 -12.144837
v 62.722061 -85.836771 -16.269688
v 63.375282 -85.836771 -12.144838
v 60.900318 -85.836771 -19.925972
v 58.002354 -85.836771 -23.065697
v 54.225655 -85.836779 -25.474886
v 49.827587 -85.836779 -26.989372
v 44.865894 -85.836779 -27.532417
v 49.827587 -85.836764 26.989399
v 44.865894 -85.836764 27.532444
v 54.225647 -85.836764 25.474916
v 58.002354 -85.836771 23.065720
v 60.900318 -85.836771 19.925997
v 62.722061 -85.836771 16.269714
v 63.375282 -85.836771 12.144864
v 68.096497 -82.197649 -12.402193
v 68.238220 -83.426348 -12.409958
v 68.096497 -84.655055 -12.402192
v -45.175461 -84.655039 31.457378
v -45.184799 -83.426341 31.575199
v -45.175461 -82.197642 31.457378
v 45.175461 -82.197642 31.457378
v 45.184799 -83.426341 31.575199
v 45.175461 -84.655047 31.457378
v -68.096497 -84.655047 -12.402190
v -68.238220 -83.426348 -12.409957
v -68.096497 -82.197649 -12.402191
v -68.096497 -82.197649 12.402218
v -68.238220 -83.426348 12.409983
v -68.096497 -84.655055 12.402219
v -67.315277 -82.197573 -17.292959
v -67.452469 -83.426348 -17.323565
v -67.315277 -84.655131 -17.292959
v 68.096497 -82.197649 12.402216
v 68.238220 -83.426348 12.409982
v 68.096497 -84.655055 12.402217
v -65.018524 -82.197604 -21.902599
v -65.141525 -83.426348 -21.961639
v -65.018524 -84.655093 -21.902599
v 67.315277 -82.197573 17.292986
v 67.452469 -83.426348 17.323591
v 67.315277 -84.655131 17.292986
v -61.364841 -82.197611 -25.861065
v -61.465282 -83.426356 -25.944563
v -61.364841 -84.655100 -25.861065
v 65.018524 -82.197604 21.902626
v 65.141525 -83.426348 21.961666
v 65.018524 -84.655093 21.902626
v -51.058464 -84.655131 -30.807894
v -51.095272 -83.426356 -30.921940
v -51.058464 -82.197581 -30.807894
v -56.603302 -82.197611 -28.898508
v -56.674320 -83.426356 -29.000769
v -56.603302 -84.655100 -28.898508
v 56.603302 -84.655077 28.898535
v 56.674320 -83.426341 29.000795
v 56.603302 -82.197596 28.898535
v 61.364841 -82.197596 25.861092
v 61.465282 -83.426341 25.944590
v 61.364841 -84.655085 25.861092
v 67.315277 -82.197573 -17.292963
v 67.452469 -83.426348 -17.323566
v 67.315277 -84.655131 -17.292963
v -45.175461 -82.197657 -31.457352
v -45.184799 -83.426356 -31.575172
v -45.175461 -84.655062 -31.457352
v 45.175461 -84.655055 -31.457352
v 45.184799 -83.426356 -31.575172
v 45.175461 -82.197657 -31.457352
v 65.018524 -82.197604 -21.902601
v 65.141525 -83.426348 -21.961639
v 65.018524 -84.655093 -21.902601
v 61.364841 -82.197611 -25.861071
v 61.465282 -83.426356 -25.944569
v 61.364841 -84.655100 -25.861071
v 56.603302 -82.197611 -28.898508
v 56.674320 -83.426356 -29.000769
v 56.603302 -84.655100 -28.898508
v 51.058464 -82.197581 -30.807894
v 51.095272 -83.426356 -30.921940
v 51.058464 -84.655138 -30.807894
v -51.058464 -84.655116 30.807920
v -51.095272 -83.426341 30.921967
v -51.058464 -82.197566 30.807920
v -56.603302 -84.655077 28.898535
v -56.674320 -83.426341 29.000795
v -56.603302 -82.197596 28.898535
v -61.364841 -84.655077 25.861097
v -61.465282 -83.426341 25.944595
v -61.364841 -82.197596 25.861097
v -65.018524 -84.655085 21.902628
v -65.141525 -83.426348 21.961666
v -65.018524 -82.197604 21.902628
v 51.058464 -82.197566 30.807920
v 51.095272 -83.426341 30.921967
v 51.058464 -84.655123 30.807920
v -67.315277 -84.655123 17.292990
v -67.452469 -83.426348 17.323593
v -67.315277 -82.197573 17.292990
v -44.934288 -86.320666 28.399931
v -45.039490 -86.320612 29.734287
v -50.518997 -86.320612 29.134563
v -50.099991 -86.320666 27.834557
v -55.561352 -86.320612 27.398218
v -54.751896 -86.320666 26.232660
v -59.891312 -86.320612 24.636095
v -58.746571 -86.320666 23.684422
v -63.213825 -86.320620 21.036421
v -61.811798 -86.320673 20.363485
v -65.302437 -86.320620 16.844511
v -63.738678 -86.320673 16.496176
v -66.023834 -86.320620 12.289182
v -64.418762 -86.320673 12.201723
v -50.099991 -86.320681 -27.834530
v -50.518997 -86.320628 -29.134537
v -45.039490 -86.320628 -29.734261
v -44.934288 -86.320681 -28.399904
v -54.751892 -86.320681 -26.232637
v -55.561352 -86.320628 -27.398191
v -58.746571 -86.320681 -23.684391
v -59.891319 -86.320628 -24.636063
v -61.811798 -86.320673 -20.363457
v -63.213825 -86.320620 -21.036392
v -63.738678 -86.320673 -16.496145
v -65.302437 -86.320620 -16.844481
v -64.418762 -86.320673 -12.201695
v -66.023834 -86.320620 -12.289154
v 63.738678 -86.320673 -16.496149
v 65.302437 -86.320620 -16.844484
v 66.023834 -86.320620 -12.289155
v 64.418762 -86.320673 -12.201696
v 61.811798 -86.320673 -20.363457
v 63.213825 -86.320620 -21.036392
v 58.746571 -86.320681 -23.684395
v 59.891312 -86.320628 -24.636068
v 54.751896 -86.320681 -26.232634
v 55.561352 -86.320628 -27.398191
v 50.099991 -86.320681 -27.834530
v 50.518997 -86.320628 -29.134537
v 44.934288 -86.320681 -28.399904
v 45.039490 -86.320628 -29.734261
v 50.099991 -86.320666 27.834557
v 50.518997 -86.320612 29.134563
v 45.039490 -86.320612 29.734287
v 44.934288 -86.320666 28.399931
v 54.751892 -86.320666 26.232664
v 55.561352 -86.320612 27.398218
v 58.746571 -86.320666 23.684418
v 59.891319 -86.320612 24.636089
v 61.811798 -86.320673 20.363483
v 63.213825 -86.320620 21.036419
v 63.738678 -86.320673 16.496172
v 65.302437 -86.320620 16.844507
v 64.418762 -86.320673 12.201722
v 66.023834 -86.320620 12.289181
v 60.063763 -84.229823 -19.524443
v 60.063763 -82.622874 -19.524443
v 61.789001 -84.229823 -16.061842
v 61.789001 -82.622874 -16.061842
v 62.411369 -82.622874 -12.092317
v 62.411369 -84.229823 -12.092316
v -62.411369 -84.229823 -12.092315
v -62.411369 -82.622874 -12.092316
v -61.789001 -84.229823 -16.061840
v -61.789001 -82.622874 -16.061840
v -60.063763 -84.229823 -19.524441
v -60.063763 -82.622874 -19.524441
v -57.319302 -84.229823 -22.497845
v -57.319302 -82.622874 -22.497845
v -53.742661 -84.229830 -24.779419
v -53.742661 -82.622881 -24.779419
v -49.577572 -84.229830 -26.213676
v -49.577572 -82.622881 -26.213676
v -44.802715 -82.622881 -26.731079
v -44.802715 -84.229830 -26.731079
v -62.411369 -82.622874 12.092341
v -62.411369 -84.229823 12.092342
v -60.063763 -84.229823 19.524469
v -60.063763 -82.622874 19.524469
v -61.789001 -82.622874 16.061869
v -61.789001 -84.229823 16.061869
v 57.319302 -84.229823 -22.497849
v 57.319302 -82.622874 -22.497849
v 53.742664 -84.229830 -24.779417
v 53.742664 -82.622881 -24.779417
v 49.577572 -84.229830 -26.213676
v 49.577572 -82.622881 -26.213676
v 44.802715 -84.229830 -26.731079
v 44.802715 -82.622881 -26.731079
v 44.802715 -82.622866 26.731106
v 44.802715 -84.229815 26.731106
v 49.577572 -84.229815 26.213703
v 49.577572 -82.622866 26.213703
v 53.742661 -84.229815 24.779446
v 53.742661 -82.622866 24.779446
v 57.319302 -84.229823 22.497871
v 57.319302 -82.622874 22.497871
v 60.063763 -84.229823 19.524467
v 60.063763 -82.622874 19.524467
v 61.789001 -84.229823 16.061867
v 61.789001 -82.622874 16.061867
v 62.411369 -84.229823 12.092341
v 62.411369 -82.622874 12.092340
v -44.802715 -82.622866 26.731106
v -44.802715 -84.229815 26.731106
v -49.577572 -82.622866 26.213703
v -49.577572 -84.229815 26.213703
v -53.742664 -82.622866 24.779444
v -53.742664 -84.229815 24.779444
v -57.319302 -82.622874 22.497875
v -57.319302 -84.229823 22.497875
v -44.865894 71.328107 27.532417
v -49.827587 71.328107 26.989372
v -54.225655 71.328107 25.474886
v -58.002354 71.328100 23.065697
v -60.900318 71.328100 19.925972
v -62.722061 71.328100 16.269688
v -63.375282 71.328100 12.144839
v -49.827587 71.328092 -26.989399
v -44.865894 71.328092 -27.532444
v -54.225647 71.328092 -25.474916
v -58.002354 71.328100 -23.065720
v -60.900318 71.328100 -19.925997
v -62.722061 71.328100 -16.269714
v -63.375282 71.328100 -12.144863
v 62.722061 71.328100 -16.269714
v 63.375282 71.328100 -12.144864
v 60.900318 71.328100 -19.925999
v 58.002354 71.328100 -23.065723
v 54.225655 71.328092 -25.474913
v 49.827587 71.328092 -26.989399
v 44.865894 71.328092 -27.532444
v 49.827587 71.328107 26.989372
v 44.865894 71.328107 27.532417
v 54.225647 71.328107 25.474890
v 58.002354 71.328100 23.065693
v 60.900318 71.328100 19.925970
v 62.722061 71.328100 16.269688
v 63.375282 71.328100 12.144838
v -44.865894 -81.015925 -12.144839
v 44.865902 -81.015925 -12.144839
v 44.865898 -81.015925 12.144864
v -44.865894 -81.015925 12.144864
v -44.865894 71.328100 12.144839
v 44.865894 71.328100 12.144838
v 44.865894 71.328100 -12.144865
v -44.865894 71.328100 -12.144864
vt 0.706994 0.626999
vt 0.706994 0.224602
vt 0.698221 0.969281
vt 0.574219 0.909565
vt 0.668665 0.425800
vt 0.706994 0.157535
vt 0.896220 0.162508
vt 0.668665 0.526399
vt 0.910238 0.013843
vt 0.894294 0.250154
vt 0.905080 0.376520
vt 0.439264 0.947045
vt 0.905125 0.352005
vt 0.439264 0.918595
vt 0.612409 0.861676
vt 0.895015 0.101692
vt 0.668665 0.191069
vt 0.899805 0.353109
vt 0.892010 0.304132
vt 0.501587 0.996746
vt 0.501587 0.868895
vt 0.895460 0.329072
vt 0.643035 0.995857
vt 0.529323 0.875225
vt 0.563910 0.918595
vt 0.668665 0.559932
vt 0.643035 0.854686
vt 0.895517 0.277512
vt 0.897746 0.303427
vt 0.880490 0.038417
vt 0.910301 0.044151
vt 0.529323 0.990415
vt 0.899006 0.071869
vt 0.668665 0.325201
vt 0.473851 0.875225
vt 0.563910 0.947045
vt 0.889484 0.278010
vt 0.894681 0.192341
vt 0.706994 0.492866
vt 0.706994 0.358734
vt 0.673661 0.861676
vt 0.706994 0.291668
vt 0.894026 0.221658
vt 0.668665 0.593466
vt 0.711851 0.940978
vt 0.887487 0.221695
vt 0.901746 0.102460
vt 0.892487 0.404989
vt 0.451608 0.972677
vt 0.867677 0.280111
vt 0.706994 0.325201
vt 0.910214 0.375172
vt 0.698221 0.881262
vt 0.668665 0.392267
vt 0.451608 0.892963
vt 0.887994 0.192160
vt 0.668665 0.626999
vt 0.903923 0.042905
vt 0.587849 0.881262
vt 0.574219 0.940978
vt 0.668665 0.224602
vt 0.706994 0.425800
vt 0.668665 0.157535
vt 0.863871 0.191539
vt 0.668665 0.358734
vt 0.501587 0.932820
vt 0.905598 0.072842
vt 0.643035 0.925272
vt 0.867385 0.129618
vt 0.668665 0.291668
vt 0.870785 0.098705
vt 0.706994 0.191069
vt 0.706994 0.392267
vt 0.473851 0.990415
vt 0.900959 0.328166
vt 0.916394 0.016766
vt 0.706994 0.459333
vt 0.875188 0.068212
vt 0.587849 0.969281
vt 0.865132 0.251583
vt 0.551566 0.892963
vt 0.551566 0.972677
vt 0.673661 0.988867
vt 0.706994 0.258135
vt 0.865059 0.160661
vt 0.711851 0.909565
vt 0.916394 0.397284
vt 0.891812 0.131866
vt 0.668665 0.492866
vt 0.886648 0.008918
vt 0.871290 0.306904
vt 0.706994 0.559932
vt 0.886171 0.381208
vt 0.875583 0.332480
vt 0.612409 0.988867
vt 0.706994 0.593465
vt 0.706994 0.526399
vt 0.668665 0.459333
vt 0.863878 0.221950
vt 0.898595 0.132452
vt 0.911503 0.399938
vt 0.880539 0.357148
vt 0.668665 0.258135
vt 0.887974 0.250418
vt 0.889452 0.162118
vt 0.963670 0.620735
vt 0.959321 0.619184
vt 0.966981 0.585482
vt 0.972415 0.584414
vt 0.744725 0.292711
vt 0.743996 0.525568
vt 0.738920 0.526683
vt 0.739643 0.291614
vt 0.954466 0.617549
vt 0.960948 0.585684
vt 0.727671 0.230476
vt 0.732354 0.231041
vt 0.732601 0.236580
vt 0.727661 0.235119
vt 0.739148 0.286355
vt 0.744028 0.286186
vt 0.941418 0.582184
vt 0.946098 0.583845
vt 0.940989 0.614643
vt 0.936142 0.614023
vt 0.745094 0.279769
vt 0.740045 0.280085
vt 0.747554 0.237667
vt 0.753667 0.237266
vt 0.727790 0.225684
vt 0.732602 0.224279
vt 0.938782 0.531323
vt 0.943766 0.529681
vt 0.946628 0.571706
vt 0.941725 0.573007
vt 0.967741 0.571685
vt 0.961583 0.571093
vt 0.954926 0.528435
vt 0.959959 0.528787
vt 0.723246 0.284474
vt 0.728409 0.285534
vt 0.727136 0.291191
vt 0.721640 0.292077
vt 0.954083 0.522183
vt 0.958939 0.522391
vt 0.948420 0.516378
vt 0.947440 0.283110
vt 0.953631 0.282572
vt 0.954624 0.516947
vt 0.723882 0.277028
vt 0.728867 0.278736
vt 0.716638 0.525504
vt 0.717371 0.292817
vt 0.720917 0.526250
vt 0.734304 0.281020
vt 0.739693 0.239066
vt 0.739896 0.224669
vt 0.736140 0.192556
vt 0.742950 0.191206
vt 0.747496 0.223185
vt 0.949217 0.527455
vt 0.948694 0.521256
vt 0.953387 0.583826
vt 0.953850 0.575447
vt 0.962168 0.577707
vt 0.953744 0.569451
vt 0.733420 0.292144
vt 0.732702 0.526168
vt 0.726418 0.527131
vt 0.733733 0.287245
vt 0.740001 0.233065
vt 0.947731 0.615772
vt 0.959697 0.515901
vt 0.753425 0.223665
vt 0.747881 0.189894
vt 0.946179 0.577155
vt 0.941572 0.577506
vt 0.724481 0.193582
vt 0.729353 0.193266
vt 0.754530 0.230455
vt 0.748363 0.231133
vt 0.936680 0.516381
vt 0.942152 0.517290
vt 0.943377 0.522919
vt 0.938231 0.523932
vt 0.968389 0.578629
vt 0.941178 0.282172
vt 0.935702 0.283067
vt 0.973689 0.578520
vt 0.973282 0.571359
vt 0.933920 0.524919
vt 0.935017 0.532724
vt 0.932437 0.515630
vt 0.939454 0.577586
vt 0.938799 0.581012
vt 0.939066 0.573998
vt 0.964733 0.521604
vt 0.964941 0.513644
vt 0.911816 0.566810
vt 0.911816 0.847987
vt 0.849597 0.847987
vt 0.849597 0.566810
vt 0.965688 0.528127
vt 0.932951 0.613641
vt 0.963904 0.285929
vt 0.958687 0.283654
vt 0.750153 0.287025
vt 0.751142 0.280521
vt 0.724967 0.234049
vt 0.720108 0.275565
vt 0.759442 0.237781
vt 0.760052 0.230738
vt 0.721274 0.193763
vt 0.725068 0.226697
vt 0.759024 0.224898
vt 0.757193 0.294346
vt 0.756416 0.523932
vt 0.749625 0.523277
vt 0.750367 0.294994
vt 0.752636 0.188886
vt 0.718909 0.283443
vt 0.725476 0.230283
vt 0.931444 0.283821
vt 0.764612 0.223581
vt 0.758501 0.187760
vt 0.764540 0.186756
vt 0.770524 0.222747
vt 0.771068 0.229366
vt 0.765268 0.229586
vt 0.765024 0.237211
vt 0.770970 0.237785
vt 0.764409 0.280908
vt 0.757817 0.280112
vt 0.757198 0.286119
vt 0.764276 0.286454
vt 0.764255 0.294348
vt 0.763432 0.523964
vt 0.972970 0.514270
vt 0.971867 0.285296
vt 0.978838 0.285264
vt 0.980017 0.514250
vt 0.979141 0.586227
vt 0.985239 0.587367
vt 0.976873 0.624220
vt 0.970690 0.622816
vt 0.980035 0.579964
vt 0.986082 0.580395
vt 0.980043 0.572001
vt 0.986167 0.571569
vt 0.973543 0.528434
vt 0.980198 0.527709
vt 0.972998 0.522441
vt 0.980069 0.522125
vt 0.849597 0.557615
vt 0.911816 0.557615
vt 0.911816 0.549530
vt 0.849597 0.549530
vt 0.911816 0.490922
vt 0.849597 0.490922
vt 0.911816 0.480498
vt 0.849597 0.480498
vt 0.849597 0.471302
vt 0.911816 0.471302
vt 0.911816 0.423531
vt 0.849597 0.423531
vt 0.842785 0.550638
vt 0.778417 0.550638
vt 0.778417 0.491940
vt 0.842785 0.491940
vt 0.778417 0.482745
vt 0.842785 0.482745
vt 0.778417 0.473549
vt 0.842785 0.473549
vt 0.778417 0.559833
vt 0.842785 0.559833
vt 0.842785 0.569029
vt 0.778417 0.569029
vt 0.778417 0.423531
vt 0.842785 0.423531
vt 0.705833 0.683711
vt 0.726856 0.683711
vt 0.718549 0.699927
vt 0.705846 0.704078
vt 0.705833 0.840523
vt 0.726856 0.840523
vt 0.718549 0.856739
vt 0.705846 0.860890
vt 0.705846 0.663343
vt 0.718549 0.667495
vt 0.705846 0.820155
vt 0.718549 0.824307
vt 0.697192 0.822231
vt 0.688538 0.840522
vt 0.694298 0.858238
vt 0.694298 0.668995
vt 0.688538 0.683711
vt 0.697192 0.702002
vt 0.688538 0.699927
vt 0.688538 0.824307
vt 0.970557 0.182050
vt 0.973788 0.217228
vt 0.968756 0.215683
vt 0.966308 0.182574
vt 0.962982 0.214834
vt 0.961469 0.183077
vt 0.728029 0.588615
vt 0.727825 0.583665
vt 0.732871 0.582000
vt 0.732902 0.587730
vt 0.743330 0.532076
vt 0.738454 0.531934
vt 0.942890 0.215849
vt 0.942802 0.182946
vt 0.947772 0.183135
vt 0.947971 0.214813
vt 0.744446 0.538465
vt 0.753899 0.580358
vt 0.747863 0.580242
vt 0.739394 0.538192
vt 0.728582 0.593690
vt 0.733671 0.594682
vt 0.937956 0.267999
vt 0.942236 0.225867
vt 0.947278 0.227485
vt 0.942925 0.269735
vt 0.968271 0.229003
vt 0.959090 0.270852
vt 0.954060 0.271129
vt 0.962248 0.229144
vt 0.722542 0.533895
vt 0.727715 0.532806
vt 0.957988 0.277196
vt 0.953142 0.277353
vt 0.723239 0.541392
vt 0.728221 0.539626
vt 0.733636 0.537299
vt 0.739970 0.579191
vt 0.741015 0.593670
vt 0.748680 0.594548
vt 0.747393 0.626284
vt 0.740589 0.625984
vt 0.948330 0.272034
vt 0.947751 0.278233
vt 0.955322 0.215767
vt 0.963359 0.222724
vt 0.954936 0.224220
vt 0.954379 0.230238
vt 0.733034 0.531069
vt 0.740568 0.585215
vt 0.954655 0.183427
vt 0.754442 0.593660
vt 0.752225 0.626751
vt 0.942389 0.220929
vt 0.947262 0.221767
vt 0.728758 0.626558
vt 0.733720 0.626329
vt 0.755096 0.586972
vt 0.749009 0.586658
vt 0.937296 0.275459
vt 0.942449 0.276523
vt 0.969447 0.222374
vt 0.974486 0.222915
vt 0.973580 0.229688
vt 0.932954 0.274425
vt 0.934179 0.266511
vt 0.940014 0.220599
vt 0.939953 0.216633
vt 0.939452 0.224736
vt 0.963735 0.278035
vt 0.964755 0.271600
vt 0.939529 0.182795
vt 0.749428 0.531205
vt 0.750452 0.537654
vt 0.725040 0.584824
vt 0.719452 0.542907
vt 0.759527 0.579609
vt 0.760447 0.586402
vt 0.725490 0.626735
vt 0.725641 0.592935
vt 0.759784 0.592103
vt 0.756846 0.627273
vt 0.718182 0.534951
vt 0.725654 0.588972
vt 0.765260 0.592996
vt 0.762546 0.627830
vt 0.770957 0.593371
vt 0.768400 0.628259
vt 0.771068 0.587156
vt 0.765533 0.587236
vt 0.764970 0.579946
vt 0.770703 0.579201
vt 0.763513 0.537145
vt 0.757056 0.537991
vt 0.756414 0.532074
vt 0.763386 0.531742
vt 0.980283 0.216225
vt 0.977283 0.181354
vt 0.983147 0.180873
vt 0.986014 0.215819
vt 0.980565 0.222065
vt 0.986167 0.222115
vt 0.985833 0.230173
vt 0.980064 0.229471
vt 0.972458 0.271432
vt 0.978886 0.272230
vt 0.978775 0.277576
vt 0.971883 0.277269
vt 0.911816 0.857183
vt 0.849597 0.857183
vt 0.911816 0.865267
vt 0.849597 0.865267
vt 0.911816 0.923875
vt 0.849597 0.923875
vt 0.911816 0.934299
vt 0.849597 0.934299
vt 0.911816 0.943495
vt 0.849597 0.943495
vt 0.911816 0.991266
vt 0.849597 0.991266
vt 0.842785 0.864094
vt 0.842785 0.922791
vt 0.778417 0.922791
vt 0.778417 0.864094
vt 0.778417 0.931987
vt 0.842785 0.931987
vt 0.778417 0.941183
vt 0.842785 0.941183
vt 0.778417 0.854899
vt 0.778417 0.845703
vt 0.842785 0.845703
vt 0.842785 0.854899
vt 0.842785 0.991201
vt 0.778417 0.991201
vt 0.751162 0.948797
vt 0.751175 0.928429
vt 0.763877 0.932581
vt 0.772185 0.948797
vt 0.751162 0.791985
vt 0.751175 0.771618
vt 0.763877 0.775769
vt 0.772185 0.791985
vt 0.751175 0.969164
vt 0.763877 0.965013
vt 0.751175 0.812352
vt 0.763877 0.808201
vt 0.742521 0.810277
vt 0.733867 0.791985
vt 0.739627 0.774269
vt 0.739627 0.963513
vt 0.733867 0.948797
vt 0.742521 0.930505
vt 0.733867 0.932581
vt 0.733867 0.808201
vt 0.991429 0.790708
vt 0.924544 0.790708
vt 0.924544 0.756943
vt 0.991429 0.756943
vt 0.924544 0.723178
vt 0.991429 0.723178
vt 0.924544 0.689413
vt 0.991429 0.689413
vt 0.924544 0.655647
vt 0.991429 0.655647
vt 0.991429 0.993299
vt 0.924544 0.993299
vt 0.924544 0.959534
vt 0.991429 0.959534
vt 0.924544 0.925769
vt 0.991429 0.925769
vt 0.924544 0.892004
vt 0.991429 0.892004
vt 0.924544 0.858239
vt 0.991429 0.858239
vt 0.924544 0.824473
vt 0.991429 0.824473
vt 0.001199 0.073608
vt 0.428031 0.073608
vt 0.428031 0.089627
vt 0.001199 0.089627
vt 0.428031 0.500000
vt 0.428031 0.513403
vt 0.001199 0.513403
vt 0.001199 0.500000
vt 0.001199 0.001199
vt 0.428031 0.001199
vt 0.428031 0.014602
vt 0.001199 0.014602
vt 0.428031 0.841192
vt 0.428031 0.857211
vt 0.001199 0.857211
vt 0.001199 0.841192
vt 0.428031 0.342390
vt 0.001199 0.342390
vt 0.001199 0.057914
vt 0.428031 0.057914
vt 0.001199 0.042800
vt 0.428031 0.042800
vt 0.001199 0.028384
vt 0.428031 0.028384
vt 0.428031 0.403633
vt 0.428031 0.417416
vt 0.001199 0.417415
vt 0.001199 0.403633
vt 0.428031 0.389217
vt 0.001199 0.389217
vt 0.428031 0.374103
vt 0.001199 0.374103
vt 0.428031 0.358409
vt 0.001199 0.358409
vt 0.428031 0.572409
vt 0.428031 0.588428
vt 0.001199 0.588428
vt 0.001199 0.572409
vt 0.428031 0.556715
vt 0.001199 0.556715
vt 0.428031 0.541601
vt 0.001199 0.541601
vt 0.428031 0.527186
vt 0.001199 0.527186
vt 0.001199 0.430819
vt 0.428031 0.430819
vt 0.428031 0.916217
vt 0.428031 0.929620
vt 0.001199 0.929620
vt 0.001199 0.916217
vt 0.428031 0.902434
vt 0.001199 0.902434
vt 0.428031 0.888019
vt 0.001199 0.888019
vt 0.428031 0.872904
vt 0.001199 0.872904
vt 0.428031 0.998801
vt 0.001199 0.998801
vt 0.468143 0.786454
vt 0.473444 0.798906
vt 0.468757 0.801997
vt 0.462985 0.788365
vt 0.493522 0.845834
vt 0.479295 0.838020
vt 0.481602 0.834284
vt 0.494943 0.841707
vt 0.480939 0.809667
vt 0.477003 0.813808
vt 0.445413 0.775672
vt 0.445474 0.524040
vt 0.449710 0.524256
vt 0.449625 0.775445
vt 0.490222 0.818169
vt 0.487210 0.823120
vt 0.508537 0.850105
vt 0.509236 0.845672
vt 0.585623 0.851918
vt 0.584948 0.847259
vt 0.500756 0.824113
vt 0.498739 0.829578
vt 0.649992 0.524406
vt 0.649931 0.776038
vt 0.645695 0.775823
vt 0.645780 0.524633
vt 0.512590 0.827657
vt 0.511516 0.833191
vt 0.494241 0.452574
vt 0.509782 0.448160
vt 0.510457 0.452819
vt 0.495680 0.456855
vt 0.586868 0.449974
vt 0.586169 0.454406
vt 0.513614 0.471599
vt 0.501491 0.475052
vt 0.499483 0.469418
vt 0.512618 0.465878
vt 0.490717 0.481025
vt 0.487667 0.475950
vt 0.479583 0.460636
vt 0.481950 0.464478
vt 0.601164 0.847504
vt 0.599725 0.843223
vt 0.481261 0.489632
vt 0.477263 0.485416
vt 0.473667 0.500531
vt 0.468917 0.497406
vt 0.466490 0.472549
vt 0.469721 0.475687
vt 0.615822 0.839443
vt 0.613455 0.835600
vt 0.468333 0.513117
vt 0.463122 0.511198
vt 0.465169 0.527387
vt 0.459906 0.526507
vt 0.455971 0.487920
vt 0.459858 0.490086
vt 0.628915 0.827529
vt 0.625684 0.824391
vt 0.594649 0.475966
vt 0.582815 0.472421
vt 0.583889 0.466887
vt 0.596666 0.470500
vt 0.605183 0.481910
vt 0.608195 0.476958
vt 0.448930 0.505647
vt 0.453153 0.506704
vt 0.639434 0.812159
vt 0.635547 0.809992
vt 0.639187 0.508898
vt 0.632746 0.493353
vt 0.635554 0.490838
vt 0.642276 0.507229
vt 0.632420 0.511713
vt 0.626648 0.498082
vt 0.629241 0.496100
vt 0.635301 0.510522
vt 0.618402 0.486270
vt 0.620552 0.483617
vt 0.609826 0.473816
vt 0.597765 0.467060
vt 0.584571 0.463415
vt 0.452940 0.525229
vt 0.452831 0.774468
vt 0.460209 0.510002
vt 0.466282 0.495402
vt 0.475072 0.482710
vt 0.486010 0.472721
vt 0.498388 0.465855
vt 0.511971 0.462238
vt 0.510834 0.836664
vt 0.497640 0.833019
vt 0.510029 0.841545
vt 0.584185 0.842924
vt 0.485579 0.826263
vt 0.474853 0.816462
vt 0.466163 0.803978
vt 0.460104 0.789557
vt 0.459745 0.773180
vt 0.456787 0.773769
vt 0.632283 0.788881
vt 0.635499 0.773571
vt 0.638481 0.774157
vt 0.635196 0.790076
vt 0.618142 0.814663
vt 0.626488 0.802673
vt 0.629123 0.804677
vt 0.620333 0.817368
vt 0.607738 0.824129
vt 0.609395 0.827357
vt 0.595922 0.830661
vt 0.597017 0.834224
vt 0.582787 0.834200
vt 0.583434 0.837840
vt 0.635660 0.526899
vt 0.638618 0.526309
vt 0.456924 0.525922
vt 0.464973 0.772297
vt 0.466463 0.826437
vt 0.469618 0.823354
vt 0.627072 0.786961
vt 0.630236 0.772691
vt 0.621738 0.799548
vt 0.456032 0.811394
vt 0.459851 0.809240
vt 0.614144 0.810447
vt 0.604687 0.819053
vt 0.448952 0.793918
vt 0.453129 0.792849
vt 0.646453 0.506160
vt 0.593914 0.825026
vt 0.639373 0.488684
vt 0.581791 0.828479
vt 0.628942 0.473641
vt 0.625787 0.476724
vt 0.616110 0.462058
vt 0.613803 0.465795
vt 0.630432 0.527781
vt 0.646475 0.794432
vt 0.642252 0.793374
vt 0.601883 0.454244
vt 0.600462 0.458371
vt 0.627262 0.513625
vt 0.621961 0.501172
vt 0.614466 0.490411
vt 0.433359 0.522737
vt 0.436142 0.502396
vt 0.441201 0.503436
vt 0.437930 0.523106
vt 0.445155 0.504513
vt 0.441729 0.523545
vt 0.659263 0.797683
vt 0.651878 0.818117
vt 0.646776 0.816082
vt 0.654204 0.796643
vt 0.642985 0.814141
vt 0.650250 0.795566
vt 0.589430 0.436817
vt 0.607333 0.441842
vt 0.604887 0.446879
vt 0.588408 0.442091
vt 0.603310 0.450638
vt 0.587624 0.446087
vt 0.624479 0.451179
vt 0.620778 0.455424
vt 0.618333 0.458790
vt 0.662046 0.777341
vt 0.657475 0.776973
vt 0.653676 0.776534
vt 0.639677 0.465005
vt 0.635094 0.468180
vt 0.631892 0.470921
vt 0.651587 0.482721
vt 0.646580 0.484771
vt 0.642860 0.486710
vt 0.436302 0.797231
vt 0.433359 0.777016
vt 0.437911 0.776629
vt 0.441309 0.796158
vt 0.441690 0.776178
vt 0.445220 0.795064
vt 0.659103 0.502848
vt 0.654096 0.503920
vt 0.650185 0.505014
vt 0.662046 0.523062
vt 0.657494 0.523449
vt 0.653715 0.523900
vt 0.443818 0.817357
vt 0.448825 0.815307
vt 0.452545 0.813368
vt 0.455728 0.835074
vt 0.460311 0.831898
vt 0.463513 0.829157
vt 0.470926 0.848900
vt 0.474627 0.844654
vt 0.477072 0.841288
vt 0.639939 0.836288
vt 0.635229 0.833079
vt 0.631940 0.830296
vt 0.443527 0.481961
vt 0.448629 0.483996
vt 0.452420 0.485937
vt 0.624460 0.850622
vt 0.620631 0.846264
vt 0.618108 0.842804
vt 0.455466 0.463790
vt 0.460176 0.467000
vt 0.463464 0.469783
vt 0.606735 0.860365
vt 0.604221 0.855143
vt 0.602614 0.851247
vt 0.470945 0.449456
vt 0.474774 0.453814
vt 0.477297 0.457274
vt 0.588045 0.865439
vt 0.587121 0.860072
vt 0.586381 0.856041
vt 0.488670 0.439713
vt 0.491184 0.444936
vt 0.492791 0.448831
vt 0.507360 0.434640
vt 0.508284 0.440006
vt 0.509024 0.444038
vt 0.505975 0.863261
vt 0.506997 0.857988
vt 0.507781 0.853992
vt 0.488072 0.858236
vt 0.490518 0.853199
vt 0.492095 0.849440
vt 0.642574 0.525611
vt 0.598471 0.839147
vt 0.611624 0.831831
vt 0.623291 0.821126
vt 0.632685 0.807452
vt 0.639125 0.791702
vt 0.642465 0.774850
vt 0.456218 0.791180
vt 0.462659 0.806726
vt 0.471955 0.820150
vt 0.483393 0.830619
vt 0.496188 0.837777
vt 0.511220 0.457155
vt 0.496934 0.460931
vt 0.483781 0.468247
vt 0.472114 0.478952
vt 0.462720 0.492627
vt 0.456280 0.508376
vt 0.585376 0.458534
vt 0.599217 0.462301
vt 0.612012 0.469460
vt 0.623450 0.479928
vt 0.607265 0.496264
vt 0.599494 0.489220
vt 0.602479 0.485679
vt 0.611002 0.493491
vt 0.613673 0.505431
vt 0.617918 0.503451
vt 0.618292 0.516382
vt 0.622852 0.515092
vt 0.474821 0.529002
vt 0.474555 0.770685
vt 0.469564 0.771487
vt 0.469793 0.528198
vt 0.620849 0.529394
vt 0.625841 0.528592
vt 0.514865 0.818172
vt 0.579666 0.818676
vt 0.580786 0.823793
vt 0.513662 0.823132
vt 0.620584 0.771076
vt 0.625612 0.771880
vt 0.580540 0.481907
vt 0.515739 0.481403
vt 0.514619 0.476286
vt 0.581743 0.476947
vt 0.590031 0.816288
vt 0.592077 0.820615
vt 0.598948 0.811559
vt 0.601957 0.815189
vt 0.606853 0.804479
vt 0.610634 0.807307
vt 0.613355 0.795230
vt 0.617646 0.797239
vt 0.618021 0.784182
vt 0.622621 0.785483
vt 0.477113 0.783696
vt 0.472553 0.784986
vt 0.590738 0.484452
vt 0.592800 0.480246
vt 0.477384 0.515897
vt 0.472784 0.514595
vt 0.482050 0.504848
vt 0.477759 0.502839
vt 0.488552 0.495600
vt 0.484771 0.492772
vt 0.496457 0.488519
vt 0.493448 0.484890
vt 0.505374 0.483790
vt 0.503328 0.479464
vt 0.504667 0.815626
vt 0.502605 0.819833
vt 0.495911 0.810858
vt 0.492926 0.814400
vt 0.488140 0.803814
vt 0.484403 0.806587
vt 0.481732 0.794647
vt 0.477486 0.796628
vt 0.580213 0.096826
vt 0.580753 0.048633
vt 0.590929 0.051187
vt 0.627359 0.353136
vt 0.632506 0.355043
vt 0.626746 0.368639
vt 0.622071 0.365557
vt 0.602092 0.412352
vt 0.600669 0.408243
vt 0.613953 0.400832
vt 0.616256 0.404552
vt 0.618525 0.380419
vt 0.614597 0.376292
vt 0.650044 0.342382
vt 0.645841 0.342155
vt 0.645841 0.091286
vt 0.650045 0.091059
vt 0.608352 0.389710
vt 0.605344 0.384775
vt 0.587144 0.416636
vt 0.586435 0.412221
vt 0.510369 0.418677
vt 0.510991 0.414001
vt 0.596864 0.396161
vt 0.594844 0.390714
vt 0.445513 0.090661
vt 0.449764 0.090881
vt 0.449764 0.342560
vt 0.445513 0.342780
vt 0.584129 0.399785
vt 0.583045 0.394268
vt 0.602092 0.021090
vt 0.600669 0.025199
vt 0.586434 0.021222
vt 0.587143 0.016806
vt 0.510991 0.019437
vt 0.510368 0.014762
vt 0.583048 0.039174
vt 0.584130 0.033658
vt 0.596865 0.037281
vt 0.594845 0.042728
vt 0.608353 0.043732
vt 0.605344 0.048666
vt 0.616256 0.028890
vt 0.613953 0.032610
vt 0.494720 0.414371
vt 0.496130 0.410065
vt 0.618525 0.053022
vt 0.614598 0.057150
vt 0.626746 0.064802
vt 0.622071 0.067884
vt 0.629037 0.040437
vt 0.625892 0.043509
vt 0.479941 0.406370
vt 0.482295 0.402497
vt 0.632506 0.078398
vt 0.627360 0.080305
vt 0.635743 0.093547
vt 0.630526 0.094428
vt 0.639436 0.055431
vt 0.635629 0.057579
vt 0.466725 0.394461
vt 0.469957 0.391295
vt 0.501821 0.041652
vt 0.499847 0.035996
vt 0.513021 0.032531
vt 0.513974 0.038259
vt 0.491000 0.047589
vt 0.487966 0.042486
vt 0.646504 0.072856
vt 0.642338 0.073923
vt 0.456104 0.379045
vt 0.460003 0.376859
vt 0.456374 0.074947
vt 0.453237 0.073263
vt 0.460003 0.056582
vt 0.462870 0.059141
vt 0.463237 0.077790
vt 0.460316 0.076585
vt 0.466440 0.061937
vt 0.469079 0.063956
vt 0.475302 0.049220
vt 0.477490 0.051944
vt 0.486322 0.039238
vt 0.498776 0.032418
vt 0.512413 0.028882
vt 0.642642 0.092262
vt 0.642642 0.341179
vt 0.629333 0.062826
vt 0.635381 0.077209
vt 0.609982 0.040601
vt 0.620670 0.050377
vt 0.597966 0.033853
vt 0.584819 0.030197
vt 0.597966 0.399589
vt 0.584819 0.403246
vt 0.585634 0.408109
vt 0.511708 0.409651
vt 0.609982 0.392841
vt 0.629333 0.370615
vt 0.620670 0.383064
vt 0.635380 0.356232
vt 0.635743 0.339894
vt 0.638694 0.340482
vt 0.463237 0.355650
vt 0.460316 0.356855
vt 0.457000 0.340880
vt 0.459992 0.340288
vt 0.477489 0.381497
vt 0.475302 0.384220
vt 0.466440 0.371504
vt 0.469079 0.369485
vt 0.487965 0.390954
vt 0.486321 0.394202
vt 0.499846 0.397444
vt 0.498776 0.401022
vt 0.513019 0.400908
vt 0.512411 0.404557
vt 0.457000 0.092561
vt 0.459993 0.093153
vt 0.638694 0.092960
vt 0.630526 0.339013
vt 0.625892 0.389933
vt 0.629037 0.393005
vt 0.468462 0.353715
vt 0.465271 0.339399
vt 0.473838 0.366337
vt 0.635629 0.375863
vt 0.639436 0.378011
vt 0.481485 0.377252
vt 0.490999 0.385851
vt 0.642338 0.359518
vt 0.646504 0.360585
vt 0.448999 0.072194
vt 0.501820 0.391788
vt 0.456104 0.054395
vt 0.513970 0.395181
vt 0.466725 0.038980
vt 0.469957 0.042146
vt 0.479941 0.027070
vt 0.482295 0.030942
vt 0.465271 0.094042
vt 0.453237 0.360178
vt 0.448999 0.361246
vt 0.494720 0.019069
vt 0.496130 0.023374
vt 0.468462 0.079726
vt 0.473839 0.067104
vt 0.481486 0.056188
vt 0.662077 0.089715
vt 0.657532 0.090102
vt 0.654127 0.070618
vt 0.659121 0.069545
vt 0.653760 0.090554
vt 0.650227 0.071712
vt 0.436156 0.364527
vt 0.441239 0.363478
vt 0.448736 0.383007
vt 0.443611 0.385065
vt 0.445210 0.362391
vt 0.452541 0.381047
vt 0.508042 0.001199
vt 0.508936 0.006576
vt 0.491713 0.011379
vt 0.489230 0.006114
vt 0.509661 0.010620
vt 0.493296 0.015302
vt 0.475152 0.020187
vt 0.471328 0.015782
vt 0.477665 0.023680
vt 0.433359 0.344095
vt 0.437945 0.343723
vt 0.441756 0.343281
vt 0.460402 0.033376
vt 0.455678 0.030128
vt 0.463696 0.036187
vt 0.448736 0.050433
vt 0.443611 0.048375
vt 0.452541 0.052394
vt 0.659121 0.363897
vt 0.654127 0.362824
vt 0.657532 0.343339
vt 0.662077 0.343727
vt 0.650227 0.361730
vt 0.653760 0.342887
vt 0.441239 0.069963
vt 0.436156 0.068913
vt 0.445209 0.071050
vt 0.437945 0.089718
vt 0.433359 0.089346
vt 0.441756 0.090160
vt 0.651612 0.383960
vt 0.646620 0.381914
vt 0.642912 0.379980
vt 0.639735 0.401610
vt 0.635169 0.398447
vt 0.631977 0.395715
vt 0.624600 0.415383
vt 0.620911 0.411157
vt 0.618473 0.407806
vt 0.460402 0.400064
vt 0.455679 0.403312
vt 0.463697 0.397253
vt 0.646620 0.051527
vt 0.651612 0.049482
vt 0.642912 0.053462
vt 0.475152 0.413252
vt 0.471328 0.417657
vt 0.477665 0.409760
vt 0.635169 0.034995
vt 0.639735 0.031832
vt 0.631977 0.037727
vt 0.491713 0.422060
vt 0.489230 0.427325
vt 0.493296 0.418137
vt 0.620912 0.022285
vt 0.624600 0.018059
vt 0.618473 0.025636
vt 0.508937 0.426864
vt 0.508041 0.432242
vt 0.509662 0.422820
vt 0.605097 0.013760
vt 0.607540 0.008749
vt 0.603520 0.017500
vt 0.589736 0.003709
vt 0.588701 0.008957
vt 0.587907 0.012936
vt 0.588702 0.424484
vt 0.589735 0.429732
vt 0.587909 0.420506
vt 0.605096 0.419683
vt 0.607540 0.424694
vt 0.603520 0.415942
vt 0.453004 0.091861
vt 0.497355 0.405968
vt 0.484110 0.398704
vt 0.472347 0.388005
vt 0.462870 0.374299
vt 0.456374 0.358494
vt 0.453004 0.341580
vt 0.639256 0.357853
vt 0.632828 0.373355
vt 0.623560 0.386741
vt 0.612165 0.397181
vt 0.599421 0.404329
vt 0.585633 0.025333
vt 0.599421 0.029113
vt 0.612165 0.036261
vt 0.623560 0.046701
vt 0.632828 0.060087
vt 0.639257 0.075589
vt 0.511708 0.023787
vt 0.497355 0.027471
vt 0.484111 0.034736
vt 0.472347 0.045435
vt 0.488776 0.062196
vt 0.484995 0.059349
vt 0.493718 0.051475
vt 0.496716 0.055123
vt 0.482236 0.071455
vt 0.477937 0.069430
vt 0.477537 0.082529
vt 0.472925 0.081216
vt 0.620965 0.096036
vt 0.625945 0.095237
vt 0.625945 0.338205
vt 0.620965 0.337406
vt 0.474952 0.095676
vt 0.469909 0.094862
vt 0.580752 0.384808
vt 0.581964 0.389755
vt 0.514937 0.390490
vt 0.516020 0.385373
vt 0.474951 0.337765
vt 0.469909 0.338579
vt 0.516020 0.048068
vt 0.514940 0.042951
vt 0.581967 0.043686
vt 0.503631 0.387362
vt 0.505655 0.383022
vt 0.493717 0.381965
vt 0.496715 0.378318
vt 0.484995 0.374092
vt 0.488775 0.371244
vt 0.477937 0.364011
vt 0.482235 0.361986
vt 0.472925 0.352225
vt 0.477536 0.350912
vt 0.622960 0.351672
vt 0.618410 0.350385
vt 0.503633 0.046079
vt 0.505656 0.050418
vt 0.618410 0.083056
vt 0.622960 0.081770
vt 0.613802 0.072131
vt 0.618038 0.070156
vt 0.607411 0.062985
vt 0.611141 0.060220
vt 0.599663 0.055952
vt 0.602644 0.052422
vt 0.592994 0.046994
vt 0.590929 0.382254
vt 0.592993 0.386448
vt 0.599662 0.377489
vt 0.602643 0.381019
vt 0.607411 0.370457
vt 0.611141 0.373221
vt 0.613802 0.361310
vt 0.618038 0.363285
vt 0.515360 0.769914
vt 0.580212 0.336615
vt 0.515908 0.336845
vt 0.515908 0.096596
vt 0.515721 0.529924
vt 0.579684 0.770155
vt 0.580045 0.530164
vn -0.000000 1.000000 -0.000000
vn 0.587168 0.660283 -0.468251
vn 0.325854 0.660283 -0.676643
vn -0.507409 -0.760789 -0.404645
vn -0.632728 -0.760789 -0.144416
vn -0.732187 -0.660283 -0.167117
vn -0.587168 -0.660283 -0.468251
vn -0.000000 1.000000 -0.000000
vn 0.325854 0.660283 0.676643
vn 0.587168 0.660283 0.468251
vn -0.281591 -0.760789 -0.584728
vn -0.507409 -0.760789 -0.404645
vn -0.587168 -0.660283 -0.468251
vn -0.325854 -0.660283 -0.676643
vn -0.000000 -0.760789 -0.649000
vn -0.281591 -0.760789 -0.584728
vn -0.325854 -0.660283 -0.676643
vn 0.000000 -0.660283 -0.751017
vn -0.000000 1.000000 -0.000000
vn -0.732187 0.660283 0.167117
vn -0.587168 0.660283 0.468251
vn 0.281591 -0.760789 -0.584728
vn -0.000000 -0.760789 -0.649000
vn 0.000000 -0.660283 -0.751017
vn 0.325854 -0.660283 -0.676643
vn -0.000000 1.000000 -0.000000
vn 0.325854 0.660283 -0.676643
vn 0.000000 0.660283 -0.751017
vn 0.507409 -0.760789 -0.404644
vn 0.281591 -0.760789 -0.584728
vn 0.325854 -0.660283 -0.676643
vn 0.587168 -0.660283 -0.468251
vn -0.000000 1.000000 -0.000000
vn 0.000000 0.660283 -0.751017
vn -0.325854 0.660283 -0.676643
vn -0.000000 1.000000 -0.000000
vn 0.587168 0.660283 0.468251
vn 0.732187 0.660283 0.167117
vn 0.632728 -0.760789 -0.144416
vn 0.507409 -0.760789 -0.404644
vn 0.587168 -0.660283 -0.468251
vn 0.732187 -0.660283 -0.167117
vn -0.000000 1.000000 -0.000000
vn -0.587168 0.660283 0.468251
vn -0.325854 0.660283 0.676643
vn 0.632728 -0.760788 0.144416
vn 0.632728 -0.760789 -0.144416
vn 0.732187 -0.660283 -0.167117
vn 0.732187 -0.660283 0.167117
vn -0.325854 -0.660283 -0.676643
vn -0.281591 -0.760789 -0.584728
vn -0.000000 -0.760789 -0.649000
vn -0.000000 -0.660283 -0.751017
vn -0.587169 -0.660283 -0.468251
vn -0.507409 -0.760789 -0.404645
vn -0.281591 -0.760789 -0.584728
vn -0.325854 -0.660283 -0.676643
vn -0.732187 -0.660283 -0.167117
vn -0.632728 -0.760789 -0.144416
vn -0.507409 -0.760789 -0.404645
vn -0.587169 -0.660283 -0.468251
vn -0.732187 -0.660283 0.167117
vn -0.632728 -0.760789 0.144416
vn -0.632728 -0.760789 -0.144416
vn -0.732187 -0.660283 -0.167117
vn -0.587169 -0.660283 0.468251
vn -0.507408 -0.760789 0.404645
vn -0.632728 -0.760789 0.144416
vn -0.732187 -0.660283 0.167117
vn -0.325854 -0.660283 0.676643
vn -0.281591 -0.760789 0.584729
vn -0.507408 -0.760789 0.404645
vn -0.587169 -0.660283 0.468251
vn -0.000000 -0.660283 0.751017
vn -0.000000 -0.760789 0.649000
vn -0.281591 -0.760789 0.584729
vn -0.325854 -0.660283 0.676643
vn 0.325854 -0.660283 0.676643
vn 0.281591 -0.760789 0.584729
vn -0.000000 -0.760789 0.649000
vn -0.000000 -0.660283 0.751017
vn 0.587169 -0.660283 0.468251
vn 0.507409 -0.760789 0.404645
vn 0.281591 -0.760789 0.584729
vn 0.325854 -0.660283 0.676643
vn 0.732187 -0.660283 0.167117
vn 0.632728 -0.760788 0.144416
vn 0.507409 -0.760789 0.404645
vn 0.587169 -0.660283 0.468251
vn 0.732187 -0.660283 -0.167117
vn 0.632728 -0.760789 -0.144416
vn 0.632728 -0.760788 0.144416
vn 0.732187 -0.660283 0.167117
vn 0.587169 -0.660283 -0.468251
vn 0.507409 -0.760789 -0.404644
vn 0.632728 -0.760789 -0.144416
vn 0.732187 -0.660283 -0.167117
vn 0.325854 -0.660283 -0.676643
vn 0.281591 -0.760789 -0.584728
vn 0.507409 -0.760789 -0.404644
vn 0.587169 -0.660283 -0.468251
vn -0.000000 -0.660283 -0.751017
vn -0.000000 -0.760789 -0.649000
vn 0.281591 -0.760789 -0.584728
vn 0.325854 -0.660283 -0.676643
vn 0.000000 -0.660283 -0.751017
vn 0.000000 0.660283 -0.751017
vn 0.325854 0.660283 -0.676643
vn 0.325854 -0.660283 -0.676643
vn 0.325854 -0.660283 -0.676643
vn 0.325854 0.660283 -0.676643
vn 0.587168 0.660283 -0.468251
vn 0.587168 -0.660283 -0.468251
vn 0.587168 -0.660283 -0.468251
vn 0.587168 0.660283 -0.468251
vn 0.732187 0.660283 -0.167117
vn 0.732187 -0.660283 -0.167117
vn 0.732187 -0.660283 -0.167117
vn 0.732187 0.660283 -0.167117
vn 0.732187 0.660283 0.167117
vn 0.732187 -0.660283 0.167117
vn 0.732187 -0.660283 0.167117
vn 0.732187 0.660283 0.167117
vn 0.587168 0.660283 0.468251
vn 0.587168 -0.660283 0.468251
vn 0.587168 -0.660283 0.468251
vn 0.587168 0.660283 0.468251
vn 0.325854 0.660283 0.676643
vn 0.325854 -0.660283 0.676643
vn 0.325854 -0.660283 0.676643
vn 0.325854 0.660283 0.676643
vn 0.000000 0.660283 0.751017
vn 0.000000 -0.660283 0.751017
vn 0.000000 -0.660283 0.751017
vn 0.000000 0.660283 0.751017
vn -0.325854 0.660283 0.676643
vn -0.325854 -0.660283 0.676643
vn -0.325854 -0.660283 0.676643
vn -0.325854 0.660283 0.676643
vn -0.587168 0.660283 0.468251
vn -0.587168 -0.660283 0.468251
vn -0.587168 -0.660283 0.468251
vn -0.587168 0.660283 0.468251
vn -0.732187 0.660283 0.167117
vn -0.732187 -0.660283 0.167117
vn -0.732187 -0.660283 0.167117
vn -0.732187 0.660283 0.167117
vn -0.732187 0.660283 -0.167117
vn -0.732187 -0.660283 -0.167117
vn -0.732187 -0.660283 -0.167117
vn -0.732187 0.660283 -0.167117
vn -0.587168 0.660283 -0.468251
vn -0.587168 -0.660283 -0.468251
vn -0.587168 -0.660283 -0.468251
vn -0.587168 0.660283 -0.468251
vn -0.325854 0.660283 -0.676643
vn -0.325854 -0.660283 -0.676643
vn -0.325854 -0.660283 -0.676643
vn -0.325854 0.660283 -0.676643
vn 0.000000 0.660283 -0.751017
vn 0.000000 -0.660283 -0.751017
vn -0.000000 1.000000 -0.000000
vn -0.732187 0.660283 -0.167117
vn -0.732187 0.660283 0.167117
vn -0.632728 -0.760789 -0.144416
vn -0.632728 -0.760789 0.144416
vn -0.732187 -0.660283 0.167117
vn -0.732187 -0.660283 -0.167117
vn -0.632728 -0.760789 0.144416
vn -0.507408 -0.760789 0.404645
vn -0.587168 -0.660283 0.468251
vn -0.732187 -0.660283 0.167117
vn -0.000000 1.000000 -0.000000
vn 0.000000 0.660283 0.751017
vn 0.325854 0.660283 0.676643
vn -0.507408 -0.760789 0.404645
vn -0.281591 -0.760789 0.584729
vn -0.325854 -0.660283 0.676643
vn -0.587168 -0.660283 0.468251
vn -0.000000 1.000000 -0.000000
vn 0.732187 0.660283 -0.167117
vn 0.587168 0.660283 -0.468251
vn -0.000000 1.000000 -0.000000
vn -0.587168 0.660283 -0.468251
vn -0.732187 0.660283 -0.167117
vn -0.281591 -0.760789 0.584729
vn -0.000000 -0.760789 0.649000
vn 0.000000 -0.660283 0.751017
vn -0.325854 -0.660283 0.676643
vn -0.000000 -0.760789 0.649000
vn 0.281591 -0.760789 0.584729
vn 0.325854 -0.660283 0.676643
vn 0.000000 -0.660283 0.751017
vn -0.000000 1.000000 -0.000000
vn -0.325854 0.660283 0.676643
vn 0.000000 0.660283 0.751017
vn 0.281591 -0.760789 0.584729
vn 0.507409 -0.760789 0.404645
vn 0.587168 -0.660283 0.468251
vn 0.325854 -0.660283 0.676643
vn -0.000000 1.000000 -0.000000
vn 0.732187 0.660283 0.167117
vn 0.732187 0.660283 -0.167117
vn -0.000000 1.000000 -0.000000
vn -0.325854 0.660283 -0.676643
vn -0.587168 0.660283 -0.468251
vn 0.507409 -0.760789 0.404645
vn 0.632728 -0.760788 0.144416
vn 0.732187 -0.660283 0.167117
vn 0.587168 -0.660283 0.468251
vn 0.000000 -1.000000 0.000000
vn -0.000000 -0.660283 -0.751017
vn 0.325854 -0.660283 -0.676643
vn 0.000000 -1.000000 0.000000
vn 0.325854 -0.660283 -0.676643
vn 0.587169 -0.660283 -0.468251
vn 0.000000 -1.000000 0.000000
vn 0.587169 -0.660283 -0.468251
vn 0.732187 -0.660283 -0.167117
vn 0.000000 -1.000000 0.000000
vn 0.732187 -0.660283 -0.167117
vn 0.732187 -0.660283 0.167117
vn 0.000000 -1.000000 0.000000
vn 0.732187 -0.660283 0.167117
vn 0.587169 -0.660283 0.468251
vn 0.000000 -1.000000 0.000000
vn 0.587169 -0.660283 0.468251
vn 0.325854 -0.660283 0.676643
vn 0.000000 -1.000000 0.000000
vn 0.325854 -0.660283 0.676643
vn -0.000000 -0.660283 0.751017
vn 0.000000 -1.000000 0.000000
vn -0.000000 -0.660283 0.751017
vn -0.325854 -0.660283 0.676643
vn 0.000000 -1.000000 0.000000
vn -0.325854 -0.660283 0.676643
vn -0.587169 -0.660283 0.468251
vn 0.000000 -1.000000 0.000000
vn -0.587169 -0.660283 0.468251
vn -0.732187 -0.660283 0.167117
vn 0.000000 -1.000000 0.000000
vn -0.732187 -0.660283 0.167117
vn -0.732187 -0.660283 -0.167117
vn 0.000000 -1.000000 0.000000
vn -0.732187 -0.660283 -0.167117
vn -0.587169 -0.660283 -0.468251
vn 0.000000 -1.000000 0.000000
vn -0.587169 -0.660283 -0.468251
vn -0.325854 -0.660283 -0.676643
vn 0.000000 -1.000000 0.000000
vn -0.325854 -0.660283 -0.676643
vn -0.000000 -0.660283 -0.751017
vn 0.044159 -0.683103 -0.728986
vn -0.003149 0.033370 -0.999438
vn -0.011629 0.023305 -0.999661
vn 0.129759 -0.675028 -0.726291
vn 0.016290 -0.019231 0.999682
vn -0.016290 -0.019231 0.999682
vn 0.106403 0.655818 0.747383
vn -0.106403 0.655818 0.747383
vn -0.003149 0.033370 -0.999438
vn -0.047823 0.635499 -0.770620
vn -0.110817 0.618975 -0.777554
vn -0.011629 0.023305 -0.999661
vn 0.001335 -0.000830 -0.999999
vn -0.320423 0.517007 -0.793746
vn -0.569706 0.347059 -0.744973
vn 0.002295 0.007309 -0.999971
vn 0.016290 -0.019231 0.999682
vn -0.106403 0.655818 0.747383
vn -0.358204 0.585294 0.727407
vn -0.001731 0.005860 0.999981
vn -0.008637 0.016244 0.999831
vn -0.110817 0.618975 0.777554
vn -0.047823 0.635499 0.770619
vn -0.002555 0.027504 0.999618
vn -0.009570 -0.003314 0.999949
vn -0.611656 0.383907 0.691732
vn -0.569706 0.347059 0.744973
vn 0.072833 -0.040456 0.996523
vn -0.008637 0.016244 -0.999831
vn -0.110817 0.618975 -0.777553
vn -0.320423 0.517007 -0.793746
vn 0.001335 -0.000830 -0.999999
vn -0.066328 0.031852 0.997289
vn -0.611655 0.383907 0.691732
vn -0.569706 0.347059 0.744973
vn 0.002294 0.007309 0.999971
vn -0.018983 0.017141 -0.999673
vn -0.569706 0.347059 -0.744973
vn -0.611655 0.383907 -0.691732
vn -0.079901 0.042499 -0.995896
vn -0.040205 0.063317 -0.997183
vn -0.358203 0.585293 -0.727408
vn -0.106403 0.655818 -0.747383
vn -0.001586 0.065531 -0.997849
vn -0.079901 0.042499 -0.995896
vn -0.611655 0.383907 -0.691732
vn -0.358204 0.585294 -0.727407
vn -0.044841 0.074029 -0.996248
vn -0.143222 0.989691 -0.000000
vn 0.143222 0.989691 -0.000000
vn 0.106403 0.655818 -0.747383
vn -0.106403 0.655818 -0.747383
vn -0.066328 0.031852 -0.997289
vn -0.611655 0.383907 -0.691732
vn -0.358203 0.585293 -0.727408
vn -0.040205 0.063317 -0.997183
vn 0.091887 0.566325 -0.819044
vn -0.091887 0.566325 -0.819044
vn -0.001586 0.065531 -0.997849
vn 0.001586 0.065531 -0.997849
vn -0.801984 0.597346 -0.000000
vn -0.882940 0.469485 -0.000000
vn -0.569706 0.347059 0.744973
vn -0.611656 0.383907 0.691732
vn -0.192877 0.981223 0.000000
vn -0.075806 0.997123 -0.000000
vn -0.047823 0.635500 0.770619
vn -0.110817 0.618975 0.777553
vn -0.801984 0.597346 -0.000000
vn -0.470633 0.882329 -0.000000
vn -0.358204 0.585294 -0.727407
vn -0.611655 0.383907 -0.691732
vn -0.470633 0.882329 -0.000000
vn -0.143222 0.989691 -0.000000
vn -0.106403 0.655818 -0.747383
vn -0.358204 0.585294 -0.727407
vn -0.192877 0.981223 -0.000000
vn -0.600933 0.799300 -0.000001
vn -0.320423 0.517007 -0.793746
vn -0.110817 0.618975 -0.777554
vn -0.600933 0.799300 -0.000001
vn -0.882940 0.469486 -0.000001
vn -0.569706 0.347059 -0.744973
vn -0.320423 0.517007 -0.793746
vn -0.143222 0.989691 0.000000
vn 0.143222 0.989691 0.000000
vn 0.106403 0.655818 -0.747383
vn -0.106403 0.655818 -0.747383
vn -0.801984 0.597346 -0.000000
vn -0.470633 0.882329 -0.000000
vn -0.358203 0.585293 -0.727408
vn -0.611655 0.383907 -0.691732
vn -0.470633 0.882329 -0.000000
vn -0.143222 0.989691 0.000000
vn -0.106403 0.655818 -0.747383
vn -0.358203 0.585293 -0.727408
vn -0.192877 0.981223 0.000000
vn -0.600933 0.799299 -0.000000
vn -0.320423 0.517007 -0.793746
vn -0.110817 0.618975 -0.777553
vn -0.600933 0.799299 -0.000000
vn -0.882940 0.469485 -0.000000
vn -0.569706 0.347059 -0.744973
vn -0.320423 0.517007 -0.793746
vn 0.001586 0.065531 -0.997849
vn -0.001586 0.065531 -0.997849
vn -0.106403 0.655818 -0.747383
vn 0.106403 0.655818 -0.747383
vn -0.801984 0.597346 -0.000000
vn -0.882940 0.469486 -0.000001
vn -0.569706 0.347059 0.744973
vn -0.611655 0.383907 0.691732
vn -0.192877 0.981223 -0.000000
vn -0.075806 0.997123 -0.000000
vn -0.047823 0.635499 0.770619
vn -0.110817 0.618975 0.777554
vn -0.044841 0.074029 -0.996248
vn -0.358204 0.585294 -0.727407
vn -0.106403 0.655818 -0.747383
vn -0.001699 0.074080 -0.997251
vn -0.106403 0.655818 0.747383
vn 0.106403 0.655818 0.747383
vn 0.143222 0.989691 0.000000
vn -0.143222 0.989691 0.000000
vn 0.005222 -0.090266 0.995904
vn -0.110817 0.618975 0.777553
vn -0.047823 0.635500 0.770619
vn 0.004679 -0.083720 0.996478
vn 0.002294 0.007309 0.999971
vn -0.569706 0.347059 0.744973
vn -0.320423 0.517007 0.793746
vn 0.001335 -0.000830 0.999999
vn -0.002555 0.027504 -0.999619
vn -0.047823 0.635500 -0.770619
vn -0.110817 0.618975 -0.777553
vn -0.008637 0.016244 -0.999831
vn 0.001335 -0.000830 0.999999
vn -0.320423 0.517007 0.793746
vn -0.110817 0.618975 0.777554
vn -0.008637 0.016244 0.999831
vn 0.045974 -0.084383 0.995372
vn -0.320423 0.517008 0.793746
vn -0.110817 0.618975 0.777553
vn 0.005222 -0.090266 0.995904
vn 0.002295 0.007309 -0.999971
vn -0.569706 0.347059 -0.744973
vn -0.611655 0.383907 -0.691732
vn -0.066328 0.031852 -0.997289
vn -0.001586 0.065531 0.997849
vn -0.106403 0.655818 0.747383
vn -0.358204 0.585294 0.727407
vn -0.040205 0.063318 0.997183
vn -0.040205 0.063318 0.997183
vn -0.358204 0.585294 0.727407
vn -0.611655 0.383907 0.691732
vn -0.066328 0.031852 0.997289
vn -0.011629 0.023305 -0.999661
vn -0.110817 0.618975 -0.777554
vn -0.320423 0.517007 -0.793746
vn -0.008933 0.010856 -0.999901
vn 0.072833 -0.040456 0.996523
vn -0.569706 0.347059 0.744973
vn -0.320423 0.517008 0.793746
vn 0.045974 -0.084383 0.995372
vn -0.008933 0.010856 -0.999901
vn -0.320423 0.517007 -0.793746
vn -0.569706 0.347059 -0.744973
vn -0.018983 0.017141 -0.999673
vn -0.001731 0.005860 0.999981
vn -0.358204 0.585294 0.727407
vn -0.611656 0.383907 0.691732
vn -0.009570 -0.003314 0.999949
vn -0.106403 0.655818 0.747383
vn 0.106403 0.655818 0.747383
vn 0.143222 0.989691 -0.000000
vn -0.143222 0.989691 -0.000000
vn -0.320423 0.517008 0.793746
vn -0.569706 0.347059 0.744973
vn -0.882940 0.469485 -0.000000
vn -0.600933 0.799299 -0.000000
vn -0.110817 0.618975 0.777553
vn -0.320423 0.517008 0.793746
vn -0.600933 0.799299 -0.000000
vn -0.192877 0.981223 0.000000
vn -0.358204 0.585294 0.727407
vn -0.106403 0.655818 0.747383
vn -0.143222 0.989691 0.000000
vn -0.470633 0.882329 -0.000000
vn -0.611656 0.383907 0.691732
vn -0.358204 0.585294 0.727407
vn -0.470633 0.882329 -0.000000
vn -0.801984 0.597346 -0.000000
vn -0.110817 0.618975 -0.777553
vn -0.047823 0.635500 -0.770619
vn -0.075806 0.997123 -0.000000
vn -0.192877 0.981223 0.000000
vn -0.611655 0.383907 -0.691732
vn -0.569706 0.347059 -0.744973
vn -0.882940 0.469485 -0.000000
vn -0.801984 0.597346 -0.000000
vn -0.110817 0.618975 -0.777554
vn -0.047823 0.635499 -0.770620
vn -0.075806 0.997123 -0.000000
vn -0.192877 0.981223 -0.000000
vn -0.611655 0.383907 -0.691732
vn -0.569706 0.347059 -0.744973
vn -0.882940 0.469486 -0.000001
vn -0.801984 0.597346 -0.000000
vn -0.001586 0.065531 0.997849
vn 0.001586 0.065531 0.997849
vn 0.106403 0.655818 0.747383
vn -0.106403 0.655818 0.747383
vn -0.320423 0.517007 0.793746
vn -0.569706 0.347059 0.744973
vn -0.882940 0.469486 -0.000001
vn -0.600933 0.799300 -0.000001
vn -0.110817 0.618975 0.777554
vn -0.320423 0.517007 0.793746
vn -0.600933 0.799300 -0.000001
vn -0.192877 0.981223 -0.000000
vn -0.358204 0.585294 0.727407
vn -0.106403 0.655818 0.747383
vn -0.143222 0.989691 -0.000000
vn -0.470633 0.882329 -0.000000
vn -0.611655 0.383907 0.691732
vn -0.358204 0.585294 0.727407
vn -0.470633 0.882329 -0.000000
vn -0.801984 0.597346 -0.000000
vn 0.374351 -0.603504 -0.704020
vn -0.008933 0.010856 -0.999901
vn -0.018983 0.017141 -0.999673
vn 0.617413 -0.385268 -0.685835
vn -0.286393 0.452745 0.844394
vn -0.040205 0.063318 0.997183
vn -0.066328 0.031852 0.997289
vn -0.473220 0.296942 0.829391
vn -0.091887 0.566325 0.819044
vn -0.001586 0.065531 0.997849
vn -0.040205 0.063318 0.997183
vn -0.286393 0.452745 0.844394
vn -0.348809 0.594255 0.724702
vn 0.001335 -0.000830 0.999999
vn -0.008637 0.016244 0.999831
vn -0.116939 0.647562 0.752987
vn -0.572808 0.374896 0.728933
vn 0.002294 0.007309 0.999971
vn 0.001335 -0.000830 0.999999
vn -0.348809 0.594255 0.724702
vn 0.129759 -0.675028 -0.726291
vn -0.011629 0.023305 -0.999661
vn -0.008933 0.010856 -0.999901
vn 0.374351 -0.603504 -0.704020
vn 0.319420 -0.527851 -0.786984
vn -0.044841 0.074029 -0.996248
vn -0.001699 0.074080 -0.997251
vn 0.087169 -0.637097 -0.765839
vn -0.091887 0.566325 -0.819044
vn 0.091887 0.566325 -0.819044
vn 0.091887 0.566325 0.819044
vn -0.091887 0.566325 0.819044
vn 0.552887 -0.348571 -0.756845
vn -0.079901 0.042499 -0.995896
vn -0.044841 0.074029 -0.996248
vn 0.319420 -0.527851 -0.786984
vn -0.473220 0.296942 0.829391
vn -0.066328 0.031852 0.997289
vn 0.002294 0.007309 0.999971
vn -0.572808 0.374896 0.728933
vn -0.116939 0.647562 0.752987
vn -0.008637 0.016244 0.999831
vn -0.002555 0.027504 0.999618
vn -0.042677 0.639838 0.767324
vn 0.617413 -0.385268 -0.685835
vn -0.018983 0.017141 -0.999673
vn -0.079901 0.042499 -0.995896
vn 0.552887 -0.348571 -0.756845
vn -0.087169 -0.637097 -0.765839
vn 0.087169 -0.637097 -0.765839
vn -0.001699 0.074080 -0.997251
vn 0.001699 0.074080 -0.997251
vn 0.351048 -0.586135 0.730213
vn -0.001731 0.005860 0.999981
vn -0.009570 -0.003314 0.999949
vn 0.606734 -0.383003 0.696550
vn -0.572808 0.374896 -0.728933
vn 0.002295 0.007309 -0.999971
vn -0.066328 0.031852 -0.997289
vn -0.473219 0.296941 -0.829391
vn 0.653275 -0.406644 0.638649
vn 0.072833 -0.040456 0.996523
vn 0.045974 -0.084383 0.995372
vn 0.396287 -0.634534 0.663568
vn -0.042677 0.639837 -0.767324
vn -0.002555 0.027504 -0.999619
vn -0.008637 0.016244 -0.999831
vn -0.116939 0.647562 -0.752987
vn 0.396287 -0.634534 0.663568
vn 0.045974 -0.084383 0.995372
vn 0.005222 -0.090266 0.995904
vn 0.141167 -0.721264 0.678122
vn 0.150242 -0.970867 0.186666
vn -0.150242 -0.970867 0.186666
vn -0.091992 -0.703858 0.704359
vn 0.091992 -0.703858 0.704359
vn 0.141167 -0.721264 0.678122
vn 0.005222 -0.090266 0.995904
vn 0.004679 -0.083720 0.996478
vn 0.047996 -0.738047 0.673040
vn -0.473219 0.296941 -0.829391
vn -0.066328 0.031852 -0.997289
vn -0.040205 0.063317 -0.997183
vn -0.286393 0.452744 -0.844394
vn -0.286393 0.452744 -0.844394
vn -0.040205 0.063317 -0.997183
vn -0.001586 0.065531 -0.997849
vn -0.091887 0.566325 -0.819044
vn -0.116939 0.647562 -0.752987
vn -0.008637 0.016244 -0.999831
vn 0.001335 -0.000830 -0.999999
vn -0.348809 0.594254 -0.724703
vn -0.091887 0.566325 0.819044
vn 0.091887 0.566325 0.819044
vn 0.001586 0.065531 0.997849
vn -0.001586 0.065531 0.997849
vn 0.606734 -0.383003 0.696550
vn -0.009570 -0.003314 0.999949
vn 0.072833 -0.040456 0.996523
vn 0.653275 -0.406644 0.638649
vn -0.348809 0.594254 -0.724703
vn 0.001335 -0.000830 -0.999999
vn 0.002295 0.007309 -0.999971
vn -0.572808 0.374896 -0.728933
vn 0.176034 -0.967721 0.180358
vn 0.141167 -0.721264 0.678122
vn 0.047996 -0.738047 0.673040
vn 0.062875 -0.980966 0.183718
vn 0.062875 -0.980966 0.183718
vn 0.063963 -0.997952 -0.000217
vn 0.180215 -0.983627 -0.001227
vn 0.176034 -0.967721 0.180358
vn 0.498045 -0.867150 -0.001444
vn 0.485746 -0.858128 0.166336
vn 0.176034 -0.967721 0.180358
vn 0.180215 -0.983627 -0.001227
vn 0.396287 -0.634534 0.663568
vn 0.141167 -0.721264 0.678122
vn 0.176034 -0.967721 0.180358
vn 0.485746 -0.858128 0.166336
vn 0.653275 -0.406644 0.638649
vn 0.396287 -0.634534 0.663568
vn 0.485746 -0.858128 0.166336
vn 0.815468 -0.563002 0.134315
vn 0.828928 -0.559351 -0.002333
vn 0.815468 -0.563002 0.134315
vn 0.485746 -0.858128 0.166336
vn 0.498045 -0.867150 -0.001444
vn 0.865574 -0.500758 -0.004788
vn 0.861819 -0.491136 0.126705
vn 0.815468 -0.563002 0.134315
vn 0.828928 -0.559351 -0.002333
vn 0.606734 -0.383003 0.696550
vn 0.653275 -0.406644 0.638649
vn 0.815468 -0.563002 0.134315
vn 0.861819 -0.491136 0.126705
vn 0.351048 -0.586135 0.730213
vn 0.606734 -0.383003 0.696550
vn 0.861819 -0.491136 0.126705
vn 0.557660 -0.812867 0.168114
vn 0.557353 -0.830270 -0.003071
vn 0.557660 -0.812867 0.168114
vn 0.861819 -0.491136 0.126705
vn 0.865574 -0.500758 -0.004788
vn 0.149527 -0.988758 -0.000261
vn 0.150242 -0.970867 0.186666
vn 0.557660 -0.812867 0.168114
vn 0.557353 -0.830270 -0.003071
vn 0.091992 -0.703858 0.704359
vn 0.351048 -0.586135 0.730213
vn 0.557660 -0.812867 0.168114
vn 0.150242 -0.970867 0.186666
vn -0.150242 -0.970867 0.186666
vn 0.150242 -0.970867 0.186666
vn 0.149527 -0.988758 -0.000261
vn -0.149527 -0.988758 -0.000261
vn 0.150604 -0.976037 -0.157070
vn -0.150604 -0.976036 -0.157070
vn -0.149527 -0.988758 0.000261
vn 0.149527 -0.988758 0.000261
vn 0.177145 -0.972319 -0.152364
vn 0.180215 -0.983627 0.001227
vn 0.063963 -0.997952 0.000217
vn 0.063188 -0.985858 -0.155214
vn 0.063188 -0.985858 -0.155214
vn 0.044159 -0.683103 -0.728986
vn 0.129759 -0.675028 -0.726291
vn 0.177145 -0.972319 -0.152364
vn 0.374351 -0.603504 -0.704020
vn 0.489204 -0.860821 -0.140236
vn 0.177145 -0.972319 -0.152364
vn 0.129759 -0.675028 -0.726291
vn 0.180215 -0.983627 0.001227
vn 0.177145 -0.972319 -0.152364
vn 0.489204 -0.860821 -0.140236
vn 0.498045 -0.867150 0.001445
vn 0.498045 -0.867150 0.001445
vn 0.489204 -0.860821 -0.140236
vn 0.819005 -0.562673 -0.112386
vn 0.828928 -0.559351 0.002333
vn 0.617413 -0.385268 -0.685835
vn 0.819005 -0.562673 -0.112386
vn 0.489204 -0.860821 -0.140236
vn 0.374351 -0.603504 -0.704020
vn 0.552887 -0.348571 -0.756845
vn 0.862755 -0.494434 -0.105780
vn 0.819005 -0.562673 -0.112386
vn 0.617413 -0.385268 -0.685835
vn 0.828928 -0.559351 0.002333
vn 0.819005 -0.562673 -0.112386
vn 0.862755 -0.494434 -0.105780
vn 0.865574 -0.500758 0.004788
vn 0.865574 -0.500758 0.004788
vn 0.862755 -0.494434 -0.105780
vn 0.557696 -0.818007 -0.140853
vn 0.557353 -0.830270 0.003071
vn 0.319420 -0.527851 -0.786984
vn 0.557696 -0.818007 -0.140853
vn 0.862755 -0.494434 -0.105780
vn 0.552887 -0.348571 -0.756845
vn 0.087169 -0.637097 -0.765839
vn 0.150604 -0.976037 -0.157070
vn 0.557696 -0.818007 -0.140853
vn 0.319420 -0.527851 -0.786984
vn 0.557353 -0.830270 0.003071
vn 0.557696 -0.818007 -0.140853
vn 0.150604 -0.976037 -0.157070
vn 0.149527 -0.988758 0.000261
vn 0.087169 -0.637097 -0.765839
vn -0.087169 -0.637097 -0.765839
vn -0.150604 -0.976036 -0.157070
vn 0.150604 -0.976037 -0.157070
vn 0.091992 -0.703858 0.704359
vn -0.091992 -0.703858 0.704359
vn -0.016290 -0.019231 0.999682
vn 0.016290 -0.019231 0.999682
vn -0.091887 0.566325 0.819044
vn -0.286393 0.452745 0.844394
vn -0.286393 0.452744 -0.844394
vn -0.091887 0.566325 -0.819044
vn -0.473219 0.296941 -0.829391
vn -0.286393 0.452744 -0.844394
vn -0.286393 0.452745 0.844394
vn -0.473220 0.296942 0.829391
vn -0.572808 0.374896 -0.728933
vn -0.473219 0.296941 -0.829391
vn -0.473220 0.296942 0.829391
vn -0.572808 0.374896 0.728933
vn -0.348809 0.594254 -0.724703
vn -0.572808 0.374896 -0.728933
vn -0.572808 0.374896 0.728933
vn -0.348809 0.594255 0.724702
vn -0.348809 0.594254 -0.724703
vn -0.348809 0.594255 0.724702
vn -0.116939 0.647562 0.752987
vn -0.116939 0.647562 -0.752987
vn -0.042677 0.639837 -0.767324
vn -0.116939 0.647562 -0.752987
vn -0.116939 0.647562 0.752987
vn -0.042677 0.639838 0.767324
vn 0.091992 -0.703858 0.704359
vn 0.016290 -0.019231 0.999682
vn -0.001731 0.005860 0.999981
vn 0.351048 -0.586135 0.730213
vn 0.842164 -0.539221 0.000000
vn 0.842164 -0.539221 0.000000
vn 0.842164 -0.539222 0.000000
vn 0.842164 -0.539222 0.000000
vn 0.519577 -0.854424 0.000000
vn 0.519577 -0.854424 0.000000
vn 0.842164 -0.539222 0.000000
vn 0.842164 -0.539222 0.000000
vn 0.180826 -0.983515 0.000000
vn 0.180826 -0.983515 0.000000
vn 0.519577 -0.854424 0.000000
vn 0.519577 -0.854424 0.000000
vn 0.519575 -0.854425 0.000000
vn 0.519575 -0.854425 0.000000
vn 0.149241 -0.988801 0.000000
vn 0.149241 -0.988801 0.000000
vn 0.842164 -0.539221 0.000000
vn 0.842164 -0.539221 0.000000
vn 0.519575 -0.854425 0.000000
vn 0.519575 -0.854425 0.000000
vn 0.180826 -0.983515 0.000000
vn 0.180826 -0.983515 0.000000
vn -0.888859 -0.458180 -0.000001
vn -0.888859 -0.458180 0.000002
vn -1.000000 0.000000 0.000001
vn -1.000000 0.000000 0.000001
vn -1.000000 0.000000 0.000001
vn -1.000000 0.000000 0.000003
vn -1.000000 0.000000 0.000001
vn -1.000000 0.000000 0.000001
vn -1.000000 0.000000 0.000001
vn -1.000000 0.000000 0.000001
vn -1.000000 0.000000 0.000002
vn -1.000000 0.000000 -0.000000
vn -1.000000 0.000000 0.000001
vn -1.000000 0.000000 0.000001
vn -1.000000 -0.000000 -0.000001
vn -1.000000 0.000000 -0.000000
vn -1.000000 0.000000 0.000001
vn -1.000000 0.000000 0.000001
vn -1.000000 0.000000 0.000001
vn -1.000000 -0.000000 -0.000001
vn -1.000000 0.000000 0.000001
vn -1.000000 0.000000 0.000002
vn -1.000000 0.000000 0.000001
vn -1.000000 0.000000 0.000001
vn -1.000000 0.000000 -0.000000
vn -1.000000 0.000000 0.000003
vn -1.000000 0.000000 0.000002
vn -1.000000 0.000000 0.000001
vn -1.000000 0.000000 0.000000
vn -1.000000 0.000000 0.000001
vn -1.000000 0.000000 0.000003
vn -1.000000 0.000000 0.000001
vn -1.000000 0.000000 0.000000
vn -1.000000 0.000000 0.000001
vn -1.000000 0.000000 0.000001
vn -0.888859 -0.458180 -0.000001
vn -0.888859 -0.458180 0.000002
vn -1.000000 0.000000 0.000001
vn -1.000000 0.000000 0.000001
vn -1.000000 0.000000 0.000002
vn -0.888859 -0.458180 0.000002
vn -0.888859 -0.458180 -0.000001
vn -1.000000 0.000000 0.000001
vn -1.000000 0.000000 0.000001
vn -0.044159 -0.683103 -0.728985
vn -0.129759 -0.675028 -0.726292
vn 0.011629 0.023305 -0.999661
vn 0.003149 0.033370 -0.999438
vn 0.003149 0.033370 -0.999438
vn 0.011629 0.023305 -0.999661
vn 0.110817 0.618975 -0.777554
vn 0.047823 0.635499 -0.770619
vn -0.001335 -0.000830 -0.999999
vn -0.002294 0.007309 -0.999971
vn 0.569705 0.347060 -0.744974
vn 0.320423 0.517008 -0.793746
vn -0.016290 -0.019231 0.999682
vn 0.001731 0.005860 0.999981
vn 0.358204 0.585295 0.727407
vn 0.106403 0.655818 0.747383
vn 0.008637 0.016244 0.999831
vn 0.002555 0.027504 0.999619
vn 0.047823 0.635499 0.770619
vn 0.110817 0.618975 0.777554
vn 0.009571 -0.003313 0.999949
vn -0.072832 -0.040456 0.996523
vn 0.569705 0.347060 0.744974
vn 0.611655 0.383908 0.691732
vn 0.008637 0.016244 -0.999831
vn -0.001335 -0.000830 -0.999999
vn 0.320423 0.517008 -0.793746
vn 0.110817 0.618975 -0.777554
vn 0.066329 0.031853 0.997289
vn -0.002294 0.007309 0.999971
vn 0.569704 0.347060 0.744974
vn 0.611655 0.383907 0.691732
vn 0.018983 0.017142 -0.999673
vn 0.079902 0.042500 -0.995896
vn 0.611655 0.383908 -0.691732
vn 0.569705 0.347060 -0.744974
vn 0.040205 0.063317 -0.997183
vn 0.001586 0.065531 -0.997849
vn 0.106403 0.655818 -0.747383
vn 0.358204 0.585294 -0.727407
vn 0.079902 0.042500 -0.995896
vn 0.044841 0.074029 -0.996248
vn 0.358203 0.585294 -0.727407
vn 0.611655 0.383908 -0.691732
vn 0.066329 0.031853 -0.997289
vn 0.040205 0.063317 -0.997183
vn 0.358204 0.585294 -0.727407
vn 0.611655 0.383907 -0.691732
vn 0.801983 0.597346 -0.000000
vn 0.611655 0.383908 0.691732
vn 0.569705 0.347060 0.744974
vn 0.882940 0.469487 0.000000
vn 0.192877 0.981223 -0.000000
vn 0.110817 0.618975 0.777553
vn 0.047823 0.635500 0.770618
vn 0.075806 0.997123 -0.000000
vn 0.801983 0.597346 -0.000000
vn 0.611655 0.383908 -0.691732
vn 0.358203 0.585294 -0.727407
vn 0.470633 0.882329 -0.000000
vn 0.470633 0.882329 -0.000000
vn 0.358203 0.585294 -0.727407
vn 0.106403 0.655818 -0.747383
vn 0.143222 0.989691 -0.000000
vn 0.192877 0.981223 -0.000000
vn 0.110817 0.618975 -0.777554
vn 0.320423 0.517008 -0.793746
vn 0.600931 0.799301 -0.000000
vn 0.600931 0.799301 -0.000000
vn 0.320423 0.517008 -0.793746
vn 0.569705 0.347060 -0.744974
vn 0.882939 0.469487 -0.000000
vn 0.801983 0.597346 -0.000000
vn 0.611655 0.383907 -0.691732
vn 0.358204 0.585294 -0.727407
vn 0.470633 0.882329 -0.000000
vn 0.470633 0.882329 -0.000000
vn 0.358204 0.585294 -0.727407
vn 0.106403 0.655818 -0.747383
vn 0.143222 0.989691 0.000000
vn 0.192877 0.981223 -0.000000
vn 0.110817 0.618975 -0.777554
vn 0.320423 0.517008 -0.793746
vn 0.600931 0.799301 -0.000000
vn 0.600931 0.799301 -0.000000
vn 0.320423 0.517008 -0.793746
vn 0.569705 0.347060 -0.744974
vn 0.882940 0.469487 0.000000
vn 0.801983 0.597346 -0.000000
vn 0.611655 0.383907 0.691732
vn 0.569704 0.347060 0.744974
vn 0.882939 0.469487 -0.000000
vn 0.192877 0.981223 -0.000000
vn 0.110817 0.618975 0.777554
vn 0.047823 0.635499 0.770619
vn 0.075806 0.997123 -0.000000
vn 0.044841 0.074029 -0.996248
vn 0.001699 0.074080 -0.997251
vn 0.106403 0.655818 -0.747383
vn 0.358203 0.585294 -0.727407
vn -0.005222 -0.090266 0.995904
vn -0.004679 -0.083720 0.996478
vn 0.047823 0.635500 0.770618
vn 0.110817 0.618975 0.777553
vn -0.002294 0.007309 0.999971
vn -0.001335 -0.000830 0.999999
vn 0.320423 0.517008 0.793746
vn 0.569704 0.347060 0.744974
vn 0.002555 0.027504 -0.999619
vn 0.008637 0.016244 -0.999831
vn 0.110817 0.618975 -0.777554
vn 0.047823 0.635500 -0.770619
vn -0.001335 -0.000830 0.999999
vn 0.008637 0.016244 0.999831
vn 0.110817 0.618975 0.777554
vn 0.320423 0.517008 0.793746
vn -0.045974 -0.084383 0.995372
vn -0.005222 -0.090266 0.995904
vn 0.110817 0.618975 0.777553
vn 0.320423 0.517008 0.793746
vn -0.002294 0.007309 -0.999971
vn 0.066329 0.031853 -0.997289
vn 0.611655 0.383907 -0.691732
vn 0.569705 0.347060 -0.744974
vn 0.001586 0.065531 0.997849
vn 0.040206 0.063318 0.997183
vn 0.358203 0.585294 0.727407
vn 0.106403 0.655818 0.747383
vn 0.040206 0.063318 0.997183
vn 0.066329 0.031853 0.997289
vn 0.611655 0.383907 0.691732
vn 0.358203 0.585294 0.727407
vn 0.011629 0.023305 -0.999661
vn 0.008933 0.010856 -0.999901
vn 0.320423 0.517008 -0.793746
vn 0.110817 0.618975 -0.777554
vn -0.072832 -0.040456 0.996523
vn -0.045974 -0.084383 0.995372
vn 0.320423 0.517008 0.793746
vn 0.569705 0.347060 0.744974
vn 0.008933 0.010856 -0.999901
vn 0.018983 0.017142 -0.999673
vn 0.569705 0.347060 -0.744974
vn 0.320423 0.517008 -0.793746
vn 0.001731 0.005860 0.999981
vn 0.009571 -0.003313 0.999949
vn 0.611655 0.383908 0.691732
vn 0.358204 0.585295 0.727407
vn 0.320423 0.517008 0.793746
vn 0.600931 0.799301 -0.000000
vn 0.882940 0.469487 0.000000
vn 0.569705 0.347060 0.744974
vn 0.110817 0.618975 0.777553
vn 0.192877 0.981223 -0.000000
vn 0.600931 0.799301 -0.000000
vn 0.320423 0.517008 0.793746
vn 0.358204 0.585295 0.727407
vn 0.470633 0.882329 -0.000000
vn 0.143222 0.989691 0.000000
vn 0.106403 0.655818 0.747383
vn 0.611655 0.383908 0.691732
vn 0.801983 0.597346 -0.000000
vn 0.470633 0.882329 -0.000000
vn 0.358204 0.585295 0.727407
vn 0.110817 0.618975 -0.777554
vn 0.192877 0.981223 -0.000000
vn 0.075806 0.997123 -0.000000
vn 0.047823 0.635500 -0.770619
vn 0.611655 0.383907 -0.691732
vn 0.801983 0.597346 -0.000000
vn 0.882940 0.469487 0.000000
vn 0.569705 0.347060 -0.744974
vn 0.110817 0.618975 -0.777554
vn 0.192877 0.981223 -0.000000
vn 0.075806 0.997123 -0.000000
vn 0.047823 0.635499 -0.770619
vn 0.611655 0.383908 -0.691732
vn 0.801983 0.597346 -0.000000
vn 0.882939 0.469487 -0.000000
vn 0.569705 0.347060 -0.744974
vn 0.320423 0.517008 0.793746
vn 0.600931 0.799301 -0.000000
vn 0.882939 0.469487 -0.000000
vn 0.569704 0.347060 0.744974
vn 0.110817 0.618975 0.777554
vn 0.192877 0.981223 -0.000000
vn 0.600931 0.799301 -0.000000
vn 0.320423 0.517008 0.793746
vn 0.358203 0.585294 0.727407
vn 0.470633 0.882329 -0.000000
vn 0.143222 0.989691 -0.000000
vn 0.106403 0.655818 0.747383
vn 0.611655 0.383907 0.691732
vn 0.801983 0.597346 -0.000000
vn 0.470633 0.882329 -0.000000
vn 0.358203 0.585294 0.727407
vn -0.374350 -0.603504 -0.704021
vn -0.617412 -0.385267 -0.685836
vn 0.018983 0.017142 -0.999673
vn 0.008933 0.010856 -0.999901
vn 0.286393 0.452745 0.844394
vn 0.473220 0.296942 0.829390
vn 0.066329 0.031853 0.997289
vn 0.040206 0.063318 0.997183
vn 0.091887 0.566325 0.819044
vn 0.286393 0.452745 0.844394
vn 0.040206 0.063318 0.997183
vn 0.001586 0.065531 0.997849
vn 0.348809 0.594255 0.724702
vn 0.116939 0.647562 0.752987
vn 0.008637 0.016244 0.999831
vn -0.001335 -0.000830 0.999999
vn 0.572808 0.374896 0.728933
vn 0.348809 0.594255 0.724702
vn -0.001335 -0.000830 0.999999
vn -0.002294 0.007309 0.999971
vn -0.129759 -0.675028 -0.726292
vn -0.374350 -0.603504 -0.704021
vn 0.008933 0.010856 -0.999901
vn 0.011629 0.023305 -0.999661
vn -0.319420 -0.527851 -0.786985
vn -0.087169 -0.637097 -0.765839
vn 0.001699 0.074080 -0.997251
vn 0.044841 0.074029 -0.996248
vn -0.552887 -0.348571 -0.756845
vn -0.319420 -0.527851 -0.786985
vn 0.044841 0.074029 -0.996248
vn 0.079902 0.042500 -0.995896
vn 0.473220 0.296942 0.829390
vn 0.572808 0.374896 0.728933
vn -0.002294 0.007309 0.999971
vn 0.066329 0.031853 0.997289
vn 0.116939 0.647562 0.752987
vn 0.042677 0.639838 0.767324
vn 0.002555 0.027504 0.999619
vn 0.008637 0.016244 0.999831
vn -0.617412 -0.385267 -0.685836
vn -0.552887 -0.348571 -0.756845
vn 0.079902 0.042500 -0.995896
vn 0.018983 0.017142 -0.999673
vn -0.351047 -0.586135 0.730213
vn -0.606734 -0.383003 0.696551
vn 0.009571 -0.003313 0.999949
vn 0.001731 0.005860 0.999981
vn 0.572808 0.374896 -0.728933
vn 0.473220 0.296941 -0.829391
vn 0.066329 0.031853 -0.997289
vn -0.002294 0.007309 -0.999971
vn -0.653276 -0.406644 0.638648
vn -0.396286 -0.634534 0.663569
vn -0.045974 -0.084383 0.995372
vn -0.072832 -0.040456 0.996523
vn 0.042677 0.639838 -0.767324
vn 0.116939 0.647562 -0.752987
vn 0.008637 0.016244 -0.999831
vn 0.002555 0.027504 -0.999619
vn -0.396286 -0.634534 0.663569
vn -0.141167 -0.721264 0.678122
vn -0.005222 -0.090266 0.995904
vn -0.045974 -0.084383 0.995372
vn -0.141167 -0.721264 0.678122
vn -0.047996 -0.738047 0.673040
vn -0.004679 -0.083720 0.996478
vn -0.005222 -0.090266 0.995904
vn 0.473220 0.296941 -0.829391
vn 0.286393 0.452744 -0.844394
vn 0.040205 0.063317 -0.997183
vn 0.066329 0.031853 -0.997289
vn 0.286393 0.452744 -0.844394
vn 0.091887 0.566325 -0.819044
vn 0.001586 0.065531 -0.997849
vn 0.040205 0.063317 -0.997183
vn 0.116939 0.647562 -0.752987
vn 0.348809 0.594254 -0.724703
vn -0.001335 -0.000830 -0.999999
vn 0.008637 0.016244 -0.999831
vn -0.606734 -0.383003 0.696551
vn -0.653276 -0.406644 0.638648
vn -0.072832 -0.040456 0.996523
vn 0.009571 -0.003313 0.999949
vn 0.348809 0.594254 -0.724703
vn 0.572808 0.374896 -0.728933
vn -0.002294 0.007309 -0.999971
vn -0.001335 -0.000830 -0.999999
vn -0.176034 -0.967721 0.180358
vn -0.062875 -0.980966 0.183718
vn -0.047996 -0.738047 0.673040
vn -0.141167 -0.721264 0.678122
vn -0.062875 -0.980966 0.183718
vn -0.176034 -0.967721 0.180358
vn -0.180214 -0.983627 -0.001227
vn -0.063963 -0.997952 -0.000216
vn -0.498045 -0.867150 -0.001446
vn -0.180214 -0.983627 -0.001227
vn -0.176034 -0.967721 0.180358
vn -0.485747 -0.858127 0.166336
vn -0.396286 -0.634534 0.663569
vn -0.485747 -0.858127 0.166336
vn -0.176034 -0.967721 0.180358
vn -0.141167 -0.721264 0.678122
vn -0.653276 -0.406644 0.638648
vn -0.815468 -0.563002 0.134314
vn -0.485747 -0.858127 0.166336
vn -0.396286 -0.634534 0.663569
vn -0.828928 -0.559351 -0.002334
vn -0.498045 -0.867150 -0.001446
vn -0.485747 -0.858127 0.166336
vn -0.815468 -0.563002 0.134314
vn -0.865574 -0.500758 -0.004789
vn -0.828928 -0.559351 -0.002334
vn -0.815468 -0.563002 0.134314
vn -0.861819 -0.491136 0.126704
vn -0.606734 -0.383003 0.696551
vn -0.861819 -0.491136 0.126704
vn -0.815468 -0.563002 0.134314
vn -0.653276 -0.406644 0.638648
vn -0.351047 -0.586135 0.730213
vn -0.557660 -0.812867 0.168114
vn -0.861819 -0.491136 0.126704
vn -0.606734 -0.383003 0.696551
vn -0.557353 -0.830270 -0.003071
vn -0.865574 -0.500758 -0.004789
vn -0.861819 -0.491136 0.126704
vn -0.557660 -0.812867 0.168114
vn -0.149527 -0.988758 -0.000261
vn -0.557353 -0.830270 -0.003071
vn -0.557660 -0.812867 0.168114
vn -0.150242 -0.970867 0.186666
vn -0.091992 -0.703858 0.704359
vn -0.150242 -0.970867 0.186666
vn -0.557660 -0.812867 0.168114
vn -0.351047 -0.586135 0.730213
vn -0.177144 -0.972319 -0.152364
vn -0.063188 -0.985858 -0.155214
vn -0.063963 -0.997952 0.000217
vn -0.180214 -0.983627 0.001227
vn -0.063188 -0.985858 -0.155214
vn -0.177144 -0.972319 -0.152364
vn -0.129759 -0.675028 -0.726292
vn -0.044159 -0.683103 -0.728985
vn -0.374350 -0.603504 -0.704021
vn -0.129759 -0.675028 -0.726292
vn -0.177144 -0.972319 -0.152364
vn -0.489205 -0.860821 -0.140236
vn -0.180214 -0.983627 0.001227
vn -0.498045 -0.867150 0.001446
vn -0.489205 -0.860821 -0.140236
vn -0.177144 -0.972319 -0.152364
vn -0.498045 -0.867150 0.001446
vn -0.828928 -0.559351 0.002335
vn -0.819005 -0.562672 -0.112386
vn -0.489205 -0.860821 -0.140236
vn -0.617412 -0.385267 -0.685836
vn -0.374350 -0.603504 -0.704021
vn -0.489205 -0.860821 -0.140236
vn -0.819005 -0.562672 -0.112386
vn -0.552887 -0.348571 -0.756845
vn -0.617412 -0.385267 -0.685836
vn -0.819005 -0.562672 -0.112386
vn -0.862754 -0.494435 -0.105780
vn -0.828928 -0.559351 0.002335
vn -0.865574 -0.500758 0.004789
vn -0.862754 -0.494435 -0.105780
vn -0.819005 -0.562672 -0.112386
vn -0.865574 -0.500758 0.004789
vn -0.557353 -0.830270 0.003071
vn -0.557696 -0.818007 -0.140852
vn -0.862754 -0.494435 -0.105780
vn -0.319420 -0.527851 -0.786985
vn -0.552887 -0.348571 -0.756845
vn -0.862754 -0.494435 -0.105780
vn -0.557696 -0.818007 -0.140852
vn -0.087169 -0.637097 -0.765839
vn -0.319420 -0.527851 -0.786985
vn -0.557696 -0.818007 -0.140852
vn -0.150604 -0.976036 -0.157070
vn -0.557353 -0.830270 0.003071
vn -0.149527 -0.988758 0.000261
vn -0.150604 -0.976036 -0.157070
vn -0.557696 -0.818007 -0.140852
vn 0.091887 0.566325 0.819044
vn 0.091887 0.566325 -0.819044
vn 0.286393 0.452744 -0.844394
vn 0.286393 0.452745 0.844394
vn 0.473220 0.296941 -0.829391
vn 0.473220 0.296942 0.829390
vn 0.286393 0.452745 0.844394
vn 0.286393 0.452744 -0.844394
vn 0.572808 0.374896 -0.728933
vn 0.572808 0.374896 0.728933
vn 0.473220 0.296942 0.829390
vn 0.473220 0.296941 -0.829391
vn 0.348809 0.594254 -0.724703
vn 0.348809 0.594255 0.724702
vn 0.572808 0.374896 0.728933
vn 0.572808 0.374896 -0.728933
vn 0.348809 0.594254 -0.724703
vn 0.116939 0.647562 -0.752987
vn 0.116939 0.647562 0.752987
vn 0.348809 0.594255 0.724702
vn 0.042677 0.639838 -0.767324
vn 0.042677 0.639838 0.767324
vn 0.116939 0.647562 0.752987
vn 0.116939 0.647562 -0.752987
vn -0.091992 -0.703858 0.704359
vn -0.351047 -0.586135 0.730213
vn 0.001731 0.005860 0.999981
vn -0.016290 -0.019231 0.999682
vn -0.842165 -0.539221 0.000000
vn -0.842163 -0.539223 0.000000
vn -0.842163 -0.539223 0.000000
vn -0.842165 -0.539221 0.000000
vn -0.519576 -0.854424 0.000000
vn -0.842163 -0.539223 0.000000
vn -0.842163 -0.539223 0.000000
vn -0.519576 -0.854424 0.000000
vn -0.180826 -0.983515 0.000000
vn -0.519576 -0.854424 0.000000
vn -0.519576 -0.854424 0.000000
vn -0.180826 -0.983515 0.000000
vn -0.519575 -0.854425 0.000000
vn -0.149241 -0.988801 0.000000
vn -0.149241 -0.988801 0.000000
vn -0.519575 -0.854425 0.000000
vn -0.842165 -0.539221 0.000000
vn -0.519575 -0.854425 0.000000
vn -0.519575 -0.854425 0.000000
vn -0.842165 -0.539221 0.000000
vn -0.180826 -0.983515 0.000000
vn 0.888859 -0.458180 0.000000
vn 0.888859 -0.458180 0.000000
vn -0.180826 -0.983515 0.000000
vn 1.000000 0.000000 0.000000
vn 1.000000 0.000000 0.000001
vn 1.000000 0.000000 0.000001
vn 1.000000 0.000000 0.000001
vn 1.000000 0.000000 0.000001
vn 1.000000 0.000000 0.000001
vn 1.000000 0.000000 0.000001
vn 1.000000 0.000000 0.000001
vn 1.000000 -0.000000 -0.000000
vn 1.000000 0.000000 0.000000
vn 1.000000 0.000000 0.000001
vn 1.000000 0.000000 0.000000
vn 1.000000 0.000000 0.000001
vn 1.000000 0.000000 0.000001
vn 1.000000 0.000000 0.000001
vn 1.000000 0.000000 0.000000
vn 1.000000 0.000000 0.000001
vn 1.000000 0.000000 0.000001
vn 1.000000 0.000000 0.000001
vn 1.000000 0.000000 0.000000
vn 1.000000 0.000000 0.000001
vn 1.000000 0.000000 0.000001
vn 1.000000 0.000000 0.000001
vn 1.000000 -0.000000 -0.000001
vn 1.000000 -0.000000 -0.000000
vn 1.000000 0.000000 0.000000
vn 1.000000 -0.000000 -0.000000
vn 1.000000 0.000000 0.000000
vn 1.000000 0.000000 0.000000
vn 1.000000 0.000000 0.000001
vn 1.000000 -0.000000 -0.000000
vn 0.888859 -0.458180 0.000000
vn 1.000000 0.000000 0.000000
vn 1.000000 0.000000 0.000000
vn 0.888859 -0.458180 0.000000
vn 1.000000 0.000000 0.000000
vn 1.000000 0.000000 0.000001
vn 1.000000 0.000000 0.000001
vn 0.888859 -0.458180 0.000000
vn 1.000000 0.000000 0.000001
vn 1.000000 0.000000 0.000000
vn 0.888859 -0.458180 0.000000
vn 0.001699 0.074080 -0.997251
vn -0.001699 0.074080 -0.997251
vn -0.106403 0.655818 -0.747383
vn 0.106403 0.655818 -0.747383
vn 0.149241 -0.988801 0.000000
vn -0.149241 -0.988801 0.000000
vn -0.149241 -0.988801 0.000000
vn 0.149241 -0.988801 0.000000
vn 0.000000 -0.000000 -1.000000
vn 0.000000 -0.000000 -1.000000
vn 0.587785 -0.000000 -0.809017
vn 0.587785 -0.000000 -0.809017
vn 0.587785 -0.000000 -0.809017
vn 0.587785 -0.000000 -0.809017
vn 0.951057 -0.000000 -0.309017
vn 0.951057 -0.000000 -0.309017
vn 0.951057 -0.000000 -0.309017
vn 0.951057 -0.000000 -0.309017
vn 0.951057 0.000000 0.309017
vn 0.951057 0.000000 0.309017
vn 0.951057 0.000000 0.309017
vn 0.951057 0.000000 0.309017
vn 0.587785 0.000000 0.809017
vn 0.587785 0.000000 0.809017
vn 0.587785 0.000000 0.809017
vn 0.587785 0.000000 0.809017
vn 0.000000 0.000000 1.000000
vn 0.000000 0.000000 1.000000
vn 0.000000 0.000000 1.000000
vn 0.000000 0.000000 1.000000
vn -0.587785 0.000000 0.809017
vn -0.587785 0.000000 0.809017
vn -0.587785 0.000000 0.809017
vn -0.587785 0.000000 0.809017
vn -0.951057 0.000000 0.309017
vn -0.951057 0.000000 0.309017
vn -0.951057 0.000000 0.309017
vn -0.951057 0.000000 0.309017
vn -0.951057 -0.000000 -0.309017
vn -0.951057 -0.000000 -0.309017
vn -0.951057 -0.000000 -0.309017
vn -0.951057 -0.000000 -0.309017
vn -0.587785 -0.000000 -0.809017
vn -0.587785 -0.000000 -0.809017
vn -0.587785 -0.000000 -0.809017
vn -0.587785 -0.000000 -0.809017
vn 0.000000 -0.000000 -1.000000
vn 0.000000 -0.000000 -1.000000
vn -0.205593 -0.318122 0.925489
vn -0.205594 0.318123 0.925489
vn -0.051660 0.311705 0.948774
vn -0.051660 -0.311704 0.948774
vn 0.931403 0.356431 -0.073794
vn 0.887910 0.359485 -0.287030
vn 0.887910 -0.359485 -0.287030
vn 0.931403 -0.356431 -0.073794
vn -0.931403 -0.356431 0.073794
vn -0.931403 0.356431 0.073794
vn -0.887910 0.359485 0.287030
vn -0.887910 -0.359485 0.287030
vn -0.051660 0.311704 -0.948774
vn -0.205594 0.318122 -0.925489
vn -0.205593 -0.318122 -0.925489
vn -0.051660 -0.311705 -0.948774
vn -0.051660 -0.311704 0.948774
vn -0.051660 0.311705 0.948774
vn 0.051660 0.311705 0.948774
vn 0.051660 -0.311704 0.948774
vn -0.408141 -0.325070 0.853083
vn -0.408141 0.325070 0.853083
vn -0.205594 0.318123 0.925489
vn -0.205593 -0.318122 0.925489
vn -0.601029 -0.336158 0.725094
vn -0.601030 0.336158 0.725094
vn -0.408141 0.325070 0.853083
vn -0.408141 -0.325070 0.853083
vn -0.769135 -0.348745 0.535545
vn -0.769135 0.348745 0.535545
vn -0.601030 0.336158 0.725094
vn -0.601029 -0.336158 0.725094
vn -0.887910 -0.359485 0.287030
vn -0.887910 0.359485 0.287030
vn -0.769135 0.348745 0.535545
vn -0.769135 -0.348745 0.535545
vn 0.769135 0.348745 0.535545
vn 0.887910 0.359485 0.287030
vn 0.887910 -0.359485 0.287030
vn 0.769135 -0.348745 0.535545
vn 0.601030 0.336157 0.725094
vn 0.769135 0.348745 0.535545
vn 0.769135 -0.348745 0.535545
vn 0.601031 -0.336157 0.725094
vn 0.408142 0.325070 0.853082
vn 0.601030 0.336157 0.725094
vn 0.601031 -0.336157 0.725094
vn 0.408142 -0.325070 0.853083
vn 0.205594 0.318122 0.925489
vn 0.408142 0.325070 0.853082
vn 0.408142 -0.325070 0.853083
vn 0.205594 -0.318122 0.925489
vn 0.051660 0.311705 0.948774
vn 0.205594 0.318122 0.925489
vn 0.205594 -0.318122 0.925489
vn 0.051660 -0.311704 0.948774
vn 0.205594 0.318122 -0.925489
vn 0.051660 0.311705 -0.948774
vn 0.051660 -0.311705 -0.948774
vn 0.205593 -0.318122 -0.925489
vn 0.408141 0.325070 -0.853083
vn 0.205594 0.318122 -0.925489
vn 0.205593 -0.318122 -0.925489
vn 0.408141 -0.325070 -0.853083
vn 0.601030 0.336158 -0.725094
vn 0.408141 0.325070 -0.853083
vn 0.408141 -0.325070 -0.853083
vn 0.601029 -0.336158 -0.725094
vn 0.769135 0.348745 -0.535545
vn 0.601030 0.336158 -0.725094
vn 0.601029 -0.336158 -0.725094
vn 0.769135 -0.348745 -0.535545
vn 0.887910 0.359485 -0.287030
vn 0.769135 0.348745 -0.535545
vn 0.769135 -0.348745 -0.535545
vn 0.887910 -0.359485 -0.287030
vn 0.931403 -0.356431 0.073794
vn 0.931403 0.356432 0.073794
vn 0.931403 0.356431 -0.073794
vn 0.931403 -0.356431 -0.073794
vn -0.887910 0.359485 -0.287030
vn -0.931403 0.356431 -0.073795
vn -0.931403 -0.356431 -0.073794
vn -0.887910 -0.359485 -0.287030
vn -0.769135 0.348745 -0.535545
vn -0.887910 0.359485 -0.287030
vn -0.887910 -0.359485 -0.287030
vn -0.769135 -0.348745 -0.535545
vn -0.601030 0.336157 -0.725094
vn -0.769135 0.348745 -0.535545
vn -0.769135 -0.348745 -0.535545
vn -0.601031 -0.336157 -0.725094
vn -0.408142 0.325069 -0.853083
vn -0.601030 0.336157 -0.725094
vn -0.601031 -0.336157 -0.725094
vn -0.408142 -0.325070 -0.853082
vn -0.205594 0.318122 -0.925489
vn -0.408142 0.325069 -0.853083
vn -0.408142 -0.325070 -0.853082
vn -0.205593 -0.318122 -0.925489
vn 0.051660 -0.311705 -0.948774
vn 0.051660 0.311705 -0.948774
vn -0.051660 0.311704 -0.948774
vn -0.051660 -0.311705 -0.948774
vn -0.931403 -0.356431 -0.073794
vn -0.931403 0.356431 -0.073795
vn -0.931403 0.356431 0.073794
vn -0.931403 -0.356431 0.073794
vn -0.210609 0.235787 0.948709
vn -0.419420 0.241658 0.875036
vn -0.303173 0.715292 0.629637
vn -0.154256 0.706137 0.691068
vn 0.896363 0.338936 -0.285755
vn 0.777959 0.329843 -0.534775
vn 0.534874 0.759786 -0.369642
vn 0.609114 0.768301 -0.196706
vn -0.419420 0.241658 0.875036
vn -0.618390 0.251118 0.744670
vn -0.438613 0.728972 0.525566
vn -0.303173 0.715292 0.629637
vn 0.050660 0.322156 -0.945330
vn -0.050661 0.322156 -0.945330
vn -0.039302 0.738767 -0.672814
vn 0.039302 0.738767 -0.672814
vn -0.618390 0.251118 0.744670
vn -0.792478 0.261930 0.550792
vn -0.549833 0.743781 0.380097
vn -0.438613 0.728972 0.525566
vn 0.935324 0.346067 -0.073533
vn 0.896363 0.338936 -0.285755
vn 0.609114 0.768301 -0.196706
vn 0.626440 0.777849 -0.050236
vn 0.935324 0.346067 0.073533
vn 0.935324 0.346067 -0.073533
vn 0.626440 0.777849 -0.050236
vn 0.626440 0.777849 0.050236
vn -0.792478 0.261930 0.550792
vn -0.916209 0.271304 0.294881
vn -0.623728 0.755659 0.199854
vn -0.549833 0.743781 0.380097
vn -0.050661 0.322156 0.945330
vn 0.050661 0.322157 0.945330
vn 0.039302 0.738768 0.672813
vn -0.039302 0.738767 0.672814
vn -0.916209 0.271304 0.294881
vn -0.959848 0.270235 0.075262
vn -0.658216 0.751054 0.051656
vn -0.623728 0.755659 0.199854
vn -0.896363 0.338937 -0.285755
vn -0.935324 0.346067 -0.073533
vn -0.626440 0.777849 -0.050236
vn -0.609115 0.768301 -0.196706
vn -0.935324 0.346067 -0.073533
vn -0.935324 0.346067 0.073532
vn -0.626440 0.777849 0.050236
vn -0.626440 0.777849 -0.050236
vn 0.959848 0.270235 0.075262
vn 0.916209 0.271304 0.294881
vn 0.623727 0.755661 0.199855
vn 0.658217 0.751054 0.051656
vn 0.916209 0.271304 0.294881
vn 0.792477 0.261930 0.550793
vn 0.549831 0.743782 0.380098
vn 0.623727 0.755661 0.199855
vn -0.777959 0.329843 -0.534774
vn -0.896363 0.338937 -0.285755
vn -0.609115 0.768301 -0.196706
vn -0.534874 0.759786 -0.369643
vn 0.896363 0.338937 0.285755
vn 0.935324 0.346067 0.073533
vn 0.626440 0.777849 0.050236
vn 0.609115 0.768301 0.196706
vn 0.792477 0.261930 0.550793
vn 0.618390 0.251118 0.744670
vn 0.438613 0.728972 0.525565
vn 0.549831 0.743782 0.380098
vn 0.618390 0.251118 0.744670
vn 0.419421 0.241659 0.875036
vn 0.303172 0.715293 0.629637
vn 0.438613 0.728972 0.525565
vn -0.608243 0.321411 -0.725766
vn -0.777959 0.329843 -0.534774
vn -0.534874 0.759786 -0.369643
vn -0.425092 0.750041 -0.506690
vn 0.777959 0.329844 0.534774
vn 0.896363 0.338937 0.285755
vn 0.609115 0.768301 0.196706
vn 0.534874 0.759786 0.369642
vn 0.419421 0.241659 0.875036
vn 0.210609 0.235788 0.948709
vn 0.154256 0.706138 0.691068
vn 0.303172 0.715293 0.629637
vn 0.210609 0.235788 0.948709
vn 0.052435 0.231242 0.971482
vn 0.038956 0.696325 0.716668
vn 0.154256 0.706138 0.691068
vn -0.412195 0.316236 -0.854453
vn -0.608243 0.321411 -0.725766
vn -0.425092 0.750041 -0.506690
vn -0.294086 0.741433 -0.603151
vn 0.608242 0.321411 0.725766
vn 0.777959 0.329844 0.534774
vn 0.534874 0.759786 0.369642
vn 0.425093 0.750041 0.506690
vn 0.916209 0.271304 -0.294881
vn 0.959848 0.270235 -0.075262
vn 0.658216 0.751054 -0.051656
vn 0.623728 0.755659 -0.199855
vn 0.792477 0.261930 -0.550793
vn 0.916209 0.271304 -0.294881
vn 0.623728 0.755659 -0.199855
vn 0.549833 0.743780 -0.380098
vn -0.206144 0.316784 -0.925825
vn -0.412195 0.316236 -0.854453
vn -0.294086 0.741433 -0.603151
vn -0.152037 0.736405 -0.659236
vn 0.412195 0.316236 0.854453
vn 0.608242 0.321411 0.725766
vn 0.425093 0.750041 0.506690
vn 0.294087 0.741433 0.603150
vn -0.048100 0.971744 0.231085
vn -0.094556 0.974055 0.205613
vn -0.294087 0.741433 0.603150
vn -0.152037 0.736405 0.659236
vn 0.154256 0.706137 -0.691069
vn 0.303173 0.715292 -0.629638
vn 0.099356 0.974557 -0.200915
vn 0.051665 0.972946 -0.225180
vn 0.303173 0.715292 -0.629638
vn 0.438614 0.728971 -0.525566
vn 0.139481 0.976758 -0.162751
vn 0.099356 0.974557 -0.200915
vn 0.438614 0.728971 -0.525566
vn 0.549833 0.743780 -0.380098
vn 0.169277 0.978959 -0.113951
vn 0.139481 0.976758 -0.162751
vn 0.549833 0.743780 -0.380098
vn 0.623728 0.755659 -0.199855
vn 0.187268 0.980568 -0.058466
vn 0.169277 0.978959 -0.113951
vn 0.623728 0.755659 -0.199855
vn 0.658216 0.751054 -0.051656
vn 0.204245 0.978791 -0.015862
vn 0.187268 0.980568 -0.058466
vn -0.011576 0.971857 -0.235289
vn 0.011576 0.971856 -0.235290
vn 0.039302 0.738767 -0.672814
vn -0.039302 0.738767 -0.672814
vn 0.303172 0.715293 0.629637
vn 0.154256 0.706138 0.691068
vn 0.051664 0.972946 0.225180
vn 0.099356 0.974557 0.200914
vn 0.549831 0.743782 0.380098
vn 0.438613 0.728972 0.525565
vn 0.139480 0.976759 0.162751
vn 0.169275 0.978959 0.113951
vn 0.623727 0.755661 0.199855
vn 0.549831 0.743782 0.380098
vn 0.169275 0.978959 0.113951
vn 0.187268 0.980568 0.058465
vn 0.658217 0.751054 0.051656
vn 0.623727 0.755661 0.199855
vn 0.187268 0.980568 0.058465
vn 0.204245 0.978791 0.015862
vn -0.623728 0.755659 0.199854
vn -0.658216 0.751054 0.051656
vn -0.204245 0.978791 0.015862
vn -0.187266 0.980568 0.058465
vn 0.189878 0.981694 -0.014959
vn 0.189878 0.981694 0.014959
vn 0.626440 0.777849 0.050236
vn 0.626440 0.777849 -0.050236
vn -0.549833 0.743781 0.380097
vn -0.623728 0.755659 0.199854
vn -0.187266 0.980568 0.058465
vn -0.169275 0.978959 0.113951
vn -0.303173 0.715292 0.629637
vn -0.438613 0.728972 0.525566
vn -0.139480 0.976759 0.162751
vn -0.099356 0.974557 0.200914
vn -0.154256 0.706137 0.691068
vn -0.303173 0.715292 0.629637
vn -0.099356 0.974557 0.200914
vn -0.051665 0.972946 0.225180
vn -0.038956 0.696325 0.716668
vn -0.154256 0.706137 0.691068
vn -0.051665 0.972946 0.225180
vn -0.013402 0.970056 0.242511
vn -0.154256 0.706137 -0.691068
vn -0.038956 0.696325 -0.716669
vn -0.013402 0.970056 -0.242511
vn -0.051664 0.972946 -0.225180
vn -0.438613 0.728972 -0.525566
vn -0.303172 0.715293 -0.629637
vn -0.099356 0.974557 -0.200915
vn -0.139480 0.976759 -0.162751
vn -0.303172 0.715293 -0.629637
vn -0.154256 0.706137 -0.691068
vn -0.051664 0.972946 -0.225180
vn -0.099356 0.974557 -0.200915
vn -0.549831 0.743782 -0.380098
vn -0.438613 0.728972 -0.525566
vn -0.139480 0.976759 -0.162751
vn -0.169275 0.978959 -0.113951
vn -0.623727 0.755661 -0.199855
vn -0.549831 0.743782 -0.380098
vn -0.169275 0.978959 -0.113951
vn -0.187268 0.980567 -0.058466
vn -0.658217 0.751054 -0.051656
vn -0.623727 0.755661 -0.199855
vn -0.187268 0.980567 -0.058466
vn -0.204245 0.978791 -0.015862
vn 0.658216 0.751054 -0.051656
vn 0.658217 0.751054 0.051656
vn 0.204245 0.978791 0.015862
vn 0.204245 0.978791 -0.015862
vn -0.038956 0.696325 -0.716669
vn 0.038956 0.696325 -0.716669
vn 0.013402 0.970056 -0.242511
vn -0.013402 0.970056 -0.242511
vn -0.658216 0.751054 0.051656
vn -0.658217 0.751054 -0.051656
vn -0.204245 0.978791 -0.015862
vn -0.204245 0.978791 0.015862
vn 0.038956 0.696325 0.716668
vn -0.038956 0.696325 0.716668
vn -0.013402 0.970056 0.242511
vn 0.013402 0.970056 0.242511
vn -0.052435 0.231242 0.971482
vn -0.210609 0.235787 0.948709
vn -0.154256 0.706137 0.691068
vn -0.038956 0.696325 0.716668
vn 0.777959 0.329843 -0.534775
vn 0.608242 0.321410 -0.725767
vn 0.425093 0.750041 -0.506689
vn 0.534874 0.759786 -0.369642
vn -0.210609 0.235788 -0.948709
vn -0.052435 0.231242 -0.971482
vn -0.038956 0.696325 -0.716669
vn -0.154256 0.706137 -0.691068
vn -0.419421 0.241658 -0.875036
vn -0.210609 0.235788 -0.948709
vn -0.154256 0.706137 -0.691068
vn -0.303172 0.715293 -0.629637
vn 0.608242 0.321410 -0.725767
vn 0.412195 0.316236 -0.854453
vn 0.294086 0.741433 -0.603150
vn 0.425093 0.750041 -0.506689
vn -0.618390 0.251118 -0.744670
vn -0.419421 0.241658 -0.875036
vn -0.303172 0.715293 -0.629637
vn -0.438613 0.728972 -0.525566
vn -0.792477 0.261929 -0.550793
vn -0.618390 0.251118 -0.744670
vn -0.438613 0.728972 -0.525566
vn -0.549831 0.743782 -0.380098
vn 0.412195 0.316236 -0.854453
vn 0.206144 0.316785 -0.925825
vn 0.152037 0.736406 -0.659236
vn 0.294086 0.741433 -0.603150
vn -0.206144 0.316784 0.925825
vn -0.050661 0.322156 0.945330
vn -0.039302 0.738767 0.672814
vn -0.152037 0.736405 0.659236
vn -0.916209 0.271304 -0.294881
vn -0.792477 0.261929 -0.550793
vn -0.549831 0.743782 -0.380098
vn -0.623727 0.755661 -0.199855
vn -0.412196 0.316235 0.854453
vn -0.206144 0.316784 0.925825
vn -0.152037 0.736405 0.659236
vn -0.294087 0.741433 0.603150
vn -0.959848 0.270235 -0.075262
vn -0.916209 0.271304 -0.294881
vn -0.623727 0.755661 -0.199855
vn -0.658217 0.751054 -0.051656
vn 0.206144 0.316785 -0.925825
vn 0.050660 0.322156 -0.945330
vn 0.039302 0.738767 -0.672814
vn 0.152037 0.736406 -0.659236
vn -0.608243 0.321409 0.725767
vn -0.412196 0.316235 0.854453
vn -0.294087 0.741433 0.603150
vn -0.425094 0.750041 0.506689
vn 0.959848 0.270235 -0.075262
vn 0.959848 0.270235 0.075262
vn 0.658217 0.751054 0.051656
vn 0.658216 0.751054 -0.051656
vn -0.777959 0.329842 0.534774
vn -0.608243 0.321409 0.725767
vn -0.425094 0.750041 0.506689
vn -0.534876 0.759784 0.369642
vn -0.052435 0.231242 -0.971482
vn 0.052435 0.231242 -0.971482
vn 0.038956 0.696325 -0.716669
vn -0.038956 0.696325 -0.716669
vn 0.050661 0.322157 0.945330
vn 0.206144 0.316785 0.925825
vn 0.152037 0.736406 0.659235
vn 0.039302 0.738768 0.672813
vn -0.896363 0.338936 0.285755
vn -0.777959 0.329842 0.534774
vn -0.534876 0.759784 0.369642
vn -0.609115 0.768300 0.196706
vn -0.959848 0.270235 0.075262
vn -0.959848 0.270235 -0.075262
vn -0.658217 0.751054 -0.051656
vn -0.658216 0.751054 0.051656
vn 0.052435 0.231242 -0.971482
vn 0.210609 0.235787 -0.948709
vn 0.154256 0.706137 -0.691069
vn 0.038956 0.696325 -0.716669
vn -0.935324 0.346067 0.073532
vn -0.896363 0.338936 0.285755
vn -0.609115 0.768300 0.196706
vn -0.626440 0.777849 0.050236
vn 0.052435 0.231242 0.971482
vn -0.052435 0.231242 0.971482
vn -0.038956 0.696325 0.716668
vn 0.038956 0.696325 0.716668
vn 0.210609 0.235787 -0.948709
vn 0.419420 0.241657 -0.875036
vn 0.303173 0.715292 -0.629638
vn 0.154256 0.706137 -0.691069
vn 0.206144 0.316785 0.925825
vn 0.412195 0.316236 0.854453
vn 0.294087 0.741433 0.603150
vn 0.152037 0.736406 0.659235
vn -0.050661 0.322156 -0.945330
vn -0.206144 0.316784 -0.925825
vn -0.152037 0.736405 -0.659236
vn -0.039302 0.738767 -0.672814
vn 0.419420 0.241657 -0.875036
vn 0.618390 0.251118 -0.744670
vn 0.438614 0.728971 -0.525566
vn 0.303173 0.715292 -0.629638
vn 0.618390 0.251118 -0.744670
vn 0.792477 0.261930 -0.550793
vn 0.549833 0.743780 -0.380098
vn 0.438614 0.728971 -0.525566
vn -0.051660 -0.311705 -0.948774
vn -0.205593 -0.318122 -0.925489
vn -0.206111 -0.351152 -0.913351
vn -0.051545 -0.350663 -0.935082
vn -0.051545 -0.350663 -0.935082
vn -0.206111 -0.351152 -0.913351
vn -0.219638 -0.000000 -0.975582
vn -0.055059 -0.000000 -0.998483
vn -0.055059 -0.000000 -0.998483
vn -0.219638 -0.000000 -0.975582
vn -0.206144 0.316784 -0.925825
vn -0.050661 0.322156 -0.945330
vn 0.205594 -0.318122 0.925489
vn 0.408142 -0.325070 0.853083
vn 0.407727 -0.358310 0.839865
vn 0.206111 -0.351152 0.913351
vn 0.206111 -0.351152 0.913351
vn 0.407727 -0.358310 0.839865
vn 0.435780 0.000000 0.900053
vn 0.219638 0.000000 0.975582
vn 0.219638 0.000000 0.975582
vn 0.435780 0.000000 0.900053
vn 0.412195 0.316236 0.854453
vn 0.206144 0.316785 0.925825
vn -0.931403 -0.356431 0.073794
vn -0.887910 -0.359485 0.287030
vn -0.876952 -0.390856 0.279618
vn -0.914407 -0.398295 0.072260
vn -0.914407 -0.398295 0.072260
vn -0.876952 -0.390856 0.279618
vn -0.952520 -0.000000 0.304478
vn -0.996873 0.000000 0.079019
vn -0.996873 0.000000 0.079019
vn -0.952520 -0.000000 0.304478
vn -0.896363 0.338936 0.285755
vn -0.935324 0.346067 0.073532
vn -0.887910 -0.359485 0.287030
vn -0.769135 -0.348745 0.535545
vn -0.762386 -0.381164 0.522955
vn -0.876952 -0.390856 0.279618
vn -0.876952 -0.390856 0.279618
vn -0.762386 -0.381164 0.522955
vn -0.824039 -0.000000 0.566534
vn -0.952520 -0.000000 0.304478
vn -0.952520 -0.000000 0.304478
vn -0.824039 -0.000000 0.566534
vn -0.777959 0.329842 0.534774
vn -0.896363 0.338936 0.285755
vn 0.051660 -0.311704 0.948774
vn 0.205594 -0.318122 0.925489
vn 0.206111 -0.351152 0.913351
vn 0.051545 -0.350663 0.935082
vn 0.051545 -0.350663 0.935082
vn 0.206111 -0.351152 0.913351
vn 0.219638 0.000000 0.975582
vn 0.055059 0.000000 0.998483
vn 0.055059 0.000000 0.998483
vn 0.219638 0.000000 0.975582
vn 0.206144 0.316785 0.925825
vn 0.050661 0.322157 0.945330
vn -0.769135 -0.348745 0.535545
vn -0.601029 -0.336158 0.725094
vn -0.598232 -0.369328 0.711137
vn -0.762386 -0.381164 0.522955
vn -0.762386 -0.381164 0.522955
vn -0.598232 -0.369328 0.711137
vn -0.642807 -0.000000 0.766029
vn -0.824039 -0.000000 0.566534
vn -0.824039 -0.000000 0.566534
vn -0.642807 -0.000000 0.766029
vn -0.608243 0.321409 0.725767
vn -0.777959 0.329842 0.534774
vn -0.601029 -0.336158 0.725094
vn -0.408141 -0.325070 0.853083
vn -0.407725 -0.358310 0.839866
vn -0.598232 -0.369328 0.711137
vn -0.598232 -0.369328 0.711137
vn -0.407725 -0.358310 0.839866
vn -0.435780 -0.000000 0.900053
vn -0.642807 -0.000000 0.766029
vn -0.642807 -0.000000 0.766029
vn -0.435780 -0.000000 0.900053
vn -0.412196 0.316235 0.854453
vn -0.608243 0.321409 0.725767
vn 0.205593 -0.318122 -0.925489
vn 0.051660 -0.311705 -0.948774
vn 0.051545 -0.350663 -0.935082
vn 0.206110 -0.351152 -0.913351
vn 0.206110 -0.351152 -0.913351
vn 0.051545 -0.350663 -0.935082
vn 0.055059 -0.000000 -0.998483
vn 0.219637 -0.000000 -0.975582
vn 0.219637 -0.000000 -0.975582
vn 0.055059 -0.000000 -0.998483
vn 0.050660 0.322156 -0.945330
vn 0.206144 0.316785 -0.925825
vn -0.408141 -0.325070 0.853083
vn -0.205593 -0.318122 0.925489
vn -0.206110 -0.351152 0.913352
vn -0.407725 -0.358310 0.839866
vn -0.407725 -0.358310 0.839866
vn -0.206110 -0.351152 0.913352
vn -0.219638 -0.000000 0.975582
vn -0.435780 -0.000000 0.900053
vn -0.435780 -0.000000 0.900053
vn -0.219638 -0.000000 0.975582
vn -0.206144 0.316784 0.925825
vn -0.412196 0.316235 0.854453
vn -0.205593 -0.318122 0.925489
vn -0.051660 -0.311704 0.948774
vn -0.051545 -0.350663 0.935082
vn -0.206110 -0.351152 0.913352
vn -0.206110 -0.351152 0.913352
vn -0.051545 -0.350663 0.935082
vn -0.055059 -0.000000 0.998483
vn -0.219638 -0.000000 0.975582
vn -0.219638 -0.000000 0.975582
vn -0.055059 -0.000000 0.998483
vn -0.050661 0.322156 0.945330
vn -0.206144 0.316784 0.925825
vn 0.408141 -0.325070 -0.853083
vn 0.205593 -0.318122 -0.925489
vn 0.206110 -0.351152 -0.913351
vn 0.407725 -0.358310 -0.839866
vn 0.407725 -0.358310 -0.839866
vn 0.206110 -0.351152 -0.913351
vn 0.219637 -0.000000 -0.975582
vn 0.435779 -0.000000 -0.900054
vn 0.435779 -0.000000 -0.900054
vn 0.219637 -0.000000 -0.975582
vn 0.206144 0.316785 -0.925825
vn 0.412195 0.316236 -0.854453
vn 0.601029 -0.336158 -0.725094
vn 0.408141 -0.325070 -0.853083
vn 0.407725 -0.358310 -0.839866
vn 0.598232 -0.369328 -0.711136
vn 0.598232 -0.369328 -0.711136
vn 0.407725 -0.358310 -0.839866
vn 0.435779 -0.000000 -0.900054
vn 0.642807 -0.000000 -0.766028
vn 0.642807 -0.000000 -0.766028
vn 0.435779 -0.000000 -0.900054
vn 0.412195 0.316236 -0.854453
vn 0.608242 0.321410 -0.725767
vn 0.769135 -0.348745 -0.535545
vn 0.601029 -0.336158 -0.725094
vn 0.598232 -0.369328 -0.711136
vn 0.762386 -0.381164 -0.522954
vn 0.762386 -0.381164 -0.522954
vn 0.598232 -0.369328 -0.711136
vn 0.642807 -0.000000 -0.766028
vn 0.824039 -0.000000 -0.566534
vn 0.824039 -0.000000 -0.566534
vn 0.642807 -0.000000 -0.766028
vn 0.608242 0.321410 -0.725767
vn 0.777959 0.329843 -0.534775
vn 0.408142 -0.325070 0.853083
vn 0.601031 -0.336157 0.725094
vn 0.598234 -0.369328 0.711135
vn 0.407727 -0.358310 0.839865
vn 0.407727 -0.358310 0.839865
vn 0.598234 -0.369328 0.711135
vn 0.642808 0.000000 0.766027
vn 0.435780 0.000000 0.900053
vn 0.435780 0.000000 0.900053
vn 0.642808 0.000000 0.766027
vn 0.608242 0.321411 0.725766
vn 0.412195 0.316236 0.854453
vn -0.205593 -0.318122 -0.925489
vn -0.408142 -0.325070 -0.853082
vn -0.407727 -0.358310 -0.839865
vn -0.206111 -0.351152 -0.913351
vn -0.206111 -0.351152 -0.913351
vn -0.407727 -0.358310 -0.839865
vn -0.435780 -0.000000 -0.900053
vn -0.219638 -0.000000 -0.975582
vn -0.219638 -0.000000 -0.975582
vn -0.435780 -0.000000 -0.900053
vn -0.412195 0.316236 -0.854453
vn -0.206144 0.316784 -0.925825
vn 0.601031 -0.336157 0.725094
vn 0.769135 -0.348745 0.535545
vn 0.762387 -0.381164 0.522954
vn 0.598234 -0.369328 0.711135
vn 0.598234 -0.369328 0.711135
vn 0.762387 -0.381164 0.522954
vn 0.824039 -0.000000 0.566533
vn 0.642808 0.000000 0.766027
vn 0.642808 0.000000 0.766027
vn 0.824039 -0.000000 0.566533
vn 0.777959 0.329844 0.534774
vn 0.608242 0.321411 0.725766
vn -0.408142 -0.325070 -0.853082
vn -0.601031 -0.336157 -0.725094
vn -0.598233 -0.369328 -0.711135
vn -0.407727 -0.358310 -0.839865
vn -0.407727 -0.358310 -0.839865
vn -0.598233 -0.369328 -0.711135
vn -0.642808 -0.000000 -0.766027
vn -0.435780 -0.000000 -0.900053
vn -0.435780 -0.000000 -0.900053
vn -0.642808 -0.000000 -0.766027
vn -0.608243 0.321411 -0.725766
vn -0.412195 0.316236 -0.854453
vn 0.769135 -0.348745 0.535545
vn 0.887910 -0.359485 0.287030
vn 0.876952 -0.390856 0.279618
vn 0.762387 -0.381164 0.522954
vn 0.762387 -0.381164 0.522954
vn 0.876952 -0.390856 0.279618
vn 0.952519 -0.000000 0.304478
vn 0.824039 -0.000000 0.566533
vn 0.824039 -0.000000 0.566533
vn 0.952519 -0.000000 0.304478
vn 0.896363 0.338937 0.285755
vn 0.777959 0.329844 0.534774
vn -0.601031 -0.336157 -0.725094
vn -0.769135 -0.348745 -0.535545
vn -0.762387 -0.381164 -0.522954
vn -0.598233 -0.369328 -0.711135
vn -0.598233 -0.369328 -0.711135
vn -0.762387 -0.381164 -0.522954
vn -0.824039 -0.000000 -0.566533
vn -0.642808 -0.000000 -0.766027
vn -0.642808 -0.000000 -0.766027
vn -0.824039 -0.000000 -0.566533
vn -0.777959 0.329843 -0.534774
vn -0.608243 0.321411 -0.725766
vn 0.887910 -0.359485 0.287030
vn 0.931403 -0.356431 0.073794
vn 0.914407 -0.398295 0.072260
vn 0.876952 -0.390856 0.279618
vn 0.876952 -0.390856 0.279618
vn 0.914407 -0.398295 0.072260
vn 0.996873 0.000000 0.079019
vn 0.952519 -0.000000 0.304478
vn 0.952519 -0.000000 0.304478
vn 0.996873 0.000000 0.079019
vn 0.935324 0.346067 0.073533
vn 0.896363 0.338937 0.285755
vn -0.769135 -0.348745 -0.535545
vn -0.887910 -0.359485 -0.287030
vn -0.876953 -0.390856 -0.279618
vn -0.762387 -0.381164 -0.522954
vn -0.762387 -0.381164 -0.522954
vn -0.876953 -0.390856 -0.279618
vn -0.952519 -0.000000 -0.304478
vn -0.824039 -0.000000 -0.566533
vn -0.824039 -0.000000 -0.566533
vn -0.952519 -0.000000 -0.304478
vn -0.896363 0.338937 -0.285755
vn -0.777959 0.329843 -0.534774
vn -0.931403 -0.356431 -0.073794
vn -0.931403 -0.356431 0.073794
vn -0.914407 -0.398295 0.072260
vn -0.914407 -0.398295 -0.072260
vn -0.914407 -0.398295 -0.072260
vn -0.914407 -0.398295 0.072260
vn -0.996873 0.000000 0.079019
vn -0.996873 0.000000 -0.079019
vn -0.996873 0.000000 -0.079019
vn -0.996873 0.000000 0.079019
vn -0.935324 0.346067 0.073532
vn -0.935324 0.346067 -0.073533
vn -0.887910 -0.359485 -0.287030
vn -0.931403 -0.356431 -0.073794
vn -0.914407 -0.398295 -0.072260
vn -0.876953 -0.390856 -0.279618
vn -0.876953 -0.390856 -0.279618
vn -0.914407 -0.398295 -0.072260
vn -0.996873 0.000000 -0.079019
vn -0.952519 -0.000000 -0.304478
vn -0.952519 -0.000000 -0.304478
vn -0.996873 0.000000 -0.079019
vn -0.935324 0.346067 -0.073533
vn -0.896363 0.338937 -0.285755
vn -0.051660 -0.311704 0.948774
vn 0.051660 -0.311704 0.948774
vn 0.051545 -0.350663 0.935082
vn -0.051545 -0.350663 0.935082
vn -0.051545 -0.350663 0.935082
vn 0.051545 -0.350663 0.935082
vn 0.055059 0.000000 0.998483
vn -0.055059 -0.000000 0.998483
vn -0.055059 -0.000000 0.998483
vn 0.055059 0.000000 0.998483
vn 0.050661 0.322157 0.945330
vn -0.050661 0.322156 0.945330
vn 0.931403 -0.356431 0.073794
vn 0.931403 -0.356431 -0.073794
vn 0.914407 -0.398295 -0.072260
vn 0.914407 -0.398295 0.072260
vn 0.914407 -0.398295 0.072260
vn 0.914407 -0.398295 -0.072260
vn 0.996873 0.000000 -0.079019
vn 0.996873 0.000000 0.079019
vn 0.996873 0.000000 0.079019
vn 0.996873 0.000000 -0.079019
vn 0.935324 0.346067 -0.073533
vn 0.935324 0.346067 0.073533
vn 0.931403 -0.356431 -0.073794
vn 0.887910 -0.359485 -0.287030
vn 0.876952 -0.390856 -0.279618
vn 0.914407 -0.398295 -0.072260
vn 0.914407 -0.398295 -0.072260
vn 0.876952 -0.390856 -0.279618
vn 0.952519 -0.000000 -0.304479
vn 0.996873 0.000000 -0.079019
vn 0.996873 0.000000 -0.079019
vn 0.952519 -0.000000 -0.304479
vn 0.896363 0.338936 -0.285755
vn 0.935324 0.346067 -0.073533
vn 0.051660 -0.311705 -0.948774
vn -0.051660 -0.311705 -0.948774
vn -0.051545 -0.350663 -0.935082
vn 0.051545 -0.350663 -0.935082
vn 0.051545 -0.350663 -0.935082
vn -0.051545 -0.350663 -0.935082
vn -0.055059 -0.000000 -0.998483
vn 0.055059 -0.000000 -0.998483
vn 0.055059 -0.000000 -0.998483
vn -0.055059 -0.000000 -0.998483
vn -0.050661 0.322156 -0.945330
vn 0.050660 0.322156 -0.945330
vn 0.887910 -0.359485 -0.287030
vn 0.769135 -0.348745 -0.535545
vn 0.762386 -0.381164 -0.522954
vn 0.876952 -0.390856 -0.279618
vn 0.876952 -0.390856 -0.279618
vn 0.762386 -0.381164 -0.522954
vn 0.824039 -0.000000 -0.566534
vn 0.952519 -0.000000 -0.304479
vn 0.952519 -0.000000 -0.304479
vn 0.824039 -0.000000 -0.566534
vn 0.777959 0.329843 -0.534775
vn 0.896363 0.338936 -0.285755
vn 0.438613 0.728972 0.525565
vn 0.303172 0.715293 0.629637
vn 0.099356 0.974557 0.200914
vn 0.139480 0.976759 0.162751
vn -0.438613 0.728972 0.525566
vn -0.549833 0.743781 0.380097
vn -0.169275 0.978959 0.113951
vn -0.139480 0.976759 0.162751
vn -0.011576 0.971857 0.235289
vn -0.048100 0.971744 0.231085
vn -0.152037 0.736405 0.659236
vn -0.039302 0.738767 0.672814
vn 0.154256 0.706138 0.691068
vn 0.038956 0.696325 0.716668
vn 0.013402 0.970056 0.242511
vn 0.051664 0.972946 0.225180
vn 0.189878 0.981694 0.014959
vn 0.189574 0.979875 0.062503
vn 0.609115 0.768301 0.196706
vn 0.626440 0.777849 0.050236
vn 0.189574 0.979875 0.062503
vn 0.167624 0.978536 0.119869
vn 0.534874 0.759786 0.369642
vn 0.609115 0.768301 0.196706
vn 0.167624 0.978536 0.119869
vn 0.135105 0.976454 0.168181
vn 0.425093 0.750041 0.506690
vn 0.534874 0.759786 0.369642
vn 0.135105 0.976454 0.168181
vn 0.094556 0.974055 0.205613
vn 0.294087 0.741433 0.603150
vn 0.425093 0.750041 0.506690
vn 0.048099 0.971744 0.231084
vn 0.011576 0.971857 0.235289
vn 0.039302 0.738768 0.672813
vn 0.152037 0.736406 0.659235
vn 0.094556 0.974055 0.205613
vn 0.048099 0.971744 0.231084
vn 0.152037 0.736406 0.659235
vn 0.294087 0.741433 0.603150
vn 0.011576 0.971856 -0.235290
vn 0.048100 0.971744 -0.231085
vn 0.152037 0.736406 -0.659236
vn 0.039302 0.738767 -0.672814
vn 0.048100 0.971744 -0.231085
vn 0.094556 0.974055 -0.205613
vn 0.294086 0.741433 -0.603150
vn 0.152037 0.736406 -0.659236
vn 0.094556 0.974055 -0.205613
vn 0.135104 0.976454 -0.168181
vn 0.425093 0.750041 -0.506689
vn 0.294086 0.741433 -0.603150
vn 0.135104 0.976454 -0.168181
vn 0.167625 0.978536 -0.119869
vn 0.534874 0.759786 -0.369642
vn 0.425093 0.750041 -0.506689
vn 0.189574 0.979875 -0.062503
vn 0.189878 0.981694 -0.014959
vn 0.626440 0.777849 -0.050236
vn 0.609114 0.768301 -0.196706
vn 0.167625 0.978536 -0.119869
vn 0.189574 0.979875 -0.062503
vn 0.609114 0.768301 -0.196706
vn 0.534874 0.759786 -0.369642
vn -0.189878 0.981694 -0.014959
vn -0.189574 0.979875 -0.062503
vn -0.609115 0.768301 -0.196706
vn -0.626440 0.777849 -0.050236
vn -0.189574 0.979875 -0.062503
vn -0.167624 0.978536 -0.119869
vn -0.534874 0.759786 -0.369643
vn -0.609115 0.768301 -0.196706
vn -0.167624 0.978536 -0.119869
vn -0.135105 0.976454 -0.168181
vn -0.425092 0.750041 -0.506690
vn -0.534874 0.759786 -0.369643
vn -0.135105 0.976454 -0.168181
vn -0.094556 0.974055 -0.205613
vn -0.294086 0.741433 -0.603151
vn -0.425092 0.750041 -0.506690
vn -0.048099 0.971744 -0.231085
vn -0.011576 0.971857 -0.235289
vn -0.039302 0.738767 -0.672814
vn -0.152037 0.736405 -0.659236
vn -0.094556 0.974055 -0.205613
vn -0.048099 0.971744 -0.231085
vn -0.152037 0.736405 -0.659236
vn -0.294086 0.741433 -0.603151
vn -0.189878 0.981694 0.014959
vn -0.189878 0.981694 -0.014959
vn -0.626440 0.777849 -0.050236
vn -0.626440 0.777849 0.050236
vn -0.189575 0.979875 0.062503
vn -0.189878 0.981694 0.014959
vn -0.626440 0.777849 0.050236
vn -0.609115 0.768300 0.196706
vn -0.167625 0.978536 0.119869
vn -0.189575 0.979875 0.062503
vn -0.609115 0.768300 0.196706
vn -0.534876 0.759784 0.369642
vn -0.135105 0.976454 0.168181
vn -0.167625 0.978536 0.119869
vn -0.534876 0.759784 0.369642
vn -0.425094 0.750041 0.506689
vn -0.094556 0.974055 0.205613
vn -0.135105 0.976454 0.168181
vn -0.425094 0.750041 0.506689
vn -0.294087 0.741433 0.603150
vn 0.011576 0.971857 0.235289
vn -0.011576 0.971857 0.235289
vn -0.039302 0.738767 0.672814
vn 0.039302 0.738768 0.672813
vn 0.011576 0.971856 -0.235290
vn -0.011576 0.971857 -0.235289
vn 0.013402 0.970056 0.242511
vn -0.013402 0.970056 0.242511
vn 0.189878 0.981694 0.014959
vn 0.189878 0.981694 -0.014959
vn -0.204245 0.978791 0.015862
vn -0.204245 0.978791 -0.015862
vn -0.011576 0.971857 0.235289
vn 0.011576 0.971857 0.235289
vn -0.013402 0.970056 -0.242511
vn 0.013402 0.970056 -0.242511
vn -0.189878 0.981694 -0.014959
vn -0.189878 0.981694 0.014959
vn 0.204245 0.978791 -0.015862
vn 0.204245 0.978791 0.015862
vn 0.189574 0.979875 0.062503
vn 0.189878 0.981694 0.014959
vn -0.204245 0.978791 -0.015862
vn -0.187268 0.980567 -0.058466
vn 0.167624 0.978536 0.119869
vn 0.189574 0.979875 0.062503
vn -0.187268 0.980567 -0.058466
vn -0.169275 0.978959 -0.113951
vn 0.135105 0.976454 0.168181
vn 0.167624 0.978536 0.119869
vn -0.169275 0.978959 -0.113951
vn -0.139480 0.976759 -0.162751
vn 0.094556 0.974055 0.205613
vn 0.135105 0.976454 0.168181
vn -0.139480 0.976759 -0.162751
vn -0.099356 0.974557 -0.200915
vn 0.048099 0.971744 0.231084
vn 0.094556 0.974055 0.205613
vn -0.099356 0.974557 -0.200915
vn -0.051664 0.972946 -0.225180
vn 0.011576 0.971857 0.235289
vn 0.048099 0.971744 0.231084
vn -0.051664 0.972946 -0.225180
vn -0.013402 0.970056 -0.242511
vn 0.048100 0.971744 -0.231085
vn 0.011576 0.971856 -0.235290
vn -0.013402 0.970056 0.242511
vn -0.051665 0.972946 0.225180
vn 0.094556 0.974055 -0.205613
vn 0.048100 0.971744 -0.231085
vn -0.051665 0.972946 0.225180
vn -0.099356 0.974557 0.200914
vn 0.135104 0.976454 -0.168181
vn 0.094556 0.974055 -0.205613
vn -0.099356 0.974557 0.200914
vn -0.139480 0.976759 0.162751
vn 0.167625 0.978536 -0.119869
vn 0.135104 0.976454 -0.168181
vn -0.139480 0.976759 0.162751
vn -0.169275 0.978959 0.113951
vn 0.189574 0.979875 -0.062503
vn 0.167625 0.978536 -0.119869
vn -0.169275 0.978959 0.113951
vn -0.187266 0.980568 0.058465
vn 0.189878 0.981694 -0.014959
vn 0.189574 0.979875 -0.062503
vn -0.187266 0.980568 0.058465
vn -0.204245 0.978791 0.015862
vn -0.189574 0.979875 -0.062503
vn -0.189878 0.981694 -0.014959
vn 0.204245 0.978791 0.015862
vn 0.187268 0.980568 0.058465
vn -0.167624 0.978536 -0.119869
vn -0.189574 0.979875 -0.062503
vn 0.187268 0.980568 0.058465
vn 0.169275 0.978959 0.113951
vn -0.135105 0.976454 -0.168181
vn -0.167624 0.978536 -0.119869
vn 0.169275 0.978959 0.113951
vn 0.139480 0.976759 0.162751
vn -0.094556 0.974055 -0.205613
vn -0.135105 0.976454 -0.168181
vn 0.139480 0.976759 0.162751
vn 0.099356 0.974557 0.200914
vn -0.048099 0.971744 -0.231085
vn -0.094556 0.974055 -0.205613
vn 0.099356 0.974557 0.200914
vn 0.051664 0.972946 0.225180
vn -0.011576 0.971857 -0.235289
vn -0.048099 0.971744 -0.231085
vn 0.051664 0.972946 0.225180
vn 0.013402 0.970056 0.242511
vn -0.189878 0.981694 0.014959
vn -0.189575 0.979875 0.062503
vn 0.187268 0.980568 -0.058466
vn 0.204245 0.978791 -0.015862
vn -0.189575 0.979875 0.062503
vn -0.167625 0.978536 0.119869
vn 0.169277 0.978959 -0.113951
vn 0.187268 0.980568 -0.058466
vn -0.167625 0.978536 0.119869
vn -0.135105 0.976454 0.168181
vn 0.139481 0.976758 -0.162751
vn 0.169277 0.978959 -0.113951
vn -0.135105 0.976454 0.168181
vn -0.094556 0.974055 0.205613
vn 0.099356 0.974557 -0.200915
vn 0.139481 0.976758 -0.162751
vn -0.094556 0.974055 0.205613
vn -0.048100 0.971744 0.231085
vn 0.051665 0.972946 -0.225180
vn 0.099356 0.974557 -0.200915
vn -0.048100 0.971744 0.231085
vn -0.011576 0.971857 0.235289
vn 0.013402 0.970056 -0.242511
vn 0.051665 0.972946 -0.225180
vn 0.038956 0.696325 -0.716669
vn 0.154256 0.706137 -0.691069
vn 0.051665 0.972946 -0.225180
vn 0.013402 0.970056 -0.242511
vn 0.566629 0.482169 -0.668165
vn 0.729406 0.471048 -0.496064
vn 0.792477 -0.261930 -0.550792
vn 0.618390 -0.251118 -0.744670
vn 0.618390 -0.251118 -0.744670
vn 0.792477 -0.261930 -0.550792
vn 0.792477 0.261930 -0.550793
vn 0.618390 0.251118 -0.744670
vn 0.382524 0.492114 -0.781984
vn 0.566629 0.482169 -0.668165
vn 0.618390 -0.251118 -0.744670
vn 0.419420 -0.241658 -0.875037
vn 0.419420 -0.241658 -0.875037
vn 0.618390 -0.251118 -0.744670
vn 0.618390 0.251118 -0.744670
vn 0.419420 0.241657 -0.875036
vn 0.191633 0.498471 -0.845460
vn 0.382524 0.492114 -0.781984
vn 0.419420 -0.241658 -0.875037
vn 0.210609 -0.235787 -0.948709
vn 0.210609 -0.235787 -0.948709
vn 0.419420 -0.241658 -0.875037
vn 0.419420 0.241657 -0.875036
vn 0.210609 0.235787 -0.948709
vn 0.046860 0.513207 0.856985
vn -0.046860 0.513208 0.856984
vn -0.052435 -0.231242 0.971482
vn 0.052435 -0.231242 0.971482
vn 0.052435 -0.231242 0.971482
vn -0.052435 -0.231242 0.971482
vn -0.052435 0.231242 0.971482
vn 0.052435 0.231242 0.971482
vn 0.046860 0.513207 -0.856985
vn 0.191633 0.498471 -0.845460
vn 0.210609 -0.235787 -0.948709
vn 0.052435 -0.231242 -0.971482
vn 0.052435 -0.231242 -0.971482
vn 0.210609 -0.235787 -0.948709
vn 0.210609 0.235787 -0.948709
vn 0.052435 0.231242 -0.971482
vn -0.877295 0.475080 0.068207
vn -0.877295 0.475080 -0.068207
vn -0.959848 -0.270235 -0.075262
vn -0.959848 -0.270235 0.075262
vn -0.959848 -0.270235 0.075262
vn -0.959848 -0.270235 -0.075262
vn -0.959848 0.270235 -0.075262
vn -0.959848 0.270235 0.075262
vn -0.046860 0.513207 -0.856985
vn 0.046860 0.513207 -0.856985
vn 0.052435 -0.231242 -0.971482
vn -0.052435 -0.231242 -0.971482
vn -0.052435 -0.231242 -0.971482
vn 0.052435 -0.231242 -0.971482
vn 0.052435 0.231242 -0.971482
vn -0.052435 0.231242 -0.971482
vn 0.877295 0.475080 -0.068207
vn 0.877295 0.475080 0.068207
vn 0.959848 -0.270235 0.075262
vn 0.959848 -0.270235 -0.075262
vn 0.959848 -0.270235 -0.075262
vn 0.959848 -0.270235 0.075262
vn 0.959848 0.270235 0.075262
vn 0.959848 0.270235 -0.075262
vn -0.877295 0.475080 -0.068207
vn -0.846052 0.461704 -0.266506
vn -0.916209 -0.271304 -0.294882
vn -0.959848 -0.270235 -0.075262
vn -0.959848 -0.270235 -0.075262
vn -0.916209 -0.271304 -0.294882
vn -0.916209 0.271304 -0.294881
vn -0.959848 0.270235 -0.075262
vn -0.846052 0.461704 -0.266506
vn -0.729406 0.471049 -0.496064
vn -0.792477 -0.261930 -0.550793
vn -0.916209 -0.271304 -0.294882
vn -0.916209 -0.271304 -0.294882
vn -0.792477 -0.261930 -0.550793
vn -0.792477 0.261929 -0.550793
vn -0.916209 0.271304 -0.294881
vn -0.729406 0.471049 -0.496064
vn -0.566629 0.482169 -0.668165
vn -0.618390 -0.251118 -0.744670
vn -0.792477 -0.261930 -0.550793
vn -0.792477 -0.261930 -0.550793
vn -0.618390 -0.251118 -0.744670
vn -0.618390 0.251118 -0.744670
vn -0.792477 0.261929 -0.550793
vn -0.566629 0.482169 -0.668165
vn -0.382526 0.492113 -0.781984
vn -0.419420 -0.241659 -0.875036
vn -0.618390 -0.251118 -0.744670
vn -0.618390 -0.251118 -0.744670
vn -0.419420 -0.241659 -0.875036
vn -0.419421 0.241658 -0.875036
vn -0.618390 0.251118 -0.744670
vn -0.382526 0.492113 -0.781984
vn -0.191634 0.498470 -0.845461
vn -0.210609 -0.235788 -0.948709
vn -0.419420 -0.241659 -0.875036
vn -0.419420 -0.241659 -0.875036
vn -0.210609 -0.235788 -0.948709
vn -0.210609 0.235788 -0.948709
vn -0.419421 0.241658 -0.875036
vn -0.191634 0.498470 -0.845461
vn -0.046860 0.513207 -0.856985
vn -0.052435 -0.231242 -0.971482
vn -0.210609 -0.235788 -0.948709
vn -0.210609 -0.235788 -0.948709
vn -0.052435 -0.231242 -0.971482
vn -0.052435 0.231242 -0.971482
vn -0.210609 0.235788 -0.948709
vn -0.046860 0.513208 0.856984
vn -0.191633 0.498471 0.845460
vn -0.210609 -0.235787 0.948709
vn -0.052435 -0.231242 0.971482
vn -0.052435 -0.231242 0.971482
vn -0.210609 -0.235787 0.948709
vn -0.210609 0.235787 0.948709
vn -0.052435 0.231242 0.971482
vn 0.729406 0.471048 -0.496064
vn 0.846052 0.461704 -0.266507
vn 0.916209 -0.271305 -0.294882
vn 0.792477 -0.261930 -0.550792
vn 0.792477 -0.261930 -0.550792
vn 0.916209 -0.271305 -0.294882
vn 0.916209 0.271304 -0.294881
vn 0.792477 0.261930 -0.550793
vn 0.846052 0.461704 -0.266507
vn 0.877295 0.475080 -0.068207
vn 0.959848 -0.270235 -0.075262
vn 0.916209 -0.271305 -0.294882
vn 0.916209 -0.271305 -0.294882
vn 0.959848 -0.270235 -0.075262
vn 0.959848 0.270235 -0.075262
vn 0.916209 0.271304 -0.294881
vn 0.191632 0.498471 0.845461
vn 0.046860 0.513207 0.856985
vn 0.052435 -0.231242 0.971482
vn 0.210609 -0.235788 0.948709
vn 0.210609 -0.235788 0.948709
vn 0.052435 -0.231242 0.971482
vn 0.052435 0.231242 0.971482
vn 0.210609 0.235788 0.948709
vn 0.382525 0.492113 0.781984
vn 0.191632 0.498471 0.845461
vn 0.210609 -0.235788 0.948709
vn 0.419420 -0.241659 0.875036
vn 0.419420 -0.241659 0.875036
vn 0.210609 -0.235788 0.948709
vn 0.210609 0.235788 0.948709
vn 0.419421 0.241659 0.875036
vn 0.566629 0.482170 0.668165
vn 0.382525 0.492113 0.781984
vn 0.419420 -0.241659 0.875036
vn 0.618390 -0.251118 0.744670
vn 0.618390 -0.251118 0.744670
vn 0.419420 -0.241659 0.875036
vn 0.419421 0.241659 0.875036
vn 0.618390 0.251118 0.744670
vn 0.729406 0.471050 0.496064
vn 0.566629 0.482170 0.668165
vn 0.618390 -0.251118 0.744670
vn 0.792477 -0.261929 0.550793
vn 0.792477 -0.261929 0.550793
vn 0.618390 -0.251118 0.744670
vn 0.618390 0.251118 0.744670
vn 0.792477 0.261930 0.550793
vn 0.846052 0.461704 0.266506
vn 0.729406 0.471050 0.496064
vn 0.792477 -0.261929 0.550793
vn 0.916209 -0.271304 0.294882
vn 0.916209 -0.271304 0.294882
vn 0.792477 -0.261929 0.550793
vn 0.792477 0.261930 0.550793
vn 0.916209 0.271304 0.294881
vn 0.877295 0.475080 0.068207
vn 0.846052 0.461704 0.266506
vn 0.916209 -0.271304 0.294882
vn 0.959848 -0.270235 0.075262
vn 0.959848 -0.270235 0.075262
vn 0.916209 -0.271304 0.294882
vn 0.916209 0.271304 0.294881
vn 0.959848 0.270235 0.075262
vn -0.846052 0.461704 0.266506
vn -0.877295 0.475080 0.068207
vn -0.959848 -0.270235 0.075262
vn -0.916209 -0.271304 0.294881
vn -0.916209 -0.271304 0.294881
vn -0.959848 -0.270235 0.075262
vn -0.959848 0.270235 0.075262
vn -0.916209 0.271304 0.294881
vn -0.729406 0.471050 0.496064
vn -0.846052 0.461704 0.266506
vn -0.916209 -0.271304 0.294881
vn -0.792478 -0.261929 0.550792
vn -0.792478 -0.261929 0.550792
vn -0.916209 -0.271304 0.294881
vn -0.916209 0.271304 0.294881
vn -0.792478 0.261930 0.550792
vn -0.566627 0.482170 0.668166
vn -0.729406 0.471050 0.496064
vn -0.792478 -0.261929 0.550792
vn -0.618390 -0.251117 0.744670
vn -0.618390 -0.251117 0.744670
vn -0.792478 -0.261929 0.550792
vn -0.792478 0.261930 0.550792
vn -0.618390 0.251118 0.744670
vn -0.382523 0.492114 0.781984
vn -0.566627 0.482170 0.668166
vn -0.618390 -0.251117 0.744670
vn -0.419420 -0.241658 0.875037
vn -0.419420 -0.241658 0.875037
vn -0.618390 -0.251117 0.744670
vn -0.618390 0.251118 0.744670
vn -0.419420 0.241658 0.875036
vn -0.191633 0.498471 0.845460
vn -0.382523 0.492114 0.781984
vn -0.419420 -0.241658 0.875037
vn -0.210609 -0.235787 0.948709
vn -0.210609 -0.235787 0.948709
vn -0.419420 -0.241658 0.875037
vn -0.419420 0.241658 0.875036
vn -0.210609 0.235787 0.948709
vn 0.000000 -1.000000 0.000000
vn 0.877295 -0.475081 0.068207
vn 0.846052 -0.461705 0.266505
vn -0.210609 -0.235787 0.948709
vn -0.154256 -0.706137 0.691068
vn -0.303172 -0.715292 0.629638
vn -0.419420 -0.241658 0.875036
vn 0.896363 -0.338937 -0.285755
vn 0.609114 -0.768301 -0.196706
vn 0.534874 -0.759786 -0.369642
vn 0.777959 -0.329843 -0.534773
vn -0.419420 -0.241658 0.875036
vn -0.303172 -0.715292 0.629638
vn -0.438614 -0.728971 0.525566
vn -0.618390 -0.251117 0.744670
vn 0.050661 -0.322156 -0.945330
vn 0.039302 -0.738767 -0.672814
vn -0.039302 -0.738767 -0.672814
vn -0.050661 -0.322157 -0.945330
vn -0.618390 -0.251117 0.744670
vn -0.438614 -0.728971 0.525566
vn -0.549833 -0.743781 0.380098
vn -0.792477 -0.261930 0.550792
vn 0.935324 -0.346067 -0.073533
vn 0.626440 -0.777849 -0.050236
vn 0.609114 -0.768301 -0.196706
vn 0.896363 -0.338937 -0.285755
vn 0.935324 -0.346067 0.073533
vn 0.626440 -0.777849 0.050236
vn 0.626440 -0.777849 -0.050236
vn 0.935324 -0.346067 -0.073533
vn -0.792477 -0.261930 0.550792
vn -0.549833 -0.743781 0.380098
vn -0.623728 -0.755659 0.199855
vn -0.916209 -0.271304 0.294881
vn -0.050661 -0.322156 0.945330
vn -0.039302 -0.738767 0.672814
vn 0.039302 -0.738767 0.672814
vn 0.050661 -0.322156 0.945330
vn -0.916209 -0.271304 0.294881
vn -0.623728 -0.755659 0.199855
vn -0.658217 -0.751054 0.051656
vn -0.959849 -0.270234 0.075262
vn -0.896363 -0.338936 -0.285754
vn -0.609115 -0.768301 -0.196706
vn -0.626440 -0.777849 -0.050236
vn -0.935324 -0.346067 -0.073533
vn -0.935324 -0.346067 -0.073533
vn -0.626440 -0.777849 -0.050236
vn -0.626440 -0.777849 0.050236
vn -0.935324 -0.346067 0.073533
vn 0.959848 -0.270235 0.075262
vn 0.658217 -0.751054 0.051656
vn 0.623728 -0.755659 0.199855
vn 0.916209 -0.271304 0.294882
vn 0.916209 -0.271304 0.294882
vn 0.623728 -0.755659 0.199855
vn 0.549832 -0.743781 0.380098
vn 0.792477 -0.261930 0.550793
vn -0.777959 -0.329843 -0.534774
vn -0.534875 -0.759786 -0.369642
vn -0.609115 -0.768301 -0.196706
vn -0.896363 -0.338936 -0.285754
vn 0.896363 -0.338936 0.285754
vn 0.609115 -0.768301 0.196706
vn 0.626440 -0.777849 0.050236
vn 0.935324 -0.346067 0.073533
vn 0.792477 -0.261930 0.550793
vn 0.549832 -0.743781 0.380098
vn 0.438613 -0.728971 0.525566
vn 0.618390 -0.251118 0.744670
vn 0.618390 -0.251118 0.744670
vn 0.438613 -0.728971 0.525566
vn 0.303172 -0.715293 0.629637
vn 0.419421 -0.241658 0.875036
vn -0.608242 -0.321411 -0.725766
vn -0.425092 -0.750042 -0.506689
vn -0.534875 -0.759786 -0.369642
vn -0.777959 -0.329843 -0.534774
vn 0.777959 -0.329843 0.534774
vn 0.534875 -0.759785 0.369642
vn 0.609115 -0.768301 0.196706
vn 0.896363 -0.338936 0.285754
vn 0.419421 -0.241658 0.875036
vn 0.303172 -0.715293 0.629637
vn 0.154256 -0.706137 0.691068
vn 0.210609 -0.235788 0.948709
vn 0.210609 -0.235788 0.948709
vn 0.154256 -0.706137 0.691068
vn 0.038956 -0.696325 0.716669
vn 0.052435 -0.231242 0.971482
vn -0.412195 -0.316236 -0.854453
vn -0.294086 -0.741433 -0.603150
vn -0.425092 -0.750042 -0.506689
vn -0.608242 -0.321411 -0.725766
vn 0.608242 -0.321410 0.725767
vn 0.425093 -0.750041 0.506690
vn 0.534875 -0.759785 0.369642
vn 0.777959 -0.329843 0.534774
vn 0.916209 -0.271304 -0.294881
vn 0.623729 -0.755659 -0.199854
vn 0.658217 -0.751054 -0.051656
vn 0.959849 -0.270235 -0.075262
vn 0.792477 -0.261930 -0.550792
vn 0.549833 -0.743781 -0.380097
vn 0.623729 -0.755659 -0.199854
vn 0.916209 -0.271304 -0.294881
vn -0.206144 -0.316784 -0.925825
vn -0.152037 -0.736406 -0.659235
vn -0.294086 -0.741433 -0.603150
vn -0.412195 -0.316236 -0.854453
vn 0.412195 -0.316235 0.854453
vn 0.294086 -0.741433 0.603151
vn 0.425093 -0.750041 0.506690
vn 0.608242 -0.321410 0.725767
vn -0.048099 -0.971744 0.231085
vn -0.152037 -0.736405 0.659236
vn -0.294086 -0.741433 0.603151
vn -0.094555 -0.974055 0.205613
vn 0.154256 -0.706137 -0.691068
vn 0.051665 -0.972946 -0.225180
vn 0.099356 -0.974557 -0.200914
vn 0.303172 -0.715292 -0.629637
vn 0.303172 -0.715292 -0.629637
vn 0.099356 -0.974557 -0.200914
vn 0.139480 -0.976759 -0.162751
vn 0.438613 -0.728971 -0.525566
vn 0.438613 -0.728971 -0.525566
vn 0.139480 -0.976759 -0.162751
vn 0.169275 -0.978959 -0.113951
vn 0.549833 -0.743781 -0.380097
vn 0.549833 -0.743781 -0.380097
vn 0.169275 -0.978959 -0.113951
vn 0.187267 -0.980568 -0.058465
vn 0.623729 -0.755659 -0.199854
vn 0.623729 -0.755659 -0.199854
vn 0.187267 -0.980568 -0.058465
vn 0.204245 -0.978791 -0.015862
vn 0.658217 -0.751054 -0.051656
vn -0.011575 -0.971857 -0.235289
vn -0.039302 -0.738767 -0.672814
vn 0.039302 -0.738767 -0.672814
vn 0.011576 -0.971857 -0.235289
vn 0.303172 -0.715293 0.629637
vn 0.099356 -0.974557 0.200915
vn 0.051664 -0.972946 0.225180
vn 0.154256 -0.706137 0.691068
vn 0.549832 -0.743781 0.380098
vn 0.169278 -0.978959 0.113951
vn 0.139481 -0.976758 0.162751
vn 0.438613 -0.728971 0.525566
vn 0.623728 -0.755659 0.199855
vn 0.187270 -0.980567 0.058466
vn 0.169278 -0.978959 0.113951
vn 0.549832 -0.743781 0.380098
vn 0.658217 -0.751054 0.051656
vn 0.204247 -0.978791 0.015862
vn 0.187270 -0.980567 0.058466
vn 0.623728 -0.755659 0.199855
vn -0.623728 -0.755659 0.199855
vn -0.187267 -0.980568 0.058466
vn -0.204245 -0.978791 0.015862
vn -0.658217 -0.751054 0.051656
vn 0.189878 -0.981694 -0.014959
vn 0.626440 -0.777849 -0.050236
vn 0.626440 -0.777849 0.050236
vn 0.189877 -0.981694 0.014959
vn -0.549833 -0.743781 0.380098
vn -0.169276 -0.978959 0.113951
vn -0.187267 -0.980568 0.058466
vn -0.623728 -0.755659 0.199855
vn -0.303172 -0.715292 0.629638
vn -0.099356 -0.974557 0.200915
vn -0.139481 -0.976759 0.162751
vn -0.438614 -0.728971 0.525566
vn -0.154256 -0.706137 0.691068
vn -0.051665 -0.972946 0.225180
vn -0.099356 -0.974557 0.200915
vn -0.303172 -0.715292 0.629638
vn -0.038957 -0.696325 0.716669
vn -0.013403 -0.970056 0.242511
vn -0.051665 -0.972946 0.225180
vn -0.154256 -0.706137 0.691068
vn -0.154256 -0.706138 -0.691068
vn -0.051664 -0.972946 -0.225180
vn -0.013402 -0.970056 -0.242511
vn -0.038956 -0.696325 -0.716668
vn -0.438613 -0.728972 -0.525566
vn -0.139481 -0.976758 -0.162751
vn -0.099356 -0.974557 -0.200914
vn -0.303172 -0.715293 -0.629637
vn -0.303172 -0.715293 -0.629637
vn -0.099356 -0.974557 -0.200914
vn -0.051664 -0.972946 -0.225180
vn -0.154256 -0.706138 -0.691068
vn -0.549832 -0.743781 -0.380098
vn -0.169278 -0.978959 -0.113951
vn -0.139481 -0.976758 -0.162751
vn -0.438613 -0.728972 -0.525566
vn -0.623728 -0.755659 -0.199855
vn -0.187270 -0.980567 -0.058465
vn -0.169278 -0.978959 -0.113951
vn -0.549832 -0.743781 -0.380098
vn -0.658217 -0.751054 -0.051656
vn -0.204247 -0.978791 -0.015862
vn -0.187270 -0.980567 -0.058465
vn -0.623728 -0.755659 -0.199855
vn 0.658217 -0.751054 -0.051656
vn 0.204245 -0.978791 -0.015862
vn 0.204247 -0.978791 0.015862
vn 0.658217 -0.751054 0.051656
vn -0.038956 -0.696325 -0.716668
vn -0.013402 -0.970056 -0.242511
vn 0.013403 -0.970056 -0.242511
vn 0.038957 -0.696325 -0.716668
vn -0.658217 -0.751054 0.051656
vn -0.204245 -0.978791 0.015862
vn -0.204247 -0.978791 -0.015862
vn -0.658217 -0.751054 -0.051656
vn 0.038956 -0.696325 0.716669
vn 0.013402 -0.970056 0.242511
vn -0.013403 -0.970056 0.242511
vn -0.038957 -0.696325 0.716669
vn -0.052436 -0.231242 0.971482
vn -0.038957 -0.696325 0.716669
vn -0.154256 -0.706137 0.691068
vn -0.210609 -0.235787 0.948709
vn 0.777959 -0.329843 -0.534773
vn 0.534874 -0.759786 -0.369642
vn 0.425093 -0.750042 -0.506689
vn 0.608243 -0.321410 -0.725766
vn -0.210609 -0.235788 -0.948709
vn -0.154256 -0.706138 -0.691068
vn -0.038956 -0.696325 -0.716668
vn -0.052435 -0.231242 -0.971482
vn -0.419421 -0.241658 -0.875036
vn -0.303172 -0.715293 -0.629637
vn -0.154256 -0.706138 -0.691068
vn -0.210609 -0.235788 -0.948709
vn 0.608243 -0.321410 -0.725766
vn 0.425093 -0.750042 -0.506689
vn 0.294086 -0.741434 -0.603150
vn 0.412195 -0.316236 -0.854453
vn -0.618390 -0.251118 -0.744670
vn -0.438613 -0.728972 -0.525566
vn -0.303172 -0.715293 -0.629637
vn -0.419421 -0.241658 -0.875036
vn -0.792477 -0.261930 -0.550793
vn -0.549832 -0.743781 -0.380098
vn -0.438613 -0.728972 -0.525566
vn -0.618390 -0.251118 -0.744670
vn 0.412195 -0.316236 -0.854453
vn 0.294086 -0.741434 -0.603150
vn 0.152037 -0.736406 -0.659236
vn 0.206144 -0.316784 -0.925825
vn -0.206144 -0.316783 0.925826
vn -0.152037 -0.736405 0.659236
vn -0.039302 -0.738767 0.672814
vn -0.050661 -0.322156 0.945330
vn -0.916209 -0.271304 -0.294881
vn -0.623728 -0.755659 -0.199855
vn -0.549832 -0.743781 -0.380098
vn -0.792477 -0.261930 -0.550793
vn -0.412195 -0.316235 0.854454
vn -0.294086 -0.741433 0.603151
vn -0.152037 -0.736405 0.659236
vn -0.206144 -0.316783 0.925826
vn -0.959848 -0.270235 -0.075262
vn -0.658217 -0.751054 -0.051656
vn -0.623728 -0.755659 -0.199855
vn -0.916209 -0.271304 -0.294881
vn 0.206144 -0.316784 -0.925825
vn 0.152037 -0.736406 -0.659236
vn 0.039302 -0.738767 -0.672814
vn 0.050661 -0.322156 -0.945330
vn -0.608242 -0.321409 0.725767
vn -0.425093 -0.750041 0.506690
vn -0.294086 -0.741433 0.603151
vn -0.412195 -0.316235 0.854454
vn 0.959849 -0.270235 -0.075262
vn 0.658217 -0.751054 -0.051656
vn 0.658217 -0.751054 0.051656
vn 0.959848 -0.270235 0.075262
vn -0.777959 -0.329842 0.534774
vn -0.534874 -0.759785 0.369643
vn -0.425093 -0.750041 0.506690
vn -0.608242 -0.321409 0.725767
vn -0.052435 -0.231242 -0.971482
vn -0.038956 -0.696325 -0.716668
vn 0.038957 -0.696325 -0.716668
vn 0.052436 -0.231242 -0.971482
vn 0.050661 -0.322156 0.945330
vn 0.039302 -0.738767 0.672814
vn 0.152037 -0.736406 0.659236
vn 0.206145 -0.316784 0.925825
vn -0.896363 -0.338936 0.285755
vn -0.609115 -0.768301 0.196707
vn -0.534874 -0.759785 0.369643
vn -0.777959 -0.329842 0.534774
vn -0.959849 -0.270234 0.075262
vn -0.658217 -0.751054 0.051656
vn -0.658217 -0.751054 -0.051656
vn -0.959848 -0.270235 -0.075262
vn 0.052436 -0.231242 -0.971482
vn 0.038957 -0.696325 -0.716668
vn 0.154256 -0.706137 -0.691068
vn 0.210609 -0.235787 -0.948709
vn -0.935324 -0.346067 0.073533
vn -0.626440 -0.777849 0.050236
vn -0.609115 -0.768301 0.196707
vn -0.896363 -0.338936 0.285755
vn 0.052435 -0.231242 0.971482
vn 0.038956 -0.696325 0.716669
vn -0.038957 -0.696325 0.716669
vn -0.052436 -0.231242 0.971482
vn 0.210609 -0.235787 -0.948709
vn 0.154256 -0.706137 -0.691068
vn 0.303172 -0.715292 -0.629637
vn 0.419420 -0.241658 -0.875036
vn 0.206145 -0.316784 0.925825
vn 0.152037 -0.736406 0.659236
vn 0.294086 -0.741433 0.603151
vn 0.412195 -0.316235 0.854453
vn -0.050661 -0.322157 -0.945330
vn -0.039302 -0.738767 -0.672814
vn -0.152037 -0.736406 -0.659235
vn -0.206144 -0.316784 -0.925825
vn 0.419420 -0.241658 -0.875036
vn 0.303172 -0.715292 -0.629637
vn 0.438613 -0.728971 -0.525566
vn 0.618390 -0.251118 -0.744670
vn 0.618390 -0.251118 -0.744670
vn 0.438613 -0.728971 -0.525566
vn 0.549833 -0.743781 -0.380097
vn 0.792477 -0.261930 -0.550792
vn -0.051660 0.311704 -0.948774
vn -0.051545 0.350663 -0.935082
vn -0.206111 0.351151 -0.913352
vn -0.205594 0.318122 -0.925489
vn -0.051545 0.350663 -0.935082
vn -0.055059 -0.000000 -0.998483
vn -0.219637 0.000000 -0.975582
vn -0.206111 0.351151 -0.913352
vn -0.055059 -0.000000 -0.998483
vn -0.050661 -0.322157 -0.945330
vn -0.206144 -0.316784 -0.925825
vn -0.219637 0.000000 -0.975582
vn 0.205594 0.318122 0.925489
vn 0.206111 0.351152 0.913352
vn 0.407727 0.358310 0.839865
vn 0.408142 0.325070 0.853082
vn 0.206111 0.351152 0.913352
vn 0.219637 0.000000 0.975582
vn 0.435780 0.000000 0.900053
vn 0.407727 0.358310 0.839865
vn 0.219637 0.000000 0.975582
vn 0.206145 -0.316784 0.925825
vn 0.412195 -0.316235 0.854453
vn 0.435780 0.000000 0.900053
vn -0.931403 0.356431 0.073794
vn -0.914407 0.398295 0.072260
vn -0.876953 0.390856 0.279618
vn -0.887910 0.359485 0.287030
vn -0.914407 0.398295 0.072260
vn -0.996873 -0.000000 0.079019
vn -0.952519 0.000000 0.304478
vn -0.876953 0.390856 0.279618
vn -0.996873 -0.000000 0.079019
vn -0.935324 -0.346067 0.073533
vn -0.896363 -0.338936 0.285755
vn -0.952519 0.000000 0.304478
vn -0.887910 0.359485 0.287030
vn -0.876953 0.390856 0.279618
vn -0.762387 0.381164 0.522954
vn -0.769135 0.348745 0.535545
vn -0.876953 0.390856 0.279618
vn -0.952519 0.000000 0.304478
vn -0.824039 0.000001 0.566533
vn -0.762387 0.381164 0.522954
vn -0.952519 0.000000 0.304478
vn -0.896363 -0.338936 0.285755
vn -0.777959 -0.329842 0.534774
vn -0.824039 0.000001 0.566533
vn 0.051660 0.311705 0.948774
vn 0.051545 0.350663 0.935082
vn 0.206111 0.351152 0.913352
vn 0.205594 0.318122 0.925489
vn 0.051545 0.350663 0.935082
vn 0.055059 0.000000 0.998483
vn 0.219637 0.000000 0.975582
vn 0.206111 0.351152 0.913352
vn 0.055059 0.000000 0.998483
vn 0.050661 -0.322156 0.945330
vn 0.206145 -0.316784 0.925825
vn 0.219637 0.000000 0.975582
vn -0.769135 0.348745 0.535545
vn -0.762387 0.381164 0.522954
vn -0.598233 0.369328 0.711136
vn -0.601030 0.336158 0.725094
vn -0.762387 0.381164 0.522954
vn -0.824039 0.000001 0.566533
vn -0.642807 0.000000 0.766028
vn -0.598233 0.369328 0.711136
vn -0.824039 0.000001 0.566533
vn -0.777959 -0.329842 0.534774
vn -0.608242 -0.321409 0.725767
vn -0.642807 0.000000 0.766028
vn -0.601030 0.336158 0.725094
vn -0.598233 0.369328 0.711136
vn -0.407725 0.358310 0.839866
vn -0.408141 0.325070 0.853083
vn -0.598233 0.369328 0.711136
vn -0.642807 0.000000 0.766028
vn -0.435779 0.000000 0.900054
vn -0.407725 0.358310 0.839866
vn -0.642807 0.000000 0.766028
vn -0.608242 -0.321409 0.725767
vn -0.412195 -0.316235 0.854454
vn -0.435779 0.000000 0.900054
vn 0.205594 0.318122 -0.925489
vn 0.206110 0.351151 -0.913352
vn 0.051545 0.350663 -0.935082
vn 0.051660 0.311705 -0.948774
vn 0.206110 0.351151 -0.913352
vn 0.219637 -0.000000 -0.975582
vn 0.055059 0.000000 -0.998483
vn 0.051545 0.350663 -0.935082
vn 0.219637 -0.000000 -0.975582
vn 0.206144 -0.316784 -0.925825
vn 0.050661 -0.322156 -0.945330
vn 0.055059 0.000000 -0.998483
vn -0.408141 0.325070 0.853083
vn -0.407725 0.358310 0.839866
vn -0.206110 0.351152 0.913352
vn -0.205594 0.318123 0.925489
vn -0.407725 0.358310 0.839866
vn -0.435779 0.000000 0.900054
vn -0.219637 0.000000 0.975582
vn -0.206110 0.351152 0.913352
vn -0.435779 0.000000 0.900054
vn -0.412195 -0.316235 0.854454
vn -0.206144 -0.316783 0.925826
vn -0.219637 0.000000 0.975582
vn -0.205594 0.318123 0.925489
vn -0.206110 0.351152 0.913352
vn -0.051545 0.350663 0.935082
vn -0.051660 0.311705 0.948774
vn -0.206110 0.351152 0.913352
vn -0.219637 0.000000 0.975582
vn -0.055059 0.000000 0.998483
vn -0.051545 0.350663 0.935082
vn -0.219637 0.000000 0.975582
vn -0.206144 -0.316783 0.925826
vn -0.050661 -0.322156 0.945330
vn -0.055059 0.000000 0.998483
vn 0.408141 0.325070 -0.853083
vn 0.407725 0.358309 -0.839866
vn 0.206110 0.351151 -0.913352
vn 0.205594 0.318122 -0.925489
vn 0.407725 0.358309 -0.839866
vn 0.435779 -0.000000 -0.900054
vn 0.219637 -0.000000 -0.975582
vn 0.206110 0.351151 -0.913352
vn 0.435779 -0.000000 -0.900054
vn 0.412195 -0.316236 -0.854453
vn 0.206144 -0.316784 -0.925825
vn 0.219637 -0.000000 -0.975582
vn 0.601030 0.336158 -0.725094
vn 0.598232 0.369328 -0.711136
vn 0.407725 0.358309 -0.839866
vn 0.408141 0.325070 -0.853083
vn 0.598232 0.369328 -0.711136
vn 0.642807 -0.000000 -0.766028
vn 0.435779 -0.000000 -0.900054
vn 0.407725 0.358309 -0.839866
vn 0.642807 -0.000000 -0.766028
vn 0.608243 -0.321410 -0.725766
vn 0.412195 -0.316236 -0.854453
vn 0.435779 -0.000000 -0.900054
vn 0.769135 0.348745 -0.535545
vn 0.762387 0.381163 -0.522955
vn 0.598232 0.369328 -0.711136
vn 0.601030 0.336158 -0.725094
vn 0.762387 0.381163 -0.522955
vn 0.824039 0.000000 -0.566532
vn 0.642807 -0.000000 -0.766028
vn 0.598232 0.369328 -0.711136
vn 0.824039 0.000000 -0.566532
vn 0.777959 -0.329843 -0.534773
vn 0.608243 -0.321410 -0.725766
vn 0.642807 -0.000000 -0.766028
vn 0.408142 0.325070 0.853082
vn 0.407727 0.358310 0.839865
vn 0.598233 0.369329 0.711135
vn 0.601030 0.336157 0.725094
vn 0.407727 0.358310 0.839865
vn 0.435780 0.000000 0.900053
vn 0.642807 0.000000 0.766028
vn 0.598233 0.369329 0.711135
vn 0.435780 0.000000 0.900053
vn 0.412195 -0.316235 0.854453
vn 0.608242 -0.321410 0.725767
vn 0.642807 0.000000 0.766028
vn -0.205594 0.318122 -0.925489
vn -0.206111 0.351151 -0.913352
vn -0.407726 0.358310 -0.839865
vn -0.408142 0.325069 -0.853083
vn -0.206111 0.351151 -0.913352
vn -0.219637 0.000000 -0.975582
vn -0.435780 -0.000000 -0.900053
vn -0.407726 0.358310 -0.839865
vn -0.219637 0.000000 -0.975582
vn -0.206144 -0.316784 -0.925825
vn -0.412195 -0.316236 -0.854453
vn -0.435780 -0.000000 -0.900053
vn 0.601030 0.336157 0.725094
vn 0.598233 0.369329 0.711135
vn 0.762387 0.381164 0.522954
vn 0.769135 0.348745 0.535545
vn 0.598233 0.369329 0.711135
vn 0.642807 0.000000 0.766028
vn 0.824039 0.000000 0.566533
vn 0.762387 0.381164 0.522954
vn 0.642807 0.000000 0.766028
vn 0.608242 -0.321410 0.725767
vn 0.777959 -0.329843 0.534774
vn 0.824039 0.000000 0.566533
vn -0.408142 0.325069 -0.853083
vn -0.407726 0.358310 -0.839865
vn -0.598233 0.369329 -0.711135
vn -0.601030 0.336157 -0.725094
vn -0.407726 0.358310 -0.839865
vn -0.435780 -0.000000 -0.900053
vn -0.642807 -0.000000 -0.766028
vn -0.598233 0.369329 -0.711135
vn -0.435780 -0.000000 -0.900053
vn -0.412195 -0.316236 -0.854453
vn -0.608242 -0.321411 -0.725766
vn -0.642807 -0.000000 -0.766028
vn 0.769135 0.348745 0.535545
vn 0.762387 0.381164 0.522954
vn 0.876952 0.390856 0.279618
vn 0.887910 0.359485 0.287030
vn 0.762387 0.381164 0.522954
vn 0.824039 0.000000 0.566533
vn 0.952519 0.000000 0.304478
vn 0.876952 0.390856 0.279618
vn 0.824039 0.000000 0.566533
vn 0.777959 -0.329843 0.534774
vn 0.896363 -0.338936 0.285754
vn 0.952519 0.000000 0.304478
vn -0.601030 0.336157 -0.725094
vn -0.598233 0.369329 -0.711135
vn -0.762387 0.381164 -0.522954
vn -0.769135 0.348745 -0.535545
vn -0.598233 0.369329 -0.711135
vn -0.642807 -0.000000 -0.766028
vn -0.824039 -0.000000 -0.566533
vn -0.762387 0.381164 -0.522954
vn -0.642807 -0.000000 -0.766028
vn -0.608242 -0.321411 -0.725766
vn -0.777959 -0.329843 -0.534774
vn -0.824039 -0.000000 -0.566533
vn 0.887910 0.359485 0.287030
vn 0.876952 0.390856 0.279618
vn 0.914406 0.398296 0.072260
vn 0.931403 0.356432 0.073794
vn 0.876952 0.390856 0.279618
vn 0.952519 0.000000 0.304478
vn 0.996873 -0.000000 0.079019
vn 0.914406 0.398296 0.072260
vn 0.952519 0.000000 0.304478
vn 0.896363 -0.338936 0.285754
vn 0.935324 -0.346067 0.073533
vn 0.996873 -0.000000 0.079019
vn -0.769135 0.348745 -0.535545
vn -0.762387 0.381164 -0.522954
vn -0.876952 0.390856 -0.279618
vn -0.887910 0.359485 -0.287030
vn -0.762387 0.381164 -0.522954
vn -0.824039 -0.000000 -0.566533
vn -0.952519 0.000000 -0.304478
vn -0.876952 0.390856 -0.279618
vn -0.824039 -0.000000 -0.566533
vn -0.777959 -0.329843 -0.534774
vn -0.896363 -0.338936 -0.285754
vn -0.952519 0.000000 -0.304478
vn -0.931403 0.356431 -0.073795
vn -0.914406 0.398295 -0.072260
vn -0.914407 0.398295 0.072260
vn -0.931403 0.356431 0.073794
vn -0.914406 0.398295 -0.072260
vn -0.996873 -0.000000 -0.079019
vn -0.996873 -0.000000 0.079019
vn -0.914407 0.398295 0.072260
vn -0.996873 -0.000000 -0.079019
vn -0.935324 -0.346067 -0.073533
vn -0.935324 -0.346067 0.073533
vn -0.996873 -0.000000 0.079019
vn -0.887910 0.359485 -0.287030
vn -0.876952 0.390856 -0.279618
vn -0.914406 0.398295 -0.072260
vn -0.931403 0.356431 -0.073795
vn -0.876952 0.390856 -0.279618
vn -0.952519 0.000000 -0.304478
vn -0.996873 -0.000000 -0.079019
vn -0.914406 0.398295 -0.072260
vn -0.952519 0.000000 -0.304478
vn -0.896363 -0.338936 -0.285754
vn -0.935324 -0.346067 -0.073533
vn -0.996873 -0.000000 -0.079019
vn -0.051660 0.311705 0.948774
vn -0.051545 0.350663 0.935082
vn 0.051545 0.350663 0.935082
vn 0.051660 0.311705 0.948774
vn -0.051545 0.350663 0.935082
vn -0.055059 0.000000 0.998483
vn 0.055059 0.000000 0.998483
vn 0.051545 0.350663 0.935082
vn -0.055059 0.000000 0.998483
vn -0.050661 -0.322156 0.945330
vn 0.050661 -0.322156 0.945330
vn 0.055059 0.000000 0.998483
vn 0.931403 0.356432 0.073794
vn 0.914406 0.398296 0.072260
vn 0.914407 0.398295 -0.072260
vn 0.931403 0.356431 -0.073794
vn 0.914406 0.398296 0.072260
vn 0.996873 -0.000000 0.079019
vn 0.996873 -0.000000 -0.079019
vn 0.914407 0.398295 -0.072260
vn 0.996873 -0.000000 0.079019
vn 0.935324 -0.346067 0.073533
vn 0.935324 -0.346067 -0.073533
vn 0.996873 -0.000000 -0.079019
vn 0.931403 0.356431 -0.073794
vn 0.914407 0.398295 -0.072260
vn 0.876953 0.390855 -0.279618
vn 0.887910 0.359485 -0.287030
vn 0.914407 0.398295 -0.072260
vn 0.996873 -0.000000 -0.079019
vn 0.952519 -0.000000 -0.304478
vn 0.876953 0.390855 -0.279618
vn 0.996873 -0.000000 -0.079019
vn 0.935324 -0.346067 -0.073533
vn 0.896363 -0.338937 -0.285755
vn 0.952519 -0.000000 -0.304478
vn 0.051660 0.311705 -0.948774
vn 0.051545 0.350663 -0.935082
vn -0.051545 0.350663 -0.935082
vn -0.051660 0.311704 -0.948774
vn 0.051545 0.350663 -0.935082
vn 0.055059 0.000000 -0.998483
vn -0.055059 -0.000000 -0.998483
vn -0.051545 0.350663 -0.935082
vn 0.055059 0.000000 -0.998483
vn 0.050661 -0.322156 -0.945330
vn -0.050661 -0.322157 -0.945330
vn -0.055059 -0.000000 -0.998483
vn 0.887910 0.359485 -0.287030
vn 0.876953 0.390855 -0.279618
vn 0.762387 0.381163 -0.522955
vn 0.769135 0.348745 -0.535545
vn 0.876953 0.390855 -0.279618
vn 0.952519 -0.000000 -0.304478
vn 0.824039 0.000000 -0.566532
vn 0.762387 0.381163 -0.522955
vn 0.952519 -0.000000 -0.304478
vn 0.896363 -0.338937 -0.285755
vn 0.777959 -0.329843 -0.534773
vn 0.824039 0.000000 -0.566532
vn 0.438613 -0.728971 0.525566
vn 0.139481 -0.976758 0.162751
vn 0.099356 -0.974557 0.200915
vn 0.303172 -0.715293 0.629637
vn -0.438614 -0.728971 0.525566
vn -0.139481 -0.976759 0.162751
vn -0.169276 -0.978959 0.113951
vn -0.549833 -0.743781 0.380098
vn -0.011576 -0.971856 0.235289
vn -0.039302 -0.738767 0.672814
vn -0.152037 -0.736405 0.659236
vn -0.048099 -0.971744 0.231085
vn 0.154256 -0.706137 0.691068
vn 0.051664 -0.972946 0.225180
vn 0.013402 -0.970056 0.242511
vn 0.038956 -0.696325 0.716669
vn 0.189877 -0.981694 0.014959
vn 0.626440 -0.777849 0.050236
vn 0.609115 -0.768301 0.196706
vn 0.189572 -0.979875 0.062503
vn 0.189572 -0.979875 0.062503
vn 0.609115 -0.768301 0.196706
vn 0.534875 -0.759785 0.369642
vn 0.167623 -0.978537 0.119869
vn 0.167623 -0.978537 0.119869
vn 0.534875 -0.759785 0.369642
vn 0.425093 -0.750041 0.506690
vn 0.135104 -0.976454 0.168181
vn 0.135104 -0.976454 0.168181
vn 0.425093 -0.750041 0.506690
vn 0.294086 -0.741433 0.603151
vn 0.094555 -0.974055 0.205613
vn 0.048099 -0.971744 0.231085
vn 0.152037 -0.736406 0.659236
vn 0.039302 -0.738767 0.672814
vn 0.011575 -0.971856 0.235289
vn 0.094555 -0.974055 0.205613
vn 0.294086 -0.741433 0.603151
vn 0.152037 -0.736406 0.659236
vn 0.048099 -0.971744 0.231085
vn 0.011576 -0.971857 -0.235289
vn 0.039302 -0.738767 -0.672814
vn 0.152037 -0.736406 -0.659236
vn 0.048099 -0.971744 -0.231085
vn 0.048099 -0.971744 -0.231085
vn 0.152037 -0.736406 -0.659236
vn 0.294086 -0.741434 -0.603150
vn 0.094555 -0.974055 -0.205613
vn 0.094555 -0.974055 -0.205613
vn 0.294086 -0.741434 -0.603150
vn 0.425093 -0.750042 -0.506689
vn 0.135105 -0.976454 -0.168181
vn 0.135105 -0.976454 -0.168181
vn 0.425093 -0.750042 -0.506689
vn 0.534874 -0.759786 -0.369642
vn 0.167626 -0.978536 -0.119869
vn 0.189575 -0.979875 -0.062503
vn 0.609114 -0.768301 -0.196706
vn 0.626440 -0.777849 -0.050236
vn 0.189878 -0.981694 -0.014959
vn 0.167626 -0.978536 -0.119869
vn 0.534874 -0.759786 -0.369642
vn 0.609114 -0.768301 -0.196706
vn 0.189575 -0.979875 -0.062503
vn -0.189877 -0.981694 -0.014959
vn -0.626440 -0.777849 -0.050236
vn -0.609115 -0.768301 -0.196706
vn -0.189572 -0.979875 -0.062503
vn -0.189572 -0.979875 -0.062503
vn -0.609115 -0.768301 -0.196706
vn -0.534875 -0.759786 -0.369642
vn -0.167623 -0.978537 -0.119869
vn -0.167623 -0.978537 -0.119869
vn -0.534875 -0.759786 -0.369642
vn -0.425092 -0.750042 -0.506689
vn -0.135104 -0.976454 -0.168181
vn -0.135104 -0.976454 -0.168181
vn -0.425092 -0.750042 -0.506689
vn -0.294086 -0.741433 -0.603150
vn -0.094555 -0.974055 -0.205613
vn -0.048099 -0.971744 -0.231084
vn -0.152037 -0.736406 -0.659235
vn -0.039302 -0.738767 -0.672814
vn -0.011575 -0.971857 -0.235289
vn -0.094555 -0.974055 -0.205613
vn -0.294086 -0.741433 -0.603150
vn -0.152037 -0.736406 -0.659235
vn -0.048099 -0.971744 -0.231084
vn -0.189878 -0.981694 0.014959
vn -0.626440 -0.777849 0.050236
vn -0.626440 -0.777849 -0.050236
vn -0.189877 -0.981694 -0.014959
vn -0.189575 -0.979875 0.062503
vn -0.609115 -0.768301 0.196707
vn -0.626440 -0.777849 0.050236
vn -0.189878 -0.981694 0.014959
vn -0.167625 -0.978536 0.119869
vn -0.534874 -0.759785 0.369643
vn -0.609115 -0.768301 0.196707
vn -0.189575 -0.979875 0.062503
vn -0.135104 -0.976454 0.168181
vn -0.425093 -0.750041 0.506690
vn -0.534874 -0.759785 0.369643
vn -0.167625 -0.978536 0.119869
vn -0.094555 -0.974055 0.205613
vn -0.294086 -0.741433 0.603151
vn -0.425093 -0.750041 0.506690
vn -0.135104 -0.976454 0.168181
vn 0.011575 -0.971856 0.235289
vn 0.039302 -0.738767 0.672814
vn -0.039302 -0.738767 0.672814
vn -0.011576 -0.971856 0.235289
vn 0.011576 -0.971857 -0.235289
vn -0.013403 -0.970056 0.242511
vn 0.013402 -0.970056 0.242511
vn -0.011575 -0.971857 -0.235289
vn 0.189877 -0.981694 0.014959
vn -0.204247 -0.978791 -0.015862
vn -0.204245 -0.978791 0.015862
vn 0.189878 -0.981694 -0.014959
vn -0.011576 -0.971856 0.235289
vn 0.013403 -0.970056 -0.242511
vn -0.013402 -0.970056 -0.242511
vn 0.011575 -0.971856 0.235289
vn -0.189877 -0.981694 -0.014959
vn 0.204247 -0.978791 0.015862
vn 0.204245 -0.978791 -0.015862
vn -0.189878 -0.981694 0.014959
vn 0.189572 -0.979875 0.062503
vn -0.187270 -0.980567 -0.058465
vn -0.204247 -0.978791 -0.015862
vn 0.189877 -0.981694 0.014959
vn 0.167623 -0.978537 0.119869
vn -0.169278 -0.978959 -0.113951
vn -0.187270 -0.980567 -0.058465
vn 0.189572 -0.979875 0.062503
vn 0.135104 -0.976454 0.168181
vn -0.139481 -0.976758 -0.162751
vn -0.169278 -0.978959 -0.113951
vn 0.167623 -0.978537 0.119869
vn 0.094555 -0.974055 0.205613
vn -0.099356 -0.974557 -0.200914
vn -0.139481 -0.976758 -0.162751
vn 0.135104 -0.976454 0.168181
vn 0.048099 -0.971744 0.231085
vn -0.051664 -0.972946 -0.225180
vn -0.099356 -0.974557 -0.200914
vn 0.094555 -0.974055 0.205613
vn 0.011575 -0.971856 0.235289
vn -0.013402 -0.970056 -0.242511
vn -0.051664 -0.972946 -0.225180
vn 0.048099 -0.971744 0.231085
vn 0.048099 -0.971744 -0.231085
vn -0.051665 -0.972946 0.225180
vn -0.013403 -0.970056 0.242511
vn 0.011576 -0.971857 -0.235289
vn 0.094555 -0.974055 -0.205613
vn -0.099356 -0.974557 0.200915
vn -0.051665 -0.972946 0.225180
vn 0.048099 -0.971744 -0.231085
vn 0.135105 -0.976454 -0.168181
vn -0.139481 -0.976759 0.162751
vn -0.099356 -0.974557 0.200915
vn 0.094555 -0.974055 -0.205613
vn 0.167626 -0.978536 -0.119869
vn -0.169276 -0.978959 0.113951
vn -0.139481 -0.976759 0.162751
vn 0.135105 -0.976454 -0.168181
vn 0.189575 -0.979875 -0.062503
vn -0.187267 -0.980568 0.058466
vn -0.169276 -0.978959 0.113951
vn 0.167626 -0.978536 -0.119869
vn 0.189878 -0.981694 -0.014959
vn -0.204245 -0.978791 0.015862
vn -0.187267 -0.980568 0.058466
vn 0.189575 -0.979875 -0.062503
vn -0.189572 -0.979875 -0.062503
vn 0.187270 -0.980567 0.058466
vn 0.204247 -0.978791 0.015862
vn -0.189877 -0.981694 -0.014959
vn -0.167623 -0.978537 -0.119869
vn 0.169278 -0.978959 0.113951
vn 0.187270 -0.980567 0.058466
vn -0.189572 -0.979875 -0.062503
vn -0.135104 -0.976454 -0.168181
vn 0.139481 -0.976758 0.162751
vn 0.169278 -0.978959 0.113951
vn -0.167623 -0.978537 -0.119869
vn -0.094555 -0.974055 -0.205613
vn 0.099356 -0.974557 0.200915
vn 0.139481 -0.976758 0.162751
vn -0.135104 -0.976454 -0.168181
vn -0.048099 -0.971744 -0.231084
vn 0.051664 -0.972946 0.225180
vn 0.099356 -0.974557 0.200915
vn -0.094555 -0.974055 -0.205613
vn -0.011575 -0.971857 -0.235289
vn 0.013402 -0.970056 0.242511
vn 0.051664 -0.972946 0.225180
vn -0.048099 -0.971744 -0.231084
vn -0.189878 -0.981694 0.014959
vn 0.204245 -0.978791 -0.015862
vn 0.187267 -0.980568 -0.058465
vn -0.189575 -0.979875 0.062503
vn -0.189575 -0.979875 0.062503
vn 0.187267 -0.980568 -0.058465
vn 0.169275 -0.978959 -0.113951
vn -0.167625 -0.978536 0.119869
vn -0.167625 -0.978536 0.119869
vn 0.169275 -0.978959 -0.113951
vn 0.139480 -0.976759 -0.162751
vn -0.135104 -0.976454 0.168181
vn -0.135104 -0.976454 0.168181
vn 0.139480 -0.976759 -0.162751
vn 0.099356 -0.974557 -0.200914
vn -0.094555 -0.974055 0.205613
vn -0.094555 -0.974055 0.205613
vn 0.099356 -0.974557 -0.200914
vn 0.051665 -0.972946 -0.225180
vn -0.048099 -0.971744 0.231085
vn -0.048099 -0.971744 0.231085
vn 0.051665 -0.972946 -0.225180
vn 0.013403 -0.970056 -0.242511
vn -0.011576 -0.971856 0.235289
vn 0.038957 -0.696325 -0.716668
vn 0.013403 -0.970056 -0.242511
vn 0.051665 -0.972946 -0.225180
vn 0.154256 -0.706137 -0.691068
vn 0.566628 -0.482169 -0.668165
vn 0.618390 0.251118 -0.744670
vn 0.792477 0.261930 -0.550793
vn 0.729406 -0.471049 -0.496064
vn 0.618390 0.251118 -0.744670
vn 0.618390 -0.251118 -0.744670
vn 0.792477 -0.261930 -0.550792
vn 0.792477 0.261930 -0.550793
vn 0.382525 -0.492114 -0.781984
vn 0.419420 0.241658 -0.875036
vn 0.618390 0.251118 -0.744670
vn 0.566628 -0.482169 -0.668165
vn 0.419420 0.241658 -0.875036
vn 0.419420 -0.241658 -0.875036
vn 0.618390 -0.251118 -0.744670
vn 0.618390 0.251118 -0.744670
vn 0.191633 -0.498471 -0.845460
vn 0.210609 0.235787 -0.948709
vn 0.419420 0.241658 -0.875036
vn 0.382525 -0.492114 -0.781984
vn 0.210609 0.235787 -0.948709
vn 0.210609 -0.235787 -0.948709
vn 0.419420 -0.241658 -0.875036
vn 0.419420 0.241658 -0.875036
vn 0.046860 -0.513207 0.856985
vn 0.052436 0.231242 0.971482
vn -0.052435 0.231242 0.971482
vn -0.046860 -0.513207 0.856985
vn 0.052436 0.231242 0.971482
vn 0.052435 -0.231242 0.971482
vn -0.052436 -0.231242 0.971482
vn -0.052435 0.231242 0.971482
vn 0.046860 -0.513208 -0.856984
vn 0.052435 0.231242 -0.971482
vn 0.210609 0.235787 -0.948709
vn 0.191633 -0.498471 -0.845460
vn 0.052435 0.231242 -0.971482
vn 0.052436 -0.231242 -0.971482
vn 0.210609 -0.235787 -0.948709
vn 0.210609 0.235787 -0.948709
vn -0.877295 -0.475080 0.068207
vn -0.959848 0.270235 0.075262
vn -0.959848 0.270235 -0.075262
vn -0.877295 -0.475081 -0.068207
vn -0.959848 0.270235 0.075262
vn -0.959849 -0.270234 0.075262
vn -0.959848 -0.270235 -0.075262
vn -0.959848 0.270235 -0.075262
vn -0.046860 -0.513207 -0.856984
vn -0.052436 0.231242 -0.971482
vn 0.052435 0.231242 -0.971482
vn 0.046860 -0.513208 -0.856984
vn -0.052436 0.231242 -0.971482
vn -0.052435 -0.231242 -0.971482
vn 0.052436 -0.231242 -0.971482
vn 0.052435 0.231242 -0.971482
vn 0.877295 -0.475080 -0.068207
vn 0.959848 0.270235 -0.075262
vn 0.959848 0.270235 0.075262
vn 0.877295 -0.475081 0.068207
vn 0.959848 0.270235 -0.075262
vn 0.959849 -0.270235 -0.075262
vn 0.959848 -0.270235 0.075262
vn 0.959848 0.270235 0.075262
vn -0.877295 -0.475081 -0.068207
vn -0.959848 0.270235 -0.075262
vn -0.916209 0.271304 -0.294881
vn -0.846052 -0.461705 -0.266505
vn -0.959848 0.270235 -0.075262
vn -0.959848 -0.270235 -0.075262
vn -0.916209 -0.271304 -0.294881
vn -0.916209 0.271304 -0.294881
vn -0.846052 -0.461705 -0.266505
vn -0.916209 0.271304 -0.294881
vn -0.792477 0.261930 -0.550793
vn -0.729405 -0.471050 -0.496065
vn -0.916209 0.271304 -0.294881
vn -0.916209 -0.271304 -0.294881
vn -0.792477 -0.261930 -0.550793
vn -0.792477 0.261930 -0.550793
vn -0.729405 -0.471050 -0.496065
vn -0.792477 0.261930 -0.550793
vn -0.618390 0.251118 -0.744670
vn -0.566629 -0.482169 -0.668165
vn -0.792477 0.261930 -0.550793
vn -0.792477 -0.261930 -0.550793
vn -0.618390 -0.251118 -0.744670
vn -0.618390 0.251118 -0.744670
vn -0.566629 -0.482169 -0.668165
vn -0.618390 0.251118 -0.744670
vn -0.419421 0.241658 -0.875036
vn -0.382527 -0.492113 -0.781983
vn -0.618390 0.251118 -0.744670
vn -0.618390 -0.251118 -0.744670
vn -0.419421 -0.241658 -0.875036
vn -0.419421 0.241658 -0.875036
vn -0.382527 -0.492113 -0.781983
vn -0.419421 0.241658 -0.875036
vn -0.210609 0.235787 -0.948709
vn -0.191634 -0.498471 -0.845460
vn -0.419421 0.241658 -0.875036
vn -0.419421 -0.241658 -0.875036
vn -0.210609 -0.235788 -0.948709
vn -0.210609 0.235787 -0.948709
vn -0.191634 -0.498471 -0.845460
vn -0.210609 0.235787 -0.948709
vn -0.052436 0.231242 -0.971482
vn -0.046860 -0.513207 -0.856984
vn -0.210609 0.235787 -0.948709
vn -0.210609 -0.235788 -0.948709
vn -0.052435 -0.231242 -0.971482
vn -0.052436 0.231242 -0.971482
vn -0.046860 -0.513207 0.856985
vn -0.052435 0.231242 0.971482
vn -0.210609 0.235787 0.948709
vn -0.191632 -0.498471 0.845461
vn -0.052435 0.231242 0.971482
vn -0.052436 -0.231242 0.971482
vn -0.210609 -0.235787 0.948709
vn -0.210609 0.235787 0.948709
vn 0.729406 -0.471049 -0.496064
vn 0.792477 0.261930 -0.550793
vn 0.916209 0.271304 -0.294881
vn 0.846052 -0.461704 -0.266505
vn 0.792477 0.261930 -0.550793
vn 0.792477 -0.261930 -0.550792
vn 0.916209 -0.271304 -0.294881
vn 0.916209 0.271304 -0.294881
vn 0.846052 -0.461704 -0.266505
vn 0.916209 0.271304 -0.294881
vn 0.959848 0.270235 -0.075262
vn 0.877295 -0.475080 -0.068207
vn 0.916209 0.271304 -0.294881
vn 0.916209 -0.271304 -0.294881
vn 0.959849 -0.270235 -0.075262
vn 0.959848 0.270235 -0.075262
vn 0.191633 -0.498471 0.845461
vn 0.210609 0.235788 0.948709
vn 0.052436 0.231242 0.971482
vn 0.046860 -0.513207 0.856985
vn 0.210609 0.235788 0.948709
vn 0.210609 -0.235788 0.948709
vn 0.052435 -0.231242 0.971482
vn 0.052436 0.231242 0.971482
vn 0.382527 -0.492113 0.781983
vn 0.419421 0.241659 0.875036
vn 0.210609 0.235788 0.948709
vn 0.191633 -0.498471 0.845461
vn 0.419421 0.241659 0.875036
vn 0.419421 -0.241658 0.875036
vn 0.210609 -0.235788 0.948709
vn 0.210609 0.235788 0.948709
vn 0.566629 -0.482169 0.668165
vn 0.618390 0.251118 0.744670
vn 0.419421 0.241659 0.875036
vn 0.382527 -0.492113 0.781983
vn 0.618390 0.251118 0.744670
vn 0.618390 -0.251118 0.744670
vn 0.419421 -0.241658 0.875036
vn 0.419421 0.241659 0.875036
vn 0.729406 -0.471049 0.496065
vn 0.792477 0.261930 0.550793
vn 0.618390 0.251118 0.744670
vn 0.566629 -0.482169 0.668165
vn 0.792477 0.261930 0.550793
vn 0.792477 -0.261930 0.550793
vn 0.618390 -0.251118 0.744670
vn 0.618390 0.251118 0.744670
vn 0.846052 -0.461705 0.266505
vn 0.916209 0.271304 0.294881
vn 0.792477 0.261930 0.550793
vn 0.729406 -0.471049 0.496065
vn 0.916209 0.271304 0.294881
vn 0.916209 -0.271304 0.294882
vn 0.792477 -0.261930 0.550793
vn 0.792477 0.261930 0.550793
vn 0.877295 -0.475081 0.068207
vn 0.959848 0.270235 0.075262
vn 0.916209 0.271304 0.294881
vn 0.846052 -0.461705 0.266505
vn 0.959848 0.270235 0.075262
vn 0.959848 -0.270235 0.075262
vn 0.916209 -0.271304 0.294882
vn 0.916209 0.271304 0.294881
vn -0.846052 -0.461704 0.266505
vn -0.916209 0.271304 0.294881
vn -0.959848 0.270235 0.075262
vn -0.877295 -0.475080 0.068207
vn -0.916209 0.271304 0.294881
vn -0.916209 -0.271304 0.294881
vn -0.959849 -0.270234 0.075262
vn -0.959848 0.270235 0.075262
vn -0.729406 -0.471049 0.496064
vn -0.792477 0.261930 0.550792
vn -0.916209 0.271304 0.294881
vn -0.846052 -0.461704 0.266505
vn -0.792477 0.261930 0.550792
vn -0.792477 -0.261930 0.550792
vn -0.916209 -0.271304 0.294881
vn -0.916209 0.271304 0.294881
vn -0.566628 -0.482169 0.668166
vn -0.618390 0.251118 0.744670
vn -0.792477 0.261930 0.550792
vn -0.729406 -0.471049 0.496064
vn -0.618390 0.251118 0.744670
vn -0.618390 -0.251117 0.744670
vn -0.792477 -0.261930 0.550792
vn -0.792477 0.261930 0.550792
vn -0.382525 -0.492114 0.781984
vn -0.419420 0.241658 0.875036
vn -0.618390 0.251118 0.744670
vn -0.566628 -0.482169 0.668166
vn -0.419420 0.241658 0.875036
vn -0.419420 -0.241658 0.875036
vn -0.618390 -0.251117 0.744670
vn -0.618390 0.251118 0.744670
vn -0.191632 -0.498471 0.845461
vn -0.210609 0.235787 0.948709
vn -0.419420 0.241658 0.875036
vn -0.382525 -0.492114 0.781984
vn -0.210609 0.235787 0.948709
vn -0.210609 -0.235787 0.948709
vn -0.419420 -0.241658 0.875036
vn -0.419420 0.241658 0.875036
vn 0.887910 0.359485 0.287030
vn 0.931403 0.356432 0.073794
vn 0.931403 -0.356431 0.073794
vn 0.887910 -0.359485 0.287030
vn 0.000000 1.000000 -0.000000
vn -0.877295 0.475080 0.068207
vn -0.846052 0.461704 0.266506
vn 0.000000 -1.000000 0.000000
vn 0.000000 -1.000000 0.000000
vn 0.046860 -0.513207 0.856985
vn -0.046860 -0.513207 0.856985
vn 0.000000 -1.000000 0.000000
vn 0.000000 -1.000000 0.000000
vn 0.000000 -1.000000 0.000000
vn 0.000000 -1.000000 0.000000
vn 0.000000 -1.000000 0.000000
vn 0.877295 -0.475080 -0.068207
vn 0.877295 -0.475081 0.068207
vn 0.000000 -1.000000 0.000000
vn -0.877295 -0.475081 -0.068207
vn 0.000000 -1.000000 0.000000
vn 0.000000 -1.000000 0.000000
vn -0.877295 -0.475080 0.068207
vn 0.000000 -1.000000 0.000000
vn -0.046860 -0.513207 0.856985
vn -0.191632 -0.498471 0.845461
vn -0.046860 -0.513207 -0.856984
vn 0.046860 -0.513208 -0.856984
vn 0.000000 -1.000000 0.000000
vn 0.000000 -1.000000 0.000000
vn -0.191634 -0.498471 -0.845460
vn -0.046860 -0.513207 -0.856984
vn 0.000000 -1.000000 0.000000
vn 0.000000 -1.000000 0.000000
vn 0.846052 -0.461704 -0.266505
vn 0.877295 -0.475080 -0.068207
vn 0.000000 -1.000000 0.000000
vn 0.729406 -0.471049 -0.496064
vn 0.846052 -0.461704 -0.266505
vn 0.000000 -1.000000 0.000000
vn 0.566628 -0.482169 -0.668165
vn 0.729406 -0.471049 -0.496064
vn 0.000000 -1.000000 0.000000
vn 0.382525 -0.492114 -0.781984
vn 0.566628 -0.482169 -0.668165
vn 0.191633 -0.498471 -0.845460
vn 0.382525 -0.492114 -0.781984
vn 0.000000 -1.000000 0.000000
vn 0.046860 -0.513208 -0.856984
vn 0.191633 -0.498471 -0.845460
vn 0.000000 -1.000000 0.000000
vn 0.000000 -1.000000 0.000000
vn 0.382527 -0.492113 0.781983
vn 0.191633 -0.498471 0.845461
vn 0.046860 -0.513207 0.856985
vn 0.000000 -1.000000 0.000000
vn 0.191633 -0.498471 0.845461
vn 0.382527 -0.492113 0.781983
vn 0.000000 -1.000000 0.000000
vn 0.566629 -0.482169 0.668165
vn 0.566629 -0.482169 0.668165
vn 0.000000 -1.000000 0.000000
vn 0.729406 -0.471049 0.496065
vn 0.729406 -0.471049 0.496065
vn 0.000000 -1.000000 0.000000
vn 0.846052 -0.461705 0.266505
vn -0.382527 -0.492113 -0.781983
vn -0.191634 -0.498471 -0.845460
vn 0.000000 -1.000000 0.000000
vn -0.566629 -0.482169 -0.668165
vn -0.382527 -0.492113 -0.781983
vn 0.000000 -1.000000 0.000000
vn -0.729405 -0.471050 -0.496065
vn -0.566629 -0.482169 -0.668165
vn 0.000000 -1.000000 0.000000
vn -0.846052 -0.461705 -0.266505
vn -0.729405 -0.471050 -0.496065
vn 0.000000 -1.000000 0.000000
vn -0.877295 -0.475081 -0.068207
vn -0.846052 -0.461705 -0.266505
vn 0.000000 -1.000000 0.000000
vn 0.000000 -1.000000 0.000000
vn -0.191632 -0.498471 0.845461
vn -0.382525 -0.492114 0.781984
vn 0.000000 -1.000000 0.000000
vn -0.382525 -0.492114 0.781984
vn -0.566628 -0.482169 0.668166
vn 0.000000 -1.000000 0.000000
vn -0.566628 -0.482169 0.668166
vn -0.729406 -0.471049 0.496064
vn 0.000000 -1.000000 0.000000
vn -0.729406 -0.471049 0.496064
vn -0.846052 -0.461704 0.266505
vn -0.877295 -0.475080 0.068207
vn 0.000000 -1.000000 0.000000
vn -0.846052 -0.461704 0.266505
vn -0.000000 1.000000 -0.000000
vn 0.046860 0.513207 0.856985
vn 0.191632 0.498471 0.845461
vn -0.000000 1.000000 -0.000000
vn -0.846052 0.461704 -0.266506
vn -0.877295 0.475080 -0.068207
vn 0.191633 0.498471 -0.845460
vn 0.046860 0.513207 -0.856985
vn 0.000000 1.000000 -0.000000
vn 0.046860 0.513207 -0.856985
vn -0.046860 0.513207 -0.856985
vn -0.000000 1.000000 -0.000000
vn 0.000000 1.000000 -0.000000
vn -0.000000 1.000000 -0.000000
vn 0.000000 1.000000 -0.000000
vn -0.046860 0.513208 0.856984
vn 0.046860 0.513207 0.856985
vn 0.000000 1.000000 -0.000000
vn -0.000000 1.000000 -0.000000
vn 0.000000 1.000000 -0.000000
vn -0.000000 1.000000 -0.000000
vn -0.000000 1.000000 -0.000000
vn -0.877295 0.475080 -0.068207
vn -0.877295 0.475080 0.068207
vn 0.000000 1.000000 -0.000000
vn 0.877295 0.475080 -0.068207
vn 0.000000 1.000000 -0.000000
vn -0.000000 1.000000 -0.000000
vn 0.877295 0.475080 0.068207
vn 0.382524 0.492114 -0.781984
vn 0.191633 0.498471 -0.845460
vn 0.000000 1.000000 -0.000000
vn 0.566629 0.482169 -0.668165
vn 0.382524 0.492114 -0.781984
vn 0.000000 1.000000 -0.000000
vn 0.729406 0.471048 -0.496064
vn 0.566629 0.482169 -0.668165
vn 0.000000 1.000000 -0.000000
vn 0.846052 0.461704 -0.266507
vn 0.729406 0.471048 -0.496064
vn 0.000000 1.000000 -0.000000
vn 0.877295 0.475080 -0.068207
vn 0.846052 0.461704 -0.266507
vn 0.000000 1.000000 -0.000000
vn 0.877295 0.475080 0.068207
vn -0.000000 1.000000 -0.000000
vn 0.846052 0.461704 0.266506
vn 0.846052 0.461704 0.266506
vn -0.000000 1.000000 -0.000000
vn 0.729406 0.471050 0.496064
vn 0.729406 0.471050 0.496064
vn -0.000000 1.000000 -0.000000
vn 0.566629 0.482170 0.668165
vn 0.566629 0.482170 0.668165
vn -0.000000 1.000000 -0.000000
vn 0.382525 0.492113 0.781984
vn 0.382525 0.492113 0.781984
vn -0.000000 1.000000 -0.000000
vn 0.191632 0.498471 0.845461
vn -0.000000 1.000000 -0.000000
vn -0.729406 0.471049 -0.496064
vn -0.846052 0.461704 -0.266506
vn -0.000000 1.000000 -0.000000
vn -0.566629 0.482169 -0.668165
vn -0.729406 0.471049 -0.496064
vn -0.382526 0.492113 -0.781984
vn -0.566629 0.482169 -0.668165
vn -0.000000 1.000000 -0.000000
vn -0.046860 0.513207 -0.856985
vn -0.191634 0.498470 -0.845461
vn -0.000000 1.000000 -0.000000
vn -0.191634 0.498470 -0.845461
vn -0.382526 0.492113 -0.781984
vn -0.000000 1.000000 -0.000000
vn -0.046860 0.513208 0.856984
vn 0.000000 1.000000 -0.000000
vn -0.191633 0.498471 0.845460
vn -0.191633 0.498471 0.845460
vn 0.000000 1.000000 -0.000000
vn -0.382523 0.492114 0.781984
vn -0.382523 0.492114 0.781984
vn 0.000000 1.000000 -0.000000
vn -0.566627 0.482170 0.668166
vn -0.566627 0.482170 0.668166
vn 0.000000 1.000000 -0.000000
vn -0.729406 0.471050 0.496064
vn -0.729406 0.471050 0.496064
vn 0.000000 1.000000 -0.000000
vn -0.846052 0.461704 0.266506
s off
g cap4
usemtl capSG
f 2/66/1 20/82/2 17/32/3
f 15/100/4 14/7/5 42/105/6 43/88/7
f 2/66/8 24/24/9 23/81/10
f 16/47/11 15/100/12 43/88/13 44/16/14
f 3/67/15 16/47/16 44/16/17 19/33/18
f 2/66/19 28/14/20 27/55/21
f 4/31/22 3/67/23 19/33/24 32/58/25
f 2/66/26 17/32/27 18/20/28
f 5/76/29 4/31/30 32/58/31 33/9/32
f 2/66/33 18/20/34 31/74/35
f 2/66/36 23/81/37 22/25/38
f 6/52/39 5/87/40 33/101/41 34/11/42
f 2/66/43 27/55/44 26/35/45
f 7/13/46 6/52/47 34/11/48 35/18/49
f 58/84/50 16/103/51 3/61/52 45/2/53
f 57/42/54 15/70/55 16/103/56 58/84/57
f 56/51/58 14/34/59 15/70/60 57/42/61
f 55/40/62 13/65/63 14/34/64 56/51/65
f 54/73/66 12/54/67 13/65/68 55/40/69
f 53/62/70 11/5/71 12/54/72 54/73/73
f 52/77/74 10/98/75 11/5/76 53/62/77
f 51/39/78 9/89/79 10/98/80 52/77/81
f 50/97/82 8/8/83 9/89/84 51/39/85
f 49/92/86 7/26/87 8/8/88 50/97/89
f 48/96/90 6/44/91 7/26/92 49/92/93
f 47/1/94 5/57/95 6/44/96 48/96/97
f 46/72/98 4/17/99 5/63/100 47/6/101
f 45/2/102 3/61/103 4/17/104 46/72/105
f 19/33/106 18/78/107 17/30/108 32/58/109
f 32/58/110 17/30/111 20/90/112 33/9/113
f 33/101/114 20/48/115 21/93/116 34/11/117
f 34/11/118 21/93/119 22/102/120 35/18/121
f 35/18/122 22/102/123 23/94/124 36/22/125
f 36/22/126 23/94/127 24/91/128 37/19/129
f 37/19/130 24/91/131 25/50/132 38/37/133
f 38/37/134 25/50/135 26/80/136 39/104/137
f 39/104/138 26/80/139 27/99/140 40/46/141
f 40/46/142 27/99/143 28/64/144 41/56/145
f 41/56/146 28/64/147 29/85/148 42/105/149
f 42/105/150 29/85/151 30/69/152 43/88/153
f 43/88/154 30/69/155 31/71/156 44/16/157
f 44/16/158 31/71/159 18/78/160 19/33/161
f 2/66/162 29/12/163 28/14/164
f 14/7/165 13/38/166 41/56/167 42/105/168
f 13/38/169 12/43/170 40/46/171 41/56/172
f 2/66/173 25/21/174 24/24/175
f 12/43/176 11/10/177 39/104/178 40/46/179
f 2/66/180 21/36/181 20/82/182
f 2/66/183 30/49/184 29/12/185
f 11/10/186 10/28/187 38/37/188 39/104/189
f 10/28/190 9/29/191 37/19/192 38/37/193
f 2/66/194 26/35/195 25/21/196
f 9/29/197 8/75/198 36/22/199 37/19/200
f 2/66/201 22/25/202 21/36/203
f 2/66/204 31/74/205 30/49/206
f 8/75/207 7/13/208 35/18/209 36/22/210
f 1/68/211 45/23/212 46/95/213
f 1/68/214 46/95/215 47/79/216
f 1/68/217 47/79/218 48/60/219
f 1/68/220 48/60/221 49/4/222
f 1/68/223 49/4/224 50/59/225
f 1/68/226 50/59/227 51/15/228
f 1/68/229 51/15/230 52/27/231
f 1/68/232 52/27/233 53/41/234
f 1/68/235 53/41/236 54/53/237
f 1/68/238 54/53/239 55/86/240
f 1/68/241 55/86/242 56/45/243
f 1/68/244 56/45/245 57/3/246
f 1/68/247 57/3/248 58/83/249
f 1/68/250 58/83/251 45/23/252
usemtl handleSG
f 60/106/253 140/107/254 139/108/255 71/109/256
f 148/110/257 306/111/258 253/112/259 95/113/260
f 140/107/261 88/114/262 101/115/263 139/108/264
f 149/116/265 103/117/266 106/118/267 154/119/268
f 148/110/269 95/113/270 89/120/271 153/121/272
f 138/122/273 100/123/274 87/124/275 137/125/276
f 152/126/277 90/127/278 104/128/279 151/129/280
f 150/130/281 110/131/282 103/117/283 149/116/284
f 131/132/285 91/133/286 114/134/287 132/135/288
f 133/136/289 105/137/290 92/138/291 134/139/292
f 147/140/293 94/141/294 97/142/295 145/143/296
f 134/139/297 92/138/298 93/144/299 135/145/300
f 128/146/301 286/147/302 254/148/303 96/149/304
f 146/150/305 109/151/306 94/141/307 147/140/308
f 332/152/309 174/153/310 145/143/311 303/154/312
f 121/155/313 119/156/314 104/128/315 90/127/316
f 122/157/317 120/158/318 107/159/319 99/160/320
f 125/161/321 127/162/322 93/144/323 92/138/324
f 127/162/325 128/146/326 96/149/327 93/144/328
f 126/163/329 129/164/330 102/165/331 101/115/332
f 129/164/333 130/166/334 105/137/335 102/165/336
f 117/167/337 275/168/338 255/169/339 97/142/340
f 121/155/341 116/170/342 94/141/343 109/151/344
f 116/170/345 117/167/346 97/142/347 94/141/348
f 122/157/349 118/171/350 103/117/351 110/131/352
f 118/171/353 119/156/354 106/118/355 103/117/356
f 303/154/357 145/143/358 97/142/359 255/169/360
f 125/161/361 130/166/362 114/134/363 91/133/364
f 126/163/365 124/172/366 87/124/367 100/123/368
f 135/145/369 93/144/370 96/149/371 136/173/372
f 95/113/373 253/112/374 275/168/375 117/167/376
f 156/174/377 99/160/378 107/159/379 155/175/380
f 132/135/381 114/134/382 113/176/383 142/177/384
f 157/178/385 108/179/386 110/131/387 150/130/388
f 142/177/389 113/176/390 100/123/391 138/122/392
f 158/180/393 98/181/394 99/160/395 156/174/396
f 154/119/397 106/118/398 109/151/399 146/150/400
f 141/182/401 112/183/402 111/184/403 143/185/404
f 143/185/405 111/184/406 91/133/407 131/132/408
f 139/108/409 101/115/410 102/165/411 144/186/412
f 151/129/413 104/128/414 98/181/415 158/180/416
f 144/186/417 102/165/418 105/137/419 133/136/420
f 153/121/421 89/120/422 90/127/423 152/126/424
f 112/183/425 270/187/426 286/147/427 128/146/428
f 98/181/429 104/128/430 119/156/431 118/171/432
f 99/160/433 98/181/434 118/171/435 122/157/436
f 89/120/437 95/113/438 117/167/439 116/170/440
f 90/127/441 89/120/442 116/170/443 121/155/444
f 110/131/445 108/179/446 120/158/447 122/157/448
f 109/151/449 106/118/450 119/156/451 121/155/452
f 101/115/453 88/114/454 124/172/455 126/163/456
f 92/138/457 105/137/458 130/166/459 125/161/460
f 141/182/461 299/188/462 270/187/463 112/183/464
f 113/176/465 114/134/466 130/166/467 129/164/468
f 100/123/469 113/176/470 129/164/471 126/163/472
f 111/184/473 112/183/474 128/146/475 127/162/476
f 91/133/477 111/184/478 127/162/479 125/161/480
f 72/189/481 144/186/482 133/136/483 70/190/484
f 184/191/485 143/185/486 131/132/487 178/192/488
f 182/193/489 141/182/490 143/185/491 184/191/492
f 183/194/493 142/177/494 138/122/495 179/195/496
f 180/196/497 132/135/498 142/177/499 183/194/500
f 71/109/501 139/108/502 144/186/503 72/189/504
f 66/197/505 135/145/506 136/173/507 64/198/508
f 174/199/509 332/200/510 340/201/511 182/202/512
f 65/203/513 134/139/514 135/145/515 66/197/516
f 178/192/517 131/132/518 132/135/519 180/196/520
f 179/195/521 138/122/522 137/125/523 181/204/524
f 70/190/525 133/136/526 134/139/527 65/203/528
f 222/205/529 64/198/530 136/173/531 294/206/532
f 63/207/533 153/121/534 152/126/535 61/208/536
f 177/209/537 154/119/538 146/150/539 171/210/540
f 68/211/541 151/129/542 158/180/543 69/212/544
f 173/213/545 157/178/546 150/130/547 172/214/548
f 69/212/549 158/180/550 156/174/551 67/215/552
f 169/216/553 327/217/554 220/218/555 62/219/556
f 67/215/557 156/174/558 155/175/559 59/220/560
f 171/210/561 146/150/562 147/140/563 175/221/564
f 175/221/565 147/140/566 145/143/567 174/153/568
f 172/214/569 150/130/570 149/116/571 176/222/572
f 182/193/573 340/223/574 299/188/575 141/182/576
f 61/208/577 152/126/578 151/129/579 68/211/580
f 176/222/581 149/116/582 154/119/583 177/209/584
f 159/224/585 67/215/586 59/220/587 115/225/588
f 115/225/589 77/226/590 79/227/591 159/224/592
f 75/228/593 161/229/594 159/224/595 79/227/596
f 69/212/597 67/215/598 159/224/599 161/229/600
f 68/211/601 69/212/602 161/229/603 163/230/604
f 76/231/605 163/230/606 161/229/607 75/228/608
f 78/232/609 165/233/610 163/230/611 76/231/612
f 61/208/613 68/211/614 163/230/615 165/233/616
f 63/207/617 61/208/618 165/233/619 167/234/620
f 73/235/621 167/234/622 165/233/623 78/232/624
f 74/236/625 169/216/626 167/234/627 73/235/628
f 62/219/629 63/207/630 167/234/631 169/216/632
f 327/217/633 169/216/634 74/236/635 232/237/636
f 170/238/637 328/239/638 242/240/639 84/241/640
f 160/242/641 82/243/642 80/244/643 123/245/644
f 123/245/645 60/106/646 71/109/647 160/242/648
f 72/189/649 162/246/650 160/242/651 71/109/652
f 82/243/653 160/242/654 162/246/655 85/247/656
f 85/247/657 162/246/658 164/248/659 86/249/660
f 70/190/661 164/248/662 162/246/663 72/189/664
f 65/203/665 166/250/666 164/248/667 70/190/668
f 86/249/669 164/248/670 166/250/671 81/251/672
f 81/251/673 166/250/674 168/252/675 83/253/676
f 66/197/677 168/252/678 166/250/679 65/203/680
f 64/198/681 170/238/682 168/252/683 66/197/684
f 83/253/685 168/252/686 170/238/687 84/241/688
f 64/198/689 222/205/690 328/239/691 170/238/692
f 62/219/693 220/218/694 306/111/695 148/110/696
f 182/202/697 184/254/698 175/255/699 174/199/700
f 171/256/701 175/255/702 184/254/703 178/257/704
f 177/258/705 171/256/706 178/257/707 180/259/708
f 176/260/709 177/258/710 180/259/711 183/261/712
f 176/260/713 183/261/714 179/262/715 172/263/716
f 173/264/717 172/263/718 179/262/719 181/265/720
f 62/219/721 148/110/722 153/121/723 63/207/724
f 195/266/725 192/267/726 190/268/727 200/269/728
f 189/270/729 199/271/730 200/269/731 190/268/732
f 193/272/733 196/273/734 199/271/735 189/270/736
f 187/274/737 197/275/738 198/276/739 188/277/740
f 192/267/741 195/266/742 197/275/743 187/274/744
f 196/273/745 193/272/746 191/278/747 194/279/748
f 214/280/749 206/281/750 204/282/751 213/283/752
f 211/284/753 208/285/754 202/286/755 210/287/756
f 212/288/757 203/289/758 206/281/759 214/280/760
f 209/290/761 201/291/762 208/285/763 211/284/764
f 216/292/765 209/290/766 211/284/767
f 207/293/768 211/284/769 210/287/770 186/294/771
f 185/295/772 212/288/773 214/280/774 205/296/775
f 214/280/776 213/283/777 215/297/778
f 205/296/779 214/280/780 215/297/781 191/298/782
f 194/299/783 216/292/784 211/284/785 207/293/786
f 194/299/787 191/298/788 215/297/789 216/292/790
f 218/300/791 229/301/792 297/302/793 298/303/794
f 298/303/795 297/302/796 259/304/797 246/305/798
f 307/306/799 312/307/800 264/308/801 261/309/802
f 306/111/803 311/310/804 247/311/805 253/112/806
f 296/312/807 295/313/808 245/314/809 258/315/810
f 310/316/811 309/317/812 262/318/813 248/319/814
f 308/320/815 307/306/816 261/309/817 268/321/818
f 289/322/819 290/323/820 272/324/821 249/325/822
f 291/326/823 292/327/824 250/328/825 263/329/826
f 305/330/827 303/154/828 255/169/829 252/331/830
f 292/327/831 293/332/832 251/333/833 250/328/834
f 304/334/835 305/330/836 252/331/837 267/335/838
f 279/336/839 248/319/840 262/318/841 277/337/842
f 280/338/843 257/339/844 265/340/845 278/341/846
f 283/342/847 250/328/848 251/333/849 285/343/850
f 285/343/851 251/333/852 254/148/853 286/147/854
f 284/344/855 259/304/856 260/345/857 287/346/858
f 287/346/859 260/345/860 263/329/861 288/347/862
f 279/336/863 267/335/864 252/331/865 274/348/866
f 274/348/867 252/331/868 255/169/869 275/168/870
f 280/338/871 268/321/872 261/309/873 276/349/874
f 276/349/875 261/309/876 264/308/877 277/337/878
f 283/342/879 249/325/880 272/324/881 288/347/882
f 284/344/883 258/315/884 245/314/885 282/350/886
f 293/332/887 294/206/888 254/148/889 251/333/890
f 314/351/891 313/352/892 265/340/893 257/339/894
f 290/323/895 300/353/896 271/354/897 272/324/898
f 315/355/899 308/320/900 268/321/901 266/356/902
f 300/353/903 296/312/904 258/315/905 271/354/906
f 316/357/907 314/351/908 257/339/909 256/358/910
f 312/307/911 304/334/912 267/335/913 264/308/914
f 299/188/915 301/359/916 269/360/917 270/187/918
f 301/359/919 289/322/920 249/325/921 269/360/922
f 297/302/923 302/361/924 260/345/925 259/304/926
f 309/317/927 316/357/928 256/358/929 262/318/930
f 302/361/931 291/326/932 263/329/933 260/345/934
f 311/310/935 310/316/936 248/319/937 247/311/938
f 256/358/939 276/349/940 277/337/941 262/318/942
f 257/339/943 280/338/944 276/349/945 256/358/946
f 247/311/947 274/348/948 275/168/949 253/112/950
f 248/319/951 279/336/952 274/348/953 247/311/954
f 268/321/955 280/338/956 278/341/957 266/356/958
f 267/335/959 279/336/960 277/337/961 264/308/962
f 259/304/963 284/344/964 282/350/965 246/305/966
f 250/328/967 283/342/968 288/347/969 263/329/970
f 271/354/971 287/346/972 288/347/973 272/324/974
f 258/315/975 284/344/976 287/346/977 271/354/978
f 269/360/979 285/343/980 286/147/981 270/187/982
f 249/325/983 283/342/984 285/343/985 269/360/986
f 230/362/987 228/363/988 291/326/989 302/361/990
f 342/364/991 336/365/992 289/322/993 301/359/994
f 340/223/995 342/364/996 301/359/997 299/188/998
f 341/366/999 337/367/1000 296/312/1001 300/353/1002
f 338/368/1003 341/366/1004 300/353/1005 290/323/1006
f 229/301/1007 230/362/1008 302/361/1009 297/302/1010
f 224/369/1011 222/205/1012 294/206/1013 293/332/1014
f 223/370/1015 224/369/1016 293/332/1017 292/327/1018
f 336/365/1019 338/368/1020 290/323/1021 289/322/1022
f 337/367/1023 339/371/1024 295/313/1025 296/312/1026
f 228/363/1027 223/370/1028 292/327/1029 291/326/1030
f 221/372/1031 219/373/1032 310/316/1033 311/310/1034
f 335/374/1035 329/375/1036 304/334/1037 312/307/1038
f 226/376/1039 227/377/1040 316/357/1041 309/317/1042
f 331/378/1043 330/379/1044 308/320/1045 315/355/1046
f 227/377/1047 225/380/1048 314/351/1049 316/357/1050
f 225/380/1051 217/381/1052 313/352/1053 314/351/1054
f 329/375/1055 333/382/1056 305/330/1057 304/334/1058
f 333/382/1059 332/152/1060 303/154/1061 305/330/1062
f 330/379/1063 334/383/1064 307/306/1065 308/320/1066
f 219/373/1067 226/376/1068 309/317/1069 310/316/1070
f 334/383/1071 335/374/1072 312/307/1073 307/306/1074
f 317/384/1075 273/385/1076 217/381/1077 225/380/1078
f 273/385/1079 317/384/1080 237/386/1081 235/387/1082
f 233/388/1083 237/386/1084 317/384/1085 319/389/1086
f 227/377/1087 319/389/1088 317/384/1089 225/380/1090
f 226/376/1091 321/390/1092 319/389/1093 227/377/1094
f 234/391/1095 233/388/1096 319/389/1097 321/390/1098
f 236/392/1099 234/391/1100 321/390/1101 323/393/1102
f 219/373/1103 323/393/1104 321/390/1105 226/376/1106
f 221/372/1107 325/394/1108 323/393/1109 219/373/1110
f 231/395/1111 236/392/1112 323/393/1113 325/394/1114
f 232/237/1115 231/395/1116 325/394/1117 327/217/1118
f 220/218/1119 327/217/1120 325/394/1121 221/372/1122
f 318/396/1123 281/397/1124 238/398/1125 240/399/1126
f 281/397/1127 318/396/1128 229/301/1129 218/300/1130
f 230/362/1131 229/301/1132 318/396/1133 320/400/1134
f 240/399/1135 243/401/1136 320/400/1137 318/396/1138
f 243/401/1139 244/402/1140 322/403/1141 320/400/1142
f 228/363/1143 230/362/1144 320/400/1145 322/403/1146
f 223/370/1147 228/363/1148 322/403/1149 324/404/1150
f 244/402/1151 239/405/1152 324/404/1153 322/403/1154
f 239/405/1155 241/406/1156 326/407/1157 324/404/1158
f 224/369/1159 223/370/1160 324/404/1161 326/407/1162
f 222/205/1163 224/369/1164 326/407/1165 328/239/1166
f 241/406/1167 242/240/1168 328/239/1169 326/407/1170
f 340/201/1171 332/200/1172 333/408/1173 342/409/1174
f 329/410/1175 336/411/1176 342/409/1177 333/408/1178
f 335/412/1179 338/413/1180 336/411/1181 329/410/1182
f 334/414/1183 341/415/1184 338/413/1185 335/412/1186
f 334/414/1187 330/416/1188 337/417/1189 341/415/1190
f 331/418/1191 339/419/1192 337/417/1193 330/416/1194
f 220/218/1195 221/372/1196 311/310/1197 306/111/1198
f 353/420/1199 358/421/1200 348/422/1201 350/423/1202
f 347/424/1203 348/422/1204 358/421/1205 357/425/1206
f 351/426/1207 347/424/1208 357/425/1209 354/427/1210
f 345/428/1211 346/429/1212 356/430/1213 355/431/1214
f 350/423/1215 345/428/1216 355/431/1217 353/420/1218
f 354/427/1219 352/432/1220 349/433/1221 351/426/1222
f 372/434/1223 371/435/1224 362/436/1225 364/437/1226
f 369/438/1227 368/439/1228 360/440/1229 366/441/1230
f 370/442/1231 372/434/1232 364/437/1233 361/443/1234
f 367/444/1235 369/438/1236 366/441/1237 359/445/1238
f 374/446/1239 369/438/1240 367/444/1241
f 365/447/1242 344/448/1243 368/439/1244 369/438/1245
f 343/449/1246 363/450/1247 372/434/1248 370/442/1249
f 372/434/1250 373/451/1251 371/435/1252
f 363/450/1253 349/452/1254 373/451/1255 372/434/1256
f 352/453/1257 365/447/1258 369/438/1259 374/446/1260
f 352/453/1261 374/446/1262 373/451/1263 349/452/1264
f 294/206/1265 136/173/1266 96/149/1267 254/148/1268
f 198/276/1269 356/430/1270 346/429/1271 188/277/1272
usemtl capFBXASC046rimSG
f 375/454/1273 386/455/1274 385/456/1275 376/457/1276
f 376/457/1277 385/456/1278 387/458/1279 377/459/1280
f 377/459/1281 387/458/1282 388/460/1283 378/461/1284
f 378/461/1285 388/460/1286 389/462/1287 379/463/1288
f 379/464/1289 389/465/1290 390/466/1291 380/467/1292
f 380/467/1293 390/466/1294 391/468/1295 381/469/1296
f 381/469/1297 391/468/1298 392/470/1299 382/471/1300
f 382/471/1301 392/470/1302 393/472/1303 383/473/1304
f 383/473/1305 393/472/1306 394/474/1307 384/475/1308
f 384/475/1309 394/474/1310 386/455/1311 375/454/1312
usemtl oilFBXASC046canSG
f 396/476/1313 704/477/1314 703/478/1315 395/479/1316
f 718/480/1317 717/481/1318 409/482/1319 410/483/1320
f 401/484/1321 709/485/1322 708/486/1323 400/487/1324
f 711/488/1325 710/489/1326 402/490/1327 403/491/1328
f 395/479/1329 703/478/1330 725/492/1331 417/493/1332
f 397/494/1333 705/495/1334 704/477/1335 396/476/1336
f 398/496/1337 706/497/1338 705/495/1339 397/494/1340
f 399/498/1341 707/499/1342 706/497/1343 398/496/1344
f 400/487/1345 708/486/1346 707/499/1347 399/498/1348
f 728/500/1349 729/501/1350 421/502/1351 420/503/1352
f 727/504/1353 728/500/1354 420/503/1355 419/505/1356
f 726/506/1357 727/504/1358 419/505/1359 418/507/1360
f 724/508/1361 726/506/1362 418/507/1363 416/509/1364
f 725/492/1365 724/508/1366 416/509/1367 417/493/1368
f 722/510/1369 723/511/1370 415/512/1371 414/513/1372
f 721/514/1373 722/510/1374 414/513/1375 413/515/1376
f 720/516/1377 721/514/1378 413/515/1379 412/517/1380
f 719/518/1381 720/516/1382 412/517/1383 411/519/1384
f 717/481/1385 719/518/1386 411/519/1387 409/482/1388
f 422/520/1389 730/521/1390 718/480/1391 410/483/1392
f 715/522/1393 716/523/1394 408/524/1395 407/525/1396
f 714/526/1397 715/522/1398 407/525/1399 406/527/1400
f 713/528/1401 714/526/1402 406/527/1403 405/529/1404
f 712/530/1405 713/528/1406 405/529/1407 404/531/1408
f 710/489/1409 712/530/1410 404/531/1411 402/490/1412
f 415/512/1413 723/511/1414 711/488/1415 403/491/1416
f 408/524/1417 716/523/1418 709/532/1419 401/533/1420
f 649/534/1421 647/535/1422 469/536/1423 470/537/1424
f 526/538/1425 535/539/1426 439/540/1427 437/541/1428
f 647/535/1429 645/542/1430 468/543/1431 469/536/1432
f 530/544/1433 529/545/1434 431/546/1435 443/547/1436
f 645/542/1437 619/548/1438 467/549/1439 468/543/1440
f 481/550/1441 526/538/1442 437/541/1443 438/551/1444
f 499/552/1445 481/550/1446 438/551/1447 450/553/1448
f 619/548/1449 621/554/1450 465/555/1451 467/549/1452
f 482/556/1453 487/557/1454 445/558/1455 423/559/1456
f 621/554/1457 624/560/1458 466/561/1459 465/555/1460
f 496/562/1461 488/563/1462 436/564/1463 435/565/1464
f 488/563/1465 493/566/1466 429/567/1467 436/564/1468
f 625/568/1469 627/569/1470 463/570/1471 464/571/1472
f 627/569/1473 629/572/1474 462/573/1475 463/570/1476
f 502/574/1477 496/562/1478 435/565/1479 434/575/1480
f 505/576/1481 499/552/1482 450/553/1483 449/577/1484
f 629/572/1485 631/578/1486 461/579/1487 462/573/1488
f 631/578/1489 633/580/1490 460/581/1491 461/579/1492
f 508/582/1493 502/574/1494 434/575/1495 433/583/1496
f 511/584/1497 505/576/1498 449/577/1499 448/585/1500
f 633/580/1501 635/586/1502 458/587/1503 460/581/1504
f 635/586/1505 638/588/1506 459/589/1507 458/587/1508
f 517/590/1509 508/582/1510 433/583/1511 432/591/1512
f 523/592/1513 511/584/1514 448/585/1515 447/593/1516
f 644/594/1517 640/595/1518 457/596/1519 456/597/1520
f 641/598/1521 644/594/1522 456/597/1523 455/599/1524
f 512/600/1525 517/590/1526 432/591/1527 430/601/1528
f 518/602/1529 523/592/1530 447/593/1531 446/603/1532
f 565/604/1533 567/605/1534 425/606/1535 424/607/1536
f 452/608/1537 453/609/1538 568/610/1539 566/611/1540
f 453/609/1541 454/612/1542 570/613/1543 568/610/1544
f 454/612/1545 455/599/1546 572/614/1547 570/613/1548
f 455/599/1549 456/597/1550 574/615/1551 572/614/1552
f 456/597/1553 457/596/1554 576/616/1555 574/615/1556
f 579/617/1557 604/618/1558 443/547/1559 431/546/1560
f 460/581/1561 458/587/1562 577/619/1563 581/620/1564
f 462/573/1565 461/579/1566 583/621/1567 585/622/1568
f 463/570/1569 462/573/1570 585/622/1571 587/623/1572
f 464/571/1573 463/570/1574 587/623/1575 589/624/1576
f 465/555/1577 466/561/1578 594/625/1579 591/626/1580
f 593/627/1581 618/628/1582 450/553/1583 438/551/1584
f 467/549/1585 465/555/1586 591/626/1587 595/629/1588
f 469/536/1589 468/543/1590 597/630/1591 599/631/1592
f 470/537/1593 469/536/1594 599/631/1595 601/632/1596
f 471/633/1597 470/537/1598 601/632/1599 603/634/1600
f 472/635/1601 473/636/1602 608/637/1603 605/638/1604
f 475/639/1605 474/640/1606 609/641/1607 611/642/1608
f 474/640/1609 472/635/1610 605/638/1611 609/641/1612
f 476/643/1613 475/639/1614 611/642/1615 613/644/1616
f 477/645/1617 476/643/1618 613/644/1619 615/646/1620
f 478/647/1621 477/645/1622 615/646/1623 617/648/1624
f 457/596/1625 464/571/1626 589/624/1627 576/616/1628
f 473/636/1629 451/649/1630 563/650/1631 608/637/1632
f 466/561/1633 478/647/1634 617/648/1635 594/625/1636
f 459/589/1637 471/633/1638 603/634/1639 580/651/1640
f 651/652/1641 649/534/1642 470/537/1643 471/633/1644
f 535/539/1645 538/653/1646 440/654/1647 439/540/1648
f 655/655/1649 654/656/1650 473/636/1651 472/635/1652
f 657/657/1653 655/655/1654 472/635/1655 474/640/1656
f 538/653/1657 541/658/1658 441/659/1659 440/654/1660
f 659/660/1661 657/657/1662 474/640/1663 475/639/1664
f 661/661/1665 659/660/1666 475/639/1667 476/643/1668
f 541/658/1669 544/662/1670 442/663/1671 441/659/1672
f 545/664/1673 482/556/1674 423/559/1675 424/607/1676
f 663/665/1677 661/661/1678 476/643/1679 477/645/1680
f 548/666/1681 545/664/1682 424/607/1683 425/606/1684
f 665/667/1685 663/665/1686 477/645/1687 478/647/1688
f 544/662/1689 530/544/1690 443/547/1691 442/663/1692
f 551/668/1693 548/666/1694 425/606/1695 426/669/1696
f 640/595/1697 625/568/1698 464/571/1699 457/596/1700
f 554/670/1701 551/668/1702 426/669/1703 427/671/1704
f 654/656/1705 668/672/1706 451/649/1707 473/636/1708
f 487/557/1709 559/673/1710 444/674/1711 445/558/1712
f 560/675/1713 554/670/1714 427/671/1715 428/676/1716
f 624/560/1717 665/667/1718 478/647/1719 466/561/1720
f 668/672/1721 670/677/1722 452/608/1723 451/649/1724
f 493/566/1725 560/675/1726 428/676/1727 429/567/1728
f 638/588/1729 651/652/1730 471/633/1731 459/589/1732
f 670/677/1733 672/678/1734 453/609/1735 452/608/1736
f 559/673/1737 518/602/1738 446/603/1739 444/674/1740
f 529/545/1741 512/600/1742 430/601/1743 431/546/1744
f 672/678/1745 674/679/1746 454/612/1747 453/609/1748
f 674/679/1749 641/598/1750 455/599/1751 454/612/1752
f 403/680/1753 402/681/1754 514/682/1755 527/683/1756
f 527/683/1757 514/682/1758 513/684/1759 528/685/1760
f 528/685/1761 513/684/1762 512/600/1763 529/545/1764
f 416/686/1765 418/687/1766 520/688/1767 557/689/1768
f 557/689/1769 520/688/1770 519/690/1771 558/691/1772
f 558/691/1773 519/690/1774 518/602/1775 559/673/1776
f 401/692/1777 400/693/1778 562/694/1779 491/695/1780
f 491/695/1781 562/694/1782 561/696/1783 492/697/1784
f 492/697/1785 561/696/1786 560/675/1787 493/566/1788
f 400/693/1789 399/698/1790 556/699/1791 562/694/1792
f 562/694/1793 556/699/1794 555/700/1795 561/696/1796
f 561/696/1797 555/700/1798 554/670/1799 560/675/1800
f 417/701/1801 416/686/1802 557/689/1803 485/702/1804
f 485/702/1805 557/689/1806 558/691/1807 486/703/1808
f 486/703/1809 558/691/1810 559/673/1811 487/557/1812
f 399/698/1813 398/704/1814 553/705/1815 556/699/1816
f 556/699/1817 553/705/1818 552/706/1819 555/700/1820
f 555/700/1821 552/706/1822 551/668/1823 554/670/1824
f 398/704/1825 397/707/1826 550/708/1827 553/705/1828
f 553/705/1829 550/708/1830 549/709/1831 552/706/1832
f 552/706/1833 549/709/1834 548/666/1835 551/668/1836
f 414/710/1837 415/711/1838 532/712/1839 542/713/1840
f 542/713/1841 532/712/1842 531/714/1843 543/715/1844
f 543/715/1845 531/714/1846 530/544/1847 544/662/1848
f 397/707/1849 396/716/1850 547/717/1851 550/708/1852
f 550/708/1853 547/717/1854 546/718/1855 549/709/1856
f 549/709/1857 546/718/1858 545/664/1859 548/666/1860
f 396/716/1861 395/719/1862 484/720/1863 547/717/1864
f 547/717/1865 484/720/1866 483/721/1867 546/718/1868
f 546/718/1869 483/721/1870 482/556/1871 545/664/1872
f 413/722/1873 414/710/1874 542/713/1875 539/723/1876
f 539/723/1877 542/713/1878 543/715/1879 540/724/1880
f 540/724/1881 543/715/1882 544/662/1883 541/658/1884
f 412/725/1885 413/722/1886 539/723/1887 536/726/1888
f 536/726/1889 539/723/1890 540/724/1891 537/727/1892
f 537/727/1893 540/724/1894 541/658/1895 538/653/1896
f 411/728/1897 412/725/1898 536/726/1899 533/729/1900
f 533/729/1901 536/726/1902 537/727/1903 534/730/1904
f 534/730/1905 537/727/1906 538/653/1907 535/539/1908
f 418/687/1909 419/731/1910 521/732/1911 520/688/1912
f 520/688/1913 521/732/1914 522/733/1915 519/690/1916
f 519/690/1917 522/733/1918 523/592/1919 518/602/1920
f 402/681/1921 404/734/1922 515/735/1923 514/682/1924
f 514/682/1925 515/735/1926 516/736/1927 513/684/1928
f 513/684/1929 516/736/1930 517/590/1931 512/600/1932
f 419/731/1933 420/737/1934 509/738/1935 521/732/1936
f 521/732/1937 509/738/1938 510/739/1939 522/733/1940
f 522/733/1941 510/739/1942 511/584/1943 523/592/1944
f 404/734/1945 405/740/1946 506/741/1947 515/735/1948
f 515/735/1949 506/741/1950 507/742/1951 516/736/1952
f 516/736/1953 507/742/1954 508/582/1955 517/590/1956
f 420/737/1957 421/743/1958 503/744/1959 509/738/1960
f 509/738/1961 503/744/1962 504/745/1963 510/739/1964
f 510/739/1965 504/745/1966 505/576/1967 511/584/1968
f 405/740/1969 406/746/1970 500/747/1971 506/741/1972
f 506/741/1973 500/747/1974 501/748/1975 507/742/1976
f 507/742/1977 501/748/1978 502/574/1979 508/582/1980
f 421/743/1981 422/749/1982 497/750/1983 503/744/1984
f 503/744/1985 497/750/1986 498/751/1987 504/745/1988
f 504/745/1989 498/751/1990 499/552/1991 505/576/1992
f 406/746/1993 407/752/1994 494/753/1995 500/747/1996
f 500/747/1997 494/753/1998 495/754/1999 501/748/2000
f 501/748/2001 495/754/2002 496/562/2003 502/574/2004
f 408/755/2005 401/692/2006 491/695/2007 490/756/2008
f 490/756/2009 491/695/2010 492/697/2011 489/757/2012
f 489/757/2013 492/697/2014 493/566/2015 488/563/2016
f 407/752/2017 408/755/2018 490/756/2019 494/753/2020
f 494/753/2021 490/756/2022 489/757/2023 495/754/2024
f 495/754/2025 489/757/2026 488/563/2027 496/562/2028
f 395/719/2029 417/701/2030 485/702/2031 484/720/2032
f 484/720/2033 485/702/2034 486/703/2035 483/721/2036
f 483/721/2037 486/703/2038 487/557/2039 482/556/2040
f 422/749/2041 410/758/2042 479/759/2043 497/750/2044
f 497/750/2045 479/759/2046 480/760/2047 498/751/2048
f 498/751/2049 480/760/2050 481/550/2051 499/552/2052
f 410/758/2053 409/761/2054 524/762/2055 479/759/2056
f 479/759/2057 524/762/2058 525/763/2059 480/760/2060
f 480/760/2061 525/763/2062 526/538/2063 481/550/2064
f 415/711/2065 403/680/2066 527/683/2067 532/712/2068
f 532/712/2069 527/683/2070 528/685/2071 531/714/2072
f 531/714/2073 528/685/2074 529/545/2075 530/544/2076
f 409/761/2077 411/728/2078 533/729/2079 524/762/2080
f 524/762/2081 533/729/2082 534/730/2083 525/763/2084
f 525/763/2085 534/730/2086 535/539/2087 526/538/2088
f 461/579/2089 460/581/2090 581/620/2091 583/621/2092
f 468/543/2093 467/549/2094 595/629/2095 597/630/2096
f 564/764/2097 565/604/2098 424/607/2099 423/559/2100
f 458/587/2101 459/589/2102 580/651/2103 577/619/2104
f 618/628/2105 616/765/2106 449/577/2107 450/553/2108
f 616/765/2109 614/766/2110 448/585/2111 449/577/2112
f 614/766/2113 612/767/2114 447/593/2115 448/585/2116
f 612/767/2117 610/768/2118 446/603/2119 447/593/2120
f 606/769/2121 607/770/2122 445/558/2123 444/674/2124
f 610/768/2125 606/769/2126 444/674/2127 446/603/2128
f 604/618/2129 602/771/2130 442/663/2131 443/547/2132
f 602/771/2133 600/772/2134 441/659/2135 442/663/2136
f 600/772/2137 598/773/2138 440/654/2139 441/659/2140
f 598/773/2141 596/774/2142 439/540/2143 440/654/2144
f 592/775/2145 593/627/2146 438/551/2147 437/541/2148
f 596/774/2149 592/775/2150 437/541/2151 439/540/2152
f 590/776/2153 588/777/2154 435/565/2155 436/564/2156
f 588/777/2157 586/778/2158 434/575/2159 435/565/2160
f 586/778/2161 584/779/2162 433/583/2163 434/575/2164
f 584/779/2165 582/780/2166 432/591/2167 433/583/2168
f 578/781/2169 579/617/2170 431/546/2171 430/601/2172
f 582/780/2173 578/781/2174 430/601/2175 432/591/2176
f 575/782/2177 590/776/2178 436/564/2179 429/567/2180
f 573/783/2181 575/782/2182 429/567/2183 428/676/2184
f 571/784/2185 573/783/2186 428/676/2187 427/671/2188
f 569/785/2189 571/784/2190 427/671/2191 426/669/2192
f 567/605/2193 569/785/2194 426/669/2195 425/606/2196
f 607/770/2197 564/764/2198 423/559/2199 445/558/2200
f 604/618/2201 579/617/2202 580/651/2203 603/634/2204
f 618/628/2205 593/627/2206 594/625/2207 617/648/2208
f 564/764/2209 607/770/2210 608/637/2211 563/650/2212
f 590/776/2213 575/782/2214 576/616/2215 589/624/2216
f 616/765/2217 618/628/2218 617/648/2219 615/646/2220
f 614/766/2221 616/765/2222 615/646/2223 613/644/2224
f 612/767/2225 614/766/2226 613/644/2227 611/642/2228
f 610/768/2229 612/767/2230 611/642/2231 609/641/2232
f 606/769/2233 610/768/2234 609/641/2235 605/638/2236
f 607/770/2237 606/769/2238 605/638/2239 608/637/2240
f 602/771/2241 604/618/2242 603/634/2243 601/632/2244
f 600/772/2245 602/771/2246 601/632/2247 599/631/2248
f 598/773/2249 600/772/2250 599/631/2251 597/630/2252
f 596/774/2253 598/773/2254 597/630/2255 595/629/2256
f 592/775/2257 596/774/2258 595/629/2259 591/626/2260
f 593/627/2261 592/775/2262 591/626/2263 594/625/2264
f 588/777/2265 590/776/2266 589/624/2267 587/623/2268
f 586/778/2269 588/777/2270 587/623/2271 585/622/2272
f 584/779/2273 586/778/2274 585/622/2275 583/621/2276
f 582/780/2277 584/779/2278 583/621/2279 581/620/2280
f 578/781/2281 582/780/2282 581/620/2283 577/619/2284
f 579/617/2285 578/781/2286 577/619/2287 580/651/2288
f 575/782/2289 573/783/2290 574/615/2291 576/616/2292
f 573/783/2293 571/784/2294 572/614/2295 574/615/2296
f 571/784/2297 569/785/2298 570/613/2299 572/614/2300
f 569/785/2301 567/605/2302 568/610/2303 570/613/2304
f 567/605/2305 565/604/2306 566/611/2307 568/610/2308
f 565/604/2309 564/764/2310 563/650/2311 566/611/2312
f 451/649/2313 452/608/2314 566/611/2315 563/650/2316
f 986/786/2317 987/787/2318 642/788/2319 673/789/2320
f 673/789/2321 642/788/2322 641/598/2323 674/679/2324
f 985/790/2325 986/786/2326 673/789/2327 671/791/2328
f 671/791/2329 673/789/2330 674/679/2331 672/678/2332
f 984/792/2333 985/790/2334 671/791/2335 669/793/2336
f 669/793/2337 671/791/2338 672/678/2339 670/677/2340
f 991/794/2341 1003/795/2342 652/796/2343 637/797/2344
f 637/797/2345 652/796/2346 651/652/2347 638/588/2348
f 983/798/2349 984/792/2350 669/793/2351 667/799/2352
f 667/799/2353 669/793/2354 670/677/2355 668/672/2356
f 998/800/2357 1010/801/2358 666/802/2359 623/803/2360
f 623/803/2361 666/802/2362 665/667/2363 624/560/2364
f 1005/804/2365 983/798/2366 667/799/2367 653/805/2368
f 653/805/2369 667/799/2370 668/672/2371 654/656/2372
f 989/806/2373 996/807/2374 626/808/2375 639/809/2376
f 639/809/2377 626/808/2378 625/568/2379 640/595/2380
f 1010/801/2381 1009/810/2382 664/811/2383 666/802/2384
f 666/802/2385 664/811/2386 663/665/2387 665/667/2388
f 1009/810/2389 1008/812/2390 662/813/2391 664/811/2392
f 664/811/2393 662/813/2394 661/661/2395 663/665/2396
f 1008/812/2397 1007/814/2398 660/815/2399 662/813/2400
f 662/813/2401 660/815/2402 659/660/2403 661/661/2404
f 1007/814/2405 1006/816/2406 658/817/2407 660/815/2408
f 660/815/2409 658/817/2410 657/657/2411 659/660/2412
f 1006/816/2413 1004/818/2414 656/819/2415 658/817/2416
f 658/817/2417 656/819/2418 655/655/2419 657/657/2420
f 1004/818/2421 1005/804/2422 653/805/2423 656/819/2424
f 656/819/2425 653/805/2426 654/656/2427 655/655/2428
f 1003/795/2429 1002/820/2430 650/821/2431 652/796/2432
f 652/796/2433 650/821/2434 649/534/2435 651/652/2436
f 987/787/2437 988/822/2438 643/823/2439 642/788/2440
f 642/788/2441 643/823/2442 644/594/2443 641/598/2444
f 988/822/2445 989/806/2446 639/809/2447 643/823/2448
f 643/823/2449 639/809/2450 640/595/2451 644/594/2452
f 990/824/2453 991/794/2454 637/797/2455 636/825/2456
f 636/825/2457 637/797/2458 638/588/2459 635/586/2460
f 992/826/2461 990/824/2462 636/825/2463 634/827/2464
f 634/827/2465 636/825/2466 635/586/2467 633/580/2468
f 993/828/2469 992/826/2470 634/827/2471 632/829/2472
f 632/829/2473 634/827/2474 633/580/2475 631/578/2476
f 994/830/2477 993/828/2478 632/829/2479 630/831/2480
f 630/831/2481 632/829/2482 631/578/2483 629/572/2484
f 995/832/2485 994/830/2486 630/831/2487 628/833/2488
f 628/833/2489 630/831/2490 629/572/2491 627/569/2492
f 996/807/2493 995/832/2494 628/833/2495 626/808/2496
f 626/808/2497 628/833/2498 627/569/2499 625/568/2500
f 997/834/2501 998/800/2502 623/803/2503 622/835/2504
f 622/835/2505 623/803/2506 624/560/2507 621/554/2508
f 999/836/2509 997/834/2510 622/835/2511 620/837/2512
f 620/837/2513 622/835/2514 621/554/2515 619/548/2516
f 1000/838/2517 999/836/2518 620/837/2519 646/839/2520
f 646/839/2521 620/837/2522 619/548/2523 645/542/2524
f 1001/840/2525 1000/838/2526 646/839/2527 648/841/2528
f 648/841/2529 646/839/2530 645/542/2531 647/535/2532
f 1002/820/2533 1001/840/2534 648/841/2535 650/821/2536
f 650/821/2537 648/841/2538 647/535/2539 649/534/2540
f 1011/842/2541 688/843/2542 687/844/2543
f 957/845/2544 778/846/2545 777/847/2546 955/848/2547
f 834/849/2548 745/850/2549 747/851/2550 843/852/2551
f 955/848/2552 777/847/2553 776/853/2554 953/854/2555
f 838/855/2556 751/856/2557 739/857/2558 837/858/2559
f 953/854/2560 776/853/2561 775/859/2562 927/860/2563
f 789/861/2564 746/862/2565 745/850/2566 834/849/2567
f 807/863/2568 758/864/2569 746/862/2570 789/861/2571
f 927/860/2572 775/859/2573 773/865/2574 929/866/2575
f 790/867/2576 731/868/2577 753/869/2578 795/870/2579
f 929/866/2580 773/865/2581 774/871/2582 932/872/2583
f 804/873/2584 743/874/2585 744/875/2586 796/876/2587
f 796/876/2588 744/875/2589 737/877/2590 801/878/2591
f 933/879/2592 772/880/2593 771/881/2594 935/882/2595
f 935/882/2596 771/881/2597 770/883/2598 937/884/2599
f 810/885/2600 742/886/2601 743/874/2602 804/873/2603
f 813/887/2604 757/888/2605 758/864/2606 807/863/2607
f 937/884/2608 770/883/2609 769/889/2610 939/890/2611
f 939/890/2612 769/889/2613 768/891/2614 941/892/2615
f 816/893/2616 741/894/2617 742/886/2618 810/885/2619
f 819/895/2620 756/896/2621 757/888/2622 813/887/2623
f 941/892/2624 768/891/2625 766/897/2626 943/898/2627
f 943/898/2628 766/897/2629 767/899/2630 946/900/2631
f 825/901/2632 740/902/2633 741/894/2634 816/893/2635
f 831/903/2636 755/904/2637 756/896/2638 819/895/2639
f 952/905/2640 764/906/2641 765/907/2642 948/908/2643
f 949/909/2644 763/910/2645 764/906/2646 952/905/2647
f 820/911/2648 738/912/2649 740/902/2650 825/901/2651
f 826/913/2652 754/914/2653 755/904/2654 831/903/2655
f 873/915/2656 732/916/2657 733/917/2658 875/918/2659
f 760/919/2660 874/920/2661 876/921/2662 761/922/2663
f 761/922/2664 876/921/2665 878/923/2666 762/924/2667
f 762/924/2668 878/923/2669 880/925/2670 763/910/2671
f 763/910/2672 880/925/2673 882/926/2674 764/906/2675
f 764/906/2676 882/926/2677 884/927/2678 765/907/2679
f 887/928/2680 739/857/2681 751/856/2682 912/929/2683
f 768/891/2684 889/930/2685 885/931/2686 766/897/2687
f 770/883/2688 893/932/2689 891/933/2690 769/889/2691
f 771/881/2692 895/934/2693 893/932/2694 770/883/2695
f 772/880/2696 897/935/2697 895/934/2698 771/881/2699
f 773/865/2700 899/936/2701 902/937/2702 774/871/2703
f 901/938/2704 746/862/2705 758/864/2706 926/939/2707
f 775/859/2708 903/940/2709 899/936/2710 773/865/2711
f 777/847/2712 907/941/2713 905/942/2714 776/853/2715
f 778/846/2716 909/943/2717 907/941/2718 777/847/2719
f 779/944/2720 911/945/2721 909/943/2722 778/846/2723
f 780/946/2724 913/947/2725 916/948/2726 781/949/2727
f 783/950/2728 919/951/2729 917/952/2730 782/953/2731
f 782/953/2732 917/952/2733 913/947/2734 780/946/2735
f 784/954/2736 921/955/2737 919/951/2738 783/950/2739
f 785/956/2740 923/957/2741 921/955/2742 784/954/2743
f 786/958/2744 925/959/2745 923/957/2746 785/956/2747
f 765/907/2748 884/927/2749 897/935/2750 772/880/2751
f 781/949/2752 916/948/2753 871/960/2754 759/961/2755
f 774/871/2756 902/937/2757 925/959/2758 786/958/2759
f 767/899/2760 888/962/2761 911/945/2762 779/944/2763
f 959/963/2764 779/944/2765 778/846/2766 957/845/2767
f 843/852/2768 747/851/2769 748/964/2770 846/965/2771
f 963/966/2772 780/946/2773 781/949/2774 962/967/2775
f 965/968/2776 782/953/2777 780/946/2778 963/966/2779
f 846/965/2780 748/964/2781 749/969/2782 849/970/2783
f 967/971/2784 783/950/2785 782/953/2786 965/968/2787
f 969/972/2788 784/954/2789 783/950/2790 967/971/2791
f 849/970/2792 749/969/2793 750/973/2794 852/974/2795
f 853/975/2796 732/916/2797 731/868/2798 790/867/2799
f 971/976/2800 785/956/2801 784/954/2802 969/972/2803
f 856/977/2804 733/917/2805 732/916/2806 853/975/2807
f 973/978/2808 786/958/2809 785/956/2810 971/976/2811
f 852/974/2812 750/973/2813 751/856/2814 838/855/2815
f 859/979/2816 734/980/2817 733/917/2818 856/977/2819
f 948/908/2820 765/907/2821 772/880/2822 933/879/2823
f 862/981/2824 735/982/2825 734/980/2826 859/979/2827
f 962/967/2828 781/949/2829 759/961/2830 976/983/2831
f 795/870/2832 753/869/2833 752/984/2834 867/985/2835
f 868/986/2836 736/987/2837 735/982/2838 862/981/2839
f 932/872/2840 774/871/2841 786/958/2842 973/978/2843
f 976/983/2844 759/961/2845 760/919/2846 978/988/2847
f 801/878/2848 737/877/2849 736/987/2850 868/986/2851
f 946/900/2852 767/899/2853 779/944/2854 959/963/2855
f 978/988/2856 760/919/2857 761/922/2858 980/989/2859
f 867/985/2860 752/984/2861 754/914/2862 826/913/2863
f 837/858/2864 739/857/2865 738/912/2866 820/911/2867
f 980/989/2868 761/922/2869 762/924/2870 982/990/2871
f 982/990/2872 762/924/2873 763/910/2874 949/909/2875
f 711/991/2876 835/992/2877 822/993/2878 710/994/2879
f 835/992/2880 836/995/2881 821/996/2882 822/993/2883
f 836/995/2884 837/858/2885 820/911/2886 821/996/2887
f 724/997/2888 865/998/2889 828/999/2890 726/1000/2891
f 865/998/2892 866/1001/2893 827/1002/2894 828/999/2895
f 866/1001/2896 867/985/2897 826/913/2898 827/1002/2899
f 709/1003/2900 799/1004/2901 870/1005/2902 708/1006/2903
f 799/1004/2904 800/1007/2905 869/1008/2906 870/1005/2907
f 800/1007/2908 801/878/2909 868/986/2910 869/1008/2911
f 708/1006/2912 870/1005/2913 864/1009/2914 707/1010/2915
f 870/1005/2916 869/1008/2917 863/1011/2918 864/1009/2919
f 869/1008/2920 868/986/2921 862/981/2922 863/1011/2923
f 725/1012/2924 793/1013/2925 865/998/2926 724/997/2927
f 793/1013/2928 794/1014/2929 866/1001/2930 865/998/2931
f 794/1014/2932 795/870/2933 867/985/2934 866/1001/2935
f 707/1010/2936 864/1009/2937 861/1015/2938 706/1016/2939
f 864/1009/2940 863/1011/2941 860/1017/2942 861/1015/2943
f 863/1011/2944 862/981/2945 859/979/2946 860/1017/2947
f 706/1016/2948 861/1015/2949 858/1018/2950 705/1019/2951
f 861/1015/2952 860/1017/2953 857/1020/2954 858/1018/2955
f 860/1017/2956 859/979/2957 856/977/2958 857/1020/2959
f 722/1021/2960 850/1022/2961 840/1023/2962 723/1024/2963
f 850/1022/2964 851/1025/2965 839/1026/2966 840/1023/2967
f 851/1025/2968 852/974/2969 838/855/2970 839/1026/2971
f 705/1019/2972 858/1018/2973 855/1027/2974 704/1028/2975
f 858/1018/2976 857/1020/2977 854/1029/2978 855/1027/2979
f 857/1020/2980 856/977/2981 853/975/2982 854/1029/2983
f 704/1028/2984 855/1027/2985 792/1030/2986 703/1031/2987
f 855/1027/2988 854/1029/2989 791/1032/2990 792/1030/2991
f 854/1029/2992 853/975/2993 790/867/2994 791/1032/2995
f 721/1033/2996 847/1034/2997 850/1022/2998 722/1021/2999
f 847/1034/3000 848/1035/3001 851/1025/3002 850/1022/3003
f 848/1035/3004 849/970/3005 852/974/3006 851/1025/3007
f 720/1036/3008 844/1037/3009 847/1034/3010 721/1033/3011
f 844/1037/3012 845/1038/3013 848/1035/3014 847/1034/3015
f 845/1038/3016 846/965/3017 849/970/3018 848/1035/3019
f 719/1039/3020 841/1040/3021 844/1037/3022 720/1036/3023
f 841/1040/3024 842/1041/3025 845/1038/3026 844/1037/3027
f 842/1041/3028 843/852/3029 846/965/3030 845/1038/3031
f 726/1000/3032 828/999/3033 829/1042/3034 727/1043/3035
f 828/999/3036 827/1002/3037 830/1044/3038 829/1042/3039
f 827/1002/3040 826/913/3041 831/903/3042 830/1044/3043
f 710/994/3044 822/993/3045 823/1045/3046 712/1046/3047
f 822/993/3048 821/996/3049 824/1047/3050 823/1045/3051
f 821/996/3052 820/911/3053 825/901/3054 824/1047/3055
f 727/1043/3056 829/1042/3057 817/1048/3058 728/1049/3059
f 829/1042/3060 830/1044/3061 818/1050/3062 817/1048/3063
f 830/1044/3064 831/903/3065 819/895/3066 818/1050/3067
f 712/1046/3068 823/1045/3069 814/1051/3070 713/1052/3071
f 823/1045/3072 824/1047/3073 815/1053/3074 814/1051/3075
f 824/1047/3076 825/901/3077 816/893/3078 815/1053/3079
f 728/1049/3080 817/1048/3081 811/1054/3082 729/1055/3083
f 817/1048/3084 818/1050/3085 812/1056/3086 811/1054/3087
f 818/1050/3088 819/895/3089 813/887/3090 812/1056/3091
f 713/1052/3092 814/1051/3093 808/1057/3094 714/1058/3095
f 814/1051/3096 815/1053/3097 809/1059/3098 808/1057/3099
f 815/1053/3100 816/893/3101 810/885/3102 809/1059/3103
f 729/1055/3104 811/1054/3105 805/1060/3106 730/1061/3107
f 811/1054/3108 812/1056/3109 806/1062/3110 805/1060/3111
f 812/1056/3112 813/887/3113 807/863/3114 806/1062/3115
f 714/1058/3116 808/1057/3117 802/1063/3118 715/1064/3119
f 808/1057/3120 809/1059/3121 803/1065/3122 802/1063/3123
f 809/1059/3124 810/885/3125 804/873/3126 803/1065/3127
f 716/1066/3128 798/1067/3129 799/1004/3130 709/1003/3131
f 798/1067/3132 797/1068/3133 800/1007/3134 799/1004/3135
f 797/1068/3136 796/876/3137 801/878/3138 800/1007/3139
f 715/1064/3140 802/1063/3141 798/1067/3142 716/1066/3143
f 802/1063/3144 803/1065/3145 797/1068/3146 798/1067/3147
f 803/1065/3148 804/873/3149 796/876/3150 797/1068/3151
f 703/1031/3152 792/1030/3153 793/1013/3154 725/1012/3155
f 792/1030/3156 791/1032/3157 794/1014/3158 793/1013/3159
f 791/1032/3160 790/867/3161 795/870/3162 794/1014/3163
f 730/1061/3164 805/1060/3165 787/1069/3166 718/1070/3167
f 805/1060/3168 806/1062/3169 788/1071/3170 787/1069/3171
f 806/1062/3172 807/863/3173 789/861/3174 788/1071/3175
f 718/1070/3176 787/1069/3177 832/1072/3178 717/1073/3179
f 787/1069/3180 788/1071/3181 833/1074/3182 832/1072/3183
f 788/1071/3184 789/861/3185 834/849/3186 833/1074/3187
f 723/1024/3188 840/1023/3189 835/992/3190 711/991/3191
f 840/1023/3192 839/1026/3193 836/995/3194 835/992/3195
f 839/1026/3196 838/855/3197 837/858/3198 836/995/3199
f 717/1073/3200 832/1072/3201 841/1040/3202 719/1039/3203
f 832/1072/3204 833/1074/3205 842/1041/3206 841/1040/3207
f 833/1074/3208 834/849/3209 843/852/3210 842/1041/3211
f 769/889/3212 891/933/3213 889/930/3214 768/891/3215
f 776/853/3216 905/942/3217 903/940/3218 775/859/3219
f 872/1075/3220 731/868/3221 732/916/3222 873/915/3223
f 766/897/3224 885/931/3225 888/962/3226 767/899/3227
f 926/939/3228 758/864/3229 757/888/3230 924/1076/3231
f 924/1076/3232 757/888/3233 756/896/3234 922/1077/3235
f 922/1077/3236 756/896/3237 755/904/3238 920/1078/3239
f 920/1078/3240 755/904/3241 754/914/3242 918/1079/3243
f 914/1080/3244 752/984/3245 753/869/3246 915/1081/3247
f 918/1079/3248 754/914/3249 752/984/3250 914/1080/3251
f 912/929/3252 751/856/3253 750/973/3254 910/1082/3255
f 910/1082/3256 750/973/3257 749/969/3258 908/1083/3259
f 908/1083/3260 749/969/3261 748/964/3262 906/1084/3263
f 906/1084/3264 748/964/3265 747/851/3266 904/1085/3267
f 900/1086/3268 745/850/3269 746/862/3270 901/938/3271
f 904/1085/3272 747/851/3273 745/850/3274 900/1086/3275
f 898/1087/3276 744/875/3277 743/874/3278 896/1088/3279
f 896/1088/3280 743/874/3281 742/886/3282 894/1089/3283
f 894/1089/3284 742/886/3285 741/894/3286 892/1090/3287
f 892/1090/3288 741/894/3289 740/902/3290 890/1091/3291
f 886/1092/3292 738/912/3293 739/857/3294 887/928/3295
f 890/1091/3296 740/902/3297 738/912/3298 886/1092/3299
f 883/1093/3300 737/877/3301 744/875/3302 898/1087/3303
f 881/1094/3304 736/987/3305 737/877/3306 883/1093/3307
f 879/1095/3308 735/982/3309 736/987/3310 881/1094/3311
f 877/1096/3312 734/980/3313 735/982/3314 879/1095/3315
f 875/918/3316 733/917/3317 734/980/3318 877/1096/3319
f 915/1081/3320 753/869/3321 731/868/3322 872/1075/3323
f 912/929/3324 911/945/3325 888/962/3326 887/928/3327
f 926/939/3328 925/959/3329 902/937/3330 901/938/3331
f 872/1075/3332 871/960/3333 916/948/3334 915/1081/3335
f 898/1087/3336 897/935/3337 884/927/3338 883/1093/3339
f 924/1076/3340 923/957/3341 925/959/3342 926/939/3343
f 922/1077/3344 921/955/3345 923/957/3346 924/1076/3347
f 920/1078/3348 919/951/3349 921/955/3350 922/1077/3351
f 918/1079/3352 917/952/3353 919/951/3354 920/1078/3355
f 914/1080/3356 913/947/3357 917/952/3358 918/1079/3359
f 915/1081/3360 916/948/3361 913/947/3362 914/1080/3363
f 910/1082/3364 909/943/3365 911/945/3366 912/929/3367
f 908/1083/3368 907/941/3369 909/943/3370 910/1082/3371
f 906/1084/3372 905/942/3373 907/941/3374 908/1083/3375
f 904/1085/3376 903/940/3377 905/942/3378 906/1084/3379
f 900/1086/3380 899/936/3381 903/940/3382 904/1085/3383
f 901/938/3384 902/937/3385 899/936/3386 900/1086/3387
f 896/1088/3388 895/934/3389 897/935/3390 898/1087/3391
f 894/1089/3392 893/932/3393 895/934/3394 896/1088/3395
f 892/1090/3396 891/933/3397 893/932/3398 894/1089/3399
f 890/1091/3400 889/930/3401 891/933/3402 892/1090/3403
f 886/1092/3404 885/931/3405 889/930/3406 890/1091/3407
f 887/928/3408 888/962/3409 885/931/3410 886/1092/3411
f 883/1093/3412 884/927/3413 882/926/3414 881/1094/3415
f 881/1094/3416 882/926/3417 880/925/3418 879/1095/3419
f 879/1095/3420 880/925/3421 878/923/3422 877/1096/3423
f 877/1096/3424 878/923/3425 876/921/3426 875/918/3427
f 875/918/3428 876/921/3429 874/920/3430 873/915/3431
f 873/915/3432 874/920/3433 871/960/3434 872/1075/3435
f 759/961/3436 871/960/3437 874/920/3438 760/919/3439
f 678/1097/3440 981/1098/3441 950/1099/3442 679/1100/3443
f 981/1098/3444 982/990/3445 949/909/3446 950/1099/3447
f 677/1101/3448 979/1102/3449 981/1098/3450 678/1097/3451
f 979/1102/3452 980/989/3453 982/990/3454 981/1098/3455
f 676/1103/3456 977/1104/3457 979/1102/3458 677/1101/3459
f 977/1104/3460 978/988/3461 980/989/3462 979/1102/3463
f 683/1105/3464 945/1106/3465 960/1107/3466 695/1108/3467
f 945/1106/3468 946/900/3469 959/963/3470 960/1107/3471
f 675/1109/3472 975/1110/3473 977/1104/3474 676/1103/3475
f 975/1110/3476 976/983/3477 978/988/3478 977/1104/3479
f 690/1111/3480 931/1112/3481 974/1113/3482 702/1114/3483
f 931/1112/3484 932/872/3485 973/978/3486 974/1113/3487
f 697/1115/3488 961/1116/3489 975/1110/3490 675/1109/3491
f 961/1116/3492 962/967/3493 976/983/3494 975/1110/3495
f 681/1117/3496 947/1118/3497 934/1119/3498 688/843/3499
f 947/1118/3500 948/908/3501 933/879/3502 934/1119/3503
f 702/1114/3504 974/1113/3505 972/1120/3506 701/1121/3507
f 974/1113/3508 973/978/3509 971/976/3510 972/1120/3511
f 701/1121/3512 972/1120/3513 970/1122/3514 700/1123/3515
f 972/1120/3516 971/976/3517 969/972/3518 970/1122/3519
f 700/1123/3520 970/1122/3521 968/1124/3522 699/1125/3523
f 970/1122/3524 969/972/3525 967/971/3526 968/1124/3527
f 699/1125/3528 968/1124/3529 966/1126/3530 698/1127/3531
f 968/1124/3532 967/971/3533 965/968/3534 966/1126/3535
f 698/1127/3536 966/1126/3537 964/1128/3538 696/1129/3539
f 966/1126/3540 965/968/3541 963/966/3542 964/1128/3543
f 696/1129/3544 964/1128/3545 961/1116/3546 697/1115/3547
f 964/1128/3548 963/966/3549 962/967/3550 961/1116/3551
f 695/1108/3552 960/1107/3553 958/1130/3554 694/1131/3555
f 960/1107/3556 959/963/3557 957/845/3558 958/1130/3559
f 679/1100/3560 950/1099/3561 951/1132/3562 680/1133/3563
f 950/1099/3564 949/909/3565 952/905/3566 951/1132/3567
f 680/1133/3568 951/1132/3569 947/1118/3570 681/1117/3571
f 951/1132/3572 952/905/3573 948/908/3574 947/1118/3575
f 682/1134/3576 944/1135/3577 945/1106/3578 683/1105/3579
f 944/1135/3580 943/898/3581 946/900/3582 945/1106/3583
f 684/1136/3584 942/1137/3585 944/1135/3586 682/1134/3587
f 942/1137/3588 941/892/3589 943/898/3590 944/1135/3591
f 685/1138/3592 940/1139/3593 942/1137/3594 684/1136/3595
f 940/1139/3596 939/890/3597 941/892/3598 942/1137/3599
f 686/1140/3600 938/1141/3601 940/1139/3602 685/1138/3603
f 938/1141/3604 937/884/3605 939/890/3606 940/1139/3607
f 687/844/3608 936/1142/3609 938/1141/3610 686/1140/3611
f 936/1142/3612 935/882/3613 937/884/3614 938/1141/3615
f 688/843/3616 934/1119/3617 936/1142/3618 687/844/3619
f 934/1119/3620 933/879/3621 935/882/3622 936/1142/3623
f 689/1143/3624 930/1144/3625 931/1112/3626 690/1111/3627
f 930/1144/3628 929/866/3629 932/872/3630 931/1112/3631
f 691/1145/3632 928/1146/3633 930/1144/3634 689/1143/3635
f 928/1146/3636 927/860/3637 929/866/3638 930/1144/3639
f 692/1147/3640 954/1148/3641 928/1146/3642 691/1145/3643
f 954/1148/3644 953/854/3645 927/860/3646 928/1146/3647
f 693/1149/3648 956/1150/3649 954/1148/3650 692/1147/3651
f 956/1150/3652 955/848/3653 953/854/3654 954/1148/3655
f 694/1131/3656 958/1130/3657 956/1150/3658 693/1149/3659
f 958/1130/3660 957/845/3661 955/848/3662 956/1150/3663
f 729/501/3664 730/521/3665 422/520/3666 421/502/3667
f 1017/1151/3668 998/800/3669 997/834/3670
f 1012/1152/3671 1011/842/3672 683/1105/3673 695/1108/3674
f 1013/1153/3675 1014/1154/3676 1011/842/3677 1012/1152/3678
f 1014/1154/3679 681/1117/3680 688/843/3681 1011/842/3682
f 702/1114/3683 1013/1153/3684 1012/1152/3685 690/1111/3686
f 1012/1152/3687 695/1108/3688 694/1131/3689
f 697/1115/3690 675/1109/3691 1014/1154/3692 1013/1153/3693
f 696/1129/3694 697/1115/3695 1013/1153/3696
f 1014/1154/3697 680/1133/3698 681/1117/3699
f 1014/1154/3700 679/1100/3701 680/1133/3702
f 1014/1154/3703 678/1097/3704 679/1100/3705
f 1014/1154/3706 677/1101/3707 678/1097/3708
f 676/1103/3709 677/1101/3710 1014/1154/3711
f 675/1109/3712 676/1103/3713 1014/1154/3714
f 1011/842/3715 684/1136/3716 682/1134/3717
f 683/1105/3718 1011/842/3719 682/1134/3720
f 684/1136/3721 1011/842/3722 685/1138/3723
f 685/1138/3724 1011/842/3725 686/1140/3726
f 686/1140/3727 1011/842/3728 687/844/3729
f 698/1127/3730 696/1129/3731 1013/1153/3732
f 699/1125/3733 698/1127/3734 1013/1153/3735
f 700/1123/3736 699/1125/3737 1013/1153/3738
f 701/1121/3739 700/1123/3740 1013/1153/3741
f 702/1114/3742 701/1121/3743 1013/1153/3744
f 1012/1152/3745 694/1131/3746 693/1149/3747
f 1012/1152/3748 693/1149/3749 692/1147/3750
f 1012/1152/3751 692/1147/3752 691/1145/3753
f 1012/1152/3754 691/1145/3755 689/1143/3756
f 690/1111/3757 1012/1152/3758 689/1143/3759
f 1018/1155/3760 991/794/3761 990/824/3762
f 1016/1156/3763 1009/810/3764 1010/801/3765
f 984/792/3766 983/798/3767 1015/1157/3768
f 983/798/3769 1005/804/3770 1016/1156/3771 1015/1157/3772
f 1018/1155/3773 1017/1151/3774 1003/795/3775 991/794/3776
f 1015/1157/3777 1016/1156/3778 1017/1151/3779 1018/1155/3780
f 1016/1156/3781 1010/801/3782 998/800/3783 1017/1151/3784
f 989/806/3785 1015/1157/3786 1018/1155/3787 996/807/3788
f 985/790/3789 984/792/3790 1015/1157/3791
f 986/786/3792 985/790/3793 1015/1157/3794
f 987/787/3795 986/786/3796 1015/1157/3797
f 988/822/3798 987/787/3799 1015/1157/3800
f 989/806/3801 988/822/3802 1015/1157/3803
f 996/807/3804 1018/1155/3805 995/832/3806
f 995/832/3807 1018/1155/3808 994/830/3809
f 994/830/3810 1018/1155/3811 993/828/3812
f 993/828/3813 1018/1155/3814 992/826/3815
f 992/826/3816 1018/1155/3817 990/824/3818
f 1016/1156/3819 1008/812/3820 1009/810/3821
f 1016/1156/3822 1007/814/3823 1008/812/3824
f 1006/816/3825 1007/814/3826 1016/1156/3827
f 1005/804/3828 1004/818/3829 1016/1156/3830
f 1004/818/3831 1006/816/3832 1016/1156/3833
f 1003/795/3834 1017/1151/3835 1002/820/3836
f 1002/820/3837 1017/1151/3838 1001/840/3839
f 1001/840/3840 1017/1151/3841 1000/838/3842
f 1000/838/3843 1017/1151/3844 999/836/3845
f 999/836/3846 1017/1151/3847 997/834/3848
