# Blender 4.0.1
# www.blender.org
mtllib walkway.mtl
o Cube.810
v -10.875606 -0.060536 0.848795
v -10.875860 -0.059315 0.876359
v -10.960683 -0.060178 0.848043
v -10.961361 0.012711 0.847856
v -10.876538 0.013573 0.876172
v -10.876306 0.014656 0.848602
v -10.945282 -0.064522 -0.896755
v -10.859972 -0.063798 -0.923573
v -10.860205 -0.064881 -0.896003
v -10.860904 0.010311 -0.896196
v -10.860650 0.009091 -0.923760
v -10.945960 0.008366 -0.896942
v -5.406466 -0.008366 0.896942
v -5.491776 -0.009091 0.923760
v -5.491523 -0.010311 0.896196
v -5.492222 0.064881 0.896003
v -5.492455 0.063798 0.923573
v -5.407145 0.064522 0.896755
v -5.475888 -0.013573 -0.876172
v -5.391066 -0.012711 -0.847856
v -5.476121 -0.014656 -0.848602
v -5.476821 0.060536 -0.848795
v -5.391744 0.060178 -0.848043
v -5.476566 0.059315 -0.876359
v -5.570475 -0.015536 -0.849432
v -5.740608 -0.017123 -0.850930
v -5.740375 -0.016040 -0.878500
v -5.570242 -0.014453 -0.877003
v -5.834961 -0.018003 -0.851761
v -6.005095 -0.019590 -0.853259
v -6.004862 -0.018507 -0.880829
v -5.834728 -0.016920 -0.879331
v -6.099447 -0.020471 -0.854089
v -6.269580 -0.022058 -0.855587
v -6.269348 -0.020975 -0.883157
v -6.099215 -0.019388 -0.881660
v -6.363934 -0.022938 -0.856418
v -6.534067 -0.024525 -0.857916
v -6.533834 -0.023442 -0.885486
v -6.363701 -0.021855 -0.883988
v -6.628420 -0.025405 -0.858746
v -6.798553 -0.026992 -0.860244
v -6.798321 -0.025909 -0.887814
v -6.628188 -0.024322 -0.886317
v -6.892907 -0.027872 -0.861075
v -7.063040 -0.029459 -0.862573
v -7.062807 -0.028376 -0.890143
v -6.892674 -0.026789 -0.888645
v -7.157393 -0.030339 -0.863403
v -7.327526 -0.031926 -0.864901
v -7.327294 -0.030844 -0.892471
v -7.157161 -0.029256 -0.890974
v -7.421880 -0.032807 -0.865732
v -7.592013 -0.034394 -0.867230
v -7.591780 -0.033311 -0.894800
v -7.421647 -0.031724 -0.893302
v -7.686366 -0.035274 -0.868060
v -7.856500 -0.036861 -0.869558
v -7.856267 -0.035778 -0.897129
v -7.686133 -0.034191 -0.895631
v -7.950853 -0.037741 -0.870389
v -8.120986 -0.039328 -0.871887
v -8.120753 -0.038245 -0.899457
v -7.950620 -0.036658 -0.897959
v -8.215340 -0.040208 -0.872717
v -8.385472 -0.041795 -0.874215
v -8.385240 -0.040712 -0.901786
v -8.215107 -0.039125 -0.900288
v -8.479826 -0.042676 -0.875046
v -8.649959 -0.044263 -0.876544
v -8.649727 -0.043180 -0.904114
v -8.479593 -0.041593 -0.902616
v -8.744312 -0.045143 -0.877375
v -8.914446 -0.046730 -0.878872
v -8.914213 -0.045647 -0.906443
v -8.744080 -0.044060 -0.904945
v -9.008799 -0.047610 -0.879703
v -9.178932 -0.049197 -0.881201
v -9.178699 -0.048114 -0.908771
v -9.008566 -0.046527 -0.907273
v -9.273285 -0.050077 -0.882032
v -9.443419 -0.051664 -0.883529
v -9.443186 -0.050581 -0.911100
v -9.273052 -0.048994 -0.909602
v -9.537771 -0.052544 -0.884360
v -9.707905 -0.054132 -0.885858
v -9.707672 -0.053049 -0.913428
v -9.537539 -0.051461 -0.911930
v -9.802258 -0.055012 -0.886689
v -9.972391 -0.056599 -0.888186
v -9.972158 -0.055516 -0.915757
v -9.802026 -0.053929 -0.914259
v -10.066745 -0.057479 -0.889017
v -10.236877 -0.059066 -0.890515
v -10.236645 -0.057983 -0.918085
v -10.066512 -0.056396 -0.916587
v -10.331231 -0.059946 -0.891346
v -10.501365 -0.061533 -0.892843
v -10.501132 -0.060450 -0.920414
v -10.330998 -0.058863 -0.918916
v -10.765851 -0.064000 -0.895172
v -10.765618 -0.062917 -0.922742
v -10.595486 -0.061330 -0.921244
v -10.595718 -0.062413 -0.893674
v -10.766551 0.011191 -0.895365
v -10.596417 0.012778 -0.893868
v -10.596163 0.011558 -0.921432
v -10.766296 0.009971 -0.922930
v -10.502064 0.013658 -0.893037
v -10.331931 0.015245 -0.891539
v -10.331676 0.014025 -0.919103
v -10.501810 0.012438 -0.920601
v -10.237577 0.016126 -0.890708
v -10.152522 0.018071 -0.889962
v -10.067212 0.018796 -0.916781
v -10.067190 0.016492 -0.916775
v -10.237324 0.014905 -0.918273
v -9.972858 0.019676 -0.915950
v -9.888035 0.020538 -0.887634
v -9.802958 0.020180 -0.886882
v -9.802704 0.018960 -0.914446
v -9.972837 0.017373 -0.915944
v -9.708605 0.021060 -0.886051
v -9.538471 0.022647 -0.884554
v -9.538218 0.021427 -0.912118
v -9.708351 0.019840 -0.913616
v -9.444118 0.023527 -0.883723
v -9.273985 0.025114 -0.882225
v -9.273731 0.023894 -0.909789
v -9.443864 0.022307 -0.911287
v -9.179632 0.025994 -0.881394
v -9.094576 0.027940 -0.880648
v -9.009266 0.028664 -0.907467
v -9.009245 0.026361 -0.907461
v -9.179378 0.024774 -0.908959
v -8.914913 0.029545 -0.906636
v -8.830090 0.030407 -0.878320
v -8.745012 0.030049 -0.877568
v -8.744758 0.028828 -0.905132
v -8.914891 0.027241 -0.906630
v -8.650659 0.030929 -0.876737
v -8.480525 0.032516 -0.875239
v -8.480271 0.031296 -0.902804
v -8.650405 0.029709 -0.904302
v -8.386172 0.033396 -0.874409
v -8.216039 0.034983 -0.872911
v -8.215785 0.033763 -0.900475
v -8.385919 0.032176 -0.901973
v -8.121686 0.035863 -0.872080
v -8.036630 0.037809 -0.871334
v -7.951320 0.038533 -0.898153
v -7.951298 0.036230 -0.898147
v -8.121431 0.034643 -0.899645
v -7.856966 0.039414 -0.897322
v -7.772143 0.040276 -0.869006
v -7.687066 0.039918 -0.868254
v -7.686812 0.038697 -0.895818
v -7.856945 0.037110 -0.897316
v -7.592713 0.040798 -0.867423
v -7.422580 0.042385 -0.865925
v -7.422326 0.041165 -0.893490
v -7.592459 0.039578 -0.894988
v -7.328226 0.043265 -0.865095
v -7.158093 0.044852 -0.863597
v -7.157839 0.043632 -0.891161
v -7.327972 0.042045 -0.892659
v -7.063740 0.045732 -0.862766
v -6.978684 0.047677 -0.862020
v -6.893374 0.048402 -0.888839
v -6.893353 0.046099 -0.888833
v -7.063486 0.044512 -0.890330
v -6.799021 0.049282 -0.888008
v -6.714197 0.050145 -0.859692
v -6.629120 0.049787 -0.858940
v -6.628866 0.048566 -0.886504
v -6.798999 0.046979 -0.888002
v -6.534767 0.050667 -0.858109
v -6.364634 0.052254 -0.856611
v -6.364380 0.051034 -0.884176
v -6.534513 0.049446 -0.885673
v -6.270280 0.053134 -0.855781
v -6.100147 0.054721 -0.854283
v -6.099893 0.053501 -0.881847
v -6.270026 0.051914 -0.883345
v -6.005794 0.055601 -0.853452
v -5.920738 0.057546 -0.852706
v -5.835428 0.058271 -0.879525
v -5.835406 0.055968 -0.879519
v -6.005540 0.054381 -0.881016
v -5.571174 0.059655 -0.849626
v -5.570920 0.058435 -0.877190
v -5.741053 0.056848 -0.878688
v -5.741075 0.059151 -0.878694
v -5.656251 0.060014 -0.850378
v -10.781507 -0.058435 0.877190
v -10.781253 -0.059655 0.849626
v -10.611119 -0.058068 0.851124
v -10.611374 -0.056848 0.878688
v -10.517020 -0.055968 0.879519
v -10.516766 -0.057188 0.851954
v -10.346633 -0.055601 0.853452
v -10.346887 -0.054381 0.881016
v -10.252534 -0.053501 0.881847
v -10.252279 -0.054721 0.854283
v -10.082147 -0.053134 0.855781
v -10.082400 -0.051914 0.883345
v -9.988047 -0.051034 0.884176
v -9.987793 -0.052254 0.856611
v -9.817659 -0.050667 0.858109
v -9.817914 -0.049446 0.885673
v -9.723560 -0.048566 0.886504
v -9.723307 -0.049787 0.858940
v -9.553173 -0.048199 0.860438
v -9.553428 -0.046979 0.888002
v -9.459074 -0.046099 0.888833
v -9.458820 -0.047319 0.861268
v -9.288687 -0.045732 0.862766
v -9.288940 -0.044512 0.890330
v -9.194588 -0.043632 0.891161
v -9.194334 -0.044852 0.863597
v -9.024200 -0.043265 0.865095
v -9.024454 -0.042045 0.892659
v -8.930101 -0.041165 0.893490
v -8.929847 -0.042385 0.865925
v -8.759714 -0.040798 0.867423
v -8.759968 -0.039578 0.894988
v -8.665615 -0.038697 0.895818
v -8.665360 -0.039918 0.868254
v -8.495228 -0.038331 0.869752
v -8.495481 -0.037110 0.897316
v -8.401128 -0.036230 0.898147
v -8.400874 -0.037450 0.870582
v -8.230741 -0.035863 0.872080
v -8.230995 -0.034643 0.899645
v -8.136642 -0.033763 0.900475
v -8.136388 -0.034983 0.872911
v -7.966254 -0.033396 0.874409
v -7.966508 -0.032176 0.901973
v -7.872155 -0.031296 0.902804
v -7.871901 -0.032516 0.875239
v -7.701768 -0.030929 0.876737
v -7.702022 -0.029709 0.904302
v -7.607669 -0.028828 0.905132
v -7.607415 -0.030049 0.877568
v -7.437282 -0.028462 0.879066
v -7.437535 -0.027241 0.906630
v -7.343182 -0.026361 0.907461
v -7.342928 -0.027582 0.879897
v -7.172795 -0.025994 0.881394
v -7.173049 -0.024774 0.908959
v -7.078696 -0.023894 0.909789
v -7.078442 -0.025114 0.882225
v -6.908309 -0.023527 0.883723
v -6.908563 -0.022307 0.911287
v -6.814209 -0.021427 0.912118
v -6.813955 -0.022647 0.884554
v -6.643822 -0.021060 0.886051
v -6.644076 -0.019840 0.913616
v -6.549723 -0.018960 0.914446
v -6.549469 -0.020180 0.886882
v -6.379335 -0.018593 0.888380
v -6.379590 -0.017373 0.915944
v -6.285236 -0.016492 0.916775
v -6.284982 -0.017713 0.889211
v -6.114849 -0.016126 0.890708
v -6.115103 -0.014905 0.918273
v -6.020750 -0.014025 0.919103
v -6.020495 -0.015245 0.891539
v -5.850363 -0.013658 0.893037
v -5.850616 -0.012438 0.920601
v -5.586130 -0.009971 0.922930
v -5.756263 -0.011558 0.921432
v -5.756009 -0.012778 0.893868
v -5.585876 -0.011191 0.895365
v -5.586808 0.062917 0.922742
v -5.586576 0.064000 0.895172
v -5.671653 0.064358 0.894420
v -5.756963 0.063634 0.921238
v -5.756941 0.061330 0.921244
v -5.851316 0.062753 0.920408
v -5.936139 0.061891 0.892092
v -6.021195 0.059946 0.891346
v -6.021428 0.058863 0.918916
v -5.851295 0.060450 0.920414
v -6.115781 0.057983 0.918085
v -6.115548 0.059066 0.890515
v -6.285682 0.057479 0.889017
v -6.285914 0.056396 0.916587
v -6.380268 0.055516 0.915757
v -6.380035 0.056599 0.888186
v -6.550168 0.055012 0.886689
v -6.550401 0.053929 0.914259
v -6.644754 0.053049 0.913428
v -6.644522 0.054132 0.885858
v -6.729599 0.054490 0.885106
v -6.814909 0.053765 0.911924
v -6.814887 0.051461 0.911930
v -6.909262 0.052885 0.911094
v -6.994085 0.052022 0.882778
v -7.079141 0.050077 0.882032
v -7.079374 0.048994 0.909602
v -6.909241 0.050581 0.911100
v -7.173727 0.048114 0.908771
v -7.173494 0.049197 0.881201
v -7.343628 0.047610 0.879703
v -7.343860 0.046527 0.907273
v -7.438213 0.045647 0.906443
v -7.437981 0.046730 0.878872
v -7.608114 0.045143 0.877375
v -7.608347 0.044060 0.904945
v -7.702700 0.043180 0.904114
v -7.702467 0.044263 0.876544
v -7.787545 0.044621 0.875792
v -7.872855 0.043896 0.902610
v -7.872833 0.041593 0.902616
v -7.967208 0.043016 0.901780
v -8.052032 0.042153 0.873464
v -8.137087 0.040208 0.872717
v -8.137320 0.039125 0.900288
v -7.967186 0.040712 0.901786
v -8.231673 0.038245 0.899457
v -8.231441 0.039328 0.871887
v -8.401574 0.037741 0.870389
v -8.401807 0.036658 0.897959
v -8.496160 0.035778 0.897129
v -8.495927 0.036861 0.869558
v -8.666060 0.035274 0.868060
v -8.666293 0.034191 0.895631
v -8.760646 0.033311 0.894800
v -8.760413 0.034394 0.867230
v -8.845490 0.034752 0.866478
v -8.930800 0.034027 0.893296
v -8.930779 0.031724 0.893302
v -9.025154 0.033147 0.892466
v -9.109978 0.032285 0.864149
v -9.195033 0.030339 0.863403
v -9.195266 0.029256 0.890974
v -9.025132 0.030844 0.892471
v -9.289619 0.028376 0.890143
v -9.289387 0.029459 0.862573
v -9.459519 0.027872 0.861075
v -9.459752 0.026789 0.888645
v -9.554106 0.025909 0.887814
v -9.553873 0.026992 0.860244
v -9.724007 0.025405 0.858746
v -9.724238 0.024322 0.886317
v -9.818592 0.023442 0.885486
v -9.818359 0.024525 0.857916
v -9.903437 0.024883 0.857164
v -9.988747 0.024158 0.883982
v -9.988726 0.021855 0.883988
v -10.083100 0.023278 0.883152
v -10.167923 0.022416 0.854835
v -10.252979 0.020471 0.854089
v -10.253212 0.019388 0.881660
v -10.083078 0.020975 0.883157
v -10.347565 0.018507 0.880829
v -10.347332 0.019590 0.853259
v -10.517466 0.018003 0.851761
v -10.517698 0.016920 0.879331
v -10.782185 0.014453 0.877003
v -10.612051 0.016040 0.878500
v -10.611818 0.017123 0.850930
v -10.781952 0.015536 0.849432
v -10.945458 -0.064473 -0.876695
v -10.860381 -0.064831 -0.875943
v -10.860868 -0.064693 -0.820808
v -10.945946 -0.064335 -0.821560
v -10.960506 -0.060227 0.827995
v -10.960020 -0.060365 0.772861
v -10.874943 -0.060723 0.773613
v -10.875429 -0.060586 0.828747
v -10.961185 0.012661 0.827808
v -10.876128 0.014606 0.828554
v -10.875642 0.014469 0.773419
v -10.960697 0.012524 0.772674
v -10.946136 0.008416 -0.876882
v -10.946624 0.008553 -0.821748
v -10.861567 0.010498 -0.821002
v -10.861081 0.010361 -0.876136
v -5.406290 -0.008416 0.876894
v -5.491345 -0.010361 0.876148
v -5.490859 -0.010498 0.821014
v -5.405803 -0.008553 0.821760
v -5.391242 -0.012661 -0.827796
v -5.391729 -0.012524 -0.772662
v -5.476785 -0.014469 -0.773407
v -5.476298 -0.014606 -0.828542
v -5.391920 0.060227 -0.827983
v -5.476997 0.060586 -0.828735
v -5.477485 0.060723 -0.773601
v -5.392407 0.060365 -0.772849
v -5.406968 0.064473 0.876707
v -5.406481 0.064335 0.821572
v -5.491559 0.064693 0.820820
v -5.492045 0.064831 0.875955
v -5.656428 0.060063 -0.830318
v -5.741738 0.059339 -0.803500
v -5.741717 0.057035 -0.803494
v -5.656894 0.057898 -0.775178
v -5.571837 0.059843 -0.774432
v -5.571351 0.059705 -0.829566
v -5.671476 0.064309 0.874372
v -5.586398 0.063950 0.875124
v -5.585912 0.063813 0.819990
v -5.670968 0.061868 0.819244
v -5.756278 0.061143 0.846062
v -5.756299 0.063446 0.846056
v -5.920915 0.057596 -0.832646
v -6.005971 0.055651 -0.833392
v -6.006457 0.055788 -0.778258
v -5.921380 0.055430 -0.777506
v -5.836070 0.056155 -0.804324
v -5.836092 0.058458 -0.804330
v -5.935962 0.061841 0.872044
v -5.850653 0.062566 0.845225
v -5.850631 0.060263 0.845231
v -5.935454 0.059401 0.816915
v -6.020532 0.059759 0.816163
v -6.021018 0.059896 0.871298
v -6.100324 0.054771 -0.834223
v -6.270457 0.053184 -0.835721
v -6.270690 0.052101 -0.808151
v -6.185867 0.052963 -0.779835
v -6.100811 0.054908 -0.779089
v -6.115372 0.059016 0.870467
v -6.114885 0.058879 0.815333
v -6.199941 0.056934 0.814587
v -6.285251 0.056209 0.841405
v -6.285505 0.057429 0.868969
v -6.364811 0.052304 -0.836552
v -6.534944 0.050717 -0.838049
v -6.535430 0.050854 -0.782915
v -6.450353 0.050496 -0.782163
v -6.365044 0.051221 -0.808981
v -6.379858 0.056549 0.868138
v -6.379604 0.055329 0.840574
v -6.464427 0.054466 0.812258
v -6.549505 0.054824 0.811506
v -6.549991 0.054962 0.866641
v -6.714375 0.050195 -0.839632
v -6.799685 0.049470 -0.812814
v -6.799663 0.047166 -0.812808
v -6.714840 0.048029 -0.784492
v -6.629784 0.049974 -0.783746
v -6.629297 0.049836 -0.838880
v -6.729422 0.054440 0.865058
v -6.644344 0.054082 0.865810
v -6.643858 0.053944 0.810676
v -6.728914 0.051999 0.809930
v -6.814224 0.051274 0.836748
v -6.814245 0.053577 0.836742
v -6.978861 0.047727 -0.841960
v -7.063917 0.045782 -0.842706
v -7.064404 0.045920 -0.787572
v -6.979326 0.045561 -0.786820
v -6.894016 0.046286 -0.813638
v -6.894038 0.048590 -0.813644
v -6.993908 0.051972 0.862730
v -6.908598 0.052697 0.835911
v -6.908577 0.050394 0.835917
v -6.993400 0.049532 0.807601
v -7.078478 0.049890 0.806849
v -7.078964 0.050027 0.861984
v -7.158270 0.044902 -0.843537
v -7.328403 0.043315 -0.845035
v -7.328636 0.042232 -0.817465
v -7.243813 0.043094 -0.789149
v -7.158757 0.045039 -0.788403
v -7.173317 0.049147 0.861153
v -7.172831 0.049010 0.806019
v -7.257887 0.047065 0.805273
v -7.343197 0.046340 0.832091
v -7.343451 0.047560 0.859655
v -7.422757 0.042435 -0.845866
v -7.592890 0.040848 -0.847363
v -7.593377 0.040985 -0.792229
v -7.508299 0.040627 -0.791477
v -7.422989 0.041352 -0.818295
v -7.437804 0.046680 0.858824
v -7.437550 0.045460 0.831260
v -7.522373 0.044597 0.802944
v -7.607450 0.044956 0.802192
v -7.607937 0.045093 0.857327
v -7.772320 0.040326 -0.848946
v -7.857630 0.039601 -0.822128
v -7.857609 0.037298 -0.822122
v -7.772786 0.038160 -0.793806
v -7.687730 0.040105 -0.793060
v -7.687243 0.039968 -0.848194
v -7.787368 0.044571 0.855744
v -7.702291 0.044213 0.856496
v -7.701804 0.044075 0.801362
v -7.786860 0.042130 0.800616
v -7.872169 0.041405 0.827434
v -7.872191 0.043709 0.827428
v -8.036807 0.037858 -0.851274
v -8.121862 0.035913 -0.852020
v -8.122350 0.036051 -0.796886
v -8.037272 0.035693 -0.796134
v -7.951962 0.036417 -0.822952
v -7.951983 0.038721 -0.822958
v -8.051854 0.042104 0.853416
v -7.966545 0.042828 0.826597
v -7.966523 0.040525 0.826603
v -8.051346 0.039663 0.798287
v -8.136424 0.040021 0.797535
v -8.136910 0.040158 0.852670
v -8.216216 0.035033 -0.852851
v -8.386350 0.033446 -0.854349
v -8.386582 0.032363 -0.826779
v -8.301759 0.033225 -0.798463
v -8.216702 0.035170 -0.797717
v -8.231263 0.039278 0.851839
v -8.230777 0.039141 0.796705
v -8.315833 0.037196 0.795959
v -8.401143 0.036471 0.822777
v -8.401397 0.037691 0.850341
v -8.480702 0.032566 -0.855180
v -8.650836 0.030979 -0.856677
v -8.651322 0.031116 -0.801543
v -8.566245 0.030758 -0.800791
v -8.480935 0.031483 -0.827609
v -8.495750 0.036811 0.849510
v -8.495496 0.035591 0.821946
v -8.580319 0.034729 0.793630
v -8.665397 0.035087 0.792878
v -8.665883 0.035224 0.848013
v -8.830266 0.030457 -0.858260
v -8.915576 0.029732 -0.831442
v -8.915555 0.027429 -0.831436
v -8.830731 0.028291 -0.803120
v -8.745676 0.030236 -0.802374
v -8.745189 0.030099 -0.857508
v -8.845314 0.034702 0.846430
v -8.760237 0.034344 0.847182
v -8.759750 0.034206 0.792048
v -8.844806 0.032261 0.791302
v -8.930116 0.031536 0.818120
v -8.930138 0.033840 0.818114
v -9.094753 0.027990 -0.860588
v -9.179809 0.026044 -0.861335
v -9.180296 0.026182 -0.806200
v -9.095218 0.025824 -0.805448
v -9.009909 0.026549 -0.832266
v -9.009930 0.028852 -0.832272
v -9.109800 0.032235 0.844102
v -9.024490 0.032960 0.817283
v -9.024469 0.030656 0.817289
v -9.109292 0.029794 0.788973
v -9.194369 0.030152 0.788221
v -9.194857 0.030290 0.843356
v -9.274162 0.025164 -0.862165
v -9.444295 0.023577 -0.863663
v -9.444528 0.022494 -0.836093
v -9.359705 0.023356 -0.807777
v -9.274649 0.025302 -0.807031
v -9.289209 0.029409 0.842525
v -9.288723 0.029272 0.787391
v -9.373778 0.027327 0.786645
v -9.459088 0.026602 0.813463
v -9.459343 0.027822 0.841027
v -9.538649 0.022697 -0.864494
v -9.708782 0.021110 -0.865991
v -9.709269 0.021247 -0.810857
v -9.624191 0.020889 -0.810105
v -9.538881 0.021614 -0.836923
v -9.553696 0.026942 0.840196
v -9.553442 0.025722 0.812632
v -9.638266 0.024860 0.784316
v -9.723343 0.025218 0.783564
v -9.723829 0.025355 0.838699
v -9.888212 0.020588 -0.867574
v -9.973522 0.019863 -0.840756
v -9.973501 0.017560 -0.840750
v -9.888678 0.018422 -0.812434
v -9.803621 0.020367 -0.811688
v -9.803135 0.020230 -0.866822
v -9.903260 0.024833 0.837116
v -9.818183 0.024475 0.837868
v -9.817696 0.024338 0.782734
v -9.902752 0.022392 0.781988
v -9.988062 0.021668 0.808806
v -9.988083 0.023971 0.808800
v -10.152699 0.018121 -0.869903
v -10.237755 0.016176 -0.870649
v -10.238241 0.016313 -0.815514
v -10.153164 0.015955 -0.814762
v -10.067854 0.016680 -0.841581
v -10.067876 0.018983 -0.841586
v -10.167747 0.022366 0.834787
v -10.082437 0.023091 0.807969
v -10.082415 0.020787 0.807975
v -10.167238 0.019925 0.779659
v -10.252316 0.020283 0.778907
v -10.252802 0.020421 0.834042
v -10.332108 0.015295 -0.871479
v -10.502241 0.013708 -0.872977
v -10.502474 0.012625 -0.845407
v -10.417650 0.013488 -0.817091
v -10.332595 0.015433 -0.816345
v -10.347156 0.019540 0.833211
v -10.346668 0.019403 0.778076
v -10.431725 0.017458 0.777331
v -10.517035 0.016733 0.804149
v -10.517288 0.017953 0.831713
v -10.766727 0.011241 -0.875306
v -10.767215 0.011378 -0.820171
v -10.682137 0.011020 -0.819419
v -10.596827 0.011745 -0.846238
v -10.596594 0.012828 -0.873808
v -10.781775 0.015486 0.829385
v -10.611642 0.017073 0.830882
v -10.611388 0.015853 0.803318
v -10.696211 0.014991 0.775002
v -10.781288 0.015349 0.774250
v -10.766028 -0.063950 -0.875112
v -10.596382 -0.062226 -0.818480
v -10.781075 -0.059705 0.829578
v -10.610456 -0.058256 0.775941
v -10.331409 -0.059896 -0.871286
v -10.502028 -0.061346 -0.817649
v -10.346456 -0.055651 0.833404
v -10.516103 -0.057375 0.776772
v -10.237055 -0.059016 -0.870455
v -10.067409 -0.057292 -0.813823
v -10.252103 -0.054771 0.834235
v -10.081483 -0.053321 0.780598
v -9.802435 -0.054962 -0.866629
v -9.973055 -0.056411 -0.812992
v -9.817483 -0.050717 0.838061
v -9.987129 -0.052441 0.781429
v -9.708082 -0.054082 -0.865798
v -9.538435 -0.052357 -0.809166
v -9.723129 -0.049836 0.838892
v -9.552509 -0.048387 0.785255
v -9.273462 -0.050027 -0.861972
v -9.444082 -0.051477 -0.808335
v -9.288509 -0.045782 0.842718
v -9.458157 -0.047507 0.786086
v -9.179110 -0.049147 -0.861141
v -9.009462 -0.047423 -0.804509
v -9.194157 -0.044902 0.843549
v -9.023537 -0.043452 0.789913
v -8.744490 -0.045093 -0.857315
v -8.915110 -0.046543 -0.803678
v -8.759537 -0.040848 0.847375
v -8.929183 -0.042572 0.790743
v -8.650136 -0.044213 -0.856484
v -8.480490 -0.042488 -0.799852
v -8.665184 -0.039968 0.848206
v -8.494564 -0.038518 0.794570
v -8.215516 -0.040158 -0.852658
v -8.386136 -0.041608 -0.799021
v -8.230564 -0.035913 0.852032
v -8.400210 -0.037638 0.795400
v -8.121163 -0.039278 -0.851827
v -7.951517 -0.037554 -0.795195
v -8.136210 -0.035033 0.852863
v -7.965590 -0.033583 0.799227
v -7.686543 -0.035224 -0.848001
v -7.857163 -0.036674 -0.794364
v -7.701591 -0.030979 0.856689
v -7.871237 -0.032703 0.800057
v -7.592190 -0.034344 -0.847170
v -7.422544 -0.032619 -0.790538
v -7.607238 -0.030099 0.857520
v -7.436618 -0.028649 0.803884
v -7.157570 -0.030289 -0.843344
v -7.328190 -0.031739 -0.789707
v -7.172618 -0.026044 0.861346
v -7.342264 -0.027769 0.804714
v -7.063217 -0.029409 -0.842513
v -6.893570 -0.027685 -0.785881
v -7.078265 -0.025164 0.862177
v -6.907645 -0.023714 0.808541
v -6.628597 -0.025355 -0.838687
v -6.799217 -0.026805 -0.785050
v -6.643645 -0.021110 0.866003
v -6.813292 -0.022834 0.809371
v -6.534244 -0.024475 -0.837856
v -6.364597 -0.022751 -0.781224
v -6.549292 -0.020230 0.866834
v -6.378672 -0.018780 0.813198
v -6.099625 -0.020421 -0.834030
v -6.270244 -0.021870 -0.780393
v -6.114672 -0.016175 0.870660
v -6.284318 -0.017900 0.814028
v -6.005271 -0.019540 -0.833199
v -5.835625 -0.017816 -0.776567
v -6.020319 -0.015295 0.871491
v -5.849699 -0.013846 0.817855
v -5.570651 -0.015486 -0.829373
v -5.741271 -0.016936 -0.775736
v -5.585699 -0.011241 0.875318
v -5.755345 -0.012965 0.818685
v -10.864047 -0.063796 -0.460681
v -10.864533 -0.063659 -0.405547
v -10.949611 -0.063301 -0.406299
v -10.949124 -0.063438 -0.461433
v -10.871763 -0.061620 0.413482
v -10.956841 -0.061262 0.412730
v -10.956354 -0.061399 0.357596
v -10.871277 -0.061757 0.358348
v -10.872463 0.013572 0.413289
v -10.871976 0.013435 0.358154
v -10.957032 0.011489 0.357408
v -10.957519 0.011627 0.412543
v -10.864746 0.011395 -0.460874
v -10.949802 0.009450 -0.461620
v -10.950289 0.009587 -0.406486
v -10.865233 0.011532 -0.405740
v -5.487680 -0.011395 0.460883
v -5.487193 -0.011532 0.405749
v -5.402138 -0.009587 0.406495
v -5.402624 -0.009450 0.461629
v -5.479964 -0.013572 -0.413280
v -5.394908 -0.011627 -0.412534
v -5.395394 -0.011489 -0.357400
v -5.480451 -0.013435 -0.358146
v -5.480663 0.061620 -0.413474
v -5.481150 0.061757 -0.358339
v -5.396072 0.061399 -0.357587
v -5.395586 0.061262 -0.412722
v -5.488379 0.063797 0.460690
v -5.403302 0.063438 0.461442
v -5.402816 0.063301 0.406307
v -5.487893 0.063659 0.405555
v -5.660072 0.058794 -0.415050
v -5.745382 0.058069 -0.388232
v -5.745636 0.059290 -0.360668
v -5.575503 0.060877 -0.359170
v -5.575016 0.060739 -0.414304
v -5.667789 0.060971 0.459113
v -5.582733 0.062916 0.459859
v -5.582246 0.062779 0.404725
v -5.752379 0.061192 0.403227
v -5.752612 0.060109 0.430797
v -5.924559 0.056327 -0.417379
v -6.009636 0.056685 -0.418131
v -6.010123 0.056822 -0.362996
v -5.839990 0.058410 -0.361498
v -5.839736 0.057189 -0.389063
v -5.932275 0.058504 0.456785
v -5.846965 0.059229 0.429966
v -5.846733 0.060312 0.402396
v -6.016866 0.058725 0.400898
v -6.017353 0.058862 0.456033
v -6.189046 0.053860 -0.419707
v -6.274356 0.053135 -0.392889
v -6.274610 0.054355 -0.365325
v -6.104476 0.055942 -0.363827
v -6.103990 0.055805 -0.418961
v -6.196762 0.056037 0.454456
v -6.111706 0.057982 0.455202
v -6.111219 0.057845 0.400068
v -6.281353 0.056258 0.398570
v -6.281585 0.055175 0.426140
v -6.453532 0.051393 -0.422036
v -6.538610 0.051751 -0.422788
v -6.539096 0.051888 -0.367653
v -6.368963 0.053475 -0.366155
v -6.368709 0.052255 -0.393720
v -6.461248 0.053570 0.452127
v -6.375938 0.054294 0.425309
v -6.375706 0.055377 0.397739
v -6.545839 0.053790 0.396241
v -6.546326 0.053928 0.451376
v -6.718019 0.048925 -0.424364
v -6.803329 0.048201 -0.397546
v -6.803583 0.049421 -0.369982
v -6.633450 0.051008 -0.368484
v -6.632963 0.050871 -0.423618
v -6.725735 0.051102 0.449799
v -6.640679 0.053047 0.450545
v -6.640192 0.052910 0.395411
v -6.810326 0.051323 0.393913
v -6.810558 0.050240 0.421483
v -6.982505 0.046458 -0.426693
v -7.067582 0.046816 -0.427445
v -7.068069 0.046954 -0.372310
v -6.897936 0.048541 -0.370812
v -6.897682 0.047320 -0.398377
v -6.990221 0.048635 0.447470
v -6.904912 0.049360 0.420652
v -6.904679 0.050443 0.393082
v -7.074812 0.048856 0.391584
v -7.075299 0.048993 0.446719
v -7.246992 0.043991 -0.429021
v -7.332302 0.043266 -0.402203
v -7.332556 0.044486 -0.374639
v -7.162422 0.046073 -0.373141
v -7.161936 0.045936 -0.428275
v -7.254708 0.046168 0.445142
v -7.169652 0.048113 0.445888
v -7.169165 0.047976 0.390754
v -7.339298 0.046389 0.389256
v -7.339531 0.045306 0.416826
v -7.511478 0.041524 -0.431350
v -7.596555 0.041882 -0.432102
v -7.597042 0.042019 -0.376967
v -7.426909 0.043606 -0.375469
v -7.426655 0.042386 -0.403034
v -7.519195 0.043701 0.442813
v -7.433885 0.044426 0.415995
v -7.433652 0.045509 0.388425
v -7.603785 0.043921 0.386927
v -7.604272 0.044059 0.442062
v -7.775965 0.039057 -0.433678
v -7.861275 0.038332 -0.406860
v -7.861528 0.039552 -0.379296
v -7.691395 0.041139 -0.377798
v -7.690908 0.041002 -0.432932
v -7.783681 0.041233 0.440485
v -7.698625 0.043179 0.441231
v -7.698138 0.043041 0.386097
v -7.868271 0.041454 0.384599
v -7.868504 0.040371 0.412169
v -8.040451 0.036589 -0.436007
v -8.125528 0.036947 -0.436759
v -8.126015 0.037085 -0.381624
v -7.955882 0.038672 -0.380126
v -7.955628 0.037452 -0.407691
v -8.048167 0.038766 0.438156
v -7.962857 0.039491 0.411338
v -7.962625 0.040574 0.383768
v -8.132758 0.038987 0.382270
v -8.133245 0.039124 0.437405
v -8.304937 0.034122 -0.438335
v -8.390247 0.033397 -0.411517
v -8.390502 0.034617 -0.383953
v -8.220368 0.036205 -0.382455
v -8.219882 0.036067 -0.437589
v -8.312654 0.036299 0.435828
v -8.227598 0.038244 0.436574
v -8.227111 0.038107 0.381440
v -8.397244 0.036520 0.379942
v -8.397477 0.035437 0.407512
v -8.569424 0.031655 -0.440664
v -8.654501 0.032013 -0.441416
v -8.654988 0.032150 -0.386281
v -8.484855 0.033737 -0.384783
v -8.484601 0.032517 -0.412348
v -8.577141 0.033832 0.433499
v -8.491831 0.034557 0.406681
v -8.491598 0.035640 0.379111
v -8.661731 0.034053 0.377613
v -8.662218 0.034190 0.432748
v -8.833911 0.029188 -0.442992
v -8.919221 0.028463 -0.416174
v -8.919475 0.029683 -0.388610
v -8.749341 0.031270 -0.387112
v -8.748855 0.031133 -0.442246
v -8.841627 0.031365 0.431171
v -8.756571 0.033310 0.431917
v -8.756084 0.033172 0.376782
v -8.926218 0.031585 0.375285
v -8.926450 0.030502 0.402855
v -9.098397 0.026720 -0.445321
v -9.183475 0.027079 -0.446073
v -9.183961 0.027216 -0.390938
v -9.013828 0.028803 -0.389440
v -9.013574 0.027583 -0.417005
v -9.106113 0.028897 0.428842
v -9.020803 0.029622 0.402024
v -9.020571 0.030705 0.374454
v -9.190704 0.029118 0.372956
v -9.191191 0.029255 0.428091
v -9.362884 0.024253 -0.447649
v -9.448194 0.023528 -0.420831
v -9.448447 0.024749 -0.393267
v -9.278315 0.026336 -0.391769
v -9.277828 0.026198 -0.446903
v -9.370600 0.026430 0.426514
v -9.285543 0.028375 0.427260
v -9.285057 0.028238 0.372125
v -9.455191 0.026651 0.370628
v -9.455423 0.025568 0.398198
v -9.627370 0.021786 -0.449978
v -9.712447 0.022144 -0.450730
v -9.712934 0.022281 -0.395595
v -9.542801 0.023868 -0.394098
v -9.542547 0.022648 -0.421662
v -9.635086 0.023963 0.424185
v -9.549776 0.024688 0.397367
v -9.549543 0.025771 0.369797
v -9.719677 0.024184 0.368299
v -9.720163 0.024321 0.423433
v -9.891856 0.019319 -0.452306
v -9.977166 0.018594 -0.425488
v -9.977421 0.019814 -0.397924
v -9.807287 0.021401 -0.396426
v -9.806801 0.021264 -0.451560
v -9.899572 0.021496 0.421857
v -9.814517 0.023441 0.422603
v -9.814031 0.023303 0.367468
v -9.984163 0.021716 0.365971
v -9.984396 0.020633 0.393541
v -10.156343 0.016852 -0.454635
v -10.241421 0.017210 -0.455387
v -10.241907 0.017347 -0.400252
v -10.071774 0.018934 -0.398755
v -10.071520 0.017714 -0.426319
v -10.164060 0.019028 0.419528
v -10.078750 0.019753 0.392710
v -10.078517 0.020836 0.365140
v -10.248650 0.019249 0.363642
v -10.249137 0.019387 0.418776
v -10.420830 0.014384 -0.456963
v -10.506140 0.013659 -0.430145
v -10.506393 0.014880 -0.402581
v -10.336260 0.016467 -0.401083
v -10.335773 0.016329 -0.456217
v -10.428546 0.016561 0.417200
v -10.343490 0.018506 0.417946
v -10.343003 0.018369 0.362811
v -10.513136 0.016782 0.361314
v -10.513369 0.015699 0.388884
v -10.685316 0.011917 -0.459292
v -10.770393 0.012275 -0.460044
v -10.770880 0.012412 -0.404909
v -10.600746 0.014000 -0.403412
v -10.600492 0.012779 -0.430976
v -10.693032 0.014094 0.414871
v -10.607722 0.014819 0.388053
v -10.607490 0.015902 0.360483
v -10.777623 0.014315 0.358985
v -10.778110 0.014452 0.414119
v -10.770181 -0.062779 -0.404716
v -10.599561 -0.061329 -0.458352
v -10.776923 -0.060877 0.359178
v -10.607277 -0.059152 0.415811
v -10.335561 -0.058725 -0.400890
v -10.505207 -0.060449 -0.457522
v -10.342303 -0.056822 0.363005
v -10.512924 -0.058272 0.416641
v -10.241207 -0.057845 -0.400059
v -10.070587 -0.056395 -0.453695
v -10.247951 -0.055942 0.363835
v -10.078303 -0.054218 0.420468
v -9.806587 -0.053790 -0.396233
v -9.976234 -0.055515 -0.452865
v -9.813331 -0.051888 0.367662
v -9.983951 -0.053338 0.421298
v -9.712234 -0.052910 -0.395402
v -9.541615 -0.051460 -0.449038
v -9.718977 -0.051008 0.368493
v -9.549331 -0.049284 0.425125
v -9.277615 -0.048856 -0.391576
v -9.447261 -0.050580 -0.448208
v -9.284357 -0.046954 0.372319
v -9.454977 -0.048403 0.425955
v -9.183261 -0.047976 -0.390745
v -9.012641 -0.046526 -0.444381
v -9.190004 -0.046073 0.373150
v -9.020358 -0.044349 0.429782
v -8.748642 -0.043921 -0.386919
v -8.918288 -0.045646 -0.443551
v -8.755384 -0.042019 0.376976
v -8.926004 -0.043469 0.430612
v -8.654288 -0.043041 -0.386088
v -8.483668 -0.041591 -0.439724
v -8.661032 -0.041139 0.377807
v -8.491385 -0.039415 0.434439
v -8.219668 -0.038987 -0.382262
v -8.389316 -0.040711 -0.438894
v -8.226412 -0.037085 0.381633
v -8.397032 -0.038534 0.435269
v -8.125316 -0.038107 -0.381431
v -7.954695 -0.036657 -0.435067
v -8.132058 -0.036205 0.382464
v -7.962412 -0.034480 0.439096
v -7.690696 -0.034053 -0.377605
v -7.860342 -0.035777 -0.434237
v -7.697439 -0.032150 0.386290
v -7.868059 -0.033600 0.439926
v -7.596342 -0.033172 -0.376774
v -7.425722 -0.031723 -0.430410
v -7.603086 -0.031270 0.387121
v -7.433439 -0.029546 0.443753
v -7.161723 -0.029118 -0.372947
v -7.331369 -0.030842 -0.429580
v -7.168466 -0.027216 0.390947
v -7.339086 -0.028666 0.444584
v -7.067369 -0.028238 -0.372117
v -6.896749 -0.026788 -0.425753
v -7.074112 -0.026336 0.391778
v -6.904466 -0.024611 0.448410
v -6.632750 -0.024184 -0.368290
v -6.802396 -0.025908 -0.424923
v -6.639493 -0.022281 0.395604
v -6.810112 -0.023731 0.449241
v -6.538396 -0.023303 -0.367460
v -6.367776 -0.021854 -0.421096
v -6.545139 -0.021401 0.396435
v -6.375493 -0.019677 0.453067
v -6.103777 -0.019249 -0.363633
v -6.273423 -0.020974 -0.420266
v -6.110519 -0.017347 0.400261
v -6.281139 -0.018797 0.453898
v -6.009423 -0.018369 -0.362803
v -5.838803 -0.016919 -0.416439
v -6.016167 -0.016467 0.401092
v -5.846520 -0.014742 0.457724
v -5.574803 -0.014315 -0.358976
v -5.744451 -0.016039 -0.415609
v -5.581547 -0.012412 0.404918
v -5.752167 -0.013862 0.458555
v -10.949611 -0.063301 -0.406298
v -10.864533 -0.063659 -0.405546
v -10.865021 -0.063522 -0.350412
v -10.950098 -0.063164 -0.351164
v -10.956354 -0.061399 0.357596
v -10.955868 -0.061536 0.302462
v -10.870790 -0.061894 0.303213
v -10.871277 -0.061757 0.358348
v -10.957032 0.011489 0.357408
v -10.871976 0.013435 0.358154
v -10.871490 0.013297 0.303020
v -10.956545 0.011352 0.302274
v -10.950289 0.009587 -0.406486
v -10.950775 0.009724 -0.351351
v -10.865720 0.011670 -0.350605
v -10.865233 0.011532 -0.405740
v -5.402138 -0.009587 0.406495
v -5.487193 -0.011532 0.405749
v -5.486707 -0.011670 0.350614
v -5.401651 -0.009724 0.351360
v -5.395394 -0.011489 -0.357400
v -5.395881 -0.011352 -0.302265
v -5.480937 -0.013297 -0.303011
v -5.480451 -0.013435 -0.358146
v -5.396072 0.061399 -0.357587
v -5.481150 0.061757 -0.358339
v -5.481637 0.061894 -0.303205
v -5.396559 0.061536 -0.302453
v -5.402816 0.063301 0.406307
v -5.402329 0.063164 0.351173
v -5.487406 0.063522 0.350421
v -5.487893 0.063659 0.405555
v -5.575503 0.060877 -0.359170
v -5.745636 0.059290 -0.360667
v -5.745869 0.058207 -0.333097
v -5.661046 0.059069 -0.304781
v -5.575990 0.061014 -0.304035
v -5.582246 0.062779 0.404725
v -5.581759 0.062642 0.349590
v -5.666816 0.060697 0.348844
v -5.752126 0.059972 0.375663
v -5.752379 0.061192 0.403227
v -5.839990 0.058410 -0.361498
v -6.010123 0.056822 -0.362996
v -6.010610 0.056960 -0.307862
v -5.925532 0.056602 -0.307110
v -5.840222 0.057327 -0.333928
v -5.846733 0.060312 0.402396
v -5.846478 0.059092 0.374832
v -5.931302 0.058229 0.346516
v -6.016379 0.058587 0.345764
v -6.016866 0.058725 0.400898
v -6.104476 0.055942 -0.363827
v -6.274610 0.054355 -0.365324
v -6.274842 0.053272 -0.337754
v -6.190019 0.054134 -0.309438
v -6.104963 0.056080 -0.308692
v -6.111219 0.057845 0.400068
v -6.110733 0.057707 0.344933
v -6.195788 0.055762 0.344187
v -6.281098 0.055037 0.371006
v -6.281353 0.056258 0.398570
v -6.368963 0.053475 -0.366155
v -6.539096 0.051888 -0.367653
v -6.539583 0.052025 -0.312519
v -6.454505 0.051667 -0.311767
v -6.369195 0.052392 -0.338585
v -6.375706 0.055377 0.397739
v -6.375452 0.054157 0.370175
v -6.460275 0.053295 0.341859
v -6.545352 0.053653 0.341107
v -6.545839 0.053790 0.396241
v -6.633450 0.051008 -0.368484
v -6.803583 0.049421 -0.369982
v -6.803815 0.048338 -0.342411
v -6.718992 0.049200 -0.314095
v -6.633936 0.051145 -0.313349
v -6.640192 0.052910 0.395411
v -6.639706 0.052773 0.340276
v -6.724761 0.050828 0.339530
v -6.810071 0.050103 0.366348
v -6.810326 0.051323 0.393913
v -6.897936 0.048541 -0.370812
v -7.068069 0.046954 -0.372310
v -7.068556 0.047091 -0.317176
v -6.983479 0.046733 -0.316424
v -6.898169 0.047458 -0.343242
v -6.904679 0.050443 0.393082
v -6.904425 0.049223 0.365518
v -6.989248 0.048361 0.337202
v -7.074326 0.048719 0.336450
v -7.074812 0.048856 0.391584
v -7.162422 0.046073 -0.373141
v -7.332556 0.044486 -0.374639
v -7.332788 0.043403 -0.347068
v -7.247965 0.044266 -0.318752
v -7.162909 0.046211 -0.318006
v -7.169165 0.047976 0.390754
v -7.168678 0.047838 0.335619
v -7.253735 0.045893 0.334873
v -7.339045 0.045168 0.361691
v -7.339298 0.046389 0.389256
v -7.426909 0.043606 -0.375469
v -7.597042 0.042019 -0.376967
v -7.597529 0.042156 -0.321833
v -7.512451 0.041798 -0.321081
v -7.427141 0.042523 -0.347899
v -7.433652 0.045508 0.388425
v -7.433398 0.044288 0.360861
v -7.518221 0.043426 0.332545
v -7.603298 0.043784 0.331793
v -7.603785 0.043921 0.386927
v -7.691395 0.041139 -0.377798
v -7.861528 0.039552 -0.379296
v -7.861761 0.038469 -0.351725
v -7.776938 0.039331 -0.323409
v -7.691882 0.041276 -0.322663
v -7.698138 0.043041 0.386096
v -7.697651 0.042904 0.330962
v -7.782708 0.040959 0.330216
v -7.868018 0.040234 0.357034
v -7.868271 0.041454 0.384599
v -7.955882 0.038672 -0.380126
v -8.126015 0.037085 -0.381624
v -8.126502 0.037222 -0.326490
v -8.041425 0.036864 -0.325738
v -7.956114 0.037589 -0.352556
v -7.962625 0.040574 0.383768
v -7.962371 0.039354 0.356204
v -8.047194 0.038492 0.327888
v -8.132272 0.038850 0.327136
v -8.132758 0.038987 0.382270
v -8.220368 0.036205 -0.382455
v -8.390502 0.034617 -0.383953
v -8.390734 0.033535 -0.356382
v -8.305911 0.034397 -0.328066
v -8.220855 0.036342 -0.327320
v -8.227111 0.038107 0.381439
v -8.226624 0.037970 0.326305
v -8.311681 0.036024 0.325559
v -8.396991 0.035300 0.352377
v -8.397244 0.036520 0.379942
v -8.484855 0.033737 -0.384783
v -8.654988 0.032150 -0.386281
v -8.655475 0.032288 -0.331147
v -8.570397 0.031929 -0.330395
v -8.485087 0.032654 -0.357213
v -8.491598 0.035640 0.379111
v -8.491343 0.034419 0.351547
v -8.576167 0.033557 0.323231
v -8.661244 0.033915 0.322479
v -8.661731 0.034053 0.377613
v -8.749341 0.031270 -0.387112
v -8.919475 0.029683 -0.388610
v -8.919707 0.028600 -0.361039
v -8.834884 0.029462 -0.332723
v -8.749828 0.031407 -0.331977
v -8.756084 0.033172 0.376782
v -8.755598 0.033035 0.321648
v -8.840653 0.031090 0.320902
v -8.925963 0.030365 0.347720
v -8.926218 0.031585 0.375285
v -9.013828 0.028803 -0.389440
v -9.183961 0.027216 -0.390938
v -9.184448 0.027353 -0.335804
v -9.099370 0.026995 -0.335052
v -9.014060 0.027720 -0.361870
v -9.020571 0.030705 0.374454
v -9.020317 0.029485 0.346890
v -9.105140 0.028623 0.318574
v -9.190217 0.028981 0.317822
v -9.190704 0.029118 0.372956
v -9.278315 0.026336 -0.391769
v -9.448447 0.024749 -0.393267
v -9.448680 0.023666 -0.365697
v -9.363857 0.024528 -0.337380
v -9.278801 0.026473 -0.336634
v -9.285057 0.028238 0.372125
v -9.284571 0.028101 0.316991
v -9.369626 0.026155 0.316245
v -9.454936 0.025431 0.343063
v -9.455191 0.026651 0.370628
v -9.542801 0.023868 -0.394097
v -9.712934 0.022281 -0.395595
v -9.713421 0.022419 -0.340461
v -9.628344 0.022061 -0.339709
v -9.543034 0.022785 -0.366527
v -9.549543 0.025771 0.369797
v -9.549290 0.024550 0.342233
v -9.634113 0.023688 0.313917
v -9.719191 0.024046 0.313165
v -9.719677 0.024184 0.368299
v -9.807287 0.021401 -0.396426
v -9.977421 0.019814 -0.397924
v -9.977654 0.018731 -0.370354
v -9.892830 0.019593 -0.342037
v -9.807774 0.021539 -0.341291
v -9.814031 0.023303 0.367468
v -9.813543 0.023166 0.312334
v -9.898600 0.021221 0.311588
v -9.983910 0.020496 0.338406
v -9.984163 0.021716 0.365971
v -10.071774 0.018934 -0.398754
v -10.241907 0.017347 -0.400252
v -10.242393 0.017484 -0.345118
v -10.157316 0.017126 -0.344366
v -10.072006 0.017851 -0.371184
v -10.078517 0.020836 0.365140
v -10.078262 0.019616 0.337576
v -10.163086 0.018754 0.309260
v -10.248163 0.019112 0.308508
v -10.248650 0.019249 0.363642
v -10.336260 0.016467 -0.401083
v -10.506393 0.014880 -0.402581
v -10.506626 0.013797 -0.375011
v -10.421803 0.014659 -0.346694
v -10.336746 0.016604 -0.345948
v -10.343003 0.018369 0.362811
v -10.342516 0.018232 0.307677
v -10.427572 0.016287 0.306931
v -10.512882 0.015562 0.333749
v -10.513136 0.016782 0.361314
v -10.770880 0.012412 -0.404909
v -10.771366 0.012550 -0.349775
v -10.686289 0.012192 -0.349023
v -10.600979 0.012917 -0.375841
v -10.600746 0.014000 -0.403411
v -10.777623 0.014315 0.358985
v -10.607490 0.015902 0.360483
v -10.607236 0.014682 0.332919
v -10.692059 0.013819 0.304603
v -10.777136 0.014177 0.303851
v -10.770181 -0.062779 -0.404716
v -10.600533 -0.061055 -0.348084
v -10.776923 -0.060877 0.359178
v -10.606303 -0.059427 0.305542
v -10.335561 -0.058725 -0.400889
v -10.506180 -0.060175 -0.347253
v -10.342303 -0.056822 0.363005
v -10.511950 -0.058547 0.306373
v -10.241207 -0.057845 -0.400059
v -10.071561 -0.056120 -0.343427
v -10.247951 -0.055942 0.363835
v -10.077331 -0.054493 0.310199
v -9.806587 -0.053790 -0.396232
v -9.977207 -0.055240 -0.342596
v -9.813331 -0.051888 0.367662
v -9.982977 -0.053612 0.311030
v -9.712234 -0.052910 -0.395402
v -9.542587 -0.051186 -0.338770
v -9.718977 -0.051008 0.368492
v -9.548357 -0.049558 0.314856
v -9.277615 -0.048856 -0.391575
v -9.448235 -0.050306 -0.337939
v -9.284357 -0.046954 0.372319
v -9.454004 -0.048678 0.315687
v -9.183261 -0.047976 -0.390745
v -9.013615 -0.046251 -0.334112
v -9.190004 -0.046073 0.373150
v -9.019384 -0.044624 0.319513
v -8.748642 -0.043921 -0.386918
v -8.919262 -0.045371 -0.333282
v -8.755384 -0.042019 0.376976
v -8.925031 -0.043743 0.320344
v -8.654288 -0.043041 -0.386088
v -8.484642 -0.041317 -0.329455
v -8.661032 -0.041139 0.377807
v -8.490412 -0.039689 0.324170
v -8.219668 -0.038987 -0.382261
v -8.390288 -0.040437 -0.328625
v -8.226412 -0.037085 0.381633
v -8.396058 -0.038809 0.325001
v -8.125316 -0.038107 -0.381431
v -7.955669 -0.036382 -0.324798
v -8.132058 -0.036205 0.382464
v -7.961438 -0.034755 0.328827
v -7.690696 -0.034053 -0.377604
v -7.861316 -0.035502 -0.323968
v -7.697439 -0.032150 0.386290
v -7.867085 -0.033875 0.329658
v -7.596342 -0.033172 -0.376774
v -7.426696 -0.031448 -0.320141
v -7.603086 -0.031270 0.387121
v -7.432466 -0.029820 0.333484
v -7.161723 -0.029118 -0.372947
v -7.332343 -0.030568 -0.319311
v -7.168466 -0.027216 0.390947
v -7.338112 -0.028940 0.334315
v -7.067369 -0.028238 -0.372117
v -6.897723 -0.026514 -0.315484
v -7.074112 -0.026336 0.391778
v -6.903492 -0.024886 0.338141
v -6.632750 -0.024184 -0.368290
v -6.803370 -0.025633 -0.314654
v -6.639493 -0.022281 0.395604
v -6.809139 -0.024006 0.338972
v -6.538396 -0.023303 -0.367460
v -6.368750 -0.021579 -0.310827
v -6.545139 -0.021401 0.396435
v -6.374519 -0.019951 0.342798
v -6.103777 -0.019249 -0.363633
v -6.274396 -0.020699 -0.309997
v -6.110519 -0.017347 0.400261
v -6.280166 -0.019071 0.343629
v -6.009423 -0.018369 -0.362803
v -5.839777 -0.016645 -0.306170
v -6.016167 -0.016467 0.401092
v -5.845547 -0.015017 0.347455
v -5.574803 -0.014315 -0.358976
v -5.745423 -0.015764 -0.305340
v -5.581547 -0.012412 0.404918
v -5.751193 -0.014137 0.348286
v -5.667123 -0.010597 0.459297
v -5.751946 -0.011460 0.430981
v -5.755612 -0.010425 0.846246
v -5.670302 -0.009701 0.819428
v -5.846299 -0.012340 0.430150
v -5.931609 -0.013065 0.456969
v -5.934788 -0.012168 0.817099
v -5.849965 -0.011306 0.845415
v -6.196096 -0.015532 0.454640
v -6.280919 -0.016394 0.426324
v -6.284585 -0.015360 0.841589
v -6.199275 -0.014635 0.814771
v -6.375272 -0.017274 0.425493
v -6.460582 -0.017999 0.452312
v -6.463761 -0.017102 0.812442
v -6.378938 -0.016240 0.840758
v -6.725069 -0.020466 0.449983
v -6.809892 -0.021328 0.421667
v -6.813558 -0.020294 0.836932
v -6.728248 -0.019569 0.810114
v -6.904245 -0.022209 0.420836
v -6.989555 -0.022934 0.447655
v -6.992734 -0.022037 0.807785
v -6.907911 -0.021175 0.836101
v -7.254042 -0.025401 0.445326
v -7.338865 -0.026263 0.417010
v -7.342531 -0.025229 0.832275
v -7.257221 -0.024504 0.805457
v -7.433218 -0.027143 0.416179
v -7.518528 -0.027868 0.442998
v -7.521708 -0.026971 0.803128
v -7.436884 -0.026109 0.831444
v -7.783015 -0.030335 0.440669
v -7.867838 -0.031197 0.412353
v -7.871504 -0.030163 0.827618
v -7.786194 -0.029438 0.800800
v -7.962192 -0.032078 0.411522
v -8.047502 -0.032802 0.438341
v -8.050680 -0.031906 0.798471
v -7.965857 -0.031043 0.826787
v -8.311988 -0.035270 0.436012
v -8.396811 -0.036132 0.407696
v -8.400476 -0.035098 0.822961
v -8.315166 -0.034373 0.796143
v -8.491164 -0.037012 0.406865
v -8.576474 -0.037737 0.433684
v -8.579653 -0.036840 0.793814
v -8.494830 -0.035978 0.822130
v -8.840961 -0.040204 0.431355
v -8.925784 -0.041066 0.403039
v -8.929450 -0.040032 0.818304
v -8.844140 -0.039307 0.791486
v -9.020138 -0.041946 0.402208
v -9.105448 -0.042671 0.429026
v -9.108626 -0.041774 0.789157
v -9.023803 -0.040912 0.817473
v -9.369934 -0.045139 0.426698
v -9.454757 -0.046001 0.398382
v -9.458423 -0.044967 0.813647
v -9.373113 -0.044242 0.786829
v -9.549110 -0.046881 0.397551
v -9.634420 -0.047606 0.424369
v -9.637599 -0.046709 0.784500
v -9.552776 -0.045847 0.812816
v -9.898907 -0.050073 0.422041
v -9.983730 -0.050935 0.393725
v -9.987396 -0.049901 0.808990
v -9.902086 -0.049176 0.782172
v -10.078083 -0.051815 0.392894
v -10.163393 -0.052540 0.419712
v -10.166573 -0.051643 0.779843
v -10.081749 -0.050781 0.808159
v -10.427880 -0.055007 0.417384
v -10.512703 -0.055870 0.389068
v -10.516369 -0.054835 0.804333
v -10.431059 -0.054111 0.777515
v -10.607057 -0.056750 0.388237
v -10.692367 -0.057475 0.415055
v -10.695545 -0.056578 0.775186
v -10.610722 -0.055716 0.803502
v -10.596161 -0.059823 -0.846053
v -10.681471 -0.060548 -0.819235
v -10.416985 -0.058081 -0.816907
v -10.501808 -0.058943 -0.845223
v -10.067188 -0.054889 -0.841396
v -10.152498 -0.055614 -0.814578
v -9.888012 -0.053147 -0.812250
v -9.972835 -0.054009 -0.840566
v -9.538216 -0.049955 -0.836739
v -9.623526 -0.050679 -0.809921
v -9.359038 -0.048212 -0.807593
v -9.443862 -0.049074 -0.835909
v -9.009242 -0.045020 -0.832082
v -9.094552 -0.045745 -0.805264
v -8.830066 -0.043278 -0.802936
v -8.914889 -0.044140 -0.831252
v -8.480269 -0.040086 -0.827425
v -8.565579 -0.040811 -0.800607
v -8.301093 -0.038343 -0.798279
v -8.385916 -0.039205 -0.826595
v -7.951296 -0.035151 -0.822768
v -8.036606 -0.035876 -0.795950
v -7.772120 -0.033409 -0.793621
v -7.856943 -0.034271 -0.821938
v -7.422323 -0.030217 -0.818111
v -7.507633 -0.030942 -0.791293
v -7.243146 -0.028474 -0.788964
v -7.327970 -0.029337 -0.817281
v -6.893350 -0.025282 -0.813454
v -6.978660 -0.026007 -0.786636
v -6.714174 -0.023540 -0.784307
v -6.798997 -0.024402 -0.812624
v -6.364377 -0.020348 -0.808797
v -6.449687 -0.021073 -0.781979
v -6.185201 -0.018606 -0.779650
v -6.270024 -0.019468 -0.807967
v -5.835404 -0.015413 -0.804140
v -5.920714 -0.016138 -0.777322
v -5.656228 -0.013671 -0.774993
v -5.741051 -0.014533 -0.803310
v -5.744717 -0.013499 -0.388048
v -5.659407 -0.012774 -0.414866
v -5.923893 -0.015241 -0.417195
v -5.839070 -0.014379 -0.388878
v -6.273690 -0.018434 -0.392705
v -6.188380 -0.017709 -0.419523
v -6.452866 -0.020176 -0.421852
v -6.368043 -0.019314 -0.393535
v -6.802663 -0.023368 -0.397362
v -6.717353 -0.022643 -0.424180
v -6.981839 -0.025110 -0.426509
v -6.897016 -0.024248 -0.398192
v -7.331635 -0.028302 -0.402019
v -7.246325 -0.027578 -0.428837
v -7.510812 -0.030045 -0.431166
v -7.425989 -0.029183 -0.402850
v -7.860609 -0.033237 -0.406676
v -7.775299 -0.032512 -0.433494
v -8.039785 -0.034979 -0.435823
v -7.954962 -0.034117 -0.407507
v -8.389582 -0.038171 -0.411333
v -8.304272 -0.037447 -0.438151
v -8.568758 -0.039914 -0.440480
v -8.483934 -0.039052 -0.412164
v -8.918554 -0.043106 -0.415990
v -8.833244 -0.042381 -0.442808
v -9.097731 -0.044848 -0.445137
v -9.012908 -0.043986 -0.416821
v -9.447527 -0.048040 -0.420647
v -9.362218 -0.047315 -0.447465
v -9.626704 -0.049783 -0.449794
v -9.541881 -0.048920 -0.421478
v -9.976501 -0.052975 -0.425304
v -9.891191 -0.052250 -0.452122
v -10.155677 -0.054717 -0.454451
v -10.070854 -0.053855 -0.426135
v -10.505473 -0.057909 -0.429961
v -10.420164 -0.057184 -0.456779
v -10.684650 -0.059652 -0.459108
v -10.599827 -0.058789 -0.430792
v -5.660380 -0.012500 -0.304597
v -5.745203 -0.013362 -0.332913
v -5.751460 -0.011597 0.375847
v -5.666150 -0.010872 0.349028
v -5.839557 -0.014242 -0.333744
v -5.924867 -0.014967 -0.306926
v -5.930636 -0.013339 0.346700
v -5.845813 -0.012477 0.375016
v -6.189353 -0.017434 -0.309254
v -6.274176 -0.018296 -0.337570
v -6.280433 -0.016531 0.371190
v -6.195123 -0.015806 0.344371
v -6.368529 -0.019176 -0.338401
v -6.453839 -0.019901 -0.311583
v -6.459609 -0.018274 0.342043
v -6.374785 -0.017411 0.370359
v -6.718326 -0.022369 -0.313911
v -6.803149 -0.023231 -0.342227
v -6.809405 -0.021466 0.366533
v -6.724095 -0.020741 0.339714
v -6.897502 -0.024111 -0.343058
v -6.982812 -0.024836 -0.316240
v -6.988582 -0.023208 0.337386
v -6.903759 -0.022346 0.365702
v -7.247299 -0.027303 -0.318568
v -7.332122 -0.028165 -0.346884
v -7.338378 -0.026400 0.361876
v -7.253068 -0.025675 0.335057
v -7.426476 -0.029045 -0.347715
v -7.511786 -0.029770 -0.320897
v -7.517555 -0.028143 0.332729
v -7.432732 -0.027280 0.361045
v -7.776272 -0.032237 -0.323225
v -7.861095 -0.033100 -0.351541
v -7.867352 -0.031335 0.357219
v -7.782042 -0.030610 0.330400
v -7.955449 -0.033980 -0.352372
v -8.040758 -0.034705 -0.325554
v -8.046528 -0.033077 0.328072
v -7.961705 -0.032215 0.356388
v -8.305244 -0.037172 -0.327882
v -8.390068 -0.038034 -0.356198
v -8.396324 -0.036269 0.352562
v -8.311014 -0.035544 0.325743
v -8.484422 -0.038914 -0.357029
v -8.569732 -0.039639 -0.330211
v -8.575500 -0.038011 0.323415
v -8.490678 -0.037149 0.351731
v -8.834218 -0.042106 -0.332539
v -8.919041 -0.042969 -0.360855
v -8.925298 -0.041204 0.347905
v -8.839988 -0.040479 0.321086
v -9.013394 -0.043849 -0.361686
v -9.098704 -0.044574 -0.334868
v -9.104474 -0.042946 0.318758
v -9.019650 -0.042084 0.347074
v -9.363191 -0.047041 -0.337196
v -9.448014 -0.047903 -0.365512
v -9.454270 -0.046138 0.343247
v -9.368960 -0.045413 0.316429
v -9.542368 -0.048783 -0.366343
v -9.627678 -0.049508 -0.339525
v -9.633447 -0.047880 0.314101
v -9.548624 -0.047018 0.342417
v -9.892164 -0.051975 -0.341853
v -9.976987 -0.052837 -0.370169
v -9.983244 -0.051072 0.338590
v -9.897934 -0.050348 0.311772
v -10.071341 -0.053718 -0.371000
v -10.156651 -0.054442 -0.344182
v -10.162420 -0.052815 0.309444
v -10.077597 -0.051953 0.337760
v -10.421137 -0.056910 -0.346510
v -10.505960 -0.057772 -0.374826
v -10.512217 -0.056007 0.333933
v -10.426907 -0.055282 0.307115
v -10.600313 -0.058652 -0.375657
v -10.685623 -0.059377 -0.348839
v -10.691393 -0.057749 0.304787
v -10.606569 -0.056887 0.333103
v -10.075791 0.940768 -0.919152
v -10.245925 0.939181 -0.920650
v -10.246179 0.940401 -0.893086
v -10.076046 0.941989 -0.891588
v -9.981439 0.941648 -0.918322
v -9.981692 0.942869 -0.890757
v -9.811559 0.944456 -0.889260
v -9.811305 0.943235 -0.916824
v -9.017845 0.950637 -0.909838
v -9.103155 0.949912 -0.883020
v -9.018100 0.951857 -0.882274
v -8.923492 0.951517 -0.909008
v -8.923746 0.952738 -0.881443
v -8.838669 0.952379 -0.880692
v -7.959899 0.960506 -0.900524
v -8.045210 0.959781 -0.873706
v -7.960154 0.961726 -0.872960
v -7.865546 0.961386 -0.899694
v -7.865800 0.962606 -0.872129
v -7.780723 0.962248 -0.871377
v -6.901954 0.970375 -0.891210
v -6.987264 0.969650 -0.864392
v -6.902207 0.971595 -0.863646
v -6.807600 0.971255 -0.890380
v -6.807855 0.972475 -0.862815
v -6.722777 0.972117 -0.862063
v -5.844007 0.980244 -0.881896
v -5.929317 0.979519 -0.855078
v -5.844262 0.981464 -0.854332
v -5.749654 0.981124 -0.881065
v -5.749908 0.982344 -0.853501
v -5.664831 0.981986 -0.852749
v -5.765543 0.985606 0.918867
v -5.680233 0.986331 0.892048
v -5.765310 0.986689 0.891297
v -5.859896 0.984726 0.918036
v -5.859663 0.985809 0.890466
v -5.944719 0.983864 0.889720
v -6.823488 0.975737 0.909553
v -6.738178 0.976462 0.882734
v -6.823256 0.976820 0.881983
v -6.917842 0.974857 0.908722
v -6.917609 0.975940 0.881152
v -7.002665 0.973995 0.880406
v -7.881434 0.965868 0.900239
v -7.796124 0.966593 0.873420
v -7.881202 0.966951 0.872668
v -7.975788 0.964988 0.899408
v -7.975555 0.966071 0.871838
v -8.060611 0.964126 0.871092
v -8.939381 0.956000 0.890925
v -8.854071 0.956724 0.864106
v -8.939148 0.957083 0.863354
v -9.033733 0.955119 0.890094
v -9.033501 0.956202 0.862524
v -9.118557 0.954257 0.861778
v -9.997326 0.946131 0.881611
v -9.827193 0.947718 0.883108
v -9.826961 0.948801 0.855538
v -9.997093 0.947214 0.854040
v -10.091680 0.945251 0.880780
v -10.091447 0.946334 0.853210
v -10.261580 0.944746 0.851712
v -10.261812 0.943663 0.879282
v -5.680056 0.986281 0.872001
v -5.764879 0.985419 0.843684
v -5.765133 0.986639 0.871249
v -5.944542 0.983814 0.869672
v -5.859486 0.985759 0.870418
v -5.859232 0.984539 0.842854
v -6.738001 0.976412 0.862687
v -6.822824 0.975550 0.834370
v -6.823079 0.976770 0.861935
v -7.002488 0.973945 0.860358
v -6.917432 0.975890 0.861104
v -6.917178 0.974670 0.833540
v -7.795948 0.966543 0.853372
v -7.880771 0.965681 0.825056
v -7.881025 0.966902 0.852621
v -8.060434 0.964076 0.851044
v -7.975378 0.966021 0.851790
v -7.975124 0.964801 0.824226
v -8.853893 0.956675 0.844058
v -8.938717 0.955812 0.815742
v -8.938971 0.957033 0.843306
v -9.118380 0.954207 0.841730
v -9.033324 0.956152 0.842476
v -9.033070 0.954932 0.814912
v -9.826784 0.948751 0.835490
v -9.826530 0.947531 0.807926
v -9.996663 0.945943 0.806428
v -9.996917 0.947164 0.833992
v -10.261403 0.944697 0.831664
v -10.091270 0.946284 0.833162
v -10.091016 0.945063 0.805598
v -10.261149 0.943476 0.804100
v -5.665008 0.982036 -0.832690
v -5.750085 0.982394 -0.833441
v -5.750318 0.981311 -0.805871
v -5.929495 0.979569 -0.835018
v -5.844671 0.980431 -0.806702
v -5.844439 0.981514 -0.834272
v -6.722954 0.972167 -0.842004
v -6.808032 0.972525 -0.842755
v -6.808264 0.971442 -0.815185
v -6.987441 0.969700 -0.844332
v -6.902617 0.970562 -0.816016
v -6.902385 0.971645 -0.843586
v -7.780900 0.962298 -0.851318
v -7.865977 0.962656 -0.852069
v -7.866210 0.961573 -0.824499
v -8.045386 0.959831 -0.853646
v -7.960563 0.960693 -0.825330
v -7.960330 0.961776 -0.852900
v -8.838846 0.952429 -0.860632
v -8.923923 0.952788 -0.861384
v -8.924156 0.951705 -0.833813
v -9.103333 0.949962 -0.862960
v -9.018509 0.950824 -0.834644
v -9.018276 0.951907 -0.862214
v -9.811736 0.944506 -0.869200
v -9.981870 0.942919 -0.870698
v -9.982102 0.941836 -0.843127
v -9.811969 0.943423 -0.841630
v -10.246356 0.940451 -0.873026
v -10.246589 0.939368 -0.845456
v -10.076455 0.940955 -0.843958
v -10.076222 0.942039 -0.871528
v -9.826452 0.868101 0.883313
v -9.996586 0.866514 0.881815
v -9.996564 0.864211 0.881821
v -9.911254 0.864936 0.855003
v -9.826199 0.866881 0.855749
v -10.261072 0.864047 0.879487
v -10.260818 0.862827 0.851923
v -10.175740 0.862468 0.852674
v -10.090918 0.863331 0.880991
v -10.090939 0.865634 0.880985
v -10.260408 0.863860 0.804305
v -10.090275 0.865447 0.805802
v -10.090254 0.863143 0.805808
v -10.175564 0.862418 0.832627
v -10.260641 0.862777 0.831875
v -9.825788 0.867914 0.808131
v -9.826021 0.866831 0.835701
v -9.911077 0.864886 0.834955
v -9.995900 0.864024 0.806639
v -9.995922 0.866327 0.806633
v -9.811303 0.871856 -0.841446
v -9.981436 0.870269 -0.842943
v -9.981415 0.867966 -0.842937
v -9.896105 0.868690 -0.869756
v -9.811049 0.870636 -0.869010
v -10.245922 0.867802 -0.845272
v -10.245668 0.866581 -0.872836
v -10.160591 0.866223 -0.872084
v -10.075768 0.867085 -0.843768
v -10.075789 0.869389 -0.843774
v -9.810639 0.871669 -0.916640
v -9.810871 0.870586 -0.889070
v -9.895927 0.868640 -0.889816
v -9.980751 0.867778 -0.918132
v -9.980772 0.870082 -0.918138
v -10.245258 0.867614 -0.920466
v -10.075126 0.869201 -0.918968
v -10.075104 0.866898 -0.918962
v -10.160414 0.866173 -0.892144
v -10.245491 0.866531 -0.892896
v -10.881672 0.938910 0.826203
v -10.881418 0.937690 0.798639
v -10.966727 0.936965 0.825457
v -10.881848 0.938960 0.846251
v -10.966904 0.937015 0.845505
v -10.882081 0.937877 0.873821
v -10.866447 0.934615 -0.898547
v -10.866193 0.933395 -0.926111
v -10.951503 0.932670 -0.899293
v -10.866624 0.934665 -0.878487
v -10.951680 0.932720 -0.879233
v -10.866857 0.933582 -0.850917
v -10.880676 0.858074 0.798844
v -10.880909 0.856991 0.826414
v -10.965986 0.857349 0.825662
v -10.881340 0.858261 0.874026
v -10.966164 0.857399 0.845710
v -10.881086 0.857040 0.846462
v -10.866191 0.862016 -0.850733
v -10.951014 0.861153 -0.879049
v -10.865936 0.860795 -0.878297
v -10.865527 0.861828 -0.925927
v -10.865760 0.860745 -0.898357
v -10.950837 0.861103 -0.899109
v -5.510395 0.989016 0.873491
v -5.425318 0.988657 0.874243
v -5.510141 0.987795 0.845927
v -5.510572 0.989066 0.893539
v -5.510805 0.987983 0.921109
v -5.425495 0.988707 0.894291
v -5.495171 0.984721 -0.851259
v -5.410093 0.984362 -0.850507
v -5.494917 0.983500 -0.878823
v -5.495348 0.984771 -0.831199
v -5.495581 0.983687 -0.803629
v -5.410271 0.984412 -0.830447
v -5.510064 0.908366 0.921314
v -5.509809 0.907146 0.893750
v -5.424754 0.909091 0.894496
v -5.494914 0.912121 -0.803444
v -5.494660 0.910900 -0.831009
v -5.409604 0.912846 -0.830263
v -5.494250 0.911933 -0.878639
v -5.409428 0.912796 -0.850323
v -5.494483 0.910850 -0.851069
v -5.509400 0.908179 0.846132
v -5.424577 0.909041 0.874448
v -5.509633 0.907096 0.873702
v -10.173183 0.587740 0.853381
v -10.258240 0.585795 0.852635
v -10.258472 0.584712 0.880205
v -10.088339 0.586299 0.881703
v -10.088361 0.588602 0.881697
v -10.172381 0.501495 0.853603
v -10.087558 0.502357 0.881919
v -10.087580 0.504661 0.881913
v -10.257712 0.503074 0.880415
v -10.257459 0.501853 0.852851
v -9.908521 0.590157 0.835662
v -9.823443 0.589799 0.836414
v -9.823189 0.588579 0.808849
v -9.993322 0.586992 0.807352
v -9.993344 0.589295 0.807346
v -9.907718 0.503913 0.835884
v -9.992541 0.503050 0.807568
v -9.992563 0.505354 0.807562
v -9.822430 0.506941 0.809060
v -9.822662 0.505858 0.836630
v -9.907895 0.503963 0.855932
v -9.822839 0.505908 0.856677
v -9.823093 0.507128 0.884242
v -9.993226 0.505541 0.882744
v -9.993205 0.503238 0.882750
v -9.908697 0.590207 0.855710
v -9.994007 0.589482 0.882528
v -9.993986 0.587179 0.882534
v -9.823853 0.588766 0.884032
v -9.823620 0.589849 0.856462
v -10.172205 0.501445 0.833555
v -10.257282 0.501803 0.832803
v -10.257050 0.502886 0.805233
v -10.086916 0.504473 0.806731
v -10.086895 0.502170 0.806737
v -10.173007 0.587690 0.833333
v -10.087697 0.588415 0.806515
v -10.087676 0.586111 0.806521
v -10.257809 0.584524 0.805023
v -10.258063 0.585745 0.832587
v -10.157987 0.586384 -0.871364
v -10.243043 0.584439 -0.872110
v -10.243276 0.583356 -0.844540
v -10.073142 0.584943 -0.843042
v -10.073164 0.587246 -0.843048
v -10.157183 0.499923 -0.871142
v -10.072359 0.500785 -0.842826
v -10.072380 0.503088 -0.842832
v -10.242514 0.501501 -0.844330
v -10.242260 0.500281 -0.871894
v -10.072500 0.587059 -0.918243
v -10.072478 0.584756 -0.918237
v -10.242612 0.583169 -0.919734
v -10.242866 0.584389 -0.892170
v -10.157810 0.586334 -0.891424
v -10.071695 0.500598 -0.918020
v -10.157005 0.499873 -0.891202
v -10.242083 0.500231 -0.891954
v -10.241850 0.501314 -0.919524
v -10.071716 0.502901 -0.918026
v -9.978006 0.501665 -0.841995
v -9.892696 0.502390 -0.868813
v -9.807640 0.504335 -0.868067
v -9.807894 0.505556 -0.840503
v -9.978027 0.503968 -0.842001
v -9.978810 0.588126 -0.842218
v -9.978789 0.585823 -0.842212
v -9.808656 0.587410 -0.840714
v -9.808423 0.588493 -0.868284
v -9.893500 0.588851 -0.869036
v -9.977343 0.501478 -0.917189
v -9.977364 0.503781 -0.917195
v -9.807230 0.505368 -0.915698
v -9.807463 0.504285 -0.888127
v -9.892519 0.502340 -0.888873
v -9.978147 0.587939 -0.917412
v -9.893323 0.588801 -0.889096
v -9.808247 0.588443 -0.888344
v -9.807992 0.587223 -0.915908
v -9.978126 0.585636 -0.917406
v -10.873055 0.578979 0.874795
v -10.872822 0.580061 0.847225
v -10.957878 0.578116 0.846479
v -10.872294 0.497341 0.875005
v -10.957118 0.496478 0.846689
v -10.872041 0.496120 0.847441
v -10.871632 0.497153 0.799823
v -10.871864 0.496070 0.827393
v -10.956942 0.496428 0.826641
v -10.872391 0.578791 0.799612
v -10.957701 0.578066 0.826431
v -10.872645 0.580012 0.827177
v -10.857858 0.577623 -0.849951
v -10.857625 0.578706 -0.877521
v -10.942680 0.576761 -0.878267
v -10.857096 0.495768 -0.849740
v -10.941919 0.494906 -0.878056
v -10.856842 0.494548 -0.877304
v -10.857194 0.577436 -0.925145
v -10.942504 0.576711 -0.898327
v -10.857448 0.578656 -0.897581
v -10.856432 0.495581 -0.924934
v -10.856665 0.494498 -0.897364
v -10.941742 0.494856 -0.898116
v -5.506119 0.628850 0.846856
v -5.506373 0.630070 0.874420
v -5.421296 0.629712 0.875172
v -5.505359 0.547212 0.847066
v -5.420536 0.548074 0.875382
v -5.505592 0.546129 0.874636
v -5.506022 0.547399 0.922248
v -5.505769 0.546179 0.894684
v -5.420712 0.548124 0.895430
v -5.506783 0.629037 0.922038
v -5.421473 0.629762 0.895220
v -5.506550 0.630120 0.894468
v -5.490824 0.545827 -0.802497
v -5.490570 0.544606 -0.830061
v -5.405514 0.546552 -0.829315
v -5.491586 0.627681 -0.802707
v -5.406276 0.628406 -0.829526
v -5.491353 0.628764 -0.830278
v -5.490160 0.545639 -0.877691
v -5.405337 0.546502 -0.849375
v -5.490393 0.544556 -0.850121
v -5.490922 0.627494 -0.877902
v -5.491176 0.628714 -0.850337
v -5.406098 0.628356 -0.849586
v -5.599100 -0.011314 0.895249
v -5.599355 -0.010094 0.922813
v -5.684177 -0.010956 0.894497
v -5.684855 0.061932 0.894310
v -5.600033 0.062794 0.922626
v -5.599800 0.063877 0.895056
v -5.668777 -0.015301 -0.850301
v -5.583467 -0.014577 -0.877119
v -5.583699 -0.015659 -0.849549
v -5.584398 0.059532 -0.849742
v -5.584145 0.058312 -0.877307
v -5.669455 0.057587 -0.850488
v -0.129961 0.040855 0.943396
v -0.215271 0.040130 0.970214
v -0.215017 0.038910 0.942650
v -0.215717 0.114102 0.942456
v -0.215950 0.113019 0.970027
v -0.130640 0.113744 0.943208
v -0.199383 0.035648 -0.829718
v -0.114559 0.036510 -0.801402
v -0.199615 0.034565 -0.802148
v -0.200315 0.109757 -0.802341
v -0.115238 0.109399 -0.801589
v -0.200061 0.108536 -0.829906
v -0.293969 0.033685 -0.802979
v -0.464102 0.032098 -0.804476
v -0.463870 0.033181 -0.832047
v -0.293736 0.034768 -0.830549
v -0.558455 0.031218 -0.805307
v -0.728589 0.029631 -0.806805
v -0.728356 0.030714 -0.834375
v -0.558223 0.032301 -0.832877
v -0.822942 0.028751 -0.807636
v -0.993074 0.027163 -0.809133
v -0.992842 0.028246 -0.836704
v -0.822710 0.029834 -0.835206
v -1.087428 0.026283 -0.809964
v -1.257561 0.024696 -0.811462
v -1.257329 0.025779 -0.839032
v -1.087195 0.027366 -0.837534
v -1.351914 0.023816 -0.812293
v -1.522048 0.022229 -0.813790
v -1.521815 0.023312 -0.841361
v -1.351682 0.024899 -0.839863
v -1.616401 0.021349 -0.814621
v -1.786534 0.019762 -0.816119
v -1.786302 0.020845 -0.843689
v -1.616168 0.022432 -0.842191
v -1.880888 0.018882 -0.816950
v -2.051021 0.017295 -0.818447
v -2.050788 0.018378 -0.846018
v -1.880655 0.019965 -0.844520
v -2.145374 0.016414 -0.819278
v -2.315507 0.014827 -0.820776
v -2.315275 0.015910 -0.848346
v -2.145142 0.017497 -0.846848
v -2.409861 0.013947 -0.821607
v -2.579993 0.012360 -0.823105
v -2.579761 0.013443 -0.850675
v -2.409628 0.015030 -0.849177
v -2.674347 0.011480 -0.823935
v -2.844480 0.009893 -0.825433
v -2.844248 0.010976 -0.853003
v -2.674115 0.012563 -0.851505
v -2.938834 0.009013 -0.826264
v -3.108967 0.007426 -0.827762
v -3.108735 0.008509 -0.855332
v -2.938601 0.010096 -0.853834
v -3.203320 0.006546 -0.828592
v -3.373453 0.004958 -0.830090
v -3.373221 0.006041 -0.857660
v -3.203088 0.007629 -0.856162
v -3.467806 0.004078 -0.830921
v -3.637939 0.002491 -0.832419
v -3.637707 0.003574 -0.859989
v -3.467574 0.005161 -0.858491
v -3.732293 0.001611 -0.833249
v -3.902426 0.000024 -0.834747
v -3.902194 0.001107 -0.862317
v -3.732061 0.002694 -0.860819
v -3.996779 -0.000856 -0.835578
v -4.166913 -0.002443 -0.837076
v -4.166680 -0.001360 -0.864646
v -3.996547 0.000227 -0.863148
v -4.261266 -0.003323 -0.837906
v -4.431399 -0.004910 -0.839404
v -4.431167 -0.003827 -0.866974
v -4.261034 -0.002240 -0.865476
v -4.525753 -0.005791 -0.840235
v -4.695886 -0.007378 -0.841733
v -4.695653 -0.006295 -0.869303
v -4.525520 -0.004708 -0.867805
v -4.790239 -0.008258 -0.842563
v -4.960372 -0.009845 -0.844061
v -4.960140 -0.008762 -0.871631
v -4.790007 -0.007175 -0.870133
v -5.054726 -0.010725 -0.844892
v -5.224859 -0.012312 -0.846390
v -5.224627 -0.011229 -0.873960
v -5.054493 -0.009642 -0.872462
v -5.489346 -0.014779 -0.848718
v -5.489113 -0.013696 -0.876288
v -5.318980 -0.012109 -0.874790
v -5.319213 -0.013192 -0.847220
v -5.490045 0.060412 -0.848912
v -5.319912 0.061999 -0.847414
v -5.319658 0.060779 -0.874978
v -5.489791 0.059192 -0.876476
v -5.225559 0.062879 -0.846583
v -5.055426 0.064467 -0.845085
v -5.055171 0.063246 -0.872649
v -5.225305 0.061659 -0.874147
v -4.961072 0.065347 -0.844255
v -4.876017 0.067292 -0.843509
v -4.790707 0.068017 -0.870327
v -4.790685 0.065713 -0.870321
v -4.960818 0.064126 -0.871819
v -4.696353 0.068897 -0.869496
v -4.611530 0.069759 -0.841180
v -4.526452 0.069401 -0.840428
v -4.526198 0.068181 -0.867992
v -4.696332 0.066594 -0.869490
v -4.432099 0.070281 -0.839598
v -4.261966 0.071868 -0.838100
v -4.261712 0.070648 -0.865664
v -4.431845 0.069061 -0.867162
v -4.167613 0.072748 -0.837269
v -3.997479 0.074335 -0.835771
v -3.997225 0.073115 -0.863335
v -4.167359 0.071528 -0.864833
v -3.903126 0.075216 -0.834941
v -3.818070 0.077161 -0.834195
v -3.732760 0.077886 -0.861013
v -3.732739 0.075582 -0.861007
v -3.902872 0.073995 -0.862505
v -3.638407 0.078766 -0.860182
v -3.553584 0.079628 -0.831866
v -3.468506 0.079270 -0.831114
v -3.468252 0.078050 -0.858678
v -3.638386 0.076463 -0.860176
v -3.374153 0.080150 -0.830284
v -3.204020 0.081737 -0.828786
v -3.203766 0.080517 -0.856350
v -3.373899 0.078930 -0.857848
v -3.109667 0.082617 -0.827955
v -2.939534 0.084204 -0.826457
v -2.939280 0.082984 -0.854021
v -3.109413 0.081397 -0.855519
v -2.845180 0.085084 -0.825626
v -2.760124 0.087030 -0.824880
v -2.674814 0.087754 -0.851699
v -2.674793 0.085451 -0.851693
v -2.844926 0.083864 -0.853191
v -2.580462 0.088635 -0.850868
v -2.495637 0.089497 -0.822552
v -2.410561 0.089139 -0.821800
v -2.410306 0.087918 -0.849364
v -2.580440 0.086331 -0.850862
v -2.316207 0.090019 -0.820969
v -2.146074 0.091606 -0.819472
v -2.145820 0.090386 -0.847036
v -2.315953 0.088799 -0.848534
v -2.051721 0.092486 -0.818641
v -1.881588 0.094073 -0.817143
v -1.881333 0.092853 -0.844707
v -2.051466 0.091266 -0.846205
v -1.787234 0.094953 -0.816312
v -1.702178 0.096898 -0.815566
v -1.616868 0.097623 -0.842385
v -1.616847 0.095320 -0.842379
v -1.786980 0.093733 -0.843877
v -1.522515 0.098504 -0.841554
v -1.437692 0.099366 -0.813238
v -1.352614 0.099008 -0.812486
v -1.352360 0.097787 -0.840050
v -1.522494 0.096200 -0.841548
v -1.258261 0.099888 -0.811655
v -1.088129 0.101475 -0.810158
v -1.087874 0.100255 -0.837722
v -1.258007 0.098668 -0.839220
v -0.993774 0.102355 -0.809327
v -0.823642 0.103942 -0.807829
v -0.823388 0.102722 -0.835393
v -0.993520 0.101135 -0.836891
v -0.729289 0.104822 -0.806998
v -0.644232 0.106767 -0.806252
v -0.558922 0.107492 -0.833071
v -0.558901 0.105189 -0.833065
v -0.729034 0.103602 -0.834563
v -0.294669 0.108877 -0.803172
v -0.294415 0.107656 -0.830736
v -0.464548 0.106069 -0.832234
v -0.464569 0.108372 -0.832240
v -0.379745 0.109235 -0.803924
v -5.505001 -0.009214 0.923644
v -5.504747 -0.010434 0.896080
v -5.334614 -0.008847 0.897578
v -5.334868 -0.007627 0.925142
v -5.240515 -0.006747 0.925972
v -5.240261 -0.007967 0.898408
v -5.070127 -0.006380 0.899906
v -5.070381 -0.005160 0.927470
v -4.976028 -0.004280 0.928301
v -4.975774 -0.005500 0.900737
v -4.805641 -0.003913 0.902235
v -4.805895 -0.002693 0.929799
v -4.711542 -0.001812 0.930629
v -4.711287 -0.003033 0.903065
v -4.541154 -0.001446 0.904563
v -4.541409 -0.000225 0.932127
v -4.447055 0.000655 0.932958
v -4.446801 -0.000565 0.905394
v -4.276668 0.001022 0.906892
v -4.276922 0.002242 0.934456
v -4.182569 0.003122 0.935286
v -4.182315 0.001902 0.907722
v -4.012181 0.003489 0.909220
v -4.012435 0.004709 0.936784
v -3.918082 0.005589 0.937615
v -3.917828 0.004369 0.910051
v -3.747695 0.005956 0.911549
v -3.747949 0.007176 0.939113
v -3.653596 0.008056 0.939943
v -3.653342 0.006836 0.912379
v -3.483208 0.008423 0.913877
v -3.483462 0.009644 0.941441
v -3.389109 0.010524 0.942272
v -3.388855 0.009303 0.914708
v -3.218722 0.010891 0.916206
v -3.218976 0.012111 0.943770
v -3.124623 0.012991 0.944601
v -3.124369 0.011771 0.917036
v -2.954236 0.013358 0.918534
v -2.954490 0.014578 0.946098
v -2.860136 0.015458 0.946929
v -2.859882 0.014238 0.919365
v -2.689749 0.015825 0.920863
v -2.690003 0.017045 0.948427
v -2.595650 0.017925 0.949258
v -2.595396 0.016705 0.921693
v -2.425262 0.018292 0.923191
v -2.425517 0.019512 0.950755
v -2.331163 0.020393 0.951586
v -2.330909 0.019172 0.924022
v -2.160776 0.020759 0.925520
v -2.161030 0.021980 0.953084
v -2.066677 0.022860 0.953915
v -2.066422 0.021640 0.926350
v -1.896289 0.023227 0.927848
v -1.896544 0.024447 0.955412
v -1.802190 0.025327 0.956243
v -1.801936 0.024107 0.928679
v -1.631803 0.025694 0.930177
v -1.632057 0.026914 0.957741
v -1.537704 0.027794 0.958572
v -1.537449 0.026574 0.931007
v -1.367316 0.028161 0.932505
v -1.367570 0.029381 0.960069
v -1.273217 0.030261 0.960900
v -1.272963 0.029041 0.933336
v -1.102830 0.030628 0.934834
v -1.103085 0.031849 0.962398
v -1.008730 0.032729 0.963229
v -1.008476 0.031508 0.935664
v -0.838344 0.033096 0.937162
v -0.838598 0.034316 0.964726
v -0.744245 0.035196 0.965557
v -0.743990 0.033976 0.937993
v -0.573857 0.035563 0.939491
v -0.574111 0.036783 0.967055
v -0.309625 0.039250 0.969383
v -0.479758 0.037663 0.967886
v -0.479504 0.036443 0.940321
v -0.309371 0.038030 0.941819
v -0.310303 0.112139 0.969196
v -0.310071 0.113221 0.941626
v -0.395147 0.113580 0.940874
v -0.480457 0.112855 0.967692
v -0.480436 0.110551 0.967698
v -0.574811 0.111975 0.966862
v -0.659634 0.111112 0.938545
v -0.744690 0.109167 0.937799
v -0.744923 0.108084 0.965370
v -0.574789 0.109671 0.966867
v -0.839276 0.107204 0.964539
v -0.839044 0.108287 0.936969
v -1.009176 0.106700 0.935471
v -1.009408 0.105617 0.963041
v -1.103762 0.104737 0.962210
v -1.103529 0.105820 0.934640
v -1.273663 0.104233 0.933142
v -1.273895 0.103150 0.960713
v -1.368248 0.102270 0.959882
v -1.368016 0.103353 0.932312
v -1.453094 0.103711 0.931560
v -1.538403 0.102986 0.958378
v -1.538382 0.100683 0.958384
v -1.632756 0.102106 0.957547
v -1.717580 0.101243 0.929231
v -1.802636 0.099298 0.928485
v -1.802868 0.098215 0.956056
v -1.632735 0.099802 0.957553
v -1.897222 0.097335 0.955225
v -1.896989 0.098418 0.927655
v -2.067122 0.096831 0.926157
v -2.067355 0.095748 0.953727
v -2.161708 0.094868 0.952896
v -2.161476 0.095951 0.925326
v -2.331609 0.094364 0.923828
v -2.331841 0.093281 0.951399
v -2.426195 0.092401 0.950568
v -2.425962 0.093484 0.922998
v -2.511039 0.093842 0.922246
v -2.596349 0.093117 0.949064
v -2.596327 0.090814 0.949070
v -2.690702 0.092237 0.948233
v -2.775526 0.091375 0.919917
v -2.860582 0.089429 0.919171
v -2.860814 0.088346 0.946742
v -2.690681 0.089934 0.948239
v -2.955168 0.087466 0.945911
v -2.954936 0.088549 0.918341
v -3.125069 0.086962 0.916843
v -3.125301 0.085879 0.944413
v -3.219654 0.084999 0.943582
v -3.219422 0.086082 0.916012
v -3.389555 0.084495 0.914514
v -3.389787 0.083412 0.942084
v -3.484140 0.082532 0.941254
v -3.483908 0.083615 0.913684
v -3.568985 0.083973 0.912932
v -3.654295 0.083248 0.939750
v -3.654274 0.080945 0.939756
v -3.748649 0.082368 0.938919
v -3.833472 0.081506 0.910603
v -3.918528 0.079561 0.909857
v -3.918760 0.078478 0.937427
v -3.748627 0.080065 0.938925
v -4.013113 0.077597 0.936597
v -4.012881 0.078680 0.909027
v -4.183014 0.077093 0.907529
v -4.183247 0.076010 0.935099
v -4.277600 0.075130 0.934268
v -4.277367 0.076213 0.906698
v -4.447500 0.074626 0.905200
v -4.447733 0.073543 0.932770
v -4.542087 0.072663 0.931940
v -4.541854 0.073746 0.904370
v -4.626931 0.074104 0.903618
v -4.712241 0.073379 0.930436
v -4.712220 0.071076 0.930442
v -4.806594 0.072499 0.929605
v -4.891418 0.071637 0.901289
v -4.976473 0.069692 0.900543
v -4.976706 0.068609 0.928113
v -4.806573 0.070196 0.929611
v -5.071059 0.067729 0.927283
v -5.070827 0.068811 0.899713
v -5.240960 0.067224 0.898215
v -5.241193 0.066141 0.925785
v -5.505679 0.063674 0.923456
v -5.335546 0.065261 0.924954
v -5.335314 0.066344 0.897384
v -5.505446 0.064757 0.895886
v -5.668953 -0.015251 -0.830241
v -5.583876 -0.015610 -0.829489
v -5.584363 -0.015472 -0.774355
v -5.669440 -0.015114 -0.775106
v -5.684001 -0.011006 0.874449
v -5.683514 -0.011144 0.819315
v -5.598437 -0.011502 0.820067
v -5.598924 -0.011364 0.875201
v -5.684679 0.061882 0.874262
v -5.599623 0.063827 0.875008
v -5.599136 0.063690 0.819873
v -5.684192 0.061745 0.819127
v -5.669631 0.057637 -0.830428
v -5.670118 0.057774 -0.775294
v -5.585062 0.059719 -0.774548
v -5.584576 0.059582 -0.829682
v -0.129784 0.040805 0.923348
v -0.214840 0.038860 0.922602
v -0.214354 0.038723 0.867468
v -0.129297 0.040668 0.868214
v -0.114737 0.036560 -0.781342
v -0.115223 0.036698 -0.726208
v -0.200279 0.034752 -0.726954
v -0.199793 0.034615 -0.782088
v -0.115416 0.109449 -0.781530
v -0.200493 0.109807 -0.782282
v -0.200979 0.109944 -0.727147
v -0.115902 0.109586 -0.726395
v -0.130463 0.113694 0.923160
v -0.129976 0.113556 0.868026
v -0.215054 0.113914 0.867274
v -0.215540 0.114052 0.922409
v -0.379923 0.109285 -0.783864
v -0.465233 0.108560 -0.757046
v -0.465211 0.106256 -0.757040
v -0.380388 0.107119 -0.728724
v -0.295332 0.109064 -0.727978
v -0.294846 0.108926 -0.783112
v -0.394970 0.113530 0.920826
v -0.309894 0.113172 0.921578
v -0.309407 0.113034 0.866444
v -0.394462 0.111089 0.865698
v -0.479772 0.110364 0.892516
v -0.479794 0.112667 0.892510
v -0.644410 0.106817 -0.786193
v -0.729466 0.104872 -0.786939
v -0.729952 0.105009 -0.731804
v -0.644875 0.104651 -0.731052
v -0.559565 0.105376 -0.757870
v -0.559586 0.107680 -0.757876
v -0.659457 0.111062 0.918498
v -0.574147 0.111787 0.891679
v -0.574125 0.109484 0.891685
v -0.658949 0.108622 0.863369
v -0.744027 0.108980 0.862617
v -0.744514 0.109117 0.917751
v -0.823819 0.103992 -0.787769
v -0.993952 0.102405 -0.789267
v -0.994184 0.101322 -0.761697
v -0.909361 0.102184 -0.733381
v -0.824306 0.104129 -0.732635
v -0.838867 0.108237 0.916921
v -0.838380 0.108100 0.861786
v -0.923435 0.106155 0.861041
v -1.008745 0.105430 0.887859
v -1.008999 0.106650 0.915423
v -1.088306 0.101525 -0.790098
v -1.258439 0.099938 -0.791596
v -1.258925 0.100075 -0.736461
v -1.173848 0.099717 -0.735709
v -1.088538 0.100442 -0.762528
v -1.103353 0.105770 0.914592
v -1.103098 0.104550 0.887028
v -1.187922 0.103687 0.858712
v -1.272999 0.104046 0.857960
v -1.273486 0.104183 0.913094
v -1.437869 0.099416 -0.793178
v -1.523179 0.098691 -0.766360
v -1.523158 0.096388 -0.766354
v -1.438334 0.097250 -0.738038
v -1.353278 0.099195 -0.737292
v -1.352792 0.099058 -0.792426
v -1.452917 0.103661 0.911512
v -1.367839 0.103303 0.912264
v -1.367352 0.103165 0.857129
v -1.452408 0.101220 0.856384
v -1.537718 0.100495 0.883202
v -1.537739 0.102799 0.883196
v -1.702356 0.096948 -0.795507
v -1.787412 0.095003 -0.796253
v -1.787898 0.095141 -0.741118
v -1.702821 0.094783 -0.740366
v -1.617510 0.095507 -0.767185
v -1.617532 0.097811 -0.767190
v -1.717403 0.101194 0.909183
v -1.632092 0.101918 0.882365
v -1.632071 0.099615 0.882371
v -1.716895 0.098753 0.854055
v -1.801972 0.099111 0.853303
v -1.802459 0.099248 0.908437
v -1.881765 0.094123 -0.797083
v -2.051898 0.092536 -0.798581
v -2.052130 0.091453 -0.771011
v -1.967307 0.092315 -0.742695
v -1.882251 0.094260 -0.741949
v -1.896812 0.098368 0.907607
v -1.896326 0.098231 0.852472
v -1.981381 0.096286 0.851726
v -2.066691 0.095561 0.878545
v -2.066946 0.096781 0.906109
v -2.146251 0.091656 -0.799412
v -2.316385 0.090069 -0.800910
v -2.316871 0.090206 -0.745775
v -2.231793 0.089848 -0.745023
v -2.146483 0.090573 -0.771842
v -2.161299 0.095901 0.905278
v -2.161044 0.094681 0.877714
v -2.245868 0.093819 0.849398
v -2.330945 0.094177 0.848646
v -2.331432 0.094314 0.903780
v -2.495815 0.089547 -0.802492
v -2.581125 0.088822 -0.775674
v -2.581104 0.086519 -0.775668
v -2.496280 0.087381 -0.747352
v -2.411224 0.089326 -0.746606
v -2.410738 0.089189 -0.801740
v -2.510862 0.093792 0.902198
v -2.425786 0.093434 0.902950
v -2.425299 0.093296 0.847815
v -2.510354 0.091351 0.847070
v -2.595664 0.090626 0.873888
v -2.595685 0.092930 0.873882
v -2.760301 0.087080 -0.804821
v -2.845357 0.085134 -0.805567
v -2.845844 0.085272 -0.750432
v -2.760766 0.084914 -0.749680
v -2.675457 0.085639 -0.776499
v -2.675478 0.087942 -0.776505
v -2.775349 0.091325 0.899869
v -2.690039 0.092050 0.873051
v -2.690017 0.089746 0.873057
v -2.774840 0.088884 0.844741
v -2.859918 0.089242 0.843989
v -2.860405 0.089379 0.899123
v -2.939711 0.084254 -0.806397
v -3.109844 0.082667 -0.807895
v -3.110076 0.081584 -0.780325
v -3.025253 0.082446 -0.752009
v -2.940197 0.084392 -0.751263
v -2.954759 0.088499 0.898293
v -2.954272 0.088362 0.843158
v -3.039327 0.086417 0.842412
v -3.124637 0.085692 0.869231
v -3.124892 0.086912 0.896795
v -3.204197 0.081787 -0.808726
v -3.374331 0.080200 -0.810224
v -3.374817 0.080337 -0.755089
v -3.289740 0.079979 -0.754337
v -3.204430 0.080704 -0.781156
v -3.219245 0.086032 0.895964
v -3.218990 0.084812 0.868400
v -3.303814 0.083950 0.840084
v -3.388891 0.084308 0.839332
v -3.389378 0.084445 0.894466
v -3.553761 0.079678 -0.811806
v -3.639071 0.078953 -0.784988
v -3.639049 0.076650 -0.784982
v -3.554226 0.077512 -0.756666
v -3.469170 0.079457 -0.755920
v -3.468684 0.079320 -0.811054
v -3.568809 0.083923 0.892884
v -3.483731 0.083565 0.893636
v -3.483244 0.083428 0.838501
v -3.568300 0.081482 0.837755
v -3.653610 0.080758 0.864574
v -3.653631 0.083061 0.864568
v -3.818248 0.077211 -0.814135
v -3.903304 0.075266 -0.814881
v -3.903790 0.075403 -0.759746
v -3.818713 0.075045 -0.758994
v -3.733403 0.075770 -0.785813
v -3.733424 0.078073 -0.785819
v -3.833295 0.081456 0.890555
v -3.747985 0.082181 0.863737
v -3.747963 0.079877 0.863743
v -3.832787 0.079015 0.835427
v -3.917864 0.079373 0.834675
v -3.918351 0.079511 0.889809
v -3.997657 0.074385 -0.815711
v -4.167790 0.072798 -0.817209
v -4.168022 0.071715 -0.789639
v -4.083199 0.072578 -0.761323
v -3.998143 0.074523 -0.760577
v -4.012704 0.078630 0.888979
v -4.012218 0.078493 0.833844
v -4.097273 0.076548 0.833098
v -4.182583 0.075823 0.859917
v -4.182837 0.077043 0.887481
v -4.262143 0.071918 -0.818040
v -4.432276 0.070331 -0.819538
v -4.432763 0.070468 -0.764403
v -4.347686 0.070110 -0.763651
v -4.262376 0.070835 -0.790470
v -4.277190 0.076163 0.886650
v -4.276937 0.074943 0.859086
v -4.361760 0.074081 0.830770
v -4.446837 0.074439 0.830018
v -4.447324 0.074576 0.885152
v -4.611707 0.069809 -0.821120
v -4.697017 0.069084 -0.794302
v -4.696996 0.066781 -0.794296
v -4.612172 0.067643 -0.765980
v -4.527116 0.069588 -0.765234
v -4.526629 0.069451 -0.820368
v -4.626754 0.074054 0.883570
v -4.541677 0.073696 0.884322
v -4.541190 0.073559 0.829187
v -4.626246 0.071614 0.828441
v -4.711556 0.070889 0.855260
v -4.711578 0.073192 0.855254
v -4.876193 0.067342 -0.823449
v -4.961249 0.065397 -0.824195
v -4.961736 0.065534 -0.769060
v -4.876658 0.065176 -0.768308
v -4.791348 0.065901 -0.795127
v -4.791370 0.068204 -0.795133
v -4.891241 0.071587 0.881241
v -4.805931 0.072312 0.854423
v -4.805910 0.070009 0.854429
v -4.890733 0.069146 0.826113
v -4.975810 0.069504 0.825361
v -4.976296 0.069642 0.880495
v -5.055602 0.064516 -0.825025
v -5.225736 0.062929 -0.826523
v -5.225968 0.061846 -0.798953
v -5.141145 0.062709 -0.770637
v -5.056089 0.064654 -0.769891
v -5.070650 0.068762 0.879665
v -5.070163 0.068624 0.824530
v -5.155219 0.066679 0.823784
v -5.240529 0.065954 0.850603
v -5.240783 0.067174 0.878167
v -5.490222 0.060462 -0.828852
v -5.490709 0.060599 -0.773717
v -5.405632 0.060241 -0.772965
v -5.320322 0.060966 -0.799784
v -5.320089 0.062049 -0.827354
v -5.505270 0.064707 0.875838
v -5.335136 0.066294 0.877336
v -5.334883 0.065074 0.849772
v -5.419705 0.064212 0.821456
v -5.504783 0.064570 0.820704
v -5.489522 -0.014729 -0.828658
v -5.319877 -0.013005 -0.772026
v -5.504570 -0.010484 0.876032
v -5.333951 -0.009034 0.822395
v -5.054903 -0.010675 -0.824832
v -5.225523 -0.012125 -0.771195
v -5.069950 -0.006430 0.879858
v -5.239597 -0.008154 0.823226
v -4.960549 -0.009795 -0.824001
v -4.790903 -0.008071 -0.767369
v -4.975597 -0.005550 0.880689
v -4.804977 -0.004100 0.827052
v -4.525929 -0.005741 -0.820175
v -4.696550 -0.007190 -0.766538
v -4.540977 -0.001496 0.884515
v -4.710624 -0.003220 0.827883
v -4.431577 -0.004860 -0.819344
v -4.261930 -0.003136 -0.762712
v -4.446624 -0.000615 0.885346
v -4.276005 0.000834 0.831709
v -3.996957 -0.000806 -0.815518
v -4.167576 -0.002256 -0.761881
v -4.012004 0.003439 0.889172
v -4.181651 0.001715 0.832540
v -3.902604 0.000074 -0.814687
v -3.732957 0.001798 -0.758055
v -3.917651 0.004319 0.890003
v -3.747031 0.005769 0.836366
v -3.467984 0.004128 -0.810861
v -3.638603 0.002679 -0.757224
v -3.483031 0.008373 0.893829
v -3.652678 0.006649 0.837197
v -3.373631 0.005008 -0.810030
v -3.203984 0.006733 -0.753398
v -3.388678 0.009254 0.894660
v -3.218058 0.010703 0.841023
v -2.939011 0.009063 -0.806204
v -3.109631 0.007613 -0.752567
v -2.954059 0.013308 0.898486
v -3.123705 0.011583 0.841854
v -2.844657 0.009943 -0.805373
v -2.675011 0.011667 -0.748741
v -2.859705 0.014188 0.899317
v -2.689085 0.015638 0.845680
v -2.410038 0.013997 -0.801547
v -2.580658 0.012547 -0.747910
v -2.425086 0.018242 0.903143
v -2.594732 0.016518 0.846511
v -2.315685 0.014877 -0.800716
v -2.146038 0.016602 -0.744084
v -2.330732 0.019122 0.903974
v -2.160112 0.020572 0.850337
v -1.881065 0.018932 -0.796890
v -2.051684 0.017482 -0.743253
v -1.896112 0.023177 0.907800
v -2.065759 0.021452 0.851168
v -1.786712 0.019812 -0.796059
v -1.617064 0.021536 -0.739427
v -1.801759 0.024057 0.908631
v -1.631139 0.025507 0.854994
v -1.352092 0.023866 -0.792233
v -1.522711 0.022416 -0.738596
v -1.367139 0.028111 0.912457
v -1.536786 0.026387 0.855825
v -1.257739 0.024746 -0.791402
v -1.088091 0.026471 -0.734770
v -1.272786 0.028991 0.913288
v -1.102166 0.030441 0.859651
v -0.823119 0.028801 -0.787576
v -0.993738 0.027351 -0.733939
v -0.838167 0.033046 0.917114
v -1.007812 0.031321 0.860482
v -0.728766 0.029681 -0.786745
v -0.559119 0.031405 -0.730113
v -0.743814 0.033926 0.917945
v -0.573193 0.035376 0.864308
v -0.294146 0.033735 -0.782919
v -0.464766 0.032285 -0.729282
v -0.309194 0.037980 0.921771
v -0.478840 0.036256 0.865139
v -5.587542 -0.014575 -0.414227
v -5.588028 -0.014438 -0.359093
v -5.673105 -0.014080 -0.359845
v -5.672619 -0.014217 -0.414979
v -5.595258 -0.012399 0.459936
v -5.680335 -0.012040 0.459184
v -5.679849 -0.012178 0.404050
v -5.594771 -0.012536 0.404802
v -5.595958 0.062793 0.459743
v -5.595470 0.062656 0.404608
v -5.680527 0.060711 0.403862
v -5.681013 0.060848 0.458997
v -5.588241 0.060616 -0.414421
v -5.673297 0.058671 -0.415167
v -5.673783 0.058808 -0.360032
v -5.588728 0.060753 -0.359286
v -0.211174 0.037826 0.507337
v -0.210688 0.037689 0.452203
v -0.125631 0.039634 0.452948
v -0.126119 0.039771 0.508083
v -0.203458 0.035649 -0.366826
v -0.118402 0.037594 -0.366080
v -0.118889 0.037732 -0.310946
v -0.203945 0.035787 -0.311692
v -0.204158 0.110841 -0.367020
v -0.204645 0.110978 -0.311885
v -0.119568 0.110620 -0.311133
v -0.119081 0.110483 -0.366268
v -0.211874 0.113018 0.507143
v -0.126798 0.112660 0.507895
v -0.126310 0.112522 0.452761
v -0.211388 0.112880 0.452009
v -0.383567 0.108015 -0.368596
v -0.468877 0.107291 -0.341778
v -0.469131 0.108511 -0.314214
v -0.298998 0.110098 -0.312716
v -0.298512 0.109961 -0.367850
v -0.391283 0.110192 0.505567
v -0.306228 0.112137 0.506313
v -0.305741 0.112000 0.451178
v -0.475874 0.110413 0.449681
v -0.476107 0.109330 0.477251
v -0.648054 0.105548 -0.370925
v -0.733131 0.105906 -0.371677
v -0.733618 0.106044 -0.316542
v -0.563485 0.107631 -0.315045
v -0.563230 0.106410 -0.342609
v -0.655770 0.107725 0.503238
v -0.570460 0.108450 0.476420
v -0.570228 0.109533 0.448850
v -0.740361 0.107946 0.447352
v -0.740848 0.108083 0.502486
v -0.912540 0.103081 -0.373253
v -0.997849 0.102356 -0.346435
v -0.998104 0.103576 -0.318871
v -0.827971 0.105163 -0.317373
v -0.827485 0.105026 -0.372507
v -0.920256 0.105258 0.500910
v -0.835201 0.107203 0.501656
v -0.834714 0.107066 0.446521
v -1.004847 0.105479 0.445024
v -1.005079 0.104396 0.472594
v -1.177027 0.100614 -0.375582
v -1.262104 0.100972 -0.376334
v -1.262591 0.101109 -0.321199
v -1.092458 0.102696 -0.319702
v -1.092204 0.101476 -0.347266
v -1.184742 0.102791 0.498581
v -1.099432 0.103516 0.471763
v -1.099200 0.104598 0.444193
v -1.269334 0.103011 0.442695
v -1.269820 0.103149 0.497829
v -1.441513 0.098147 -0.377910
v -1.526823 0.097422 -0.351092
v -1.527078 0.098642 -0.323528
v -1.356944 0.100229 -0.322030
v -1.356457 0.100092 -0.377164
v -1.449229 0.100323 0.496253
v -1.364173 0.102269 0.496999
v -1.363687 0.102131 0.441864
v -1.533820 0.100544 0.440367
v -1.534052 0.099461 0.467937
v -1.706000 0.095679 -0.380239
v -1.791077 0.096037 -0.380991
v -1.791564 0.096175 -0.325856
v -1.621430 0.097762 -0.324359
v -1.621176 0.096541 -0.351923
v -1.713716 0.097856 0.493924
v -1.628406 0.098581 0.467106
v -1.628173 0.099664 0.439536
v -1.798307 0.098077 0.438038
v -1.798793 0.098214 0.493172
v -1.970486 0.093212 -0.382567
v -2.055796 0.092487 -0.355749
v -2.056050 0.093707 -0.328185
v -1.885917 0.095295 -0.326687
v -1.885430 0.095157 -0.381821
v -1.978202 0.095389 0.491596
v -1.893147 0.097334 0.492342
v -1.892660 0.097197 0.437207
v -2.062793 0.095610 0.435710
v -2.063025 0.094527 0.463280
v -2.234972 0.090745 -0.384896
v -2.320050 0.091103 -0.385648
v -2.320537 0.091240 -0.330513
v -2.150403 0.092827 -0.329016
v -2.150149 0.091607 -0.356580
v -2.242689 0.092922 0.489267
v -2.157379 0.093647 0.462449
v -2.157146 0.094730 0.434879
v -2.327280 0.093143 0.433381
v -2.327766 0.093280 0.488515
v -2.499459 0.088278 -0.387224
v -2.584769 0.087553 -0.360406
v -2.585024 0.088773 -0.332842
v -2.414890 0.090360 -0.331344
v -2.414403 0.090223 -0.386478
v -2.507175 0.090455 0.486939
v -2.422120 0.092400 0.487685
v -2.421633 0.092262 0.432550
v -2.591766 0.090675 0.431053
v -2.591998 0.089592 0.458623
v -2.763945 0.085810 -0.389553
v -2.849023 0.086169 -0.390305
v -2.849510 0.086306 -0.335170
v -2.679377 0.087893 -0.333673
v -2.679122 0.086673 -0.361237
v -2.771661 0.087987 0.484610
v -2.686352 0.088712 0.457792
v -2.686120 0.089795 0.430222
v -2.856253 0.088208 0.428724
v -2.856739 0.088345 0.483858
v -3.028432 0.083343 -0.391881
v -3.113742 0.082618 -0.365063
v -3.113997 0.083839 -0.337499
v -2.943863 0.085426 -0.336001
v -2.943377 0.085288 -0.391135
v -3.036148 0.085520 0.482282
v -2.951093 0.087465 0.483028
v -2.950606 0.087328 0.427893
v -3.120739 0.085741 0.426395
v -3.120972 0.084658 0.453966
v -3.292919 0.080876 -0.394210
v -3.377996 0.081234 -0.394962
v -3.378483 0.081371 -0.339827
v -3.208350 0.082958 -0.338330
v -3.208095 0.081738 -0.365894
v -3.300635 0.083053 0.479953
v -3.215325 0.083778 0.453135
v -3.215093 0.084861 0.425565
v -3.385226 0.083274 0.424067
v -3.385712 0.083411 0.479201
v -3.557405 0.078409 -0.396538
v -3.642715 0.077684 -0.369720
v -3.642969 0.078904 -0.342156
v -3.472836 0.080491 -0.340658
v -3.472349 0.080354 -0.395793
v -3.565121 0.080586 0.477625
v -3.480065 0.082531 0.478371
v -3.479579 0.082393 0.423236
v -3.649712 0.080806 0.421738
v -3.649944 0.079723 0.449309
v -3.821892 0.075942 -0.398867
v -3.906969 0.076300 -0.399619
v -3.907456 0.076437 -0.344485
v -3.737323 0.078024 -0.342987
v -3.737068 0.076804 -0.370551
v -3.829608 0.078118 0.475296
v -3.744298 0.078843 0.448478
v -3.744066 0.079926 0.420908
v -3.914199 0.078339 0.419410
v -3.914685 0.078476 0.474544
v -4.086378 0.073474 -0.401195
v -4.171688 0.072749 -0.374377
v -4.171942 0.073970 -0.346813
v -4.001809 0.075557 -0.345315
v -4.001322 0.075419 -0.400450
v -4.094094 0.075651 0.472968
v -4.009038 0.077596 0.473714
v -4.008552 0.077459 0.418579
v -4.178685 0.075872 0.417081
v -4.178917 0.074789 0.444652
v -4.350864 0.071007 -0.403524
v -4.435942 0.071365 -0.404276
v -4.436428 0.071502 -0.349142
v -4.266295 0.073090 -0.347644
v -4.266041 0.071869 -0.375208
v -4.358581 0.073184 0.470639
v -4.273271 0.073909 0.443821
v -4.273038 0.074992 0.416251
v -4.443172 0.073405 0.414753
v -4.443658 0.073542 0.469887
v -4.615351 0.068540 -0.405853
v -4.700661 0.067815 -0.379034
v -4.700915 0.069035 -0.351470
v -4.530782 0.070622 -0.349972
v -4.530295 0.070485 -0.405107
v -4.623067 0.070717 0.468311
v -4.538012 0.072662 0.469057
v -4.537524 0.072525 0.413922
v -4.707658 0.070938 0.412424
v -4.707891 0.069855 0.439995
v -4.879838 0.066073 -0.408181
v -4.964914 0.066431 -0.408933
v -4.965401 0.066568 -0.353799
v -4.795268 0.068155 -0.352301
v -4.795014 0.066935 -0.379865
v -4.887554 0.068250 0.465982
v -4.802244 0.068974 0.439164
v -4.802011 0.070057 0.411594
v -4.972144 0.068470 0.410096
v -4.972631 0.068608 0.465230
v -5.144324 0.063605 -0.410510
v -5.229634 0.062881 -0.383691
v -5.229888 0.064101 -0.356127
v -5.059754 0.065688 -0.354629
v -5.059268 0.065551 -0.409764
v -5.152040 0.065782 0.463654
v -5.066984 0.067727 0.464400
v -5.066498 0.067590 0.409265
v -5.236631 0.066003 0.407767
v -5.236864 0.064920 0.435338
v -5.408811 0.061138 -0.412838
v -5.493888 0.061496 -0.413590
v -5.494374 0.061634 -0.358456
v -5.324242 0.063221 -0.356958
v -5.323987 0.062000 -0.384522
v -5.416527 0.063315 0.461325
v -5.331217 0.064040 0.434507
v -5.330984 0.065123 0.406937
v -5.501117 0.063536 0.405439
v -5.501604 0.063673 0.460573
v -5.493675 -0.013558 -0.358262
v -5.323055 -0.012108 -0.411899
v -5.500418 -0.011656 0.405632
v -5.330771 -0.009931 0.462265
v -5.059055 -0.009504 -0.354436
v -5.228702 -0.011228 -0.411068
v -5.065798 -0.007601 0.409459
v -5.236418 -0.009051 0.463095
v -4.964702 -0.008623 -0.353605
v -4.794082 -0.007174 -0.407242
v -4.971445 -0.006721 0.410289
v -4.801799 -0.004997 0.466922
v -4.530082 -0.004569 -0.349779
v -4.699729 -0.006294 -0.406411
v -4.536825 -0.002667 0.414116
v -4.707445 -0.004117 0.467752
v -4.435729 -0.003689 -0.348948
v -4.265109 -0.002239 -0.402585
v -4.442472 -0.001787 0.414946
v -4.272826 -0.000062 0.471579
v -4.001109 0.000365 -0.345122
v -4.170755 -0.001359 -0.401754
v -4.007852 0.002268 0.418773
v -4.178473 0.000818 0.472409
v -3.906756 0.001245 -0.344291
v -3.736136 0.002695 -0.397928
v -3.913499 0.003148 0.419603
v -3.743852 0.004872 0.476236
v -3.472136 0.005300 -0.340465
v -3.641782 0.003575 -0.397097
v -3.478879 0.007202 0.423430
v -3.649498 0.005752 0.477066
v -3.377783 0.006180 -0.339634
v -3.207163 0.007630 -0.393271
v -3.384526 0.008082 0.424260
v -3.214879 0.009806 0.480893
v -2.943163 0.010234 -0.335808
v -3.112810 0.008510 -0.392440
v -2.949906 0.012136 0.428087
v -3.120526 0.010687 0.481723
v -2.848810 0.011114 -0.334977
v -2.678190 0.012564 -0.388614
v -2.855553 0.013017 0.428917
v -2.685906 0.014741 0.485550
v -2.414190 0.015169 -0.331151
v -2.583837 0.013444 -0.387783
v -2.420933 0.017071 0.432744
v -2.591553 0.015621 0.486380
v -2.319837 0.016049 -0.330320
v -2.149217 0.017499 -0.383957
v -2.326580 0.017951 0.433574
v -2.156933 0.019675 0.490207
v -1.885217 0.020103 -0.326494
v -2.054863 0.018379 -0.383126
v -1.891960 0.022005 0.437401
v -2.062580 0.020556 0.491037
v -1.790864 0.020983 -0.325663
v -1.620244 0.022433 -0.379300
v -1.797607 0.022885 0.438231
v -1.627960 0.024610 0.494864
v -1.356244 0.025037 -0.321837
v -1.525890 0.023313 -0.378469
v -1.362987 0.026940 0.442058
v -1.533607 0.025490 0.495694
v -1.261891 0.025918 -0.321006
v -1.091270 0.027367 -0.374642
v -1.268634 0.027820 0.442888
v -1.098987 0.029544 0.499521
v -0.827271 0.029972 -0.317180
v -0.996917 0.028248 -0.373812
v -0.834014 0.031874 0.446715
v -1.004633 0.030424 0.500351
v -0.732918 0.030852 -0.316349
v -0.562298 0.032302 -0.369985
v -0.739661 0.032754 0.447545
v -0.570014 0.034479 0.504178
v -0.298298 0.034906 -0.312523
v -0.467945 0.033182 -0.369155
v -0.305041 0.036809 0.451372
v -0.475661 0.035359 0.505008
v -5.673105 -0.014080 -0.359845
v -5.588028 -0.014438 -0.359093
v -5.588515 -0.014301 -0.303958
v -5.673592 -0.013943 -0.304710
v -5.679849 -0.012178 0.404050
v -5.679362 -0.012315 0.348915
v -5.594285 -0.012673 0.349667
v -5.594771 -0.012536 0.404802
v -5.680527 0.060711 0.403862
v -5.595470 0.062656 0.404608
v -5.594984 0.062518 0.349474
v -5.680040 0.060573 0.348728
v -5.673783 0.058808 -0.360032
v -5.674270 0.058946 -0.304898
v -5.589214 0.060891 -0.304152
v -5.588728 0.060753 -0.359286
v -0.125631 0.039634 0.452948
v -0.210688 0.037689 0.452202
v -0.210201 0.037552 0.397068
v -0.125145 0.039497 0.397814
v -0.118889 0.037732 -0.310946
v -0.119375 0.037869 -0.255811
v -0.204432 0.035924 -0.256557
v -0.203945 0.035787 -0.311692
v -0.119568 0.110620 -0.311133
v -0.204645 0.110978 -0.311885
v -0.205132 0.111115 -0.256751
v -0.120054 0.110757 -0.255999
v -0.126310 0.112522 0.452761
v -0.125824 0.112385 0.397627
v -0.210901 0.112743 0.396875
v -0.211388 0.112880 0.452009
v -0.298998 0.110098 -0.312716
v -0.469131 0.108511 -0.314214
v -0.469364 0.107428 -0.286644
v -0.384540 0.108290 -0.258327
v -0.299485 0.110235 -0.257581
v -0.305741 0.112000 0.451178
v -0.305254 0.111863 0.396044
v -0.390310 0.109918 0.395298
v -0.475620 0.109193 0.422116
v -0.475874 0.110413 0.449681
v -0.563485 0.107631 -0.315044
v -0.733618 0.106044 -0.316542
v -0.734105 0.106181 -0.261408
v -0.649027 0.105823 -0.260656
v -0.563717 0.106548 -0.287474
v -0.570228 0.109533 0.448850
v -0.569973 0.108313 0.421286
v -0.654797 0.107450 0.392970
v -0.739874 0.107809 0.392218
v -0.740361 0.107946 0.447352
v -0.827971 0.105163 -0.317373
v -0.998104 0.103576 -0.318871
v -0.998336 0.102493 -0.291301
v -0.913513 0.103356 -0.262984
v -0.828458 0.105301 -0.262238
v -0.834714 0.107066 0.446521
v -0.834228 0.106928 0.391387
v -0.919283 0.104983 0.390641
v -1.004592 0.104258 0.417459
v -1.004847 0.105479 0.445024
v -1.092458 0.102696 -0.319701
v -1.262591 0.101109 -0.321199
v -1.263077 0.101246 -0.266065
v -1.178000 0.100888 -0.265313
v -1.092690 0.101613 -0.292131
v -1.099200 0.104598 0.444193
v -1.098946 0.103378 0.416629
v -1.183769 0.102516 0.388313
v -1.268847 0.102874 0.387561
v -1.269334 0.103011 0.442695
v -1.356944 0.100229 -0.322030
v -1.527078 0.098642 -0.323528
v -1.527310 0.097559 -0.295958
v -1.442486 0.098421 -0.267641
v -1.357430 0.100366 -0.266896
v -1.363687 0.102131 0.441864
v -1.363200 0.101994 0.386730
v -1.448256 0.100049 0.385984
v -1.533566 0.099324 0.412802
v -1.533820 0.100544 0.440367
v -1.621430 0.097762 -0.324358
v -1.791564 0.096175 -0.325856
v -1.792050 0.096312 -0.270722
v -1.706973 0.095954 -0.269970
v -1.621663 0.096679 -0.296788
v -1.628173 0.099664 0.439536
v -1.627919 0.098444 0.411972
v -1.712743 0.097582 0.383656
v -1.797820 0.097940 0.382904
v -1.798307 0.098077 0.438038
v -1.885917 0.095295 -0.326687
v -2.056050 0.093707 -0.328185
v -2.056283 0.092625 -0.300615
v -1.971459 0.093487 -0.272298
v -1.886404 0.095432 -0.271553
v -1.892660 0.097197 0.437207
v -1.892173 0.097060 0.382073
v -1.977229 0.095114 0.381327
v -2.062539 0.094389 0.408145
v -2.062793 0.095610 0.435710
v -2.150403 0.092827 -0.329015
v -2.320537 0.091240 -0.330513
v -2.321023 0.091378 -0.275379
v -2.235946 0.091019 -0.274627
v -2.150636 0.091744 -0.301445
v -2.157146 0.094730 0.434879
v -2.156892 0.093509 0.407315
v -2.241715 0.092647 0.378998
v -2.326793 0.093005 0.378247
v -2.327280 0.093143 0.433381
v -2.414890 0.090360 -0.331344
v -2.585024 0.088773 -0.332842
v -2.585256 0.087690 -0.305272
v -2.500432 0.088552 -0.276956
v -2.415377 0.090497 -0.276210
v -2.421633 0.092262 0.432550
v -2.421146 0.092125 0.377416
v -2.506202 0.090180 0.376670
v -2.591511 0.089455 0.403488
v -2.591766 0.090675 0.431052
v -2.679377 0.087893 -0.333672
v -2.849510 0.086306 -0.335170
v -2.849996 0.086443 -0.280036
v -2.764918 0.086085 -0.279284
v -2.679609 0.086810 -0.306102
v -2.686120 0.089795 0.430222
v -2.685865 0.088575 0.402658
v -2.770688 0.087713 0.374341
v -2.855766 0.088071 0.373590
v -2.856253 0.088208 0.428724
v -2.943863 0.085426 -0.336001
v -3.113997 0.083839 -0.337499
v -3.114229 0.082756 -0.309929
v -3.029405 0.083618 -0.281613
v -2.944350 0.085563 -0.280867
v -2.950606 0.087328 0.427893
v -2.950119 0.087191 0.372759
v -3.035175 0.085245 0.372013
v -3.120485 0.084521 0.398831
v -3.120739 0.085741 0.426395
v -3.208350 0.082958 -0.338329
v -3.378483 0.081371 -0.339827
v -3.378969 0.081509 -0.284693
v -3.293892 0.081151 -0.283941
v -3.208582 0.081875 -0.310759
v -3.215093 0.084861 0.425565
v -3.214838 0.083640 0.398001
v -3.299662 0.082778 0.369684
v -3.384739 0.083136 0.368933
v -3.385226 0.083274 0.424067
v -3.472836 0.080491 -0.340658
v -3.642969 0.078904 -0.342156
v -3.643201 0.077821 -0.314586
v -3.558378 0.078683 -0.286270
v -3.473322 0.080628 -0.285524
v -3.479579 0.082393 0.423236
v -3.479092 0.082256 0.368102
v -3.564148 0.080311 0.367356
v -3.649457 0.079586 0.394174
v -3.649712 0.080806 0.421738
v -3.737323 0.078024 -0.342986
v -3.907456 0.076437 -0.344484
v -3.907942 0.076574 -0.289350
v -3.822865 0.076216 -0.288598
v -3.737555 0.076941 -0.315416
v -3.744066 0.079926 0.420908
v -3.743811 0.078706 0.393344
v -3.828635 0.077844 0.365027
v -3.913712 0.078202 0.364276
v -3.914199 0.078339 0.419410
v -4.001809 0.075557 -0.345315
v -4.171942 0.073970 -0.346813
v -4.172174 0.072887 -0.319243
v -4.087351 0.073749 -0.290927
v -4.002295 0.075694 -0.290181
v -4.008552 0.077459 0.418579
v -4.008065 0.077322 0.363445
v -4.093121 0.075377 0.362699
v -4.178431 0.074652 0.389517
v -4.178685 0.075872 0.417081
v -4.266295 0.073090 -0.347644
v -4.436428 0.071502 -0.349141
v -4.436915 0.071640 -0.294007
v -4.351838 0.071282 -0.293255
v -4.266528 0.072007 -0.320073
v -4.273038 0.074992 0.416251
v -4.272784 0.073772 0.388686
v -4.357607 0.072909 0.360370
v -4.442685 0.073267 0.359619
v -4.443172 0.073405 0.414753
v -4.530782 0.070622 -0.349972
v -4.700915 0.069035 -0.351470
v -4.701148 0.067952 -0.323900
v -4.616324 0.068814 -0.295584
v -4.531268 0.070760 -0.294838
v -4.537524 0.072525 0.413922
v -4.537038 0.072387 0.358788
v -4.622094 0.070442 0.358042
v -4.707404 0.069717 0.384860
v -4.707658 0.070938 0.412424
v -4.795268 0.068155 -0.352301
v -4.965401 0.066568 -0.353798
v -4.965888 0.066705 -0.298664
v -4.880811 0.066347 -0.297912
v -4.795501 0.067072 -0.324730
v -4.802011 0.070057 0.411594
v -4.801757 0.068837 0.384029
v -4.886580 0.067975 0.355713
v -4.971658 0.068333 0.354962
v -4.972144 0.068470 0.410096
v -5.059754 0.065688 -0.354629
v -5.229888 0.064101 -0.356127
v -5.230121 0.063018 -0.328557
v -5.145297 0.063880 -0.300241
v -5.060241 0.065825 -0.299495
v -5.066498 0.067590 0.409265
v -5.066011 0.067453 0.354131
v -5.151067 0.065508 0.353385
v -5.236377 0.064783 0.380203
v -5.236631 0.066003 0.407767
v -5.494374 0.061634 -0.358455
v -5.494861 0.061771 -0.303321
v -5.409783 0.061413 -0.302569
v -5.324474 0.062138 -0.329387
v -5.324242 0.063221 -0.356958
v -5.501117 0.063536 0.405439
v -5.330984 0.065123 0.406937
v -5.330730 0.063903 0.379372
v -5.415553 0.063040 0.351056
v -5.500630 0.063399 0.350304
v -5.493675 -0.013558 -0.358262
v -5.324028 -0.011834 -0.301630
v -5.500418 -0.011656 0.405632
v -5.329798 -0.010206 0.351996
v -5.059055 -0.009504 -0.354436
v -5.229675 -0.010953 -0.300799
v -5.065798 -0.007601 0.409459
v -5.235445 -0.009326 0.352826
v -4.964702 -0.008623 -0.353605
v -4.795055 -0.006899 -0.296973
v -4.971445 -0.006721 0.410289
v -4.800825 -0.005271 0.356653
v -4.530082 -0.004569 -0.349779
v -4.700702 -0.006019 -0.296142
v -4.536825 -0.002667 0.414116
v -4.706472 -0.004391 0.357483
v -4.435729 -0.003689 -0.348948
v -4.266082 -0.001965 -0.292316
v -4.442472 -0.001787 0.414946
v -4.271852 -0.000337 0.361310
v -4.001109 0.000365 -0.345122
v -4.171729 -0.001085 -0.291485
v -4.007852 0.002268 0.418773
v -4.177499 0.000543 0.362140
v -3.906756 0.001245 -0.344291
v -3.737109 0.002970 -0.287659
v -3.913499 0.003148 0.419603
v -3.742879 0.004597 0.365967
v -3.472136 0.005300 -0.340465
v -3.642756 0.003850 -0.286828
v -3.478879 0.007202 0.423430
v -3.648525 0.005478 0.366797
v -3.377783 0.006180 -0.339634
v -3.208136 0.007904 -0.283002
v -3.384526 0.008082 0.424260
v -3.213906 0.009532 0.370624
v -2.943163 0.010234 -0.335808
v -3.113783 0.008784 -0.282171
v -2.949906 0.012136 0.428087
v -3.119553 0.010412 0.371455
v -2.848810 0.011114 -0.334977
v -2.679163 0.012839 -0.278345
v -2.855553 0.013017 0.428917
v -2.684933 0.014466 0.375281
v -2.414190 0.015169 -0.331151
v -2.584810 0.013719 -0.277514
v -2.420933 0.017071 0.432744
v -2.590580 0.015346 0.376112
v -2.319837 0.016049 -0.330320
v -2.150190 0.017773 -0.273688
v -2.326580 0.017951 0.433574
v -2.155960 0.019401 0.379938
v -1.885217 0.020103 -0.326494
v -2.055837 0.018653 -0.272857
v -1.891960 0.022005 0.437401
v -2.061606 0.020281 0.380769
v -1.790864 0.020983 -0.325663
v -1.621217 0.022708 -0.269031
v -1.797607 0.022885 0.438231
v -1.626987 0.024335 0.384595
v -1.356244 0.025037 -0.321836
v -1.526864 0.023588 -0.268200
v -1.362987 0.026940 0.442058
v -1.532633 0.025215 0.385426
v -1.261891 0.025918 -0.321006
v -1.092244 0.027642 -0.264374
v -1.268634 0.027820 0.442888
v -1.098013 0.029270 0.389252
v -0.827271 0.029972 -0.317179
v -0.997890 0.028522 -0.263543
v -0.834014 0.031874 0.446715
v -1.003660 0.030150 0.390083
v -0.732918 0.030852 -0.316349
v -0.563271 0.032576 -0.259717
v -0.739661 0.032754 0.447545
v -0.569041 0.034204 0.393909
v -0.298298 0.034906 -0.312522
v -0.468918 0.033457 -0.258886
v -0.305041 0.036809 0.451372
v -0.474688 0.035084 0.394740
v -0.390617 0.038624 0.505751
v -0.475441 0.037762 0.477435
v -0.479106 0.038796 0.892700
v -0.393796 0.039521 0.865882
v -0.569794 0.036881 0.476604
v -0.655104 0.036156 0.503422
v -0.658283 0.037053 0.863553
v -0.573460 0.037915 0.891869
v -0.919590 0.033689 0.501094
v -1.004414 0.032827 0.472778
v -1.008079 0.033861 0.888043
v -0.922770 0.034586 0.861225
v -1.098767 0.031947 0.471947
v -1.184077 0.031222 0.498765
v -1.187256 0.032119 0.858896
v -1.102432 0.032981 0.887212
v -1.448564 0.028755 0.496437
v -1.533387 0.027893 0.468121
v -1.537052 0.028927 0.883386
v -1.451743 0.029652 0.856568
v -1.627740 0.027012 0.467290
v -1.713050 0.026288 0.494108
v -1.716229 0.027184 0.854239
v -1.631405 0.028047 0.882555
v -1.977536 0.023820 0.491780
v -2.062360 0.022958 0.463464
v -2.066025 0.023992 0.878729
v -1.980715 0.024717 0.851911
v -2.156713 0.022078 0.462633
v -2.242023 0.021353 0.489451
v -2.245202 0.022250 0.849582
v -2.160378 0.023112 0.877898
v -2.506509 0.018886 0.487123
v -2.591332 0.018024 0.458807
v -2.594998 0.019058 0.874072
v -2.509688 0.019783 0.847254
v -2.685686 0.017144 0.457976
v -2.770996 0.016419 0.484794
v -2.774175 0.017316 0.844925
v -2.689352 0.018178 0.873241
v -3.035482 0.013951 0.482466
v -3.120306 0.013089 0.454150
v -3.123971 0.014123 0.869415
v -3.038661 0.014848 0.842597
v -3.214659 0.012209 0.453319
v -3.299969 0.011484 0.480137
v -3.303148 0.012381 0.840268
v -3.218325 0.013243 0.868584
v -3.564456 0.009017 0.477809
v -3.649279 0.008155 0.449493
v -3.652944 0.009189 0.864758
v -3.567635 0.009914 0.837940
v -3.743632 0.007275 0.448662
v -3.828942 0.006550 0.475480
v -3.832121 0.007447 0.835611
v -3.747298 0.008309 0.863927
v -4.093428 0.004083 0.473152
v -4.178251 0.003220 0.444836
v -4.181917 0.004255 0.860101
v -4.096607 0.004979 0.833283
v -4.272605 0.002340 0.444005
v -4.357915 0.001615 0.470823
v -4.361094 0.002512 0.830954
v -4.276271 0.003374 0.859270
v -4.622401 -0.000852 0.468495
v -4.707225 -0.001714 0.440179
v -4.710891 -0.000680 0.855444
v -4.625580 0.000045 0.828626
v -4.801578 -0.002594 0.439348
v -4.886888 -0.003319 0.466166
v -4.890067 -0.002422 0.826297
v -4.805243 -0.001560 0.854613
v -5.151374 -0.005786 0.463838
v -5.236197 -0.006648 0.435522
v -5.239863 -0.005614 0.850787
v -5.154553 -0.004889 0.823968
v -5.330551 -0.007529 0.434691
v -5.415861 -0.008254 0.461509
v -5.419040 -0.007357 0.821640
v -5.334217 -0.006495 0.849956
v -5.319656 -0.010602 -0.799600
v -5.404965 -0.011327 -0.772781
v -5.140479 -0.008860 -0.770453
v -5.225303 -0.009722 -0.798769
v -4.790683 -0.005668 -0.794943
v -4.875993 -0.006393 -0.768124
v -4.611506 -0.003926 -0.765796
v -4.696330 -0.004788 -0.794112
v -4.261710 -0.000733 -0.790286
v -4.347020 -0.001458 -0.763467
v -4.082533 0.001009 -0.761139
v -4.167356 0.000147 -0.789455
v -3.732737 0.004201 -0.785628
v -3.818047 0.003476 -0.758810
v -3.553560 0.005943 -0.756482
v -3.638383 0.005081 -0.784798
v -3.203764 0.009135 -0.780972
v -3.289074 0.008411 -0.754153
v -3.024587 0.010878 -0.751825
v -3.109411 0.010016 -0.780141
v -2.674791 0.014070 -0.776314
v -2.760100 0.013345 -0.749496
v -2.495614 0.015812 -0.747168
v -2.580438 0.014950 -0.775484
v -2.145818 0.019004 -0.771657
v -2.231128 0.018279 -0.744839
v -1.966641 0.020747 -0.742511
v -2.051465 0.019885 -0.770827
v -1.616845 0.023939 -0.767000
v -1.702155 0.023214 -0.740182
v -1.437668 0.025681 -0.737854
v -1.522492 0.024819 -0.766170
v -1.087873 0.028873 -0.762343
v -1.173182 0.028148 -0.735525
v -0.908695 0.030616 -0.733197
v -0.993518 0.029753 -0.761513
v -0.558899 0.033808 -0.757686
v -0.644209 0.033083 -0.730868
v -0.379722 0.035550 -0.728540
v -0.464546 0.034688 -0.756856
v -0.468211 0.035722 -0.341594
v -0.382901 0.036447 -0.368412
v -0.647388 0.033980 -0.370741
v -0.562564 0.034842 -0.342425
v -0.997184 0.030787 -0.346251
v -0.911874 0.031512 -0.373069
v -1.176361 0.029045 -0.375398
v -1.091538 0.029907 -0.347082
v -1.526157 0.025853 -0.350908
v -1.440847 0.026578 -0.377726
v -1.705334 0.024111 -0.380055
v -1.620510 0.024973 -0.351739
v -2.055130 0.020919 -0.355565
v -1.969820 0.021643 -0.382383
v -2.234307 0.019176 -0.384712
v -2.149483 0.020038 -0.356396
v -2.584104 0.015984 -0.360222
v -2.498793 0.016709 -0.387040
v -2.763279 0.014242 -0.389369
v -2.678456 0.015104 -0.361053
v -3.113076 0.011050 -0.364879
v -3.027766 0.011775 -0.391697
v -3.292253 0.009307 -0.394026
v -3.207429 0.010170 -0.365710
v -3.642049 0.006115 -0.369536
v -3.556739 0.006840 -0.396354
v -3.821226 0.004373 -0.398683
v -3.736403 0.005235 -0.370367
v -4.171022 0.001181 -0.374193
v -4.085712 0.001906 -0.401011
v -4.350199 -0.000562 -0.403340
v -4.265375 0.000301 -0.375024
v -4.699995 -0.003754 -0.378850
v -4.614685 -0.003029 -0.405668
v -4.879171 -0.005496 -0.407997
v -4.794348 -0.004634 -0.379681
v -5.228968 -0.008688 -0.383507
v -5.143658 -0.007963 -0.410325
v -5.408144 -0.010430 -0.412654
v -5.323321 -0.009568 -0.384338
v -0.383874 0.036721 -0.258143
v -0.468698 0.035859 -0.286459
v -0.474954 0.037624 0.422300
v -0.389644 0.038349 0.395482
v -0.563051 0.034979 -0.287290
v -0.648361 0.034254 -0.260472
v -0.654131 0.035882 0.393154
v -0.569307 0.036744 0.421470
v -0.912848 0.031787 -0.262800
v -0.997671 0.030925 -0.291116
v -1.003927 0.032690 0.417643
v -0.918617 0.033415 0.390825
v -1.092025 0.030045 -0.291947
v -1.177334 0.029320 -0.265129
v -1.183104 0.030947 0.388497
v -1.098280 0.031810 0.416813
v -1.441821 0.026853 -0.267457
v -1.526644 0.025990 -0.295773
v -1.532900 0.027755 0.412986
v -1.447590 0.028480 0.386168
v -1.620997 0.025110 -0.296604
v -1.706307 0.024385 -0.269786
v -1.712077 0.026013 0.383840
v -1.627253 0.026875 0.412156
v -1.970793 0.021918 -0.272114
v -2.055617 0.021056 -0.300430
v -2.061873 0.022821 0.408329
v -1.976563 0.023546 0.381511
v -2.149970 0.020176 -0.301261
v -2.235280 0.019451 -0.274443
v -2.241050 0.021079 0.379183
v -2.156226 0.021941 0.407499
v -2.499766 0.016984 -0.276771
v -2.584590 0.016121 -0.305088
v -2.590846 0.017886 0.403672
v -2.505536 0.018611 0.376854
v -2.678943 0.015241 -0.305918
v -2.764253 0.014516 -0.279100
v -2.770022 0.016144 0.374526
v -2.685199 0.017006 0.402842
v -3.028739 0.012049 -0.281428
v -3.113563 0.011187 -0.309745
v -3.119819 0.012952 0.399015
v -3.034509 0.013677 0.372197
v -3.207916 0.010307 -0.310575
v -3.293226 0.009582 -0.283757
v -3.298996 0.011210 0.369869
v -3.214172 0.012072 0.398185
v -3.557713 0.007115 -0.286085
v -3.642536 0.006253 -0.314402
v -3.648792 0.008018 0.394358
v -3.563482 0.008742 0.367540
v -3.736889 0.005372 -0.315232
v -3.822199 0.004648 -0.288414
v -3.827969 0.006275 0.365212
v -3.743145 0.007137 0.393528
v -4.086686 0.002180 -0.290742
v -4.171509 0.001318 -0.319059
v -4.177765 0.003083 0.389701
v -4.092455 0.003808 0.362883
v -4.265862 0.000438 -0.319889
v -4.351171 -0.000287 -0.293071
v -4.356941 0.001341 0.360555
v -4.272119 0.002203 0.388871
v -4.615658 -0.002754 -0.295399
v -4.700482 -0.003616 -0.323716
v -4.706738 -0.001851 0.385044
v -4.621428 -0.001126 0.358226
v -4.794835 -0.004496 -0.324546
v -4.880145 -0.005221 -0.297728
v -4.885915 -0.003594 0.355897
v -4.801091 -0.002732 0.384214
v -5.144631 -0.007689 -0.300057
v -5.229455 -0.008551 -0.328373
v -5.235711 -0.006786 0.380387
v -5.150401 -0.006061 0.353569
v -5.323808 -0.009431 -0.329203
v -5.409118 -0.010156 -0.302385
v -5.414887 -0.008528 0.351240
v -5.330065 -0.007666 0.379557
v -4.799286 0.989989 -0.872699
v -4.969419 0.988402 -0.874196
v -4.969673 0.989623 -0.846632
v -4.799541 0.991210 -0.845134
v -4.704933 0.990869 -0.871868
v -4.705187 0.992090 -0.844304
v -4.535053 0.993677 -0.842806
v -4.534800 0.992457 -0.870370
v -3.741340 0.999858 -0.863384
v -3.826650 0.999133 -0.836566
v -3.741594 1.001078 -0.835820
v -3.646987 1.000738 -0.862554
v -3.647241 1.001959 -0.834990
v -3.562163 1.001601 -0.834238
v -2.683394 1.009727 -0.854070
v -2.768704 1.009002 -0.827252
v -2.683648 1.010947 -0.826506
v -2.589041 1.010607 -0.853240
v -2.589295 1.011828 -0.825676
v -2.504217 1.011469 -0.824924
v -1.625448 1.019596 -0.844756
v -1.710758 1.018871 -0.817938
v -1.625701 1.020816 -0.817192
v -1.531095 1.020476 -0.843926
v -1.531349 1.021696 -0.816362
v -1.446271 1.021338 -0.815610
v -0.567502 1.029465 -0.835442
v -0.652812 1.028740 -0.808624
v -0.567756 1.030685 -0.807878
v -0.473149 1.030345 -0.834612
v -0.473403 1.031565 -0.807047
v -0.388325 1.031207 -0.806296
v -0.489037 1.034827 0.965321
v -0.403727 1.035552 0.938502
v -0.488804 1.035910 0.937750
v -0.583390 1.033947 0.964490
v -0.583158 1.035030 0.936920
v -0.668214 1.033085 0.936174
v -1.546983 1.024958 0.956007
v -1.461673 1.025683 0.929188
v -1.546750 1.026042 0.928436
v -1.641336 1.024078 0.955176
v -1.641103 1.025161 0.927606
v -1.726160 1.023216 0.926860
v -2.604928 1.015090 0.946692
v -2.519619 1.015814 0.919874
v -2.604696 1.016173 0.919122
v -2.699282 1.014209 0.945862
v -2.699049 1.015292 0.918292
v -2.784105 1.013347 0.917546
v -3.662875 1.005221 0.937378
v -3.577565 1.005946 0.910560
v -3.662642 1.006304 0.909808
v -3.757228 1.004341 0.936548
v -3.756996 1.005424 0.908978
v -3.842052 1.003478 0.908232
v -4.720821 0.995352 0.928064
v -4.550688 0.996939 0.929562
v -4.550455 0.998022 0.901992
v -4.720588 0.996435 0.900494
v -4.815174 0.994472 0.927234
v -4.814941 0.995555 0.899664
v -4.985075 0.993968 0.898166
v -4.985307 0.992885 0.925736
v -0.403550 1.035502 0.918454
v -0.488373 1.034640 0.890138
v -0.488627 1.035860 0.917702
v -0.668037 1.033035 0.916126
v -0.582981 1.034980 0.916872
v -0.582726 1.033760 0.889308
v -1.461496 1.025633 0.909140
v -1.546319 1.024771 0.880824
v -1.546573 1.025992 0.908388
v -1.725983 1.023166 0.906812
v -1.640926 1.025111 0.907558
v -1.640672 1.023891 0.879994
v -2.519442 1.015764 0.899826
v -2.604265 1.014902 0.871510
v -2.604519 1.016123 0.899074
v -2.783928 1.013297 0.897498
v -2.698873 1.015242 0.898244
v -2.698618 1.014022 0.870679
v -3.577388 1.005896 0.890512
v -3.662211 1.005033 0.862196
v -3.662465 1.006254 0.889760
v -3.841875 1.003428 0.888184
v -3.756819 1.005374 0.888930
v -3.756565 1.004153 0.861365
v -4.550278 0.997972 0.881944
v -4.550024 0.996752 0.854380
v -4.720158 0.995165 0.852882
v -4.720411 0.996385 0.880446
v -4.984898 0.993918 0.878118
v -4.814765 0.995505 0.879616
v -4.814511 0.994284 0.852051
v -4.984644 0.992697 0.850554
v -0.388503 1.031257 -0.786236
v -0.473580 1.031615 -0.786988
v -0.473813 1.030532 -0.759417
v -0.652989 1.028790 -0.788564
v -0.568166 1.029652 -0.760248
v -0.567933 1.030735 -0.787818
v -1.446449 1.021388 -0.795550
v -1.531526 1.021746 -0.796302
v -1.531759 1.020663 -0.768731
v -1.710936 1.018921 -0.797878
v -1.626112 1.019783 -0.769562
v -1.625879 1.020866 -0.797132
v -2.504395 1.011519 -0.804864
v -2.589472 1.011878 -0.805616
v -2.589705 1.010795 -0.778045
v -2.768881 1.009052 -0.807192
v -2.684058 1.009914 -0.778876
v -2.683825 1.010997 -0.806446
v -3.562341 1.001650 -0.814178
v -3.647418 1.002009 -0.814930
v -3.647650 1.000926 -0.787360
v -3.826828 0.999183 -0.816506
v -3.742004 1.000045 -0.788190
v -3.741771 1.001129 -0.815760
v -4.535231 0.993727 -0.822746
v -4.705364 0.992140 -0.824244
v -4.705597 0.991057 -0.796674
v -4.535463 0.992644 -0.795176
v -4.969850 0.989673 -0.826572
v -4.970083 0.988590 -0.799002
v -4.799950 0.990177 -0.797504
v -4.799717 0.991260 -0.825074
v -4.549947 0.917322 0.929767
v -4.720080 0.915735 0.928269
v -4.720058 0.913432 0.928275
v -4.634748 0.914157 0.901457
v -4.549692 0.916102 0.902203
v -4.984566 0.913268 0.925941
v -4.984312 0.912048 0.898376
v -4.899235 0.911690 0.899128
v -4.814412 0.912552 0.927444
v -4.814433 0.914855 0.927438
v -4.983903 0.913081 0.850758
v -4.813770 0.914668 0.852256
v -4.813748 0.912364 0.852262
v -4.899058 0.911640 0.879080
v -4.984135 0.911998 0.878329
v -4.549283 0.917135 0.854585
v -4.549516 0.916052 0.882155
v -4.634572 0.914107 0.881409
v -4.719395 0.913245 0.853093
v -4.719417 0.915548 0.853087
v -4.534797 0.921077 -0.794992
v -4.704930 0.919490 -0.796490
v -4.704909 0.917187 -0.796484
v -4.619599 0.917912 -0.823302
v -4.534543 0.919857 -0.822556
v -4.969417 0.917023 -0.798818
v -4.969163 0.915802 -0.826382
v -4.884086 0.915444 -0.825630
v -4.799263 0.916306 -0.797314
v -4.799284 0.918610 -0.797320
v -4.534133 0.920890 -0.870186
v -4.534366 0.919807 -0.842616
v -4.619422 0.917862 -0.843362
v -4.704246 0.916999 -0.871678
v -4.704267 0.919303 -0.871684
v -4.968753 0.916835 -0.874012
v -4.798620 0.918423 -0.872514
v -4.798599 0.916119 -0.872509
v -4.883909 0.915394 -0.845690
v -4.968986 0.915752 -0.846442
v -5.605166 0.988132 0.872657
v -5.604912 0.986911 0.845093
v -5.690222 0.986186 0.871911
v -5.605343 0.988181 0.892705
v -5.690399 0.986236 0.891959
v -5.605576 0.987098 0.920275
v -5.589942 0.983837 -0.852093
v -5.589687 0.982616 -0.879657
v -5.674997 0.981891 -0.852839
v -5.590118 0.983886 -0.832033
v -5.675175 0.981941 -0.832779
v -5.590351 0.982803 -0.804463
v -5.604171 0.907295 0.845298
v -5.604403 0.906212 0.872868
v -5.689481 0.906570 0.872116
v -5.604835 0.907482 0.920480
v -5.689658 0.906620 0.892164
v -5.604580 0.906262 0.892916
v -5.589685 0.911237 -0.804279
v -5.674508 0.910374 -0.832595
v -5.589431 0.910016 -0.831843
v -5.589022 0.911049 -0.879473
v -5.589254 0.909966 -0.851903
v -5.674332 0.910324 -0.852655
v -0.233890 1.038237 0.919945
v -0.148811 1.037879 0.920697
v -0.233636 1.037016 0.892381
v -0.234067 1.038287 0.939993
v -0.234300 1.037204 0.967563
v -0.148989 1.037928 0.940745
v -0.218665 1.033942 -0.804805
v -0.133587 1.033584 -0.804053
v -0.218411 1.032721 -0.832369
v -0.218843 1.033992 -0.784745
v -0.219075 1.032909 -0.757175
v -0.133764 1.033633 -0.783993
v -0.233559 0.957587 0.967768
v -0.233305 0.956367 0.940204
v -0.148249 0.958312 0.940950
v -0.218409 0.961342 -0.756991
v -0.218155 0.960122 -0.784555
v -0.133099 0.962067 -0.783809
v -0.217745 0.961155 -0.832185
v -0.132921 0.962017 -0.803869
v -0.217978 0.960072 -0.804615
v -0.232895 0.957400 0.892586
v -0.148071 0.958262 0.920902
v -0.233128 0.956317 0.920156
v -4.896678 0.636961 0.899835
v -4.981734 0.635016 0.899089
v -4.981967 0.633933 0.926659
v -4.811834 0.635520 0.928157
v -4.811855 0.637823 0.928151
v -4.895876 0.550716 0.900057
v -4.811052 0.551579 0.928373
v -4.811074 0.553882 0.928367
v -4.981207 0.552295 0.926869
v -4.980953 0.551074 0.899305
v -4.632015 0.639378 0.882116
v -4.546938 0.639020 0.882868
v -4.546684 0.637800 0.855303
v -4.716817 0.636213 0.853805
v -4.716839 0.638516 0.853800
v -4.631212 0.553134 0.882337
v -4.716036 0.552271 0.854021
v -4.716058 0.554575 0.854015
v -4.545924 0.556162 0.855513
v -4.546156 0.555079 0.883083
v -4.631389 0.553184 0.902385
v -4.546333 0.555129 0.903131
v -4.546587 0.556349 0.930696
v -4.716721 0.554762 0.929198
v -4.716700 0.552459 0.929204
v -4.632192 0.639428 0.902164
v -4.717502 0.638703 0.928982
v -4.717481 0.636400 0.928988
v -4.547347 0.637987 0.930486
v -4.547114 0.639070 0.902915
v -4.895699 0.550666 0.880009
v -4.980776 0.551024 0.879257
v -4.980544 0.552107 0.851687
v -4.810410 0.553694 0.853185
v -4.810390 0.551391 0.853191
v -4.896502 0.636911 0.879787
v -4.811192 0.637636 0.852969
v -4.811171 0.635332 0.852975
v -4.981303 0.633745 0.851477
v -4.981557 0.634966 0.879041
v -4.881481 0.635605 -0.824911
v -4.966537 0.633660 -0.825656
v -4.966770 0.632577 -0.798086
v -4.796637 0.634164 -0.796588
v -4.796659 0.636467 -0.796594
v -4.880677 0.549144 -0.824688
v -4.795854 0.550006 -0.796372
v -4.795875 0.552309 -0.796378
v -4.966008 0.550722 -0.797876
v -4.965754 0.549502 -0.825440
v -4.795995 0.636280 -0.871789
v -4.795973 0.633977 -0.871783
v -4.966106 0.632390 -0.873281
v -4.966360 0.633610 -0.845716
v -4.881305 0.635555 -0.844970
v -4.795190 0.549819 -0.871566
v -4.880500 0.549094 -0.844748
v -4.965577 0.549452 -0.845500
v -4.965344 0.550535 -0.873070
v -4.795211 0.552122 -0.871572
v -4.701501 0.550886 -0.795541
v -4.616190 0.551611 -0.822360
v -4.531134 0.553556 -0.821614
v -4.531388 0.554777 -0.794049
v -4.701522 0.553190 -0.795547
v -4.702305 0.637348 -0.795764
v -4.702284 0.635044 -0.795758
v -4.532150 0.636631 -0.794260
v -4.531918 0.637714 -0.821830
v -4.616995 0.638072 -0.822582
v -4.700837 0.550699 -0.870736
v -4.700858 0.553002 -0.870742
v -4.530725 0.554589 -0.869244
v -4.530957 0.553506 -0.841673
v -4.616014 0.551561 -0.842420
v -4.701641 0.637160 -0.870958
v -4.616818 0.638022 -0.842642
v -4.531740 0.637664 -0.841890
v -4.531487 0.636444 -0.869454
v -4.701620 0.634857 -0.870952
v -5.596549 0.628200 0.921249
v -5.596316 0.629283 0.893678
v -5.681372 0.627337 0.892932
v -5.595789 0.546562 0.921459
v -5.680613 0.545699 0.893143
v -5.595535 0.545341 0.893894
v -5.595126 0.546374 0.846276
v -5.595358 0.545291 0.873846
v -5.680436 0.545650 0.873095
v -5.595886 0.628012 0.846066
v -5.681195 0.627288 0.872885
v -5.596140 0.629233 0.873631
v -5.581352 0.626844 -0.803497
v -5.581120 0.627927 -0.831067
v -5.666175 0.625982 -0.831813
v -5.580590 0.544989 -0.803286
v -5.665413 0.544127 -0.831602
v -5.580336 0.543769 -0.830851
v -5.580688 0.626657 -0.878691
v -5.665998 0.625932 -0.851873
v -5.580942 0.627877 -0.851127
v -5.579926 0.544802 -0.878481
v -5.580159 0.543719 -0.850910
v -5.665236 0.544077 -0.851662
v -0.229614 0.678071 0.893310
v -0.229868 0.679291 0.920874
v -0.144790 0.678933 0.921626
v -0.228854 0.596433 0.893520
v -0.144030 0.597295 0.921836
v -0.229087 0.595350 0.921090
v -0.229518 0.596620 0.968702
v -0.229264 0.595400 0.941138
v -0.144207 0.597345 0.941884
v -0.230278 0.678258 0.968492
v -0.144967 0.678983 0.941674
v -0.230045 0.679341 0.940922
v -0.214319 0.595048 -0.756043
v -0.214065 0.593827 -0.783607
v -0.129008 0.595773 -0.782861
v -0.215080 0.676902 -0.756254
v -0.129770 0.677627 -0.783072
v -0.214848 0.677985 -0.783824
v -0.213655 0.594860 -0.831237
v -0.128831 0.595723 -0.802921
v -0.213887 0.593777 -0.803667
v -0.214417 0.676715 -0.831448
v -0.214671 0.677935 -0.803884
v -0.129593 0.677577 -0.803132
v -0.322595 0.037907 0.941703
v -0.322849 0.039127 0.969267
v -0.407672 0.038265 0.940951
v -0.408350 0.111153 0.940763
v -0.323527 0.112015 0.969080
v -0.323295 0.113098 0.941509
v -0.392271 0.033920 -0.803847
v -0.306961 0.034645 -0.830665
v -0.307193 0.033562 -0.803095
v -0.307893 0.108753 -0.803289
v -0.307639 0.107533 -0.830853
v -0.392949 0.106808 -0.804034
v 5.146545 0.090076 0.989850
v 5.061234 0.089351 1.016668
v 5.061488 0.088131 0.989104
v 5.060788 0.163323 0.988910
v 5.060555 0.162240 1.016480
v 5.145866 0.162965 0.989662
v 5.077123 0.084869 -0.783264
v 5.161947 0.085731 -0.754948
v 5.076890 0.083786 -0.755694
v 5.076190 0.158978 -0.755888
v 5.161268 0.158620 -0.755136
v 5.076444 0.157758 -0.783452
v 4.982536 0.082906 -0.756525
v 4.812404 0.081319 -0.758023
v 4.812636 0.082402 -0.785593
v 4.982769 0.083989 -0.784095
v 4.718051 0.080439 -0.758853
v 4.547916 0.078852 -0.760351
v 4.548149 0.079935 -0.787921
v 4.718284 0.081522 -0.786423
v 4.453565 0.077972 -0.761182
v 4.283431 0.076385 -0.762680
v 4.283664 0.077468 -0.790250
v 4.453797 0.079055 -0.788752
v 4.189077 0.075504 -0.763510
v 4.018945 0.073917 -0.765008
v 4.019177 0.075000 -0.792578
v 4.189310 0.076587 -0.791080
v 3.924590 0.073037 -0.765839
v 3.754457 0.071450 -0.767337
v 3.754690 0.072533 -0.794907
v 3.924823 0.074120 -0.793409
v 3.660105 0.070570 -0.768167
v 3.489971 0.068983 -0.769665
v 3.490204 0.070066 -0.797235
v 3.660337 0.071653 -0.795738
v 3.395618 0.068103 -0.770496
v 3.225486 0.066516 -0.771994
v 3.225718 0.067599 -0.799564
v 3.395851 0.069186 -0.798066
v 3.131131 0.065636 -0.772824
v 2.960999 0.064048 -0.774322
v 2.961231 0.065131 -0.801892
v 3.131364 0.066718 -0.800395
v 2.866645 0.063168 -0.775153
v 2.696512 0.061581 -0.776651
v 2.696745 0.062664 -0.804221
v 2.866878 0.064251 -0.802723
v 2.602159 0.060701 -0.777481
v 2.432026 0.059114 -0.778979
v 2.432259 0.060197 -0.806549
v 2.602391 0.061784 -0.805052
v 2.337672 0.058234 -0.779810
v 2.167539 0.056647 -0.781308
v 2.167771 0.057730 -0.808878
v 2.337905 0.059317 -0.807380
v 2.073186 0.055767 -0.782138
v 1.903052 0.054180 -0.783636
v 1.903285 0.055263 -0.811206
v 2.073419 0.056850 -0.809709
v 1.808700 0.053299 -0.784467
v 1.638566 0.051712 -0.785965
v 1.638799 0.052795 -0.813535
v 1.808932 0.054382 -0.812037
v 1.544212 0.050832 -0.786795
v 1.374079 0.049245 -0.788293
v 1.374311 0.050328 -0.815863
v 1.544445 0.051915 -0.814366
v 1.279726 0.048365 -0.789124
v 1.109592 0.046778 -0.790622
v 1.109825 0.047861 -0.818192
v 1.279959 0.049448 -0.816694
v 1.015240 0.045898 -0.791452
v 0.845107 0.044311 -0.792950
v 0.845340 0.045394 -0.820520
v 1.015472 0.046981 -0.819023
v 0.750752 0.043431 -0.793781
v 0.580620 0.041843 -0.795279
v 0.580853 0.042926 -0.822849
v 0.750985 0.044513 -0.821351
v 0.486267 0.040963 -0.796109
v 0.316133 0.039376 -0.797607
v 0.316366 0.040459 -0.825177
v 0.486500 0.042046 -0.823680
v 0.221781 0.038496 -0.798438
v 0.051647 0.036909 -0.799936
v 0.051880 0.037992 -0.827506
v 0.222013 0.039579 -0.826008
v -0.212840 0.034442 -0.802264
v -0.212607 0.035525 -0.829835
v -0.042474 0.037112 -0.828337
v -0.042706 0.036029 -0.800767
v -0.213540 0.109633 -0.802458
v -0.043406 0.111220 -0.800960
v -0.043153 0.110000 -0.828524
v -0.213285 0.108413 -0.830022
v 0.050947 0.112101 -0.800129
v 0.221080 0.113688 -0.798631
v 0.221334 0.112467 -0.826196
v 0.051201 0.110880 -0.827694
v 0.315434 0.114568 -0.797801
v 0.400490 0.116513 -0.797055
v 0.485800 0.117238 -0.823873
v 0.485821 0.114935 -0.823867
v 0.315687 0.113348 -0.825365
v 0.580153 0.118118 -0.823042
v 0.664976 0.118980 -0.794726
v 0.750052 0.118622 -0.793974
v 0.750306 0.117402 -0.821539
v 0.580173 0.115815 -0.823036
v 0.844406 0.119502 -0.793144
v 1.014540 0.121089 -0.791646
v 1.014793 0.119869 -0.819210
v 0.844660 0.118282 -0.820708
v 1.108892 0.121969 -0.790815
v 1.279026 0.123556 -0.789317
v 1.279280 0.122336 -0.816882
v 1.109146 0.120749 -0.818379
v 1.373379 0.124437 -0.788487
v 1.458436 0.126382 -0.787741
v 1.543745 0.127107 -0.814559
v 1.543766 0.124803 -0.814553
v 1.373632 0.123216 -0.816051
v 1.638099 0.127987 -0.813728
v 1.722921 0.128849 -0.785412
v 1.807999 0.128491 -0.784660
v 1.808252 0.127271 -0.812225
v 1.638120 0.125684 -0.813722
v 1.902352 0.129371 -0.783830
v 2.072486 0.130958 -0.782332
v 2.072740 0.129738 -0.809896
v 1.902606 0.128151 -0.811394
v 2.166839 0.131838 -0.781501
v 2.336971 0.133425 -0.780003
v 2.337225 0.132205 -0.807568
v 2.167092 0.130618 -0.809065
v 2.431325 0.134306 -0.779173
v 2.516381 0.136251 -0.778427
v 2.601691 0.136976 -0.805245
v 2.601712 0.134672 -0.805239
v 2.431579 0.133085 -0.806737
v 2.696045 0.137856 -0.804414
v 2.780868 0.138718 -0.776098
v 2.865945 0.138360 -0.775346
v 2.866199 0.137140 -0.802911
v 2.696066 0.135553 -0.804408
v 2.960299 0.139240 -0.774516
v 3.130431 0.140827 -0.773018
v 3.130685 0.139607 -0.800582
v 2.960552 0.138020 -0.802080
v 3.224786 0.141707 -0.772187
v 3.394918 0.143294 -0.770689
v 3.395172 0.142074 -0.798254
v 3.225039 0.140487 -0.799751
v 3.489271 0.144174 -0.769859
v 3.574327 0.146120 -0.769113
v 3.659637 0.146844 -0.795931
v 3.659658 0.144541 -0.795925
v 3.489525 0.142954 -0.797423
v 3.753990 0.147725 -0.795100
v 3.838815 0.148587 -0.766784
v 3.923890 0.148229 -0.766032
v 3.924144 0.147008 -0.793597
v 3.754011 0.145421 -0.795094
v 4.018245 0.149109 -0.765202
v 4.188377 0.150696 -0.763704
v 4.188631 0.149476 -0.791268
v 4.018498 0.147889 -0.792766
v 4.282730 0.151576 -0.762873
v 4.452865 0.153163 -0.761375
v 4.453118 0.151943 -0.788939
v 4.282984 0.150356 -0.790437
v 4.547216 0.154043 -0.760545
v 4.632274 0.155988 -0.759799
v 4.717583 0.156713 -0.786617
v 4.717604 0.154410 -0.786611
v 4.547470 0.152823 -0.788109
v 4.981836 0.158098 -0.756718
v 4.982090 0.156877 -0.784283
v 4.811957 0.155290 -0.785780
v 4.811936 0.157594 -0.785786
v 4.896760 0.158456 -0.757470
v -0.228496 0.040007 0.970098
v -0.228241 0.038787 0.942533
v -0.058108 0.040374 0.944031
v -0.058362 0.041594 0.971596
v 0.035992 0.042474 0.972426
v 0.036245 0.041254 0.944862
v 0.206378 0.042841 0.946360
v 0.206124 0.044061 0.973924
v 0.300478 0.044941 0.974755
v 0.300732 0.043721 0.947191
v 0.470865 0.045308 0.948688
v 0.470612 0.046529 0.976253
v 0.564964 0.047409 0.977083
v 0.565218 0.046188 0.949519
v 0.735351 0.047775 0.951017
v 0.735097 0.048996 0.978581
v 0.829451 0.049876 0.979412
v 0.829704 0.048656 0.951848
v 0.999838 0.050243 0.953345
v 0.999584 0.051463 0.980910
v 1.093937 0.052343 0.981740
v 1.094191 0.051123 0.954176
v 1.264324 0.052710 0.955674
v 1.264071 0.053930 0.983238
v 1.358423 0.054810 0.984069
v 1.358677 0.053590 0.956505
v 1.528811 0.055177 0.958002
v 1.528557 0.056397 0.985567
v 1.622910 0.057278 0.986397
v 1.623164 0.056057 0.958833
v 1.793297 0.057644 0.960331
v 1.793043 0.058865 0.987895
v 1.887397 0.059745 0.988726
v 1.887650 0.058525 0.961162
v 2.057784 0.060112 0.962659
v 2.057530 0.061332 0.990224
v 2.151883 0.062212 0.991054
v 2.152137 0.060992 0.963490
v 2.322269 0.062579 0.964988
v 2.322016 0.063799 0.992552
v 2.416369 0.064679 0.993383
v 2.416623 0.063459 0.965819
v 2.586757 0.065046 0.967316
v 2.586503 0.066266 0.994881
v 2.680857 0.067146 0.995711
v 2.681110 0.065926 0.968147
v 2.851243 0.067513 0.969645
v 2.850989 0.068734 0.997209
v 2.945343 0.069614 0.998040
v 2.945597 0.068393 0.970476
v 3.115729 0.069981 0.971973
v 3.115476 0.071201 0.999538
v 3.209830 0.072081 1.000368
v 3.210084 0.070861 0.972804
v 3.380217 0.072448 0.974302
v 3.379963 0.073668 1.001866
v 3.474316 0.074548 1.002697
v 3.474569 0.073328 0.975133
v 3.644703 0.074915 0.976631
v 3.644449 0.076135 1.004195
v 3.738802 0.077015 1.005025
v 3.739056 0.075795 0.977461
v 3.909188 0.077382 0.978959
v 3.908935 0.078602 1.006523
v 4.003289 0.079483 1.007354
v 4.003543 0.078262 0.979790
v 4.173676 0.079849 0.981288
v 4.173422 0.081070 1.008852
v 4.267775 0.081950 1.009682
v 4.268028 0.080730 0.982118
v 4.438163 0.082317 0.983616
v 4.437909 0.083537 1.011180
v 4.532261 0.084417 1.012011
v 4.532515 0.083197 0.984447
v 4.702648 0.084784 0.985945
v 4.702394 0.086004 1.013509
v 4.966881 0.088471 1.015837
v 4.796748 0.086884 1.014339
v 4.797002 0.085664 0.986775
v 4.967134 0.087251 0.988273
v 4.966202 0.161360 1.015650
v 4.966434 0.162443 0.988080
v 4.881358 0.162801 0.987328
v 4.796048 0.162076 1.014146
v 4.796069 0.159773 1.014152
v 4.701695 0.161196 1.013315
v 4.616872 0.160333 0.984999
v 4.531815 0.158388 0.984253
v 4.531582 0.157305 1.011823
v 4.701716 0.158892 1.013321
v 4.437230 0.156425 1.010993
v 4.437463 0.157508 0.983423
v 4.267329 0.155921 0.981925
v 4.267097 0.154838 1.009495
v 4.172743 0.153958 1.008664
v 4.172976 0.155041 0.981094
v 4.002843 0.153454 0.979596
v 4.002610 0.152371 1.007167
v 3.908256 0.151491 1.006336
v 3.908488 0.152574 0.978766
v 3.823413 0.152932 0.978014
v 3.738102 0.152207 1.004832
v 3.738123 0.149904 1.004838
v 3.643749 0.151327 1.004001
v 3.558926 0.150465 0.975685
v 3.473869 0.148519 0.974939
v 3.473637 0.147436 1.002509
v 3.643770 0.149024 1.004007
v 3.379284 0.146556 1.001679
v 3.379517 0.147639 0.974109
v 3.209384 0.146052 0.972611
v 3.209151 0.144969 1.000181
v 3.114797 0.144089 0.999350
v 3.115029 0.145172 0.971780
v 2.944897 0.143585 0.970282
v 2.944664 0.142502 0.997852
v 2.850310 0.141622 0.997022
v 2.850543 0.142705 0.969451
v 2.765466 0.143063 0.968700
v 2.680157 0.142338 0.995518
v 2.680178 0.140035 0.995524
v 2.585803 0.141458 0.994687
v 2.500979 0.140596 0.966371
v 2.415924 0.138651 0.965625
v 2.415691 0.137568 0.993195
v 2.585824 0.139155 0.994693
v 2.321338 0.136687 0.992365
v 2.321570 0.137770 0.964794
v 2.151437 0.136183 0.963297
v 2.151204 0.135100 0.990867
v 2.056851 0.134220 0.990036
v 2.057084 0.135303 0.962466
v 1.886950 0.133716 0.960968
v 1.886718 0.132633 0.988538
v 1.792365 0.131753 0.987708
v 1.792598 0.132836 0.960137
v 1.707520 0.133194 0.959386
v 1.622211 0.132469 0.986204
v 1.622231 0.130166 0.986210
v 1.527857 0.131589 0.985373
v 1.443034 0.130727 0.957057
v 1.357977 0.128782 0.956311
v 1.357744 0.127699 0.983881
v 1.527878 0.129286 0.985379
v 1.263391 0.126819 0.983051
v 1.263624 0.127901 0.955480
v 1.093491 0.126314 0.953983
v 1.093258 0.125231 0.981553
v 0.998905 0.124351 0.980722
v 0.999138 0.125434 0.953152
v 0.829005 0.123847 0.951654
v 0.828773 0.122764 0.979224
v 0.734418 0.121884 0.978394
v 0.734651 0.122967 0.950823
v 0.649574 0.123325 0.950072
v 0.564264 0.122600 0.976890
v 0.564285 0.120297 0.976896
v 0.469912 0.121720 0.976059
v 0.385088 0.120858 0.947743
v 0.300032 0.118913 0.946997
v 0.299799 0.117830 0.974567
v 0.469933 0.119417 0.976065
v 0.205446 0.116950 0.973737
v 0.205679 0.118033 0.946166
v 0.035545 0.116446 0.944669
v 0.035313 0.115363 0.972239
v -0.229174 0.112895 0.969910
v -0.059041 0.114482 0.971408
v -0.058808 0.115565 0.943838
v -0.228941 0.113978 0.942340
v -0.392448 0.033970 -0.783787
v -0.307371 0.033612 -0.783035
v -0.307857 0.033749 -0.727901
v -0.392934 0.034107 -0.728653
v -0.407495 0.038215 0.920903
v -0.407009 0.038077 0.865769
v -0.321931 0.037719 0.866521
v -0.322418 0.037857 0.921655
v -0.408174 0.111103 0.920716
v -0.323118 0.113048 0.921461
v -0.322631 0.112911 0.866327
v -0.407687 0.110966 0.865581
v -0.393126 0.106858 -0.783975
v -0.393612 0.106995 -0.728840
v -0.308557 0.108940 -0.728094
v -0.308071 0.108803 -0.783229
v 5.146723 0.090026 0.969802
v 5.061666 0.088081 0.969056
v 5.062152 0.087944 0.913921
v 5.147209 0.089889 0.914667
v 5.161770 0.085781 -0.734888
v 5.161283 0.085919 -0.679754
v 5.076226 0.083973 -0.680500
v 5.076713 0.083836 -0.735634
v 5.161091 0.158670 -0.735076
v 5.076013 0.159028 -0.735828
v 5.075526 0.159165 -0.680693
v 5.160604 0.158807 -0.679941
v 5.146044 0.162915 0.969614
v 5.146530 0.162777 0.914480
v 5.061452 0.163136 0.913728
v 5.060966 0.163273 0.968862
v 4.896583 0.158506 -0.737410
v 4.811273 0.157781 -0.710592
v 4.811294 0.155478 -0.710586
v 4.896117 0.156340 -0.682270
v 4.981173 0.158285 -0.681524
v 4.981659 0.158148 -0.736658
v 4.881536 0.162751 0.967280
v 4.966612 0.162393 0.968032
v 4.967098 0.162255 0.912897
v 4.882043 0.160310 0.912151
v 4.796733 0.159585 0.938970
v 4.796712 0.161889 0.938964
v 4.632096 0.156038 -0.739739
v 4.547039 0.154093 -0.740485
v 4.546553 0.154231 -0.685350
v 4.631631 0.153873 -0.684598
v 4.716940 0.154597 -0.711417
v 4.716919 0.156901 -0.711423
v 4.617049 0.160284 0.964951
v 4.702359 0.161008 0.938133
v 4.702380 0.158705 0.938139
v 4.617557 0.157843 0.909823
v 4.532478 0.158201 0.909071
v 4.531992 0.158338 0.964205
v 4.452687 0.153213 -0.741315
v 4.282553 0.151626 -0.742813
v 4.282320 0.150543 -0.715243
v 4.367144 0.151405 -0.686927
v 4.452201 0.153350 -0.686181
v 4.437640 0.157458 0.963375
v 4.438127 0.157321 0.908240
v 4.353069 0.155376 0.907494
v 4.267760 0.154651 0.934313
v 4.267507 0.155871 0.961877
v 4.188200 0.150746 -0.743644
v 4.018067 0.149159 -0.745142
v 4.017581 0.149296 -0.690007
v 4.102657 0.148938 -0.689255
v 4.187967 0.149663 -0.716074
v 4.173153 0.154991 0.961046
v 4.173407 0.153771 0.933482
v 4.088583 0.152909 0.905166
v 4.003507 0.153267 0.904414
v 4.003020 0.153404 0.959548
v 3.838637 0.148637 -0.746724
v 3.753326 0.147912 -0.719906
v 3.753347 0.145609 -0.719900
v 3.838172 0.146471 -0.691584
v 3.923226 0.148416 -0.690838
v 3.923713 0.148279 -0.745972
v 3.823590 0.152882 0.957966
v 3.908666 0.152524 0.958718
v 3.909152 0.152386 0.903583
v 3.824098 0.150441 0.902837
v 3.738787 0.149716 0.929656
v 3.738766 0.152020 0.929650
v 3.574150 0.146170 -0.749053
v 3.489094 0.144224 -0.749799
v 3.488607 0.144362 -0.694664
v 3.573685 0.144004 -0.693912
v 3.658995 0.144728 -0.720731
v 3.658974 0.147032 -0.720737
v 3.559103 0.150415 0.955637
v 3.644413 0.151139 0.928819
v 3.644434 0.148836 0.928825
v 3.559610 0.147974 0.900509
v 3.474533 0.148332 0.899757
v 3.474047 0.148469 0.954891
v 3.394741 0.143344 -0.750629
v 3.224608 0.141757 -0.752127
v 3.224376 0.140674 -0.724557
v 3.309197 0.141536 -0.696241
v 3.394255 0.143482 -0.695495
v 3.379694 0.147589 0.954061
v 3.380180 0.147452 0.898926
v 3.295123 0.145507 0.898180
v 3.209815 0.144782 0.924999
v 3.209561 0.146002 0.952563
v 3.130254 0.140877 -0.752958
v 2.960121 0.139290 -0.754456
v 2.959635 0.139427 -0.699321
v 3.044711 0.139069 -0.698569
v 3.130021 0.139794 -0.725388
v 3.115207 0.145122 0.951732
v 3.115460 0.143902 0.924168
v 3.030637 0.143040 0.895852
v 2.945560 0.143398 0.895100
v 2.945074 0.143535 0.950234
v 2.780690 0.138768 -0.756038
v 2.695381 0.138043 -0.729220
v 2.695402 0.135740 -0.729214
v 2.780225 0.136602 -0.700898
v 2.865281 0.138547 -0.700152
v 2.865767 0.138410 -0.755286
v 2.765643 0.143013 0.948652
v 2.850720 0.142655 0.949404
v 2.851207 0.142518 0.894269
v 2.766150 0.140572 0.893523
v 2.680841 0.139848 0.920342
v 2.680820 0.142151 0.920336
v 2.516204 0.136301 -0.758367
v 2.431148 0.134355 -0.759113
v 2.430661 0.134493 -0.703978
v 2.515738 0.134135 -0.703227
v 2.601048 0.134860 -0.730045
v 2.601027 0.137163 -0.730051
v 2.501157 0.140546 0.946323
v 2.586467 0.141271 0.919505
v 2.586488 0.138967 0.919511
v 2.501664 0.138105 0.891195
v 2.416587 0.138463 0.890443
v 2.416101 0.138601 0.945577
v 2.336795 0.133475 -0.759943
v 2.166661 0.131888 -0.761441
v 2.166429 0.130805 -0.733871
v 2.251252 0.131667 -0.705555
v 2.336308 0.133613 -0.704809
v 2.321748 0.137720 0.944747
v 2.322234 0.137583 0.889612
v 2.237178 0.135638 0.888866
v 2.151868 0.134913 0.915685
v 2.151614 0.136133 0.943249
v 2.072309 0.131008 -0.762272
v 1.902175 0.129421 -0.763770
v 1.901689 0.129558 -0.708635
v 1.986766 0.129200 -0.707884
v 2.072076 0.129925 -0.734702
v 2.057261 0.135253 0.942418
v 2.057515 0.134033 0.914854
v 1.972692 0.133171 0.886538
v 1.887614 0.133529 0.885786
v 1.887128 0.133666 0.940920
v 1.722744 0.128899 -0.765352
v 1.637435 0.128174 -0.738534
v 1.637456 0.125871 -0.738528
v 1.722279 0.126733 -0.710212
v 1.807335 0.128678 -0.709466
v 1.807821 0.128541 -0.764601
v 1.707697 0.133144 0.939338
v 1.792774 0.132786 0.940090
v 1.793261 0.132649 0.884955
v 1.708204 0.130704 0.884209
v 1.622895 0.129979 0.911028
v 1.622874 0.132282 0.911022
v 1.458259 0.126432 -0.767681
v 1.373201 0.124487 -0.768427
v 1.372715 0.124624 -0.713292
v 1.457793 0.124266 -0.712541
v 1.543102 0.124991 -0.739359
v 1.543081 0.127294 -0.739365
v 1.443212 0.130677 0.937009
v 1.528521 0.131402 0.910191
v 1.528542 0.129099 0.910197
v 1.443719 0.128236 0.881881
v 1.358641 0.128594 0.881129
v 1.358154 0.128732 0.936263
v 1.278849 0.123606 -0.769258
v 1.108715 0.122019 -0.770755
v 1.108482 0.120936 -0.743185
v 1.193306 0.121799 -0.714869
v 1.278362 0.123744 -0.714123
v 1.263802 0.127852 0.935432
v 1.264288 0.127714 0.880298
v 1.179232 0.125769 0.879552
v 1.093922 0.125044 0.906371
v 1.093668 0.126264 0.933935
v 1.014362 0.121139 -0.771586
v 0.844229 0.119552 -0.773084
v 0.843742 0.119689 -0.717949
v 0.928820 0.119331 -0.717198
v 1.014130 0.120056 -0.744016
v 0.999315 0.125384 0.933104
v 0.999569 0.124164 0.905540
v 0.914745 0.123302 0.877224
v 0.829668 0.123660 0.876472
v 0.829182 0.123797 0.931606
v 0.664799 0.119030 -0.774666
v 0.579489 0.118305 -0.747848
v 0.579510 0.116002 -0.747842
v 0.664333 0.116864 -0.719526
v 0.749389 0.118809 -0.718780
v 0.749875 0.118672 -0.773915
v 0.649752 0.123275 0.930024
v 0.734828 0.122917 0.930775
v 0.735314 0.122780 0.875641
v 0.650259 0.120835 0.874895
v 0.564949 0.120110 0.901713
v 0.564928 0.122413 0.901708
v 0.400312 0.116563 -0.776995
v 0.315256 0.114618 -0.777741
v 0.314770 0.114755 -0.722606
v 0.399847 0.114397 -0.721855
v 0.485157 0.115122 -0.748673
v 0.485136 0.117425 -0.748679
v 0.385265 0.120808 0.927695
v 0.470575 0.121533 0.900877
v 0.470596 0.119230 0.900883
v 0.385773 0.118367 0.872567
v 0.300695 0.118725 0.871815
v 0.300209 0.118863 0.926949
v 0.220902 0.113738 -0.778572
v 0.050770 0.112150 -0.780069
v 0.050537 0.111068 -0.752499
v 0.135360 0.111930 -0.724183
v 0.220416 0.113875 -0.723437
v 0.205855 0.117983 0.926118
v 0.206342 0.117845 0.870984
v 0.121285 0.115900 0.870238
v 0.035976 0.115175 0.897056
v 0.035723 0.116396 0.924621
v -0.213717 0.109683 -0.782398
v -0.214203 0.109821 -0.727264
v -0.129127 0.109462 -0.726512
v -0.043817 0.110187 -0.753330
v -0.043584 0.111270 -0.780900
v -0.228765 0.113928 0.922292
v -0.058631 0.115515 0.923790
v -0.058377 0.114295 0.896226
v -0.143201 0.113433 0.867910
v -0.228278 0.113791 0.867158
v -0.213017 0.034492 -0.782204
v -0.043370 0.036216 -0.725572
v -0.228065 0.038737 0.922486
v -0.057445 0.040187 0.868849
v 0.221603 0.038546 -0.778378
v 0.050983 0.037096 -0.724742
v 0.206555 0.042791 0.926312
v 0.036909 0.041067 0.869680
v 0.315956 0.039426 -0.777547
v 0.485603 0.041151 -0.720915
v 0.300909 0.043671 0.927143
v 0.471529 0.045121 0.873506
v 0.750575 0.043480 -0.773721
v 0.579956 0.042031 -0.720084
v 0.735528 0.047726 0.930969
v 0.565882 0.046001 0.874337
v 0.844930 0.044361 -0.772890
v 1.014576 0.046085 -0.716258
v 0.829882 0.048606 0.931800
v 1.000502 0.050055 0.878163
v 1.279549 0.048415 -0.769064
v 1.108929 0.046965 -0.715427
v 1.264502 0.052660 0.935626
v 1.094854 0.050936 0.878994
v 1.373901 0.049295 -0.768233
v 1.543549 0.051019 -0.711601
v 1.358854 0.053540 0.936457
v 1.529474 0.054990 0.882820
v 1.808521 0.053349 -0.764407
v 1.637902 0.051900 -0.710770
v 1.793474 0.057594 0.940283
v 1.623828 0.055870 0.883651
v 1.902875 0.054230 -0.763576
v 2.072522 0.055954 -0.706944
v 1.887828 0.058475 0.941114
v 2.058448 0.059924 0.887477
v 2.337495 0.058284 -0.759750
v 2.166875 0.056834 -0.706113
v 2.322447 0.062529 0.944940
v 2.152801 0.060805 0.888308
v 2.431848 0.059164 -0.758919
v 2.601495 0.060888 -0.702287
v 2.416800 0.063409 0.945771
v 2.587420 0.064859 0.892134
v 2.866467 0.063218 -0.755093
v 2.695848 0.061768 -0.701456
v 2.851420 0.067463 0.949597
v 2.681774 0.065739 0.892965
v 2.960821 0.064098 -0.754262
v 3.130467 0.065823 -0.697630
v 2.945774 0.068344 0.950428
v 3.116393 0.069793 0.896791
v 3.395441 0.068153 -0.750436
v 3.224822 0.066703 -0.696799
v 3.380394 0.072398 0.954254
v 3.210748 0.070673 0.897622
v 3.489794 0.069033 -0.749605
v 3.659441 0.070757 -0.692973
v 3.474747 0.073278 0.955085
v 3.645367 0.074728 0.901448
v 3.924413 0.073087 -0.745779
v 3.753794 0.071637 -0.692142
v 3.909366 0.077332 0.958911
v 3.739719 0.075608 0.902279
v 4.018767 0.073967 -0.744948
v 4.188414 0.075692 -0.688316
v 4.003720 0.078212 0.959742
v 4.174339 0.079662 0.906105
v 4.453387 0.078022 -0.741122
v 4.282767 0.076572 -0.687485
v 4.438340 0.082267 0.963568
v 4.268693 0.080542 0.906936
v 4.547739 0.078902 -0.740291
v 4.717387 0.080626 -0.683659
v 4.532692 0.083147 0.964399
v 4.703313 0.084597 0.910762
v 4.982359 0.082956 -0.736465
v 4.811740 0.081506 -0.682828
v 4.967312 0.087201 0.968225
v 4.797666 0.085477 0.911593
v -0.311036 0.034646 -0.367773
v -0.311523 0.034783 -0.312639
v -0.396600 0.035141 -0.313391
v -0.396113 0.035004 -0.368525
v -0.318752 0.036823 0.506390
v -0.403830 0.037181 0.505638
v -0.403343 0.037043 0.450504
v -0.318266 0.036685 0.451255
v -0.319452 0.112014 0.506196
v -0.318966 0.111877 0.451062
v -0.404021 0.109932 0.450316
v -0.404508 0.110069 0.505450
v -0.311736 0.109837 -0.367967
v -0.396791 0.107892 -0.368713
v -0.397278 0.108029 -0.313578
v -0.312223 0.109975 -0.312832
v 5.065331 0.087047 0.553791
v 5.065818 0.086910 0.498656
v 5.150875 0.088855 0.499402
v 5.150388 0.088992 0.554537
v 5.073048 0.084870 -0.320372
v 5.158105 0.086815 -0.319627
v 5.157618 0.086953 -0.264492
v 5.072560 0.085008 -0.265238
v 5.072348 0.160062 -0.320566
v 5.071860 0.160199 -0.265432
v 5.156939 0.159841 -0.264680
v 5.157426 0.159704 -0.319814
v 5.064631 0.162239 0.553597
v 5.149709 0.161881 0.554349
v 5.150196 0.161743 0.499215
v 5.065118 0.162101 0.498463
v 4.892939 0.157237 -0.322143
v 4.807628 0.156512 -0.295324
v 4.807374 0.157732 -0.267760
v 4.977507 0.159319 -0.266262
v 4.977994 0.159182 -0.321397
v 4.885221 0.159413 0.552021
v 4.970277 0.161359 0.552767
v 4.970764 0.161221 0.497632
v 4.800632 0.159634 0.496134
v 4.800399 0.158551 0.523705
v 4.628452 0.154769 -0.324471
v 4.543374 0.155127 -0.325223
v 4.542887 0.155265 -0.270089
v 4.713020 0.156852 -0.268591
v 4.713274 0.155631 -0.296155
v 4.620735 0.156946 0.549692
v 4.706046 0.157671 0.522874
v 4.706279 0.158754 0.495304
v 4.536144 0.157167 0.493806
v 4.535657 0.157304 0.548940
v 4.363965 0.152302 -0.326800
v 4.278654 0.151577 -0.299981
v 4.278400 0.152797 -0.272417
v 4.448535 0.154385 -0.270919
v 4.449022 0.154247 -0.326054
v 4.356248 0.154479 0.547364
v 4.441305 0.156424 0.548110
v 4.441792 0.156287 0.492975
v 4.271659 0.154700 0.491477
v 4.271426 0.153617 0.519048
v 4.099479 0.149835 -0.329128
v 4.014402 0.150193 -0.329880
v 4.013915 0.150330 -0.274746
v 4.184048 0.151917 -0.273248
v 4.184301 0.150697 -0.300812
v 4.091762 0.152012 0.545035
v 4.177073 0.152737 0.518217
v 4.177305 0.153820 0.490647
v 4.007173 0.152233 0.489149
v 4.006685 0.152370 0.544283
v 3.834993 0.147368 -0.331457
v 3.749681 0.146643 -0.304638
v 3.749428 0.147863 -0.277074
v 3.919560 0.149450 -0.275576
v 3.920048 0.149313 -0.330711
v 3.827276 0.149545 0.542707
v 3.912331 0.151490 0.543453
v 3.912818 0.151352 0.488318
v 3.742685 0.149765 0.486820
v 3.742453 0.148682 0.514391
v 3.570506 0.144900 -0.333785
v 3.485429 0.145258 -0.334537
v 3.484941 0.145396 -0.279403
v 3.655075 0.146983 -0.277905
v 3.655329 0.145763 -0.305469
v 3.562789 0.147077 0.540378
v 3.648100 0.147802 0.513560
v 3.648333 0.148885 0.485990
v 3.478199 0.147298 0.484492
v 3.477712 0.147435 0.539626
v 3.306019 0.142433 -0.336114
v 3.220710 0.141708 -0.309295
v 3.220456 0.142929 -0.281731
v 3.390589 0.144516 -0.280233
v 3.391076 0.144378 -0.335368
v 3.298302 0.144610 0.538050
v 3.383359 0.146555 0.538796
v 3.383846 0.146418 0.483661
v 3.213714 0.144831 0.482163
v 3.213481 0.143748 0.509733
v 3.041533 0.139966 -0.338442
v 2.956456 0.140324 -0.339194
v 2.955969 0.140461 -0.284060
v 3.126101 0.142048 -0.282562
v 3.126355 0.140828 -0.310126
v 3.033815 0.142143 0.535721
v 3.119126 0.142868 0.508903
v 3.119359 0.143951 0.481333
v 2.949226 0.142364 0.479835
v 2.948739 0.142501 0.534969
v 2.777046 0.137499 -0.340771
v 2.691736 0.136774 -0.313952
v 2.691483 0.137994 -0.286388
v 2.861615 0.139581 -0.284890
v 2.862103 0.139444 -0.340025
v 2.769329 0.139676 0.533393
v 2.854385 0.141621 0.534139
v 2.854873 0.141483 0.479004
v 2.684740 0.139896 0.477506
v 2.684507 0.138813 0.505076
v 2.512560 0.135032 -0.343099
v 2.427483 0.135390 -0.343851
v 2.426995 0.135527 -0.288717
v 2.597129 0.137114 -0.287219
v 2.597383 0.135894 -0.314783
v 2.504843 0.137208 0.531064
v 2.590154 0.137933 0.504246
v 2.590386 0.139016 0.476676
v 2.420253 0.137429 0.475178
v 2.419765 0.137566 0.530312
v 2.248074 0.132564 -0.345428
v 2.162763 0.131839 -0.318609
v 2.162509 0.133060 -0.291045
v 2.332643 0.134647 -0.289547
v 2.333129 0.134509 -0.344682
v 2.240356 0.134741 0.528736
v 2.325413 0.136686 0.529481
v 2.325900 0.136549 0.474347
v 2.155766 0.134962 0.472849
v 2.155534 0.133879 0.500419
v 1.983587 0.130097 -0.347756
v 1.898510 0.130455 -0.348508
v 1.898023 0.130592 -0.293374
v 2.068156 0.132180 -0.291876
v 2.068410 0.130959 -0.319440
v 1.975870 0.132274 0.526407
v 2.061181 0.132999 0.499589
v 2.061414 0.134082 0.472019
v 1.891280 0.132495 0.470521
v 1.890793 0.132632 0.525655
v 1.719100 0.127630 -0.350085
v 1.633790 0.126905 -0.323266
v 1.633536 0.128125 -0.295702
v 1.803669 0.129712 -0.294204
v 1.804156 0.129575 -0.349339
v 1.711383 0.129807 0.524078
v 1.796439 0.131752 0.524824
v 1.796926 0.131615 0.469690
v 1.626794 0.130028 0.468192
v 1.626561 0.128945 0.495762
v 1.454615 0.125163 -0.352413
v 1.369536 0.125521 -0.353165
v 1.369049 0.125658 -0.298031
v 1.539183 0.127245 -0.296533
v 1.539436 0.126025 -0.324097
v 1.446898 0.127340 0.521750
v 1.532207 0.128064 0.494932
v 1.532440 0.129147 0.467362
v 1.362307 0.127560 0.465864
v 1.361819 0.127698 0.520998
v 1.190127 0.122695 -0.354742
v 1.104816 0.121971 -0.327923
v 1.104563 0.123191 -0.300359
v 1.274696 0.124778 -0.298861
v 1.275184 0.124641 -0.353996
v 1.182410 0.124872 0.519422
v 1.267467 0.126817 0.520167
v 1.267954 0.126680 0.465033
v 1.097820 0.125093 0.463535
v 1.097588 0.124010 0.491105
v 0.925641 0.120228 -0.357070
v 0.840564 0.120586 -0.357822
v 0.840076 0.120724 -0.302688
v 1.010210 0.122311 -0.301190
v 1.010464 0.121090 -0.328754
v 0.917924 0.122405 0.517093
v 1.003235 0.123130 0.490275
v 1.003468 0.124213 0.462705
v 0.833334 0.122626 0.461207
v 0.832847 0.122763 0.516341
v 0.661155 0.117761 -0.359399
v 0.575844 0.117036 -0.332580
v 0.575590 0.118256 -0.305016
v 0.745723 0.119843 -0.303518
v 0.746210 0.119706 -0.358653
v 0.653438 0.119938 0.514764
v 0.738493 0.121883 0.515510
v 0.738980 0.121746 0.460376
v 0.568848 0.120159 0.458878
v 0.568615 0.119076 0.486448
v 0.396668 0.115294 -0.361727
v 0.311591 0.115652 -0.362479
v 0.311104 0.115789 -0.307345
v 0.481237 0.117376 -0.305847
v 0.481491 0.116156 -0.333411
v 0.388951 0.117471 0.512436
v 0.474262 0.118195 0.485618
v 0.474495 0.119278 0.458048
v 0.304361 0.117691 0.456550
v 0.303874 0.117829 0.511684
v 0.132181 0.112827 -0.364056
v 0.046871 0.112102 -0.337237
v 0.046618 0.113322 -0.309673
v 0.216750 0.114909 -0.308175
v 0.217237 0.114772 -0.363310
v 0.124464 0.115003 0.510107
v 0.209520 0.116949 0.510853
v 0.210008 0.116811 0.455719
v 0.039875 0.115224 0.454221
v 0.039642 0.114141 0.481791
v -0.132305 0.110359 -0.366384
v -0.217382 0.110717 -0.367136
v -0.217869 0.110855 -0.312002
v -0.047736 0.112442 -0.310504
v -0.047482 0.111221 -0.338068
v -0.140022 0.112536 0.507779
v -0.054711 0.113261 0.480961
v -0.054479 0.114344 0.453391
v -0.224612 0.112757 0.451893
v -0.225099 0.112894 0.507027
v -0.217169 0.035663 -0.311808
v -0.046549 0.037113 -0.365445
v -0.223912 0.037565 0.452086
v -0.054266 0.039290 0.508718
v 0.217451 0.039717 -0.307982
v 0.047805 0.037993 -0.364614
v 0.210708 0.041620 0.455912
v 0.040088 0.040170 0.509549
v 0.311804 0.040598 -0.307151
v 0.482425 0.042047 -0.360788
v 0.305061 0.042500 0.456743
v 0.474708 0.044224 0.513375
v 0.746423 0.044652 -0.303325
v 0.576777 0.042928 -0.359957
v 0.739680 0.046554 0.460569
v 0.569060 0.045104 0.514206
v 0.840777 0.045532 -0.302494
v 1.011397 0.046982 -0.356131
v 0.834034 0.047434 0.461400
v 1.003680 0.049159 0.518032
v 1.275396 0.049586 -0.298668
v 1.105750 0.047862 -0.355300
v 1.268654 0.051489 0.465227
v 1.098033 0.050039 0.518863
v 1.369749 0.050466 -0.297837
v 1.540370 0.051916 -0.351474
v 1.363007 0.052369 0.466057
v 1.532653 0.054093 0.522689
v 1.804369 0.054521 -0.294011
v 1.634724 0.052796 -0.350643
v 1.797626 0.056423 0.469884
v 1.627007 0.054973 0.523520
v 1.898723 0.055401 -0.293180
v 2.069344 0.056851 -0.346817
v 1.891980 0.057303 0.470714
v 2.061626 0.059028 0.527346
v 2.333343 0.059455 -0.289354
v 2.163696 0.057731 -0.345986
v 2.326600 0.061358 0.474541
v 2.155979 0.059908 0.528177
v 2.427695 0.060335 -0.288523
v 2.598316 0.061785 -0.342160
v 2.420953 0.062238 0.475371
v 2.590599 0.063962 0.532003
v 2.862315 0.064390 -0.284697
v 2.692670 0.062665 -0.341329
v 2.855573 0.066292 0.479198
v 2.684953 0.064842 0.532834
v 2.956669 0.065270 -0.283866
v 3.127289 0.066720 -0.337503
v 2.949926 0.067172 0.480028
v 3.119572 0.068896 0.536660
v 3.391289 0.069324 -0.280040
v 3.221643 0.067600 -0.336672
v 3.384546 0.071226 0.483855
v 3.213926 0.069777 0.537491
v 3.485641 0.070204 -0.279209
v 3.656262 0.071654 -0.332846
v 3.478899 0.072107 0.484685
v 3.648545 0.073831 0.541318
v 3.920260 0.074259 -0.275383
v 3.750615 0.072534 -0.332015
v 3.913518 0.076161 0.488512
v 3.742898 0.074711 0.542148
v 4.014615 0.075139 -0.274552
v 4.185235 0.076588 -0.328189
v 4.007873 0.077041 0.489342
v 4.177518 0.078765 0.545975
v 4.449235 0.079193 -0.270726
v 4.279589 0.077469 -0.327358
v 4.442492 0.081095 0.493169
v 4.271872 0.079646 0.546805
v 4.543587 0.080073 -0.269895
v 4.714209 0.081523 -0.323532
v 4.536844 0.081975 0.493999
v 4.706491 0.083700 0.550632
v 4.978207 0.084127 -0.266069
v 4.808561 0.082403 -0.322701
v 4.971464 0.086030 0.497826
v 4.800844 0.084580 0.551462
v -0.396600 0.035141 -0.313391
v -0.311523 0.034783 -0.312639
v -0.312009 0.034920 -0.257504
v -0.397087 0.035278 -0.258256
v -0.403343 0.037043 0.450504
v -0.402856 0.036906 0.395369
v -0.317779 0.036548 0.396121
v -0.318266 0.036685 0.451255
v -0.404021 0.109932 0.450316
v -0.318966 0.111877 0.451062
v -0.318479 0.111739 0.395928
v -0.403534 0.109794 0.395182
v -0.397278 0.108029 -0.313578
v -0.397765 0.108167 -0.258444
v -0.312709 0.110112 -0.257698
v -0.312223 0.109975 -0.312832
v 5.150875 0.088855 0.499402
v 5.065818 0.086910 0.498656
v 5.066304 0.086773 0.443522
v 5.151361 0.088718 0.444268
v 5.157618 0.086953 -0.264492
v 5.157131 0.087090 -0.209358
v 5.072074 0.085145 -0.210104
v 5.072560 0.085008 -0.265238
v 5.156939 0.159841 -0.264679
v 5.071860 0.160199 -0.265431
v 5.071374 0.160336 -0.210297
v 5.156452 0.159978 -0.209545
v 5.150196 0.161743 0.499215
v 5.150682 0.161606 0.444080
v 5.065604 0.161964 0.443329
v 5.065118 0.162101 0.498463
v 4.977507 0.159319 -0.266262
v 4.807374 0.157732 -0.267760
v 4.807141 0.156649 -0.240190
v 4.891965 0.157511 -0.211874
v 4.977020 0.159456 -0.211128
v 4.970764 0.161221 0.497632
v 4.971251 0.161084 0.442498
v 4.886195 0.159139 0.441752
v 4.800885 0.158414 0.468570
v 4.800632 0.159634 0.496134
v 4.713020 0.156852 -0.268591
v 4.542887 0.155265 -0.270088
v 4.542400 0.155402 -0.214954
v 4.627479 0.155044 -0.214202
v 4.712788 0.155769 -0.241020
v 4.706279 0.158754 0.495304
v 4.706532 0.157534 0.467739
v 4.621709 0.156672 0.439423
v 4.536631 0.157030 0.438671
v 4.536144 0.157167 0.493806
v 4.448535 0.154385 -0.270919
v 4.278400 0.152797 -0.272417
v 4.278168 0.151714 -0.244847
v 4.362991 0.152577 -0.216531
v 4.448049 0.154522 -0.215785
v 4.441792 0.156287 0.492975
v 4.442279 0.156150 0.437841
v 4.357222 0.154204 0.437095
v 4.271913 0.153479 0.463913
v 4.271659 0.154700 0.491477
v 4.184048 0.151917 -0.273248
v 4.013915 0.150330 -0.274745
v 4.013429 0.150468 -0.219611
v 4.098505 0.150109 -0.218859
v 4.183815 0.150834 -0.245677
v 4.177305 0.153820 0.490647
v 4.177559 0.152599 0.463082
v 4.092735 0.151737 0.434766
v 4.007659 0.152095 0.434014
v 4.007173 0.152232 0.489149
v 3.919560 0.149450 -0.275576
v 3.749428 0.147863 -0.277074
v 3.749195 0.146780 -0.249504
v 3.834020 0.147642 -0.221188
v 3.919074 0.149587 -0.220442
v 3.912818 0.151352 0.488318
v 3.913304 0.151215 0.433184
v 3.828250 0.149270 0.432438
v 3.742939 0.148545 0.459256
v 3.742685 0.149765 0.486820
v 3.655075 0.146983 -0.277905
v 3.484941 0.145396 -0.279402
v 3.484455 0.145533 -0.224268
v 3.569532 0.145175 -0.223516
v 3.654842 0.145900 -0.250334
v 3.648333 0.148885 0.485990
v 3.648586 0.147665 0.458425
v 3.563763 0.146803 0.430109
v 3.478685 0.147161 0.429357
v 3.478199 0.147298 0.484492
v 3.390589 0.144516 -0.280233
v 3.220456 0.142929 -0.281731
v 3.220223 0.141846 -0.254161
v 3.305045 0.142708 -0.225845
v 3.390102 0.144653 -0.225099
v 3.383846 0.146418 0.483661
v 3.384333 0.146281 0.428527
v 3.299275 0.144335 0.427781
v 3.213967 0.143611 0.454599
v 3.213714 0.144831 0.482163
v 3.126101 0.142048 -0.282562
v 2.955969 0.140461 -0.284059
v 2.955482 0.140599 -0.228925
v 3.040559 0.140241 -0.228173
v 3.125869 0.140965 -0.254991
v 3.119359 0.143951 0.481333
v 3.119613 0.142730 0.453768
v 3.034789 0.141868 0.425452
v 2.949713 0.142226 0.424700
v 2.949226 0.142364 0.479835
v 2.861615 0.139581 -0.284890
v 2.691483 0.137994 -0.286388
v 2.691250 0.136911 -0.258818
v 2.776073 0.137773 -0.230502
v 2.861129 0.139718 -0.229756
v 2.854873 0.141483 0.479004
v 2.855359 0.141346 0.423870
v 2.770303 0.139401 0.423124
v 2.684994 0.138676 0.449942
v 2.684740 0.139896 0.477506
v 2.597129 0.137114 -0.287219
v 2.426995 0.135527 -0.288716
v 2.426509 0.135664 -0.233582
v 2.511586 0.135306 -0.232830
v 2.596896 0.136031 -0.259649
v 2.590386 0.139016 0.476676
v 2.590640 0.137796 0.449111
v 2.505816 0.136934 0.420795
v 2.420739 0.137292 0.420043
v 2.420253 0.137429 0.475178
v 2.332643 0.134647 -0.289547
v 2.162509 0.133060 -0.291045
v 2.162276 0.131977 -0.263475
v 2.247100 0.132839 -0.235159
v 2.332156 0.134784 -0.234413
v 2.325900 0.136549 0.474347
v 2.326386 0.136412 0.419213
v 2.241330 0.134467 0.418467
v 2.156020 0.133742 0.445285
v 2.155766 0.134962 0.472849
v 2.068156 0.132180 -0.291876
v 1.898023 0.130592 -0.293373
v 1.897536 0.130730 -0.238239
v 1.982614 0.130372 -0.237487
v 2.067924 0.131097 -0.264306
v 2.061414 0.134082 0.472019
v 2.061667 0.132862 0.444454
v 1.976844 0.131999 0.416138
v 1.891767 0.132357 0.415386
v 1.891280 0.132495 0.470521
v 1.803669 0.129712 -0.294204
v 1.633536 0.128125 -0.295702
v 1.633304 0.127042 -0.268132
v 1.718126 0.127904 -0.239816
v 1.803183 0.129850 -0.239070
v 1.796926 0.131615 0.469690
v 1.797413 0.131477 0.414556
v 1.712357 0.129532 0.413810
v 1.627048 0.128807 0.440628
v 1.626794 0.130028 0.468192
v 1.539183 0.127245 -0.296533
v 1.369049 0.125658 -0.298031
v 1.368563 0.125795 -0.242896
v 1.453641 0.125437 -0.242144
v 1.538950 0.126162 -0.268963
v 1.532440 0.129147 0.467362
v 1.532694 0.127927 0.439797
v 1.447871 0.127065 0.411481
v 1.362793 0.127423 0.410729
v 1.362307 0.127560 0.465864
v 1.274696 0.124778 -0.298861
v 1.104563 0.123191 -0.300359
v 1.104330 0.122108 -0.272789
v 1.189154 0.122970 -0.244473
v 1.274210 0.124915 -0.243727
v 1.267954 0.126680 0.465033
v 1.268440 0.126543 0.409899
v 1.183384 0.124598 0.409153
v 1.098074 0.123873 0.435971
v 1.097820 0.125093 0.463535
v 1.010210 0.122311 -0.301190
v 0.840076 0.120724 -0.302688
v 0.839590 0.120861 -0.247553
v 0.924667 0.120503 -0.246801
v 1.009977 0.121228 -0.273620
v 1.003468 0.124213 0.462705
v 1.003721 0.122993 0.435140
v 0.918898 0.122130 0.406824
v 0.833820 0.122489 0.406072
v 0.833334 0.122626 0.461207
v 0.745723 0.119843 -0.303518
v 0.575590 0.118256 -0.305016
v 0.575357 0.117173 -0.277446
v 0.660181 0.118036 -0.249130
v 0.745236 0.119981 -0.248384
v 0.738980 0.121746 0.460376
v 0.739467 0.121608 0.405242
v 0.654411 0.119663 0.404496
v 0.569101 0.118938 0.431314
v 0.568848 0.120159 0.458878
v 0.481237 0.117376 -0.305847
v 0.311104 0.115789 -0.307345
v 0.310617 0.115926 -0.252210
v 0.395695 0.115568 -0.251458
v 0.481005 0.116293 -0.278277
v 0.474495 0.119278 0.458048
v 0.474749 0.118058 0.430483
v 0.389925 0.117196 0.402167
v 0.304848 0.117554 0.401415
v 0.304361 0.117691 0.456550
v 0.216750 0.114909 -0.308175
v 0.046618 0.113322 -0.309673
v 0.046385 0.112239 -0.282103
v 0.131207 0.113101 -0.253787
v 0.216264 0.115046 -0.253041
v 0.210008 0.116811 0.455719
v 0.210494 0.116674 0.400585
v 0.125438 0.114729 0.399839
v 0.040129 0.114004 0.426657
v 0.039875 0.115224 0.454221
v -0.217869 0.110855 -0.312002
v -0.218356 0.110992 -0.256867
v -0.133279 0.110634 -0.256115
v -0.047969 0.111359 -0.282934
v -0.047736 0.112442 -0.310504
v -0.224612 0.112757 0.451893
v -0.054479 0.114344 0.453390
v -0.054225 0.113124 0.425826
v -0.139049 0.112262 0.397510
v -0.224125 0.112620 0.396758
v -0.217169 0.035663 -0.311808
v -0.047523 0.037388 -0.255176
v -0.223912 0.037565 0.452086
v -0.053292 0.039015 0.398450
v 0.217451 0.039717 -0.307982
v 0.046831 0.038268 -0.254345
v 0.210708 0.041620 0.455912
v 0.041061 0.039895 0.399280
v 0.311804 0.040598 -0.307151
v 0.481451 0.042322 -0.250519
v 0.305061 0.042500 0.456743
v 0.475681 0.043950 0.403107
v 0.746423 0.044652 -0.303325
v 0.575804 0.043202 -0.249688
v 0.739680 0.046554 0.460569
v 0.570034 0.044830 0.403937
v 0.840777 0.045532 -0.302494
v 1.010424 0.047256 -0.245862
v 0.834034 0.047434 0.461400
v 1.004654 0.048884 0.407764
v 1.275396 0.049586 -0.298668
v 1.104776 0.048137 -0.245031
v 1.268654 0.051489 0.465226
v 1.099007 0.049764 0.408594
v 1.369749 0.050466 -0.297837
v 1.539396 0.052191 -0.241205
v 1.363007 0.052369 0.466057
v 1.533627 0.053819 0.412421
v 1.804369 0.054521 -0.294011
v 1.633750 0.053071 -0.240374
v 1.797626 0.056423 0.469883
v 1.627980 0.054699 0.413251
v 1.898723 0.055401 -0.293180
v 2.068370 0.057125 -0.236548
v 1.891980 0.057303 0.470714
v 2.062600 0.058753 0.417078
v 2.333343 0.059455 -0.289354
v 2.162723 0.058005 -0.235717
v 2.326600 0.061358 0.474541
v 2.156953 0.059633 0.417908
v 2.427695 0.060335 -0.288523
v 2.597342 0.062060 -0.231891
v 2.420953 0.062238 0.475371
v 2.591573 0.063687 0.421735
v 2.862315 0.064390 -0.284697
v 2.691696 0.062940 -0.231060
v 2.855573 0.066292 0.479198
v 2.685926 0.064568 0.422565
v 2.956669 0.065270 -0.283866
v 3.126315 0.066994 -0.227234
v 2.949926 0.067172 0.480028
v 3.120545 0.068622 0.426392
v 3.391289 0.069324 -0.280040
v 3.220670 0.067874 -0.226403
v 3.384546 0.071226 0.483855
v 3.214900 0.069502 0.427222
v 3.485641 0.070204 -0.279209
v 3.655289 0.071929 -0.222577
v 3.478899 0.072107 0.484685
v 3.649519 0.073556 0.431049
v 3.920260 0.074259 -0.275383
v 3.749641 0.072809 -0.221746
v 3.913518 0.076161 0.488512
v 3.743872 0.074436 0.431879
v 4.014615 0.075139 -0.274552
v 4.184261 0.076863 -0.217920
v 4.007873 0.077041 0.489342
v 4.178492 0.078491 0.435706
v 4.449235 0.079193 -0.270726
v 4.278615 0.077743 -0.217089
v 4.442492 0.081095 0.493169
v 4.272845 0.079371 0.436536
v 4.543587 0.080073 -0.269895
v 4.713235 0.081798 -0.213263
v 4.536844 0.081975 0.493999
v 4.707465 0.083425 0.440363
v 4.978207 0.084127 -0.266069
v 4.807588 0.082678 -0.212432
v 4.971464 0.086030 0.497826
v 4.801818 0.084305 0.441193
v 4.885888 0.087845 0.552205
v 4.801065 0.086983 0.523889
v 4.797400 0.088017 0.939154
v 4.882710 0.088742 0.912336
v 4.706713 0.086102 0.523058
v 4.621402 0.085378 0.549876
v 4.618223 0.086274 0.910007
v 4.703047 0.087137 0.938323
v 4.356915 0.082910 0.547548
v 4.272093 0.082048 0.519232
v 4.268427 0.083082 0.934497
v 4.353736 0.083807 0.907678
v 4.177739 0.081168 0.518401
v 4.092428 0.080443 0.545219
v 4.089250 0.081340 0.905350
v 4.174073 0.082202 0.933666
v 3.827943 0.077976 0.542891
v 3.743119 0.077114 0.514575
v 3.739453 0.078148 0.929840
v 3.824764 0.078873 0.903021
v 3.648767 0.076234 0.513744
v 3.563456 0.075509 0.540562
v 3.560277 0.076405 0.900693
v 3.645101 0.077268 0.929009
v 3.298968 0.073041 0.538234
v 3.214148 0.072179 0.509918
v 3.210482 0.073213 0.925183
v 3.295790 0.073938 0.898364
v 3.119793 0.071299 0.509087
v 3.034482 0.070574 0.535905
v 3.031303 0.071471 0.896036
v 3.116127 0.072333 0.924352
v 2.769996 0.068107 0.533577
v 2.685174 0.067245 0.505261
v 2.681508 0.068279 0.920526
v 2.766817 0.069004 0.893707
v 2.590820 0.066365 0.504430
v 2.505509 0.065640 0.531248
v 2.502331 0.066537 0.891379
v 2.587154 0.067399 0.919695
v 2.241023 0.063173 0.528920
v 2.156200 0.062310 0.500604
v 2.152534 0.063344 0.915869
v 2.237844 0.064069 0.889050
v 2.061848 0.061430 0.499773
v 1.976537 0.060705 0.526591
v 1.973358 0.061602 0.886722
v 2.058182 0.062464 0.915038
v 1.712049 0.058238 0.524263
v 1.627228 0.057376 0.495947
v 1.623562 0.058410 0.911212
v 1.708871 0.059135 0.884393
v 1.532874 0.056496 0.495116
v 1.447564 0.055771 0.521934
v 1.444386 0.056668 0.882065
v 1.529208 0.057530 0.910381
v 1.183077 0.053304 0.519606
v 1.098254 0.052441 0.491289
v 1.094588 0.053476 0.906555
v 1.179898 0.054200 0.879736
v 1.003901 0.051561 0.490459
v 0.918591 0.050836 0.517277
v 0.915412 0.051733 0.877408
v 1.000236 0.052595 0.905724
v 0.654104 0.048369 0.514949
v 0.569282 0.047507 0.486632
v 0.565616 0.048541 0.901898
v 0.650926 0.049266 0.875079
v 0.474929 0.046627 0.485802
v 0.389618 0.045902 0.512620
v 0.386439 0.046799 0.872751
v 0.471263 0.047661 0.901067
v 0.125131 0.043435 0.510292
v 0.040309 0.042573 0.481975
v 0.036643 0.043607 0.897241
v 0.121952 0.044332 0.870422
v -0.054045 0.041692 0.481145
v -0.139356 0.040968 0.507963
v -0.142534 0.041864 0.868094
v -0.057711 0.042727 0.896410
v -0.043150 0.038619 -0.753146
v -0.128460 0.037894 -0.726327
v 0.136026 0.040361 -0.723999
v 0.051204 0.039499 -0.752315
v 0.485824 0.043553 -0.748489
v 0.400514 0.042828 -0.721670
v 0.665000 0.045296 -0.719342
v 0.580176 0.044433 -0.747658
v 1.014796 0.048488 -0.743832
v 0.929486 0.047763 -0.717013
v 1.193973 0.050230 -0.714685
v 1.109149 0.049368 -0.743001
v 1.543769 0.053422 -0.739175
v 1.458460 0.052697 -0.712356
v 1.722945 0.055164 -0.710028
v 1.638123 0.054302 -0.738344
v 2.072742 0.058357 -0.734518
v 1.987432 0.057632 -0.707699
v 2.251919 0.060099 -0.705371
v 2.167095 0.059237 -0.733687
v 2.601715 0.063291 -0.729861
v 2.516405 0.062566 -0.703042
v 2.780891 0.065033 -0.700714
v 2.696069 0.064171 -0.729030
v 3.130688 0.068225 -0.725204
v 3.045378 0.067501 -0.698385
v 3.309864 0.069968 -0.696057
v 3.225042 0.069106 -0.724373
v 3.659661 0.073160 -0.720547
v 3.574351 0.072435 -0.693728
v 3.838839 0.074902 -0.691400
v 3.754014 0.074040 -0.719716
v 4.188634 0.078094 -0.715890
v 4.103324 0.077369 -0.689071
v 4.367810 0.079837 -0.686743
v 4.282987 0.078974 -0.715059
v 4.717607 0.083029 -0.711233
v 4.632298 0.082304 -0.684414
v 4.896784 0.084771 -0.682086
v 4.811960 0.083909 -0.710402
v 4.808294 0.084943 -0.295140
v 4.893605 0.085668 -0.321958
v 4.629119 0.083201 -0.324287
v 4.713941 0.084063 -0.295971
v 4.279321 0.080009 -0.299797
v 4.364632 0.080733 -0.326615
v 4.100145 0.078266 -0.328944
v 4.184968 0.079128 -0.300628
v 3.750348 0.075074 -0.304454
v 3.835660 0.075799 -0.331272
v 3.571173 0.073332 -0.333601
v 3.655995 0.074194 -0.305285
v 3.221376 0.070140 -0.309111
v 3.306685 0.070865 -0.335929
v 3.042199 0.068397 -0.338258
v 3.127022 0.069260 -0.309942
v 2.692403 0.065205 -0.313768
v 2.777713 0.065930 -0.340587
v 2.513227 0.063463 -0.342915
v 2.598049 0.064325 -0.314599
v 2.163429 0.060271 -0.318425
v 2.248740 0.060996 -0.345244
v 1.984254 0.058528 -0.347572
v 2.069077 0.059391 -0.319256
v 1.634457 0.055336 -0.323082
v 1.719767 0.056061 -0.349901
v 1.455281 0.053594 -0.352229
v 1.540103 0.054456 -0.323913
v 1.105483 0.050402 -0.327739
v 1.190794 0.051127 -0.354558
v 0.926308 0.048660 -0.356886
v 1.011130 0.049522 -0.328570
v 0.576510 0.045467 -0.332396
v 0.661821 0.046192 -0.359215
v 0.397335 0.043725 -0.361543
v 0.482158 0.044587 -0.333227
v 0.047538 0.040533 -0.337053
v 0.132848 0.041258 -0.363872
v -0.131639 0.038791 -0.366200
v -0.046816 0.039653 -0.337884
v 4.892632 0.085943 -0.211689
v 4.807808 0.085080 -0.240006
v 4.801552 0.086845 0.468754
v 4.886862 0.087570 0.441936
v 4.713454 0.084200 -0.240836
v 4.628145 0.083475 -0.214018
v 4.622375 0.085103 0.439608
v 4.707199 0.085965 0.467924
v 4.363658 0.081008 -0.216347
v 4.278834 0.080146 -0.244663
v 4.272579 0.081911 0.464097
v 4.357888 0.082636 0.437279
v 4.184482 0.079266 -0.245493
v 4.099172 0.078541 -0.218675
v 4.093402 0.080169 0.434950
v 4.178226 0.081031 0.463267
v 3.834686 0.076074 -0.221004
v 3.749862 0.075211 -0.249320
v 3.743606 0.076976 0.459440
v 3.828917 0.077701 0.432622
v 3.655509 0.074331 -0.250150
v 3.570199 0.073606 -0.223332
v 3.564429 0.075234 0.430293
v 3.649253 0.076096 0.458610
v 3.305712 0.071139 -0.225661
v 3.220890 0.070277 -0.253977
v 3.214634 0.072042 0.454783
v 3.299942 0.072767 0.427965
v 3.126535 0.069397 -0.254807
v 3.041225 0.068672 -0.227989
v 3.035456 0.070300 0.425636
v 3.120279 0.071162 0.453953
v 2.776739 0.066205 -0.230318
v 2.691916 0.065343 -0.258634
v 2.685660 0.067108 0.450126
v 2.770969 0.067832 0.423308
v 2.597563 0.064462 -0.259464
v 2.512253 0.063737 -0.232646
v 2.506483 0.065365 0.420979
v 2.591307 0.066227 0.449295
v 2.247766 0.061270 -0.234975
v 2.162943 0.060408 -0.263291
v 2.156687 0.062173 0.445469
v 2.241997 0.062898 0.418651
v 2.068590 0.059528 -0.264121
v 1.983280 0.058803 -0.237303
v 1.977510 0.060431 0.416322
v 2.062334 0.061293 0.444638
v 1.718793 0.056336 -0.239632
v 1.633970 0.055474 -0.267948
v 1.627714 0.057239 0.440812
v 1.713023 0.057964 0.413994
v 1.539617 0.054593 -0.268778
v 1.454308 0.053869 -0.241960
v 1.448538 0.055496 0.411665
v 1.533360 0.056358 0.439981
v 1.189820 0.051401 -0.244289
v 1.104997 0.050539 -0.272605
v 1.098741 0.052304 0.436155
v 1.184051 0.053029 0.409337
v 1.010644 0.049659 -0.273435
v 0.925334 0.048934 -0.246617
v 0.919564 0.050562 0.407008
v 1.004388 0.051424 0.435324
v 0.660848 0.046467 -0.248946
v 0.576024 0.045605 -0.277262
v 0.569768 0.047370 0.431498
v 0.655078 0.048095 0.404680
v 0.481671 0.044725 -0.278092
v 0.396361 0.044000 -0.251274
v 0.390592 0.045627 0.402351
v 0.475415 0.046490 0.430667
v 0.131874 0.041532 -0.253603
v 0.047051 0.040670 -0.281919
v 0.040795 0.042435 0.426841
v 0.126104 0.043160 0.400023
v -0.047302 0.039790 -0.282750
v -0.132612 0.039065 -0.255931
v -0.138382 0.040693 0.397694
v -0.053558 0.041555 0.426010
v 0.477221 1.039210 -0.826245
v 0.307087 1.037623 -0.827743
v 0.306832 1.038844 -0.800178
v 0.476966 1.040431 -0.798681
v 0.571573 1.040091 -0.825414
v 0.571319 1.041311 -0.797850
v 0.741451 1.042898 -0.796352
v 0.741706 1.041678 -0.823916
v 1.535166 1.049079 -0.816931
v 1.449857 1.048354 -0.790112
v 1.534911 1.050300 -0.789366
v 1.629519 1.049959 -0.816100
v 1.629265 1.051180 -0.788536
v 1.714342 1.050822 -0.787784
v 2.593112 1.058948 -0.807617
v 2.507802 1.058223 -0.780798
v 2.592857 1.060169 -0.780052
v 2.687466 1.059828 -0.806786
v 2.687211 1.061049 -0.779222
v 2.772288 1.060691 -0.778470
v 3.651058 1.068817 -0.798303
v 3.565748 1.068092 -0.771484
v 3.650804 1.070037 -0.770738
v 3.745411 1.069697 -0.797472
v 3.745156 1.070918 -0.769908
v 3.830235 1.070559 -0.769156
v 4.709003 1.078686 -0.788989
v 4.623694 1.077961 -0.762170
v 4.708749 1.079906 -0.761424
v 4.803357 1.079566 -0.788158
v 4.803102 1.080786 -0.760594
v 4.888181 1.080428 -0.759842
v 4.787469 1.084048 1.011774
v 4.872779 1.084773 0.984956
v 4.787701 1.085131 0.984204
v 4.693116 1.083168 1.010944
v 4.693348 1.084251 0.983374
v 4.608293 1.082306 0.982628
v 3.729523 1.074180 1.002460
v 3.814834 1.074904 0.975642
v 3.729754 1.075263 0.974890
v 3.635170 1.073299 1.001630
v 3.635402 1.074382 0.974059
v 3.550346 1.072437 0.973314
v 2.671577 1.064311 0.993146
v 2.756886 1.065035 0.966328
v 2.671809 1.065394 0.965576
v 2.577224 1.063430 0.992316
v 2.577456 1.064513 0.964745
v 2.492400 1.062568 0.963999
v 1.613631 1.054442 0.983832
v 1.698940 1.055167 0.957014
v 1.613863 1.055525 0.956262
v 1.519278 1.053562 0.983002
v 1.519509 1.054645 0.955431
v 1.434455 1.052699 0.954685
v 0.555685 1.044573 0.974518
v 0.725818 1.046160 0.976016
v 0.726049 1.047243 0.948446
v 0.555917 1.045656 0.946948
v 0.461332 1.043693 0.973687
v 0.461564 1.044776 0.946117
v 0.291430 1.043189 0.944619
v 0.291199 1.042106 0.972190
v 4.872956 1.084723 0.964908
v 4.788133 1.083861 0.936592
v 4.787878 1.085081 0.964156
v 4.608470 1.082256 0.962580
v 4.693525 1.084201 0.963326
v 4.693780 1.082981 0.935761
v 3.815011 1.074854 0.955594
v 3.730186 1.073992 0.927278
v 3.729932 1.075213 0.954842
v 3.550524 1.072387 0.953266
v 3.635579 1.074332 0.954012
v 3.635834 1.073112 0.926447
v 2.757064 1.064986 0.946280
v 2.672241 1.064123 0.917964
v 2.671987 1.065344 0.945528
v 2.492578 1.062518 0.943952
v 2.577633 1.064464 0.944697
v 2.577888 1.063243 0.917133
v 1.699118 1.055117 0.936966
v 1.614295 1.054255 0.908650
v 1.614040 1.055475 0.936214
v 1.434632 1.052649 0.934638
v 1.519687 1.054595 0.935383
v 1.519941 1.053374 0.907819
v 0.726227 1.047193 0.928398
v 0.726481 1.045973 0.900834
v 0.556349 1.044386 0.899336
v 0.556094 1.045606 0.926900
v 0.291608 1.043139 0.924572
v 0.461741 1.044726 0.926069
v 0.461996 1.043505 0.898505
v 0.291862 1.041918 0.897007
v 4.888003 1.080478 -0.739782
v 4.802925 1.080836 -0.740534
v 4.802693 1.079753 -0.712964
v 4.623517 1.078011 -0.742110
v 4.708340 1.078873 -0.713794
v 4.708571 1.079956 -0.741364
v 3.830058 1.070609 -0.749096
v 3.744979 1.070968 -0.749848
v 3.744747 1.069885 -0.722278
v 3.565571 1.068142 -0.751424
v 3.650394 1.069004 -0.723108
v 3.650626 1.070087 -0.750678
v 2.772111 1.060740 -0.758410
v 2.687034 1.061099 -0.759162
v 2.686802 1.060016 -0.731592
v 2.507625 1.058273 -0.760738
v 2.592448 1.059135 -0.732422
v 2.592680 1.060218 -0.759993
v 1.714165 1.050872 -0.767724
v 1.629087 1.051230 -0.768476
v 1.628856 1.050147 -0.740906
v 1.449679 1.048404 -0.770053
v 1.534502 1.049267 -0.741736
v 1.534734 1.050350 -0.769307
v 0.741274 1.042948 -0.776292
v 0.571141 1.041361 -0.777790
v 0.570910 1.040278 -0.750220
v 0.741042 1.041865 -0.748722
v 0.306655 1.038894 -0.780118
v 0.306423 1.037811 -0.752548
v 0.476557 1.039398 -0.751050
v 0.476789 1.040481 -0.778621
v 0.726558 0.966543 0.976221
v 0.556425 0.964956 0.974723
v 0.556447 0.962653 0.974729
v 0.641757 0.963378 0.947911
v 0.726812 0.965323 0.948657
v 0.291939 0.962489 0.972394
v 0.292193 0.961269 0.944830
v 0.377271 0.960911 0.945582
v 0.462094 0.961773 0.973898
v 0.462072 0.964076 0.973892
v 0.292603 0.962302 0.897212
v 0.462736 0.963889 0.898710
v 0.462758 0.961586 0.898716
v 0.377448 0.960861 0.925534
v 0.292371 0.961219 0.924782
v 0.727221 0.966356 0.901039
v 0.726990 0.965273 0.928609
v 0.641934 0.963328 0.927863
v 0.557111 0.962466 0.899547
v 0.557089 0.964769 0.899541
v 0.741708 0.970298 -0.748538
v 0.571575 0.968711 -0.750036
v 0.571596 0.966408 -0.750030
v 0.656906 0.967133 -0.776848
v 0.741961 0.969078 -0.776102
v 0.307089 0.966244 -0.752364
v 0.307343 0.965024 -0.779928
v 0.392420 0.964665 -0.779177
v 0.477243 0.965528 -0.750860
v 0.477222 0.967831 -0.750866
v 0.742372 0.970111 -0.823732
v 0.742139 0.969028 -0.796162
v 0.657084 0.967083 -0.796908
v 0.572260 0.966220 -0.825224
v 0.572239 0.968524 -0.825230
v 0.307753 0.966057 -0.827559
v 0.477886 0.967644 -0.826061
v 0.477907 0.965340 -0.826055
v 0.392597 0.964615 -0.799236
v 0.307520 0.964974 -0.799988
v -0.328660 1.037353 0.919111
v -0.328406 1.036132 0.891547
v -0.413716 1.035407 0.918365
v -0.328837 1.037403 0.939159
v -0.413893 1.035457 0.938413
v -0.329070 1.036319 0.966729
v -0.313436 1.033058 -0.805639
v -0.313182 1.031837 -0.833203
v -0.398491 1.031112 -0.806385
v -0.313613 1.033108 -0.785579
v -0.398669 1.031162 -0.786325
v -0.313846 1.032025 -0.758009
v -0.327665 0.956516 0.891751
v -0.327899 0.955433 0.919322
v -0.412975 0.955791 0.918570
v -0.328329 0.956703 0.966934
v -0.413152 0.955841 0.938618
v -0.328075 0.955483 0.939369
v -0.313179 0.960458 -0.757825
v -0.398003 0.959596 -0.786141
v -0.312926 0.959237 -0.785389
v -0.312516 0.960270 -0.833019
v -0.312748 0.959188 -0.805449
v -0.397825 0.959546 -0.806201
v 5.042616 1.087458 0.966399
v 5.127694 1.087100 0.967151
v 5.042871 1.086237 0.938835
v 5.042439 1.087508 0.986447
v 5.042207 1.086425 1.014017
v 5.127517 1.087150 0.987199
v 5.057840 1.083163 -0.758351
v 5.142919 1.082805 -0.757599
v 5.058095 1.081942 -0.785915
v 5.057663 1.083213 -0.738291
v 5.057431 1.082130 -0.710721
v 5.142741 1.082855 -0.737539
v 5.042947 1.006808 1.014222
v 5.043201 1.005588 0.986658
v 5.128257 1.007533 0.987404
v 5.058097 1.010563 -0.710537
v 5.058351 1.009343 -0.738101
v 5.143407 1.011288 -0.737355
v 5.058761 1.010376 -0.785731
v 5.143584 1.011238 -0.757415
v 5.058528 1.009293 -0.758161
v 5.043611 1.006621 0.939040
v 5.128434 1.007483 0.967356
v 5.043379 1.005538 0.966610
v 0.379827 0.686182 0.946289
v 0.294771 0.684237 0.945543
v 0.294538 0.683154 0.973113
v 0.464672 0.684741 0.974611
v 0.464651 0.687044 0.974605
v 0.380630 0.599937 0.946511
v 0.465453 0.600800 0.974827
v 0.465432 0.603103 0.974821
v 0.295299 0.601516 0.973323
v 0.295552 0.600295 0.945759
v 0.644491 0.688599 0.928569
v 0.729568 0.688241 0.929321
v 0.729821 0.687021 0.901757
v 0.559689 0.685434 0.900259
v 0.559668 0.687737 0.900253
v 0.645293 0.602355 0.928791
v 0.560470 0.601493 0.900475
v 0.560449 0.603796 0.900469
v 0.730581 0.605383 0.901967
v 0.730349 0.604300 0.929537
v 0.645116 0.602405 0.948839
v 0.730171 0.604350 0.949585
v 0.729918 0.605570 0.977149
v 0.559785 0.603983 0.975652
v 0.559806 0.601680 0.975657
v 0.644314 0.688649 0.948617
v 0.559004 0.687924 0.975436
v 0.559025 0.685621 0.975442
v 0.729157 0.687208 0.976939
v 0.729390 0.688291 0.949369
v 0.380807 0.599888 0.926463
v 0.295730 0.600246 0.925711
v 0.295962 0.601329 0.898141
v 0.466096 0.602916 0.899639
v 0.466117 0.600612 0.899644
v 0.380005 0.686132 0.926241
v 0.465315 0.686857 0.899423
v 0.465336 0.684554 0.899429
v 0.295202 0.682967 0.897931
v 0.294949 0.684187 0.925495
v 0.395024 0.684826 -0.778457
v 0.309968 0.682881 -0.779203
v 0.309735 0.681798 -0.751633
v 0.479869 0.683385 -0.750135
v 0.479848 0.685688 -0.750141
v 0.395829 0.598365 -0.778234
v 0.480653 0.599227 -0.749918
v 0.480631 0.601530 -0.749924
v 0.310497 0.599943 -0.751422
v 0.310751 0.598723 -0.778986
v 0.480512 0.685501 -0.825335
v 0.480533 0.683198 -0.825329
v 0.310399 0.681611 -0.826827
v 0.310145 0.682831 -0.799263
v 0.395202 0.684776 -0.798517
v 0.481317 0.599040 -0.825113
v 0.396007 0.598315 -0.798294
v 0.310928 0.598673 -0.799046
v 0.311161 0.599756 -0.826616
v 0.481295 0.601343 -0.825118
v 0.575006 0.600107 -0.749088
v 0.660316 0.600832 -0.775906
v 0.745370 0.602777 -0.775160
v 0.745116 0.603998 -0.747596
v 0.574984 0.602411 -0.749093
v 0.574201 0.686569 -0.749310
v 0.574222 0.684265 -0.749304
v 0.744354 0.685852 -0.747806
v 0.744587 0.686935 -0.775376
v 0.659511 0.687293 -0.776128
v 0.575669 0.599920 -0.824282
v 0.575647 0.602223 -0.824288
v 0.745780 0.603810 -0.822790
v 0.745547 0.602727 -0.795220
v 0.660493 0.600782 -0.795966
v 0.574864 0.686381 -0.824504
v 0.659688 0.687244 -0.796188
v 0.744764 0.686885 -0.795436
v 0.745018 0.685665 -0.823000
v 0.574885 0.684078 -0.824498
v -0.320044 0.677421 0.967702
v -0.319811 0.678504 0.940132
v -0.404867 0.676559 0.939386
v -0.319284 0.595783 0.967912
v -0.404107 0.594921 0.939596
v -0.319030 0.594562 0.940348
v -0.318620 0.595596 0.892730
v -0.318853 0.594513 0.920300
v -0.403930 0.594871 0.919548
v -0.319380 0.677234 0.892520
v -0.404690 0.676509 0.919338
v -0.319634 0.678454 0.920084
v -0.304846 0.676065 -0.757043
v -0.304614 0.677148 -0.784613
v -0.389669 0.675203 -0.785359
v -0.304085 0.594210 -0.756833
v -0.388908 0.593348 -0.785149
v -0.303831 0.592990 -0.784397
v -0.304183 0.675878 -0.832237
v -0.389492 0.675153 -0.805419
v -0.304437 0.677098 -0.804673
v -0.303421 0.594023 -0.832027
v -0.303653 0.592940 -0.804457
v -0.388731 0.593298 -0.805209
v 5.046892 0.727292 0.939763
v 5.046638 0.728512 0.967328
v 5.131715 0.728154 0.968080
v 5.047652 0.645654 0.939974
v 5.132475 0.646516 0.968290
v 5.047420 0.644571 0.967544
v 5.046988 0.645841 1.015156
v 5.047242 0.644621 0.987592
v 5.132298 0.646566 0.988338
v 5.046228 0.727479 1.014946
v 5.131538 0.728204 0.988128
v 5.046461 0.728562 0.987376
v 5.062187 0.644269 -0.709589
v 5.062441 0.643049 -0.737153
v 5.147496 0.644994 -0.736408
v 5.061425 0.726124 -0.709800
v 5.146734 0.726848 -0.736618
v 5.061658 0.727207 -0.737370
v 5.062851 0.644082 -0.784783
v 5.147674 0.644944 -0.756467
v 5.062618 0.642999 -0.757213
v 5.062089 0.725936 -0.784994
v 5.061835 0.727157 -0.757430
v 5.146912 0.726798 -0.756678
v 4.953911 0.087128 0.988157
v 4.953657 0.088348 1.015721
v 4.868834 0.087486 0.987405
v 4.868155 0.160374 0.987217
v 4.952978 0.161236 1.015533
v 4.953211 0.162319 0.987963
v 4.884235 0.083141 -0.757393
v 4.969545 0.083866 -0.784211
v 4.969313 0.082783 -0.756641
v 4.968613 0.157974 -0.756835
v 4.968866 0.156754 -0.784399
v 4.883556 0.156029 -0.757581
v 10.423051 0.139297 1.036303
v 10.337739 0.138573 1.063122
v 10.337993 0.137352 1.035558
v 10.337295 0.212544 1.035364
v 10.337060 0.211461 1.062934
v 10.422372 0.212186 1.036116
v 10.353627 0.134090 -0.736811
v 10.438451 0.134952 -0.708494
v 10.353393 0.133007 -0.709240
v 10.352695 0.208199 -0.709434
v 10.437772 0.207841 -0.708682
v 10.352948 0.206979 -0.736998
v 10.259040 0.132127 -0.710071
v 10.088908 0.130540 -0.711569
v 10.089143 0.131623 -0.739139
v 10.259274 0.133210 -0.737641
v 9.994554 0.129660 -0.712399
v 9.824420 0.128073 -0.713897
v 9.824655 0.129156 -0.741467
v 9.994788 0.130743 -0.739970
v 9.730067 0.127193 -0.714728
v 9.559934 0.125606 -0.716226
v 9.560168 0.126689 -0.743796
v 9.730302 0.128276 -0.742298
v 9.465581 0.124726 -0.717057
v 9.295447 0.123138 -0.718554
v 9.295682 0.124221 -0.746125
v 9.465816 0.125808 -0.744627
v 9.201095 0.122258 -0.719385
v 9.030961 0.120671 -0.720883
v 9.031196 0.121754 -0.748453
v 9.201329 0.123341 -0.746955
v 8.936608 0.119791 -0.721714
v 8.766475 0.118204 -0.723211
v 8.766709 0.119287 -0.750782
v 8.936843 0.120874 -0.749284
v 8.672120 0.117324 -0.724042
v 8.501988 0.115737 -0.725540
v 8.502223 0.116820 -0.753110
v 8.672355 0.118407 -0.751612
v 8.407636 0.114857 -0.726371
v 8.237502 0.113270 -0.727868
v 8.237737 0.114353 -0.755439
v 8.407870 0.115940 -0.753941
v 8.143149 0.112389 -0.728699
v 7.973016 0.110802 -0.730197
v 7.973250 0.111885 -0.757767
v 8.143384 0.113472 -0.756269
v 7.878661 0.109922 -0.731028
v 7.708530 0.108335 -0.732525
v 7.708763 0.109418 -0.760096
v 7.878896 0.111005 -0.758598
v 7.614177 0.107455 -0.733356
v 7.444044 0.105868 -0.734854
v 7.444277 0.106951 -0.762424
v 7.614409 0.108538 -0.760926
v 7.349691 0.104988 -0.735685
v 7.179557 0.103401 -0.737182
v 7.179790 0.104484 -0.764753
v 7.349924 0.106071 -0.763255
v 7.085204 0.102520 -0.738013
v 6.915071 0.100933 -0.739511
v 6.915304 0.102016 -0.767081
v 7.085437 0.103603 -0.765583
v 6.820718 0.100053 -0.740342
v 6.650585 0.098466 -0.741839
v 6.650818 0.099549 -0.769410
v 6.820951 0.101136 -0.767912
v 6.556231 0.097586 -0.742670
v 6.386098 0.095999 -0.744168
v 6.386331 0.097082 -0.771738
v 6.556463 0.098669 -0.770240
v 6.291744 0.095119 -0.744999
v 6.121612 0.093532 -0.746496
v 6.121844 0.094615 -0.774067
v 6.291977 0.096202 -0.772569
v 6.027259 0.092652 -0.747327
v 5.857124 0.091065 -0.748825
v 5.857357 0.092147 -0.776395
v 6.027492 0.093735 -0.774897
v 5.762772 0.090184 -0.749656
v 5.592639 0.088597 -0.751154
v 5.592872 0.089680 -0.778724
v 5.763004 0.091267 -0.777226
v 5.498285 0.087717 -0.751984
v 5.328152 0.086130 -0.753482
v 5.328384 0.087213 -0.781052
v 5.498518 0.088800 -0.779554
v 5.063665 0.083663 -0.755811
v 5.063898 0.084746 -0.783381
v 5.234031 0.086333 -0.781883
v 5.233798 0.085250 -0.754313
v 5.062965 0.158854 -0.756004
v 5.233098 0.160441 -0.754506
v 5.233352 0.159221 -0.782070
v 5.063219 0.157634 -0.783568
v 5.327452 0.161322 -0.753676
v 5.497585 0.162909 -0.752178
v 5.497839 0.161688 -0.779742
v 5.327705 0.160101 -0.781240
v 5.591939 0.163789 -0.751347
v 5.676994 0.165734 -0.750601
v 5.762304 0.166459 -0.777419
v 5.762325 0.164156 -0.777413
v 5.592193 0.162569 -0.778911
v 5.856657 0.167339 -0.776589
v 5.941481 0.168201 -0.748272
v 6.026559 0.167843 -0.747521
v 6.026813 0.166623 -0.775085
v 5.856678 0.165036 -0.776583
v 6.120912 0.168723 -0.746690
v 6.291044 0.170310 -0.745192
v 6.291298 0.169090 -0.772756
v 6.121165 0.167503 -0.774254
v 6.385398 0.171191 -0.744361
v 6.555531 0.172778 -0.742864
v 6.555784 0.171557 -0.770428
v 6.385652 0.169970 -0.771926
v 6.649885 0.173658 -0.742033
v 6.734941 0.175603 -0.741287
v 6.820251 0.176328 -0.768105
v 6.820271 0.174025 -0.768099
v 6.650139 0.172437 -0.769597
v 6.914603 0.177208 -0.767275
v 6.999427 0.178070 -0.738958
v 7.084504 0.177712 -0.738207
v 7.084758 0.176492 -0.765771
v 6.914624 0.174905 -0.767269
v 7.178857 0.178592 -0.737376
v 7.348990 0.180179 -0.735878
v 7.349244 0.178959 -0.763442
v 7.179111 0.177372 -0.764940
v 7.443344 0.181059 -0.735047
v 7.613477 0.182646 -0.733550
v 7.613730 0.181426 -0.761114
v 7.443598 0.179839 -0.762612
v 7.707830 0.183527 -0.732719
v 7.792886 0.185472 -0.731973
v 7.878196 0.186197 -0.758791
v 7.878217 0.183893 -0.758785
v 7.708084 0.182306 -0.760283
v 7.972548 0.187077 -0.757960
v 8.057372 0.187939 -0.729644
v 8.142451 0.187581 -0.728893
v 8.142705 0.186361 -0.756457
v 7.972569 0.184774 -0.757955
v 8.236804 0.188461 -0.728062
v 8.406936 0.190048 -0.726564
v 8.407189 0.188828 -0.754128
v 8.237058 0.187241 -0.755626
v 8.501290 0.190928 -0.725733
v 8.671422 0.192515 -0.724236
v 8.671676 0.191295 -0.751800
v 8.501544 0.189708 -0.753298
v 8.765777 0.193396 -0.723405
v 8.850831 0.195341 -0.722659
v 8.936143 0.196066 -0.749477
v 8.936164 0.193762 -0.749471
v 8.766030 0.192175 -0.750969
v 9.030496 0.196946 -0.748646
v 9.115317 0.197808 -0.720330
v 9.200397 0.197450 -0.719579
v 9.200650 0.196230 -0.747143
v 9.030517 0.194642 -0.748641
v 9.294749 0.198330 -0.718748
v 9.464883 0.199917 -0.717250
v 9.465137 0.198697 -0.744814
v 9.295003 0.197110 -0.746312
v 9.559236 0.200797 -0.716419
v 9.729369 0.202384 -0.714921
v 9.729623 0.201164 -0.742486
v 9.559489 0.199577 -0.743984
v 9.823722 0.203264 -0.714091
v 9.908776 0.205210 -0.713345
v 9.994088 0.205934 -0.740163
v 9.994109 0.203631 -0.740157
v 9.823976 0.202044 -0.741655
v 10.258342 0.207319 -0.710264
v 10.258595 0.206098 -0.737829
v 10.088464 0.204511 -0.739326
v 10.088443 0.206815 -0.739332
v 10.173265 0.207677 -0.711016
v 5.048010 0.089228 1.016551
v 5.048264 0.088008 0.988987
v 5.218396 0.089595 0.990485
v 5.218143 0.090815 1.018049
v 5.312496 0.091695 1.018880
v 5.312750 0.090475 0.991316
v 5.482883 0.092062 0.992814
v 5.482630 0.093282 1.020378
v 5.576983 0.094163 1.021209
v 5.577237 0.092942 0.993644
v 5.747370 0.094529 0.995142
v 5.747116 0.095750 1.022706
v 5.841469 0.096630 1.023537
v 5.841722 0.095410 0.995973
v 6.011857 0.096997 0.997471
v 6.011603 0.098217 1.025035
v 6.105956 0.099097 1.025866
v 6.106210 0.097877 0.998301
v 6.276342 0.099464 0.999799
v 6.276089 0.100684 1.027363
v 6.370442 0.101564 1.028194
v 6.370696 0.100344 1.000630
v 6.540829 0.101931 1.002128
v 6.540575 0.103151 1.029692
v 6.634930 0.104031 1.030523
v 6.635183 0.102811 1.002958
v 6.805316 0.104398 1.004456
v 6.805062 0.105619 1.032020
v 6.899415 0.106499 1.032851
v 6.899669 0.105278 1.005287
v 7.069802 0.106865 1.006785
v 7.069549 0.108086 1.034349
v 7.163901 0.108966 1.035180
v 7.164155 0.107746 1.007615
v 7.334289 0.109333 1.009113
v 7.334035 0.110553 1.036677
v 7.428389 0.111433 1.037508
v 7.428642 0.110213 1.009944
v 7.598775 0.111800 1.011442
v 7.598521 0.113020 1.039006
v 7.692875 0.113900 1.039837
v 7.693129 0.112680 1.012272
v 7.863261 0.114267 1.013770
v 7.863008 0.115487 1.041334
v 7.957360 0.116368 1.042165
v 7.957614 0.115147 1.014601
v 8.127749 0.116734 1.016099
v 8.127496 0.117955 1.043663
v 8.221848 0.118835 1.044494
v 8.222102 0.117615 1.016929
v 8.392234 0.119202 1.018427
v 8.391980 0.120422 1.045991
v 8.486335 0.121302 1.046822
v 8.486588 0.120082 1.019258
v 8.656720 0.121669 1.020756
v 8.656466 0.122889 1.048320
v 8.750821 0.123769 1.049151
v 8.751075 0.122549 1.021586
v 8.921208 0.124136 1.023084
v 8.920955 0.125356 1.050648
v 9.015307 0.126236 1.051479
v 9.015561 0.125016 1.023915
v 9.185695 0.126603 1.025413
v 9.185441 0.127824 1.052977
v 9.279794 0.128704 1.053808
v 9.280047 0.127483 1.026243
v 9.450181 0.129070 1.027741
v 9.449927 0.130291 1.055305
v 9.544280 0.131171 1.056136
v 9.544534 0.129951 1.028572
v 9.714667 0.131538 1.030070
v 9.714414 0.132758 1.057634
v 9.808766 0.133638 1.058465
v 9.809020 0.132418 1.030900
v 9.979154 0.134005 1.032398
v 9.978900 0.135225 1.059963
v 10.243386 0.137692 1.062291
v 10.073255 0.136105 1.060793
v 10.073508 0.134885 1.033229
v 10.243640 0.136472 1.034727
v 10.242707 0.210581 1.062104
v 10.242942 0.211664 1.034533
v 10.157865 0.212022 1.033782
v 10.072555 0.211297 1.060600
v 10.072576 0.208994 1.060606
v 9.978200 0.210417 1.059769
v 9.893376 0.209555 1.031453
v 9.808322 0.207609 1.030707
v 9.808087 0.206526 1.058277
v 9.978221 0.208113 1.059775
v 9.713735 0.205646 1.057447
v 9.713969 0.206729 1.029876
v 9.543836 0.205142 1.028379
v 9.543601 0.204059 1.055949
v 9.449248 0.203179 1.055118
v 9.449483 0.204262 1.027548
v 9.279349 0.202675 1.026050
v 9.279115 0.201592 1.053620
v 9.184762 0.200712 1.052790
v 9.184997 0.201795 1.025219
v 9.099917 0.202153 1.024467
v 9.014607 0.201428 1.051286
v 9.014628 0.199125 1.051292
v 8.920255 0.200548 1.050455
v 8.835433 0.199686 1.022139
v 8.750377 0.197740 1.021393
v 8.750142 0.196658 1.048963
v 8.920276 0.198245 1.050461
v 8.655787 0.195777 1.048133
v 8.656022 0.196860 1.020562
v 8.485890 0.195273 1.019065
v 8.485656 0.194190 1.046635
v 8.391303 0.193310 1.045804
v 8.391538 0.194393 1.018234
v 8.221404 0.192806 1.016736
v 8.221169 0.191723 1.044306
v 8.126817 0.190843 1.043476
v 8.127051 0.191926 1.015905
v 8.041972 0.192284 1.015153
v 7.956662 0.191559 1.041972
v 7.956683 0.189256 1.041978
v 7.862308 0.190679 1.041141
v 7.777484 0.189817 1.012825
v 7.692429 0.187872 1.012079
v 7.692196 0.186789 1.039649
v 7.862329 0.188376 1.041147
v 7.597842 0.185908 1.038818
v 7.598075 0.186991 1.011248
v 7.427942 0.185404 1.009750
v 7.427710 0.184321 1.037321
v 7.333357 0.183441 1.036490
v 7.333590 0.184524 1.008920
v 7.163455 0.182937 1.007422
v 7.163222 0.181854 1.034992
v 7.068870 0.180974 1.034161
v 7.069102 0.182057 1.006591
v 6.984025 0.182415 1.005839
v 6.898716 0.181690 1.032658
v 6.898737 0.179387 1.032664
v 6.804362 0.180810 1.031827
v 6.719539 0.179948 1.003511
v 6.634483 0.178003 1.002765
v 6.634251 0.176920 1.030335
v 6.804383 0.178507 1.031833
v 6.539896 0.176040 1.029504
v 6.540129 0.177123 1.001934
v 6.369996 0.175535 1.000436
v 6.369763 0.174453 1.028007
v 6.275410 0.173572 1.027176
v 6.275642 0.174655 0.999606
v 6.105510 0.173068 0.998108
v 6.105277 0.171985 1.025678
v 6.010924 0.171105 1.024848
v 6.011157 0.172188 0.997277
v 5.926079 0.172546 0.996525
v 5.840769 0.171821 1.023344
v 5.840790 0.169518 1.023350
v 5.746416 0.170941 1.022513
v 5.661592 0.170079 0.994197
v 5.576537 0.168134 0.993451
v 5.576304 0.167051 1.021021
v 5.746437 0.168638 1.022519
v 5.481951 0.166171 1.020190
v 5.482183 0.167254 0.992620
v 5.312050 0.165667 0.991122
v 5.311817 0.164584 1.018693
v 5.047331 0.162116 1.016364
v 5.217463 0.163703 1.017862
v 5.217696 0.164786 0.990292
v 5.047564 0.163199 0.988794
v 4.884058 0.083191 -0.737333
v 4.969135 0.082833 -0.736581
v 4.968649 0.082970 -0.681447
v 4.883572 0.083328 -0.682199
v 4.869011 0.087436 0.967357
v 4.869497 0.087299 0.912222
v 4.954575 0.086940 0.912974
v 4.954088 0.087078 0.968109
v 4.868332 0.160324 0.967169
v 4.953388 0.162269 0.967915
v 4.953875 0.162132 0.912781
v 4.868818 0.160187 0.912035
v 4.883379 0.156079 -0.737521
v 4.882893 0.156216 -0.682386
v 4.967949 0.158162 -0.681640
v 4.968435 0.158024 -0.736775
v 10.423226 0.139248 1.016255
v 10.338168 0.137302 1.015510
v 10.338656 0.137165 0.960375
v 10.423715 0.139110 0.961121
v 10.438275 0.135002 -0.688434
v 10.437787 0.135140 -0.633300
v 10.352729 0.133195 -0.634046
v 10.353217 0.133057 -0.689180
v 10.437596 0.207891 -0.688622
v 10.352519 0.208249 -0.689374
v 10.352031 0.208386 -0.634239
v 10.437108 0.208028 -0.633488
v 10.422547 0.212136 1.016068
v 10.423036 0.211999 0.960934
v 10.337958 0.212357 0.960182
v 10.337470 0.212494 1.015316
v 10.173089 0.207727 -0.690956
v 10.087779 0.207002 -0.664138
v 10.087800 0.204699 -0.664132
v 10.172622 0.205561 -0.635816
v 10.257678 0.207506 -0.635070
v 10.258166 0.207369 -0.690205
v 10.158040 0.211972 1.013734
v 10.243117 0.211614 1.014485
v 10.243606 0.211476 0.959351
v 10.158549 0.209531 0.958605
v 10.073239 0.208806 0.985424
v 10.073218 0.211110 0.985418
v 9.908601 0.205260 -0.693285
v 9.823546 0.203314 -0.694031
v 9.823058 0.203452 -0.638896
v 9.908134 0.203094 -0.638145
v 9.993445 0.203818 -0.664963
v 9.993424 0.206122 -0.664969
v 9.893552 0.209505 1.011405
v 9.978864 0.210229 0.984587
v 9.978885 0.207926 0.984593
v 9.894061 0.207064 0.956277
v 9.808986 0.207422 0.955525
v 9.808497 0.207559 1.010659
v 9.729194 0.202434 -0.694862
v 9.559060 0.200847 -0.696359
v 9.558825 0.199764 -0.668789
v 9.643649 0.200626 -0.640473
v 9.728705 0.202571 -0.639727
v 9.714145 0.206679 1.009828
v 9.714633 0.206542 0.954694
v 9.629577 0.204597 0.953948
v 9.544265 0.203872 0.980766
v 9.544011 0.205092 1.008331
v 9.464707 0.199967 -0.697190
v 9.294574 0.198380 -0.698688
v 9.294086 0.198517 -0.643553
v 9.379163 0.198159 -0.642802
v 9.464473 0.198884 -0.669620
v 9.449658 0.204212 1.007500
v 9.449912 0.202992 0.979936
v 9.365090 0.202130 0.951620
v 9.280013 0.202488 0.950868
v 9.279525 0.202625 1.006002
v 9.115142 0.197858 -0.700270
v 9.029832 0.197133 -0.673452
v 9.029853 0.194830 -0.673446
v 9.114675 0.195692 -0.645130
v 9.199733 0.197637 -0.644384
v 9.200221 0.197500 -0.699519
v 9.100093 0.202103 1.004420
v 9.185172 0.201745 1.005172
v 9.185660 0.201608 0.950037
v 9.100602 0.199662 0.949291
v 9.015292 0.198938 0.976109
v 9.015271 0.201241 0.976104
v 8.850656 0.195391 -0.702599
v 8.765601 0.193445 -0.703345
v 8.765113 0.193583 -0.648211
v 8.850188 0.193225 -0.647459
v 8.935500 0.193950 -0.674277
v 8.935479 0.196253 -0.674283
v 8.835608 0.199636 1.002091
v 8.920918 0.200361 0.975273
v 8.920939 0.198057 0.975279
v 8.836118 0.197195 0.946963
v 8.751040 0.197553 0.946211
v 8.750552 0.197691 1.001345
v 8.671247 0.192565 -0.704176
v 8.501115 0.190978 -0.705673
v 8.500880 0.189895 -0.678103
v 8.585702 0.190757 -0.649787
v 8.670758 0.192703 -0.649041
v 8.656198 0.196810 1.000515
v 8.656686 0.196673 0.945380
v 8.571630 0.194728 0.944634
v 8.486320 0.194003 0.971452
v 8.486066 0.195223 0.999017
v 8.406762 0.190098 -0.706504
v 8.236629 0.188511 -0.708002
v 8.236140 0.188648 -0.652868
v 8.321216 0.188290 -0.652116
v 8.406528 0.189015 -0.678934
v 8.391713 0.194343 0.998186
v 8.391967 0.193123 0.970622
v 8.307143 0.192261 0.942306
v 8.222068 0.192619 0.941554
v 8.221580 0.192756 0.996688
v 8.057197 0.187989 -0.709584
v 7.971885 0.187264 -0.682766
v 7.971906 0.184961 -0.682760
v 8.056729 0.185823 -0.654444
v 8.141788 0.187768 -0.653698
v 8.142276 0.187631 -0.708833
v 8.042148 0.192234 0.995106
v 8.127227 0.191876 0.995857
v 8.127715 0.191739 0.940723
v 8.042657 0.189794 0.939977
v 7.957347 0.189069 0.966795
v 7.957326 0.191372 0.966789
v 7.792708 0.185522 -0.711913
v 7.707653 0.183577 -0.712659
v 7.707167 0.183714 -0.657525
v 7.792243 0.183356 -0.656773
v 7.877553 0.184081 -0.683591
v 7.877532 0.186384 -0.683597
v 7.777661 0.189767 0.992777
v 7.862971 0.190492 0.965959
v 7.862992 0.188188 0.965965
v 7.778169 0.187326 0.937649
v 7.693092 0.187684 0.936897
v 7.692606 0.187822 0.992031
v 7.613299 0.182696 -0.713490
v 7.443167 0.181109 -0.714988
v 7.442934 0.180026 -0.687417
v 7.527758 0.180889 -0.659101
v 7.612813 0.182834 -0.658355
v 7.598252 0.186942 0.991200
v 7.598739 0.186804 0.936066
v 7.513683 0.184859 0.935320
v 7.428373 0.184134 0.962138
v 7.428120 0.185354 0.989703
v 7.348814 0.180229 -0.715818
v 7.178679 0.178642 -0.717316
v 7.178193 0.178779 -0.662182
v 7.263271 0.178421 -0.661430
v 7.348581 0.179146 -0.688248
v 7.333767 0.184474 0.988872
v 7.334021 0.183254 0.961308
v 7.249197 0.182392 0.932992
v 7.164119 0.182750 0.932240
v 7.163632 0.182887 0.987374
v 6.999249 0.178120 -0.718899
v 6.913939 0.177395 -0.692080
v 6.913960 0.175092 -0.692074
v 6.998784 0.175954 -0.663758
v 7.083840 0.177899 -0.663012
v 7.084327 0.177762 -0.718147
v 6.984202 0.182365 0.985792
v 7.069280 0.182007 0.986543
v 7.069766 0.181870 0.931409
v 6.984710 0.179925 0.930663
v 6.899400 0.179200 0.957481
v 6.899379 0.181503 0.957475
v 6.734763 0.175653 -0.721227
v 6.649708 0.173708 -0.721973
v 6.649221 0.173845 -0.666839
v 6.734298 0.173487 -0.666087
v 6.819608 0.174212 -0.692905
v 6.819587 0.176515 -0.692911
v 6.719716 0.179898 0.983463
v 6.805026 0.180623 0.956645
v 6.805047 0.178320 0.956651
v 6.720223 0.177457 0.928335
v 6.635147 0.177815 0.927583
v 6.634661 0.177953 0.982717
v 6.555353 0.172828 -0.722804
v 6.385221 0.171240 -0.724302
v 6.384988 0.170158 -0.696731
v 6.469811 0.171020 -0.668415
v 6.554867 0.172965 -0.667669
v 6.540306 0.177073 0.981886
v 6.540792 0.176935 0.926752
v 6.455737 0.174990 0.926006
v 6.370427 0.174265 0.952824
v 6.370173 0.175486 0.980388
v 6.290867 0.170360 -0.725132
v 6.120734 0.168773 -0.726630
v 6.120248 0.168911 -0.671496
v 6.205325 0.168552 -0.670744
v 6.290634 0.169277 -0.697562
v 6.275820 0.174605 0.979558
v 6.276073 0.173385 0.951994
v 6.191251 0.172523 0.923678
v 6.106174 0.172881 0.922926
v 6.105687 0.173018 0.978060
v 5.941303 0.168251 -0.728213
v 5.855993 0.167526 -0.701394
v 5.856014 0.165223 -0.701388
v 5.940838 0.166085 -0.673072
v 6.025895 0.168030 -0.672326
v 6.026381 0.167893 -0.727461
v 5.926256 0.172496 0.976477
v 6.011334 0.172138 0.977229
v 6.011821 0.172001 0.922095
v 5.926764 0.170056 0.921349
v 5.841454 0.169331 0.948167
v 5.841433 0.171634 0.948161
v 5.676817 0.165784 -0.730541
v 5.591762 0.163839 -0.731287
v 5.591275 0.163976 -0.676153
v 5.676352 0.163618 -0.675401
v 5.761662 0.164343 -0.702219
v 5.761641 0.166646 -0.702225
v 5.661770 0.170029 0.974149
v 5.747080 0.170754 0.947331
v 5.747101 0.168451 0.947337
v 5.662277 0.167589 0.919020
v 5.577201 0.167947 0.918269
v 5.576715 0.168084 0.973403
v 5.497408 0.162959 -0.732118
v 5.327274 0.161372 -0.733616
v 5.327042 0.160289 -0.706045
v 5.411866 0.161151 -0.677729
v 5.496922 0.163096 -0.676983
v 5.482361 0.167204 0.972572
v 5.482847 0.167066 0.917438
v 5.397792 0.165121 0.916692
v 5.312481 0.164396 0.943510
v 5.312227 0.165617 0.971074
v 5.062788 0.158904 -0.735944
v 5.062302 0.159042 -0.680810
v 5.147379 0.158684 -0.680058
v 5.232688 0.159408 -0.706876
v 5.232921 0.160491 -0.734446
v 5.047741 0.163149 0.968746
v 5.217874 0.164736 0.970244
v 5.218127 0.163516 0.942680
v 5.133305 0.162654 0.914363
v 5.048227 0.163012 0.913612
v 5.063488 0.083713 -0.735751
v 5.233134 0.085437 -0.679118
v 5.048441 0.087958 0.968939
v 5.219060 0.089408 0.915303
v 5.498108 0.087767 -0.731924
v 5.327488 0.086317 -0.678288
v 5.483061 0.092012 0.972766
v 5.313414 0.090288 0.916134
v 5.592462 0.088647 -0.731094
v 5.762108 0.090372 -0.674461
v 5.577415 0.092892 0.973596
v 5.748034 0.094342 0.919960
v 6.027081 0.092702 -0.727267
v 5.856461 0.091252 -0.673631
v 6.012034 0.096947 0.977423
v 5.842386 0.095222 0.920791
v 6.121434 0.093582 -0.726437
v 6.291080 0.095306 -0.669804
v 6.106387 0.097827 0.978253
v 6.277006 0.099277 0.924617
v 6.556053 0.097636 -0.722610
v 6.385434 0.096186 -0.668974
v 6.541006 0.101881 0.982080
v 6.371360 0.100157 0.925448
v 6.650408 0.098516 -0.721780
v 6.820054 0.100241 -0.665147
v 6.635361 0.102761 0.982910
v 6.805980 0.104211 0.929274
v 7.085027 0.102570 -0.717953
v 6.914407 0.101121 -0.664317
v 7.069980 0.106816 0.986737
v 6.900332 0.105091 0.930105
v 7.179379 0.103451 -0.717123
v 7.349027 0.105175 -0.660490
v 7.164332 0.107696 0.987567
v 7.334952 0.109145 0.933931
v 7.613999 0.107505 -0.713296
v 7.443380 0.106055 -0.659660
v 7.598952 0.111750 0.991394
v 7.429306 0.110026 0.934762
v 7.708353 0.108385 -0.712466
v 7.877997 0.110109 -0.655833
v 7.693306 0.112630 0.992225
v 7.863925 0.114080 0.938588
v 8.142974 0.112439 -0.708639
v 7.972350 0.110990 -0.655003
v 8.127925 0.116684 0.996051
v 7.958278 0.114960 0.939419
v 8.237327 0.113320 -0.707808
v 8.406972 0.115044 -0.651176
v 8.222278 0.117565 0.996882
v 8.392900 0.119014 0.943245
v 8.671945 0.117374 -0.703982
v 8.501325 0.115924 -0.650346
v 8.656896 0.121619 1.000708
v 8.487252 0.119895 0.944076
v 8.766299 0.118254 -0.703151
v 8.935945 0.119978 -0.646519
v 8.751250 0.122499 1.001539
v 8.921872 0.123949 0.947902
v 9.200919 0.122308 -0.699325
v 9.030297 0.120858 -0.645689
v 9.185870 0.126553 1.005365
v 9.016225 0.124829 0.948733
v 9.295272 0.123188 -0.698494
v 9.464917 0.124913 -0.641862
v 9.280223 0.127433 1.006196
v 9.450845 0.128883 0.952559
v 9.729892 0.127243 -0.694668
v 9.559270 0.125793 -0.641032
v 9.714843 0.131488 1.010022
v 9.545197 0.129763 0.953390
v 9.824244 0.128123 -0.693837
v 9.993890 0.129847 -0.637205
v 9.809196 0.132368 1.010853
v 9.979817 0.133818 0.957216
v 10.258864 0.132177 -0.690011
v 10.088244 0.130727 -0.636374
v 10.243815 0.136422 1.014679
v 10.074172 0.134698 0.958047
v 4.965470 0.083867 -0.321320
v 4.964983 0.084004 -0.266185
v 4.879906 0.084362 -0.266937
v 4.880393 0.084225 -0.322071
v 4.957753 0.086044 0.552844
v 4.872676 0.086402 0.552092
v 4.873163 0.086264 0.496957
v 4.958241 0.085906 0.497709
v 4.957053 0.161235 0.552650
v 4.957541 0.161098 0.497516
v 4.872484 0.159153 0.496770
v 4.871997 0.159290 0.551904
v 4.964770 0.159058 -0.321513
v 4.879714 0.157113 -0.322259
v 4.879227 0.157250 -0.267125
v 4.964283 0.159196 -0.266379
v 10.341834 0.136268 0.600245
v 10.342320 0.136131 0.545110
v 10.427379 0.138076 0.545856
v 10.426892 0.138213 0.600990
v 10.349551 0.134091 -0.273919
v 10.434609 0.136037 -0.273173
v 10.434123 0.136174 -0.218038
v 10.349065 0.134229 -0.218784
v 10.348853 0.209283 -0.274112
v 10.348367 0.209420 -0.218978
v 10.433444 0.209062 -0.218226
v 10.433930 0.208925 -0.273360
v 10.341136 0.211460 0.600051
v 10.426213 0.211102 0.600803
v 10.426700 0.210964 0.545669
v 10.341622 0.211323 0.544917
v 10.169444 0.206458 -0.275689
v 10.084134 0.205733 -0.248870
v 10.083882 0.206953 -0.221306
v 10.254014 0.208540 -0.219808
v 10.254500 0.208403 -0.274943
v 10.161727 0.208634 0.598474
v 10.246783 0.210580 0.599220
v 10.247270 0.210442 0.544086
v 10.077138 0.208855 0.542588
v 10.076905 0.207772 0.570158
v 9.904956 0.203990 -0.278017
v 9.819880 0.204348 -0.278769
v 9.819394 0.204486 -0.223635
v 9.989528 0.206073 -0.222137
v 9.989779 0.204853 -0.249701
v 9.897239 0.206167 0.596146
v 9.982551 0.206892 0.569328
v 9.982783 0.207975 0.541758
v 9.812650 0.206388 0.540260
v 9.812163 0.206525 0.595394
v 9.640471 0.201523 -0.280346
v 9.555160 0.200798 -0.253527
v 9.554908 0.202019 -0.225963
v 9.725041 0.203606 -0.224465
v 9.725528 0.203468 -0.279600
v 9.632754 0.203700 0.593817
v 9.717811 0.205645 0.594563
v 9.718297 0.205508 0.539429
v 9.548163 0.203921 0.537931
v 9.547931 0.202838 0.565501
v 9.375985 0.199056 -0.282674
v 9.290908 0.199414 -0.283426
v 9.290421 0.199551 -0.228292
v 9.460555 0.201138 -0.226794
v 9.460807 0.199918 -0.254358
v 9.368268 0.201233 0.591489
v 9.453578 0.201958 0.564671
v 9.453811 0.203041 0.537100
v 9.283677 0.201454 0.535603
v 9.283191 0.201591 0.590737
v 9.111497 0.196589 -0.285003
v 9.026187 0.195864 -0.258184
v 9.025935 0.197084 -0.230620
v 9.196069 0.198671 -0.229122
v 9.196555 0.198534 -0.284257
v 9.103780 0.198766 0.589160
v 9.188838 0.200711 0.589906
v 9.189324 0.200573 0.534772
v 9.019191 0.198986 0.533274
v 9.018958 0.197903 0.560844
v 8.847011 0.194121 -0.287331
v 8.761935 0.194480 -0.288083
v 8.761449 0.194617 -0.232949
v 8.931582 0.196204 -0.231451
v 8.931834 0.194984 -0.259015
v 8.839295 0.196298 0.586832
v 8.924605 0.197023 0.560014
v 8.924838 0.198106 0.532443
v 8.754704 0.196519 0.530946
v 8.754218 0.196656 0.586080
v 8.582524 0.191654 -0.289660
v 8.497214 0.190929 -0.262842
v 8.496963 0.192150 -0.235277
v 8.667094 0.193737 -0.233779
v 8.667581 0.193599 -0.288914
v 8.574807 0.193831 0.584503
v 8.659863 0.195776 0.585249
v 8.660350 0.195639 0.530115
v 8.490218 0.194052 0.528617
v 8.489985 0.192969 0.556187
v 8.318038 0.189187 -0.291988
v 8.232963 0.189545 -0.292740
v 8.232476 0.189682 -0.237606
v 8.402610 0.191270 -0.236108
v 8.402862 0.190049 -0.263672
v 8.310321 0.191364 0.582175
v 8.395633 0.192089 0.555357
v 8.395865 0.193172 0.527786
v 8.225732 0.191585 0.526289
v 8.225245 0.191722 0.581423
v 8.053552 0.186720 -0.294317
v 7.968240 0.185995 -0.267499
v 7.967988 0.187215 -0.239934
v 8.138124 0.188802 -0.238436
v 8.138610 0.188665 -0.293571
v 8.045835 0.188897 0.579846
v 8.130893 0.190842 0.580592
v 8.131379 0.190705 0.525458
v 7.961246 0.189118 0.523960
v 7.961013 0.188035 0.551530
v 7.789064 0.184253 -0.296645
v 7.703988 0.184611 -0.297397
v 7.703501 0.184748 -0.242263
v 7.873635 0.186335 -0.240765
v 7.873887 0.185115 -0.268329
v 7.781347 0.186429 0.577518
v 7.866658 0.187154 0.550700
v 7.866891 0.188237 0.523129
v 7.696758 0.186650 0.521632
v 7.696271 0.186788 0.576766
v 7.524579 0.181785 -0.298974
v 7.439268 0.181060 -0.272156
v 7.439014 0.182281 -0.244591
v 7.609147 0.183868 -0.243094
v 7.609634 0.183731 -0.298228
v 7.516862 0.183962 0.575189
v 7.601917 0.185907 0.575935
v 7.602405 0.185770 0.520801
v 7.432272 0.184183 0.519303
v 7.432039 0.183100 0.546873
v 7.260093 0.179318 -0.301302
v 7.175014 0.179676 -0.302054
v 7.174527 0.179814 -0.246920
v 7.344662 0.181401 -0.245422
v 7.344915 0.180180 -0.272986
v 7.252376 0.181495 0.572861
v 7.337687 0.182220 0.546043
v 7.337919 0.183303 0.518472
v 7.167785 0.181716 0.516975
v 7.167297 0.181853 0.572109
v 6.995605 0.176851 -0.303631
v 6.910295 0.176126 -0.276813
v 6.910041 0.177346 -0.249248
v 7.080174 0.178933 -0.247751
v 7.080662 0.178796 -0.302885
v 6.987888 0.179028 0.570532
v 7.072945 0.180973 0.571278
v 7.073432 0.180836 0.516144
v 6.903298 0.179249 0.514646
v 6.903066 0.178166 0.542216
v 6.731119 0.174384 -0.305959
v 6.646043 0.174742 -0.306711
v 6.645555 0.174879 -0.251577
v 6.815688 0.176466 -0.250079
v 6.815942 0.175246 -0.277643
v 6.723402 0.176561 0.568204
v 6.808713 0.177285 0.541386
v 6.808946 0.178368 0.513815
v 6.638813 0.176781 0.512318
v 6.638326 0.176919 0.567452
v 6.466633 0.171917 -0.308288
v 6.381322 0.171192 -0.281470
v 6.381068 0.172412 -0.253905
v 6.551201 0.173999 -0.252408
v 6.551688 0.173862 -0.307542
v 6.458916 0.174093 0.565875
v 6.543971 0.176039 0.566621
v 6.544458 0.175901 0.511487
v 6.374326 0.174314 0.509989
v 6.374093 0.173231 0.537559
v 6.202147 0.169449 -0.310616
v 6.117069 0.169807 -0.311368
v 6.116582 0.169945 -0.256234
v 6.286715 0.171532 -0.254736
v 6.286968 0.170311 -0.282300
v 6.194429 0.171626 0.563547
v 6.279739 0.172351 0.536729
v 6.279972 0.173434 0.509158
v 6.109839 0.171847 0.507661
v 6.109352 0.171984 0.562795
v 5.937659 0.166982 -0.312945
v 5.852348 0.166257 -0.286127
v 5.852095 0.167477 -0.258562
v 6.022229 0.169064 -0.257065
v 6.022717 0.168927 -0.312199
v 5.929942 0.169159 0.561218
v 6.014999 0.171104 0.561964
v 6.015487 0.170967 0.506830
v 5.845352 0.169380 0.505332
v 5.845119 0.168297 0.532902
v 5.673173 0.164515 -0.315273
v 5.588097 0.164873 -0.316025
v 5.587609 0.165010 -0.260891
v 5.757742 0.166597 -0.259393
v 5.757996 0.165377 -0.286957
v 5.665456 0.166692 0.558890
v 5.750767 0.167417 0.532072
v 5.750999 0.168500 0.504501
v 5.580867 0.166912 0.503003
v 5.580379 0.167050 0.558138
v 5.408688 0.162048 -0.317602
v 5.323376 0.161323 -0.290784
v 5.323122 0.162543 -0.263219
v 5.493256 0.164130 -0.261722
v 5.493743 0.163993 -0.316856
v 5.400970 0.164225 0.556561
v 5.486026 0.166170 0.557307
v 5.486513 0.166032 0.502173
v 5.316380 0.164445 0.500675
v 5.316147 0.163362 0.528245
v 5.144200 0.159580 -0.319930
v 5.059123 0.159938 -0.320682
v 5.058636 0.160076 -0.265548
v 5.228768 0.161663 -0.264050
v 5.229022 0.160443 -0.291614
v 5.136483 0.161757 0.554233
v 5.221793 0.162482 0.527415
v 5.222026 0.163565 0.499844
v 5.051893 0.161978 0.498346
v 5.051406 0.162115 0.553481
v 5.059336 0.084884 -0.265355
v 5.229956 0.086334 -0.318991
v 5.052593 0.086787 0.498540
v 5.222239 0.088511 0.555172
v 5.493956 0.088939 -0.261528
v 5.324309 0.087214 -0.318160
v 5.487213 0.090841 0.502366
v 5.316592 0.089391 0.556003
v 5.588309 0.089819 -0.260698
v 5.758929 0.091268 -0.314334
v 5.581567 0.091721 0.503197
v 5.751212 0.093445 0.559829
v 6.022929 0.093873 -0.256871
v 5.853282 0.092149 -0.313503
v 6.016187 0.095775 0.507023
v 5.845565 0.094325 0.560660
v 6.117282 0.094753 -0.256040
v 6.287902 0.096203 -0.309677
v 6.110539 0.096655 0.507854
v 6.280185 0.098380 0.564486
v 6.551901 0.098807 -0.252214
v 6.382256 0.097083 -0.308846
v 6.545158 0.100710 0.511680
v 6.374538 0.099260 0.565317
v 6.646255 0.099688 -0.251383
v 6.816875 0.101137 -0.305020
v 6.639513 0.101590 0.512511
v 6.809158 0.103314 0.569143
v 7.080874 0.103742 -0.247557
v 6.911228 0.102017 -0.304189
v 7.074132 0.105644 0.516337
v 6.903511 0.104194 0.569974
v 7.175227 0.104622 -0.246726
v 7.345849 0.106072 -0.300363
v 7.168485 0.106524 0.517168
v 7.338131 0.108249 0.573800
v 7.609847 0.108676 -0.242900
v 7.440202 0.106952 -0.299532
v 7.603105 0.110579 0.520994
v 7.432485 0.109129 0.574631
v 7.704201 0.109556 -0.242069
v 7.874820 0.111006 -0.295706
v 7.697458 0.111459 0.521825
v 7.867103 0.113183 0.578457
v 8.138822 0.113611 -0.238243
v 7.969172 0.111886 -0.294875
v 8.132077 0.115513 0.525651
v 7.961455 0.114063 0.579288
v 8.233174 0.114491 -0.237412
v 8.403794 0.115941 -0.291049
v 8.226430 0.116393 0.526482
v 8.396077 0.118118 0.583114
v 8.667792 0.118545 -0.233586
v 8.498147 0.116821 -0.290218
v 8.661048 0.120447 0.530308
v 8.490430 0.118998 0.583945
v 8.762147 0.119425 -0.232755
v 8.932767 0.120875 -0.286392
v 8.755403 0.121328 0.531139
v 8.925050 0.123052 0.587771
v 9.196767 0.123480 -0.228929
v 9.027120 0.121755 -0.285561
v 9.190022 0.125382 0.534965
v 9.019403 0.123932 0.588602
v 9.291120 0.124360 -0.228098
v 9.461740 0.125810 -0.281735
v 9.284375 0.126262 0.535796
v 9.454022 0.127986 0.592428
v 9.725739 0.128414 -0.224272
v 9.556092 0.126690 -0.280904
v 9.718995 0.130316 0.539622
v 9.548375 0.128867 0.593259
v 9.820092 0.129294 -0.223441
v 9.990712 0.130744 -0.277078
v 9.813348 0.131197 0.540453
v 9.982995 0.132921 0.597085
v 10.254712 0.133349 -0.219615
v 10.085067 0.131624 -0.276247
v 10.247968 0.135251 0.544280
v 10.077350 0.133801 0.597916
v 4.879906 0.084362 -0.266937
v 4.964983 0.084004 -0.266185
v 4.964497 0.084141 -0.211051
v 4.879419 0.084499 -0.211803
v 4.873163 0.086264 0.496957
v 4.873650 0.086127 0.441823
v 4.958727 0.085769 0.442575
v 4.958241 0.085906 0.497709
v 4.872484 0.159153 0.496770
v 4.957541 0.161098 0.497516
v 4.958027 0.160961 0.442381
v 4.872971 0.159015 0.441635
v 4.879227 0.157250 -0.267124
v 4.878740 0.157388 -0.211990
v 4.963797 0.159333 -0.211244
v 4.964283 0.159196 -0.266378
v 10.427379 0.138076 0.545856
v 10.342320 0.136131 0.545110
v 10.342809 0.135994 0.489976
v 10.427867 0.137939 0.490722
v 10.434123 0.136174 -0.218038
v 10.433635 0.136311 -0.162904
v 10.348577 0.134366 -0.163650
v 10.349065 0.134229 -0.218784
v 10.433444 0.209062 -0.218226
v 10.348367 0.209420 -0.218978
v 10.347878 0.209558 -0.163843
v 10.432956 0.209199 -0.163091
v 10.426700 0.210964 0.545669
v 10.427188 0.210827 0.490534
v 10.342111 0.211185 0.489782
v 10.341622 0.211322 0.544917
v 10.254014 0.208540 -0.219808
v 10.083882 0.206953 -0.221306
v 10.083648 0.205870 -0.193736
v 10.168469 0.206732 -0.165420
v 10.253526 0.208677 -0.164674
v 10.247270 0.210442 0.544086
v 10.247758 0.210305 0.488952
v 10.162702 0.208360 0.488206
v 10.077392 0.207635 0.515024
v 10.077138 0.208855 0.542588
v 9.989528 0.206073 -0.222137
v 9.819394 0.204486 -0.223635
v 9.818906 0.204623 -0.168500
v 9.903981 0.204265 -0.167748
v 9.989293 0.204990 -0.194567
v 9.982783 0.207975 0.541757
v 9.983037 0.206755 0.514193
v 9.898213 0.205893 0.485877
v 9.813138 0.206251 0.485125
v 9.812650 0.206388 0.540260
v 9.725041 0.203606 -0.224465
v 9.554908 0.202019 -0.225963
v 9.554673 0.200936 -0.198393
v 9.639497 0.201798 -0.170077
v 9.724553 0.203743 -0.169331
v 9.718297 0.205508 0.539429
v 9.718785 0.205371 0.484295
v 9.633729 0.203425 0.483549
v 9.548417 0.202701 0.510367
v 9.548163 0.203921 0.537931
v 9.460555 0.201138 -0.226794
v 9.290421 0.199551 -0.228292
v 9.289933 0.199689 -0.173157
v 9.375010 0.199331 -0.172405
v 9.460320 0.200055 -0.199224
v 9.453811 0.203041 0.537100
v 9.454064 0.201820 0.509536
v 9.369243 0.200958 0.481220
v 9.284165 0.201316 0.480468
v 9.283677 0.201454 0.535603
v 9.196069 0.198671 -0.229122
v 9.025935 0.197084 -0.230620
v 9.025701 0.196001 -0.203050
v 9.110522 0.196863 -0.174734
v 9.195580 0.198808 -0.173988
v 9.189324 0.200573 0.534772
v 9.189813 0.200436 0.479638
v 9.104754 0.198491 0.478892
v 9.019444 0.197766 0.505710
v 9.019191 0.198986 0.533274
v 8.931582 0.196204 -0.231451
v 8.761449 0.194617 -0.232949
v 8.760961 0.194754 -0.177814
v 8.846036 0.194396 -0.177062
v 8.931348 0.195121 -0.203881
v 8.924838 0.198106 0.532443
v 8.925092 0.196886 0.504879
v 8.840270 0.196024 0.476563
v 8.755193 0.196382 0.475811
v 8.754704 0.196519 0.530946
v 8.667094 0.193737 -0.233779
v 8.496963 0.192150 -0.235277
v 8.496728 0.191067 -0.207707
v 8.581550 0.191929 -0.179391
v 8.666606 0.193874 -0.178645
v 8.660350 0.195639 0.530115
v 8.660838 0.195502 0.474981
v 8.575782 0.193557 0.474235
v 8.490472 0.192832 0.501053
v 8.490218 0.194052 0.528617
v 8.402610 0.191269 -0.236108
v 8.232476 0.189682 -0.237606
v 8.231988 0.189820 -0.182471
v 8.317063 0.189462 -0.181719
v 8.402375 0.190187 -0.208538
v 8.395865 0.193172 0.527786
v 8.396119 0.191952 0.500222
v 8.311296 0.191089 0.471906
v 8.226220 0.191447 0.471154
v 8.225732 0.191585 0.526289
v 8.138124 0.188802 -0.238436
v 7.967988 0.187215 -0.239934
v 7.967753 0.186132 -0.212364
v 8.052577 0.186994 -0.184048
v 8.137635 0.188940 -0.183302
v 8.131379 0.190705 0.525458
v 8.131867 0.190567 0.470324
v 8.046809 0.188622 0.469578
v 7.961499 0.187897 0.496396
v 7.961246 0.189117 0.523960
v 7.873635 0.186335 -0.240765
v 7.703501 0.184748 -0.242263
v 7.703014 0.184885 -0.187128
v 7.788091 0.184527 -0.186376
v 7.873401 0.185252 -0.213195
v 7.866891 0.188237 0.523129
v 7.867145 0.187017 0.495565
v 7.782321 0.186155 0.467249
v 7.697245 0.186513 0.466497
v 7.696758 0.186650 0.521632
v 7.609147 0.183868 -0.243093
v 7.439014 0.182281 -0.244591
v 7.438782 0.181198 -0.217021
v 7.523605 0.182060 -0.188705
v 7.608661 0.184005 -0.187959
v 7.602405 0.185770 0.520801
v 7.602891 0.185633 0.465667
v 7.517836 0.183688 0.464921
v 7.432526 0.182963 0.491739
v 7.432272 0.184183 0.519303
v 7.344662 0.181401 -0.245422
v 7.174527 0.179814 -0.246920
v 7.174041 0.179951 -0.191785
v 7.259119 0.179593 -0.191033
v 7.344429 0.180318 -0.217852
v 7.337919 0.183303 0.518472
v 7.338173 0.182083 0.490908
v 7.253349 0.181220 0.462592
v 7.168271 0.181579 0.461840
v 7.167785 0.181716 0.516975
v 7.080174 0.178933 -0.247750
v 6.910041 0.177346 -0.249248
v 6.909808 0.176263 -0.221678
v 6.994632 0.177126 -0.193362
v 7.079688 0.179071 -0.192616
v 7.073432 0.180836 0.516144
v 7.073918 0.180698 0.461010
v 6.988862 0.178753 0.460264
v 6.903552 0.178028 0.487082
v 6.903298 0.179249 0.514646
v 6.815688 0.176466 -0.250079
v 6.645555 0.174879 -0.251577
v 6.645069 0.175016 -0.196442
v 6.730145 0.174658 -0.195690
v 6.815455 0.175383 -0.222509
v 6.808946 0.178368 0.513815
v 6.809199 0.177148 0.486251
v 6.724376 0.176286 0.457935
v 6.639299 0.176644 0.457183
v 6.638813 0.176781 0.512317
v 6.551201 0.173999 -0.252407
v 6.381068 0.172412 -0.253905
v 6.380836 0.171329 -0.226335
v 6.465659 0.172191 -0.198019
v 6.550714 0.174136 -0.197273
v 6.544458 0.175901 0.511487
v 6.544945 0.175764 0.456353
v 6.459889 0.173819 0.455607
v 6.374579 0.173094 0.482425
v 6.374326 0.174314 0.509989
v 6.286715 0.171532 -0.254736
v 6.116582 0.169945 -0.256234
v 6.116096 0.170082 -0.201099
v 6.201173 0.169724 -0.200347
v 6.286482 0.170449 -0.227166
v 6.279972 0.173434 0.509158
v 6.280226 0.172214 0.481594
v 6.195403 0.171352 0.453278
v 6.110326 0.171710 0.452526
v 6.109839 0.171847 0.507660
v 6.022229 0.169064 -0.257064
v 5.852095 0.167477 -0.258562
v 5.851862 0.166394 -0.230992
v 5.936686 0.167257 -0.202676
v 6.021743 0.169202 -0.201930
v 6.015487 0.170967 0.506830
v 6.015973 0.170829 0.451695
v 5.930916 0.168884 0.450949
v 5.845606 0.168159 0.477768
v 5.845352 0.169380 0.505332
v 5.757742 0.166597 -0.259393
v 5.587609 0.165010 -0.260891
v 5.587123 0.165148 -0.205756
v 5.672199 0.164789 -0.205004
v 5.757509 0.165514 -0.231823
v 5.750999 0.168500 0.504501
v 5.751253 0.167279 0.476937
v 5.666430 0.166417 0.448621
v 5.581353 0.166775 0.447869
v 5.580867 0.166912 0.503003
v 5.493256 0.164130 -0.261721
v 5.323122 0.162543 -0.263219
v 5.322889 0.161460 -0.235649
v 5.407714 0.162322 -0.207333
v 5.492769 0.164267 -0.206587
v 5.486513 0.166032 0.502173
v 5.487000 0.165895 0.447038
v 5.401944 0.163950 0.446292
v 5.316633 0.163225 0.473111
v 5.316380 0.164445 0.500675
v 5.058636 0.160076 -0.265548
v 5.058149 0.160213 -0.210413
v 5.143227 0.159855 -0.209661
v 5.228536 0.160580 -0.236480
v 5.228768 0.161663 -0.264050
v 5.051893 0.161978 0.498346
v 5.222026 0.163565 0.499844
v 5.222280 0.162345 0.472280
v 5.137457 0.161483 0.443964
v 5.052380 0.161841 0.443212
v 5.059336 0.084884 -0.265354
v 5.228982 0.086609 -0.208722
v 5.052593 0.086787 0.498540
v 5.223212 0.088236 0.444903
v 5.493956 0.088939 -0.261528
v 5.323336 0.087489 -0.207891
v 5.487213 0.090841 0.502366
v 5.317566 0.089116 0.445734
v 5.588309 0.089819 -0.260697
v 5.757956 0.091543 -0.204065
v 5.581567 0.091721 0.503197
v 5.752186 0.093171 0.449560
v 6.022929 0.093873 -0.256871
v 5.852308 0.092423 -0.203234
v 6.016187 0.095775 0.507023
v 5.846539 0.094051 0.450391
v 6.117282 0.094753 -0.256040
v 6.286928 0.096477 -0.199408
v 6.110539 0.096655 0.507854
v 6.281158 0.098105 0.454217
v 6.551901 0.098807 -0.252214
v 6.381282 0.097358 -0.198577
v 6.545158 0.100710 0.511680
v 6.375512 0.098985 0.455048
v 6.646255 0.099688 -0.251383
v 6.815902 0.101412 -0.194751
v 6.639513 0.101590 0.512511
v 6.810132 0.103040 0.458874
v 7.080874 0.103742 -0.247557
v 6.910254 0.102292 -0.193920
v 7.074132 0.105644 0.516337
v 6.904485 0.103920 0.459705
v 7.175227 0.104622 -0.246726
v 7.344875 0.106346 -0.190094
v 7.168485 0.106524 0.517168
v 7.339105 0.107974 0.463531
v 7.609847 0.108676 -0.242900
v 7.439228 0.107227 -0.189263
v 7.603105 0.110579 0.520994
v 7.433458 0.108854 0.464362
v 7.704201 0.109556 -0.242069
v 7.873845 0.111281 -0.185437
v 7.697458 0.111459 0.521825
v 7.868077 0.112909 0.468188
v 8.138822 0.113611 -0.238243
v 7.968198 0.112161 -0.184606
v 8.132077 0.115513 0.525651
v 7.962430 0.113789 0.469019
v 8.233174 0.114491 -0.237412
v 8.402820 0.116215 -0.180780
v 8.226430 0.116393 0.526482
v 8.397052 0.117843 0.472845
v 8.667792 0.118545 -0.233586
v 8.497172 0.117095 -0.179949
v 8.661048 0.120447 0.530308
v 8.491405 0.118723 0.473676
v 8.762147 0.119425 -0.232755
v 8.931792 0.121150 -0.176123
v 8.755403 0.121328 0.531139
v 8.926024 0.122777 0.477502
v 9.196767 0.123480 -0.228929
v 9.026145 0.122030 -0.175292
v 9.190022 0.125382 0.534965
v 9.020377 0.123658 0.478333
v 9.291120 0.124360 -0.228098
v 9.460765 0.126084 -0.171466
v 9.284375 0.126262 0.535796
v 9.454997 0.127712 0.482160
v 9.725739 0.128414 -0.224272
v 9.555118 0.126964 -0.170635
v 9.718995 0.130316 0.539622
v 9.549350 0.128592 0.482990
v 9.820092 0.129294 -0.223441
v 9.989738 0.131019 -0.166809
v 9.813348 0.131197 0.540453
v 9.983970 0.132646 0.486817
v 10.254712 0.133349 -0.219615
v 10.084092 0.131899 -0.165978
v 10.247968 0.135251 0.544279
v 10.078324 0.133526 0.487647
v 10.162393 0.137066 0.598659
v 10.077571 0.136204 0.570342
v 10.073905 0.137238 0.985608
v 10.159215 0.137963 0.958789
v 9.983216 0.135324 0.569512
v 9.897904 0.134599 0.596330
v 9.894727 0.135495 0.956461
v 9.979550 0.136358 0.984777
v 9.633420 0.132131 0.594002
v 9.548596 0.131269 0.565685
v 9.544930 0.132303 0.980951
v 9.630242 0.133028 0.954132
v 9.454244 0.130389 0.564855
v 9.368934 0.129664 0.591673
v 9.365756 0.130561 0.951804
v 9.450578 0.131423 0.980120
v 9.104445 0.127197 0.589345
v 9.019624 0.126335 0.561028
v 9.015958 0.127369 0.976294
v 9.101268 0.128094 0.949475
v 8.925271 0.125455 0.560198
v 8.839961 0.124730 0.587016
v 8.836783 0.125627 0.947147
v 8.921605 0.126489 0.975463
v 8.575473 0.122263 0.584688
v 8.490651 0.121400 0.556371
v 8.486985 0.122434 0.971637
v 8.572295 0.123159 0.944818
v 8.396298 0.120520 0.555541
v 8.310987 0.119795 0.582359
v 8.307809 0.120692 0.942490
v 8.392632 0.121554 0.970806
v 8.046500 0.117328 0.580031
v 7.961679 0.116466 0.551714
v 7.958013 0.117500 0.966980
v 8.043323 0.118225 0.940161
v 7.867324 0.115586 0.550884
v 7.782014 0.114861 0.577702
v 7.778835 0.115758 0.937833
v 7.863658 0.116620 0.966149
v 7.517529 0.112394 0.575373
v 7.432706 0.111531 0.547057
v 7.429040 0.112566 0.962322
v 7.514350 0.113290 0.935504
v 7.338353 0.110651 0.546227
v 7.253042 0.109926 0.573045
v 7.249864 0.110823 0.933176
v 7.334687 0.111685 0.961492
v 6.988555 0.107459 0.570716
v 6.903732 0.106597 0.542400
v 6.900066 0.107631 0.957665
v 6.985376 0.108356 0.930847
v 6.809380 0.105717 0.541570
v 6.724069 0.104992 0.568388
v 6.720890 0.105889 0.928519
v 6.805714 0.106751 0.956835
v 6.459582 0.102525 0.566059
v 6.374760 0.101663 0.537743
v 6.371094 0.102697 0.953008
v 6.456404 0.103422 0.926190
v 6.280406 0.100782 0.536913
v 6.195096 0.100058 0.563731
v 6.191917 0.100954 0.923862
v 6.276740 0.101817 0.952178
v 5.930609 0.097590 0.561402
v 5.845786 0.096728 0.533086
v 5.842120 0.097762 0.948351
v 5.927430 0.098487 0.921533
v 5.751433 0.095848 0.532256
v 5.666122 0.095123 0.559074
v 5.662944 0.096020 0.919205
v 5.747767 0.096882 0.947521
v 5.401637 0.092656 0.556745
v 5.316813 0.091794 0.528429
v 5.313148 0.092828 0.943694
v 5.398458 0.093553 0.916876
v 5.222460 0.090914 0.527599
v 5.137150 0.090189 0.554417
v 5.133971 0.091085 0.914548
v 5.218794 0.091948 0.942864
v 5.233355 0.087840 -0.706692
v 5.148046 0.087115 -0.679874
v 5.412533 0.089582 -0.677545
v 5.327708 0.088720 -0.705861
v 5.762328 0.092774 -0.702035
v 5.677018 0.092049 -0.675217
v 5.941504 0.094517 -0.672888
v 5.856681 0.093654 -0.701204
v 6.291301 0.097709 -0.697378
v 6.205992 0.096984 -0.670560
v 6.470478 0.099451 -0.668231
v 6.385654 0.098589 -0.696547
v 6.820274 0.102643 -0.692721
v 6.734964 0.101918 -0.665903
v 6.999451 0.104386 -0.663574
v 6.914627 0.103523 -0.691890
v 7.349248 0.107578 -0.688064
v 7.263938 0.106853 -0.661246
v 7.528424 0.109320 -0.658917
v 7.443601 0.108458 -0.687233
v 7.878219 0.112512 -0.683407
v 7.792910 0.111787 -0.656589
v 8.057395 0.114254 -0.654260
v 7.972571 0.113392 -0.682576
v 8.407193 0.117447 -0.678750
v 8.321881 0.116722 -0.651932
v 8.586368 0.119189 -0.649603
v 8.501546 0.118327 -0.677919
v 8.936166 0.122381 -0.674093
v 8.850854 0.121656 -0.647274
v 9.115340 0.124123 -0.644946
v 9.030519 0.123261 -0.673262
v 9.465138 0.127315 -0.669436
v 9.379828 0.126591 -0.642617
v 9.644315 0.129058 -0.640289
v 9.559491 0.128196 -0.668605
v 9.994111 0.132250 -0.664779
v 9.908799 0.131525 -0.637960
v 10.173287 0.133992 -0.635632
v 10.088466 0.133130 -0.663948
v 10.084800 0.134164 -0.248686
v 10.170110 0.134889 -0.275505
v 9.905622 0.132422 -0.277833
v 9.990445 0.133284 -0.249517
v 9.555825 0.129230 -0.253343
v 9.641137 0.129955 -0.280162
v 9.376651 0.127487 -0.282490
v 9.461473 0.128350 -0.254174
v 9.026853 0.124295 -0.258000
v 9.112163 0.125020 -0.284819
v 8.847676 0.122553 -0.287147
v 8.932500 0.123415 -0.258831
v 8.497880 0.119361 -0.262657
v 8.583190 0.120086 -0.289476
v 8.318704 0.117618 -0.291804
v 8.403527 0.118481 -0.263488
v 7.968905 0.114426 -0.267314
v 8.054217 0.115151 -0.294133
v 7.789731 0.112684 -0.296461
v 7.874553 0.113546 -0.268145
v 7.439935 0.109492 -0.271971
v 7.525246 0.110217 -0.298790
v 7.260759 0.107750 -0.301118
v 7.345582 0.108612 -0.272802
v 6.910961 0.104557 -0.276628
v 6.996272 0.105282 -0.303447
v 6.731786 0.102815 -0.305775
v 6.816608 0.103677 -0.277459
v 6.381989 0.099623 -0.281286
v 6.467299 0.100348 -0.308104
v 6.202813 0.097881 -0.310432
v 6.287635 0.098743 -0.282116
v 5.853015 0.094689 -0.285943
v 5.938326 0.095413 -0.312761
v 5.673840 0.092946 -0.315089
v 5.758662 0.093808 -0.286773
v 5.324042 0.089754 -0.290600
v 5.409354 0.090479 -0.317418
v 5.144867 0.088012 -0.319746
v 5.229689 0.088874 -0.291430
v 10.169135 0.135164 -0.165236
v 10.084313 0.134301 -0.193552
v 10.078057 0.136066 0.515208
v 10.163367 0.136791 0.488390
v 9.989959 0.133421 -0.194382
v 9.904647 0.132696 -0.167564
v 9.898879 0.134324 0.486061
v 9.983703 0.135186 0.514377
v 9.640162 0.130229 -0.169893
v 9.555339 0.129367 -0.198209
v 9.549083 0.131132 0.510551
v 9.634395 0.131857 0.483733
v 9.460986 0.128487 -0.199040
v 9.375676 0.127762 -0.172221
v 9.369908 0.129390 0.481404
v 9.454730 0.130252 0.509720
v 9.111188 0.125295 -0.174550
v 9.026366 0.124433 -0.202866
v 9.020110 0.126198 0.505894
v 9.105420 0.126922 0.479076
v 8.932014 0.123552 -0.203697
v 8.846702 0.122827 -0.176878
v 8.840936 0.124455 0.476747
v 8.925757 0.125317 0.505063
v 8.582215 0.120360 -0.179207
v 8.497394 0.119498 -0.207523
v 8.491138 0.121263 0.501237
v 8.576447 0.121988 0.474419
v 8.403041 0.118618 -0.208354
v 8.317729 0.117893 -0.181535
v 8.311961 0.119521 0.472090
v 8.396785 0.120383 0.500406
v 8.053243 0.115426 -0.183864
v 7.968419 0.114564 -0.212180
v 7.962165 0.116329 0.496580
v 8.047475 0.117053 0.469762
v 7.874066 0.113683 -0.213011
v 7.788757 0.112959 -0.186192
v 7.782988 0.114586 0.467433
v 7.867810 0.115448 0.495749
v 7.524272 0.110491 -0.188521
v 7.439448 0.109629 -0.216837
v 7.433192 0.111394 0.491923
v 7.518502 0.112119 0.465105
v 7.345096 0.108749 -0.217668
v 7.259786 0.108024 -0.190849
v 7.254016 0.109652 0.462776
v 7.338840 0.110514 0.491092
v 6.995298 0.105557 -0.193178
v 6.910475 0.104695 -0.221494
v 6.904219 0.106460 0.487266
v 6.989529 0.107185 0.460448
v 6.816122 0.103815 -0.222325
v 6.730812 0.103090 -0.195506
v 6.725042 0.104717 0.458119
v 6.809866 0.105580 0.486435
v 6.466326 0.100622 -0.197835
v 6.381502 0.099760 -0.226151
v 6.375246 0.101525 0.482609
v 6.460556 0.102250 0.455791
v 6.287148 0.098880 -0.226982
v 6.201839 0.098155 -0.200163
v 6.196070 0.099783 0.453462
v 6.280892 0.100645 0.481778
v 5.937352 0.095688 -0.202492
v 5.852529 0.094826 -0.230808
v 5.846272 0.096591 0.477952
v 5.931582 0.097316 0.451134
v 5.758176 0.093946 -0.231639
v 5.672866 0.093221 -0.204820
v 5.667096 0.094848 0.448805
v 5.751920 0.095711 0.477121
v 5.408381 0.090754 -0.207149
v 5.323556 0.089891 -0.235465
v 5.317300 0.091656 0.473295
v 5.402611 0.092381 0.446477
v 5.229202 0.089011 -0.236296
v 5.143893 0.088286 -0.209477
v 5.138124 0.089914 0.444148
v 5.222946 0.090776 0.472464
v 5.753725 1.088431 -0.779791
v 5.583592 1.086844 -0.781289
v 5.583338 1.088065 -0.753725
v 5.753470 1.089652 -0.752227
v 5.848078 1.089312 -0.778960
v 5.847823 1.090532 -0.751396
v 6.017958 1.092119 -0.749898
v 6.018212 1.090899 -0.777462
v 6.811671 1.098300 -0.770477
v 6.726361 1.097576 -0.743659
v 6.811417 1.099521 -0.742913
v 6.906024 1.099181 -0.769646
v 6.905769 1.100401 -0.742082
v 6.990848 1.100043 -0.741330
v 7.869617 1.108169 -0.761163
v 7.784307 1.107444 -0.734345
v 7.869361 1.109390 -0.733599
v 7.963969 1.109049 -0.760332
v 7.963714 1.110270 -0.732768
v 8.048793 1.109912 -0.732016
v 8.927564 1.118038 -0.751849
v 8.842252 1.117313 -0.725031
v 8.927308 1.119259 -0.724285
v 9.021916 1.118918 -0.751018
v 9.021661 1.120139 -0.723454
v 9.106738 1.119781 -0.722702
v 9.985509 1.127907 -0.742535
v 9.900197 1.127182 -0.715716
v 9.985253 1.129127 -0.714971
v 10.079864 1.128787 -0.741704
v 10.079608 1.130008 -0.714140
v 10.164685 1.129649 -0.713388
v 10.063975 1.133270 1.058228
v 10.149285 1.133994 1.031410
v 10.064208 1.134353 1.030658
v 9.969621 1.132389 1.057397
v 9.969853 1.133472 1.029827
v 9.884797 1.131527 1.029081
v 9.006028 1.123401 1.048914
v 9.091338 1.124125 1.022096
v 9.006261 1.124484 1.021344
v 8.911675 1.122520 1.048083
v 8.911908 1.123603 1.020513
v 8.826854 1.121658 1.019767
v 7.948083 1.113532 1.039600
v 8.033393 1.114257 1.012782
v 7.948316 1.114615 1.012030
v 7.853728 1.112652 1.038769
v 7.853961 1.113735 1.011199
v 7.768905 1.111789 1.010453
v 6.890137 1.103663 1.030286
v 6.975446 1.104388 1.003468
v 6.890368 1.104746 1.002716
v 6.795783 1.102783 1.029455
v 6.796015 1.103866 1.001885
v 6.710959 1.101920 1.001139
v 5.832190 1.093794 1.020972
v 6.002324 1.095381 1.022470
v 6.002556 1.096464 0.994900
v 5.832421 1.094877 0.993402
v 5.737837 1.092914 1.020141
v 5.738069 1.093997 0.992571
v 5.567936 1.092410 0.991073
v 5.567704 1.091327 1.018643
v 10.149461 1.133945 1.011362
v 10.064639 1.133082 0.983046
v 10.064384 1.134303 1.010610
v 9.884973 1.131477 1.009033
v 9.970029 1.133422 1.009779
v 9.970284 1.132202 0.982215
v 9.091514 1.124076 1.002048
v 9.006692 1.123213 0.973732
v 9.006436 1.124434 1.001296
v 8.827029 1.121608 0.999719
v 8.912084 1.123554 1.000465
v 8.912339 1.122333 0.972901
v 8.033568 1.114207 0.992734
v 7.948747 1.113345 0.964418
v 7.948491 1.114565 0.991982
v 7.769082 1.111739 0.990405
v 7.854136 1.113685 0.991151
v 7.854392 1.112464 0.963587
v 6.975623 1.104338 0.983420
v 6.890800 1.103476 0.955104
v 6.890545 1.104696 0.982668
v 6.711137 1.101871 0.981091
v 6.796192 1.103816 0.981837
v 6.796447 1.102595 0.954273
v 6.002733 1.096414 0.974852
v 6.002988 1.095194 0.947288
v 5.832853 1.093607 0.945790
v 5.832599 1.094827 0.973354
v 5.568113 1.092360 0.971025
v 5.738246 1.093947 0.972523
v 5.738501 1.092727 0.944959
v 5.568368 1.091140 0.943461
v 10.164510 1.129699 -0.693328
v 10.079432 1.130058 -0.694080
v 10.079200 1.128974 -0.666510
v 9.900022 1.127232 -0.695657
v 9.984845 1.128094 -0.667340
v 9.985078 1.129177 -0.694911
v 9.106563 1.119830 -0.702642
v 9.021485 1.120189 -0.703394
v 9.021253 1.119106 -0.675824
v 8.842076 1.117363 -0.704971
v 8.926900 1.118225 -0.676655
v 8.927133 1.119308 -0.704225
v 8.048617 1.109962 -0.711956
v 7.963538 1.110320 -0.712708
v 7.963305 1.109237 -0.685138
v 7.784129 1.107494 -0.714285
v 7.868953 1.108356 -0.685969
v 7.869185 1.109440 -0.713539
v 6.990670 1.100093 -0.721270
v 6.905592 1.100451 -0.722022
v 6.905360 1.099368 -0.694452
v 6.726184 1.097625 -0.723599
v 6.811007 1.098488 -0.695283
v 6.811239 1.099571 -0.722853
v 6.017780 1.092169 -0.729838
v 5.847646 1.090582 -0.731336
v 5.847414 1.089499 -0.703766
v 6.017549 1.091086 -0.702268
v 5.583160 1.088115 -0.733665
v 5.582929 1.087032 -0.706095
v 5.753061 1.088619 -0.704597
v 5.753293 1.089702 -0.732167
v 6.003064 1.015764 1.022675
v 5.832930 1.014177 1.021177
v 5.832952 1.011874 1.021183
v 5.918262 1.012599 0.994364
v 6.003319 1.014544 0.995110
v 5.568444 1.011710 1.018848
v 5.568699 1.010490 0.991284
v 5.653775 1.010132 0.992036
v 5.738599 1.010994 1.020352
v 5.738577 1.013297 1.020346
v 5.569108 1.011523 0.943666
v 5.739241 1.013110 0.945164
v 5.739263 1.010807 0.945170
v 5.653953 1.010082 0.971988
v 5.568876 1.010440 0.971236
v 6.003728 1.015577 0.947492
v 6.003496 1.014494 0.975062
v 5.918439 1.012549 0.974316
v 5.833615 1.011687 0.946000
v 5.833593 1.013990 0.945994
v 6.018214 1.019519 -0.702084
v 5.848080 1.017932 -0.703582
v 5.848101 1.015629 -0.703576
v 5.933411 1.016354 -0.730394
v 6.018468 1.018299 -0.729648
v 5.583594 1.015465 -0.705910
v 5.583848 1.014245 -0.733475
v 5.668924 1.013886 -0.732723
v 5.753748 1.014749 -0.704407
v 5.753727 1.017052 -0.704413
v 6.018878 1.019332 -0.777278
v 6.018645 1.018249 -0.749708
v 5.933588 1.016304 -0.750454
v 5.848764 1.015442 -0.778770
v 5.848743 1.017745 -0.778776
v 5.584258 1.015278 -0.781105
v 5.754391 1.016865 -0.779607
v 5.754412 1.014561 -0.779601
v 5.669102 1.013837 -0.752783
v 5.584025 1.014195 -0.753535
v 4.947845 1.086574 0.965565
v 4.948099 1.085353 0.938000
v 4.862789 1.084629 0.964819
v 4.947667 1.086624 0.985613
v 4.862612 1.084678 0.984867
v 4.947435 1.085541 1.013183
v 4.963069 1.082279 -0.759185
v 4.963324 1.081058 -0.786750
v 4.878014 1.080333 -0.759931
v 4.962892 1.082329 -0.739125
v 4.877836 1.080383 -0.739871
v 4.962660 1.081246 -0.711555
v 4.948839 1.005737 0.938205
v 4.948607 1.004654 0.965775
v 4.863529 1.005012 0.965023
v 4.948175 1.005924 1.013387
v 4.863352 1.005062 0.985071
v 4.948430 1.004704 0.985823
v 4.963326 1.009679 -0.711371
v 4.878502 1.008817 -0.739687
v 4.963579 1.008458 -0.738935
v 4.963989 1.009492 -0.786565
v 4.963757 1.008409 -0.758995
v 4.878679 1.008767 -0.759747
v 10.319119 1.136679 1.012853
v 10.404199 1.136321 1.013605
v 10.319375 1.135459 0.985289
v 10.318946 1.136729 1.032901
v 10.318713 1.135646 1.060471
v 10.404023 1.136371 1.033653
v 10.334344 1.132384 -0.711897
v 10.419423 1.132026 -0.711145
v 10.334599 1.131163 -0.739461
v 10.334168 1.132434 -0.691837
v 10.333936 1.131351 -0.664267
v 10.419248 1.132076 -0.691085
v 10.319453 1.056029 1.060676
v 10.319709 1.054809 1.033111
v 10.404763 1.056754 1.033857
v 10.334601 1.059784 -0.664083
v 10.334857 1.058564 -0.691647
v 10.419913 1.060509 -0.690901
v 10.335265 1.059597 -0.739277
v 10.420089 1.060459 -0.710961
v 10.335032 1.058514 -0.711707
v 10.320115 1.055842 0.985493
v 10.404939 1.056704 1.013809
v 10.319882 1.054759 1.013064
v 5.656332 0.735403 0.992743
v 5.571277 0.733458 0.991997
v 5.571044 0.732375 1.019567
v 5.741177 0.733962 1.021065
v 5.741156 0.736265 1.021059
v 5.657134 0.649159 0.992964
v 5.741958 0.650021 1.021281
v 5.741937 0.652324 1.021275
v 5.571804 0.650737 1.019777
v 5.572058 0.649517 0.992213
v 5.920996 0.737820 0.975023
v 6.006074 0.737462 0.975775
v 6.006328 0.736242 0.948211
v 5.836193 0.734655 0.946713
v 5.836172 0.736958 0.946707
v 5.921798 0.651576 0.975245
v 5.836974 0.650714 0.946929
v 5.836953 0.653017 0.946923
v 6.007088 0.654604 0.948421
v 6.006855 0.653521 0.975991
v 5.921620 0.651626 0.995293
v 6.006678 0.653571 0.996039
v 6.006424 0.654791 1.023603
v 5.836289 0.653204 1.022105
v 5.836310 0.650901 1.022111
v 5.920818 0.737870 0.995071
v 5.835508 0.737145 1.021889
v 5.835529 0.734842 1.021895
v 6.005664 0.736429 1.023393
v 6.005897 0.737512 0.995823
v 5.657311 0.649109 0.972917
v 5.572235 0.649467 0.972165
v 5.572468 0.650550 0.944595
v 5.742600 0.652137 0.946092
v 5.742621 0.649834 0.946098
v 5.656509 0.735353 0.972695
v 5.741819 0.736078 0.945876
v 5.741840 0.733775 0.945882
v 5.571708 0.732188 0.944385
v 5.571454 0.733408 0.971949
v 5.671529 0.734047 -0.732003
v 5.586473 0.732102 -0.732749
v 5.586241 0.731019 -0.705179
v 5.756373 0.732606 -0.703681
v 5.756352 0.734910 -0.703687
v 5.672334 0.647586 -0.731781
v 5.757157 0.648448 -0.703464
v 5.757135 0.650752 -0.703470
v 5.587003 0.649164 -0.704968
v 5.587256 0.647944 -0.732532
v 5.757016 0.734722 -0.778881
v 5.757037 0.732419 -0.778875
v 5.586905 0.730832 -0.780373
v 5.586651 0.732052 -0.752809
v 5.671706 0.733997 -0.752063
v 5.757821 0.648261 -0.778659
v 5.672511 0.647536 -0.751840
v 5.587434 0.647894 -0.752592
v 5.587667 0.648977 -0.780162
v 5.757799 0.650564 -0.778665
v 5.851510 0.649328 -0.702634
v 5.936820 0.650053 -0.729452
v 6.021876 0.651999 -0.728706
v 6.021623 0.653219 -0.701142
v 5.851488 0.651632 -0.702640
v 5.850705 0.735790 -0.702856
v 5.850726 0.733486 -0.702850
v 6.020861 0.735074 -0.701352
v 6.021093 0.736156 -0.728922
v 5.936015 0.736515 -0.729674
v 5.852174 0.649141 -0.777828
v 5.852152 0.651444 -0.777834
v 6.022286 0.653031 -0.776336
v 6.022054 0.651949 -0.748766
v 5.936997 0.650003 -0.749512
v 5.851369 0.735602 -0.778050
v 5.936193 0.736465 -0.749734
v 6.021271 0.736107 -0.748982
v 6.021524 0.734886 -0.776547
v 5.851390 0.733299 -0.778045
v 4.956462 0.726642 1.014156
v 4.956695 0.727725 0.986586
v 4.871637 0.725780 0.985840
v 4.957222 0.645004 1.014366
v 4.872397 0.644142 0.986050
v 4.957476 0.643784 0.986802
v 4.957886 0.644817 0.939184
v 4.957653 0.643734 0.966754
v 4.872575 0.644092 0.966002
v 4.957126 0.726455 0.938974
v 4.871815 0.725730 0.965792
v 4.956872 0.727675 0.966538
v 4.971659 0.725286 -0.710589
v 4.971891 0.726369 -0.738159
v 4.886834 0.724424 -0.738905
v 4.972421 0.643431 -0.710379
v 4.887596 0.642569 -0.738695
v 4.972674 0.642211 -0.737943
v 4.972322 0.725099 -0.785784
v 4.887012 0.724374 -0.758965
v 4.972069 0.726319 -0.758219
v 4.973084 0.643244 -0.785573
v 4.972852 0.642161 -0.758003
v 4.887774 0.642519 -0.758755
v 10.323396 0.776513 0.986217
v 10.323140 0.777733 1.013782
v 10.408219 0.777375 1.014533
v 10.324155 0.694875 0.986427
v 10.408978 0.695737 1.014743
v 10.323922 0.693792 1.013997
v 10.323491 0.695062 1.061610
v 10.323747 0.693842 1.034045
v 10.408803 0.695787 1.034791
v 10.322732 0.776700 1.061400
v 10.408044 0.777425 1.034581
v 10.322965 0.777783 1.033829
v 10.338691 0.693490 -0.663135
v 10.338946 0.692270 -0.690700
v 10.424003 0.694215 -0.689954
v 10.337930 0.775345 -0.663346
v 10.423242 0.776070 -0.690164
v 10.338162 0.776428 -0.690916
v 10.339355 0.693303 -0.738330
v 10.424178 0.694165 -0.710014
v 10.339122 0.692220 -0.710760
v 10.338593 0.775157 -0.738540
v 10.338338 0.776378 -0.710976
v 10.423417 0.776020 -0.710224
vn -0.0093 1.0000 -0.0026
vn 0.0093 -1.0000 0.0026
vn 0.9999 0.0093 0.0088
vn 0.0088 -0.0025 -1.0000
vn -0.9999 -0.0093 -0.0088
vn -0.0088 0.0025 1.0000
vn -0.0087 0.9976 -0.0687
vn -0.0085 0.9960 -0.0884
vn 0.8846 0.0094 0.4662
vn 0.9063 0.0095 0.4225
vn 0.8662 0.0093 0.4996
vn -0.0094 0.9999 0.0068
vn -0.0094 0.9999 0.0048
vn -0.0081 0.9999 0.0088
vn -0.0107 0.9999 0.0088
vn -0.0094 0.9999 0.0107
vn -0.0081 0.9998 0.0177
vn -0.0109 0.9998 0.0177
vn -0.0088 0.9985 -0.0534
vn -0.0088 0.9984 -0.0555
vn -0.0088 0.9980 -0.0625
vn -0.0088 0.9982 -0.0589
vn -0.0094 0.9999 0.0118
vn -0.0081 0.9998 0.0183
vn -0.0109 0.9998 0.0183
vn -0.0085 0.9956 -0.0930
vn -0.0094 0.9999 0.0062
vn -0.0107 0.9999 0.0082
vn -0.0081 0.9999 0.0083
vn -0.0085 0.9960 -0.0885
vn -0.0086 0.9966 -0.0822
vn -0.0086 0.9966 -0.0825
vn -0.0085 0.9961 -0.0883
vn -0.0046 -0.9990 0.0442
vn -0.0232 0.9990 0.0390
vn -0.0039 -0.9992 -0.0393
vn -0.0225 0.9988 -0.0444
vn 0.0225 -0.9988 0.0444
vn 0.0039 0.9992 0.0393
vn 0.0232 -0.9990 -0.0390
vn 0.0046 0.9990 -0.0442
vn 0.0097 -0.9992 -0.0392
vn -0.0089 0.9990 -0.0443
vn -0.0219 0.9948 -0.0997
vn 0.0051 0.9950 -0.0994
vn 0.0089 -0.9990 0.0443
vn 0.0034 0.9955 0.0946
vn -0.0236 0.9953 0.0943
vn -0.0097 0.9992 0.0392
vn -0.0042 -1.0000 0.0025
vn -0.0228 0.9997 -0.0027
vn 0.0228 -0.9997 0.0027
vn 0.0042 1.0000 -0.0025
vn -0.0153 0.9998 0.0153
vn -0.0149 0.9997 -0.0205
vn -0.0037 0.9999 0.0154
vn -0.0033 0.9998 -0.0204
vn -0.0041 -1.0000 0.0025
vn -0.0227 0.9997 -0.0027
vn 0.0227 -0.9997 0.0027
vn 0.0041 1.0000 0.0039
vn 0.0040 1.0000 0.0049
vn 0.0041 1.0000 -0.0025
vn 0.0219 -0.9948 0.0997
vn -0.0051 -0.9950 0.0994
vn -0.0034 -0.9955 -0.0946
vn 0.0236 -0.9953 -0.0943
vn -0.3166 -0.0005 0.9485
vn -0.2998 -0.0052 -0.9540
vn 0.3166 0.0005 -0.9485
vn 0.2998 0.0052 0.9540
vn 0.2207 0.0046 0.9753
vn -0.0107 0.9992 -0.0381
vn -0.0089 0.9989 -0.0457
vn -0.0162 0.9959 -0.0889
vn -0.0132 0.9958 -0.0905
vn -0.0114 0.9990 -0.0441
vn -0.0088 0.9980 -0.0618
vn -0.0228 0.9997 0.0042
vn -0.0228 0.9997 0.0037
vn 0.0041 1.0000 0.0027
vn 0.0040 1.0000 0.0035
vn -0.0228 0.9997 0.0047
vn -0.0218 0.9961 -0.0859
vn 0.2999 0.0052 0.9540
vn -0.2999 -0.0052 -0.9540
vn 0.1082 0.0036 0.9941
vn -0.0117 0.9865 -0.1636
vn -0.0100 0.9918 -0.1271
vn -0.0094 0.9999 0.0038
vn 0.9999 0.0093 0.0087
vn 0.0040 1.0000 0.0075
vn 0.0040 1.0000 0.0091
vn -0.0230 0.9983 0.0529
vn -0.0186 0.9474 -0.3195
vn 0.0042 0.9999 -0.0124
vn 0.0042 0.9999 -0.0140
vn -0.0016 0.8328 0.5536
vt 0.866924 0.530551
vt 0.871171 0.530551
vt 0.871171 0.552782
vt 0.866924 0.552782
vt 0.628829 0.530551
vt 0.633076 0.530551
vt 0.633076 0.552782
vt 0.628829 0.552782
vt 0.628829 0.697223
vt 0.633076 0.697223
vt 0.633076 0.719444
vt 0.628829 0.719444
vt 0.128829 0.697223
vt 0.133076 0.697223
vt 0.133076 0.719444
vt 0.128829 0.719444
vt 0.378829 0.697223
vt 0.621171 0.697223
vt 0.621171 0.719444
vt 0.378829 0.719444
vt 0.378829 0.253829
vt 0.621171 0.253829
vt 0.621171 0.258076
vt 0.378829 0.258076
vt 0.378829 0.530551
vt 0.621171 0.530551
vt 0.621171 0.552782
vt 0.378829 0.552782
vt 0.807400 0.697223
vt 0.811647 0.697222
vt 0.811647 0.719444
vt 0.807400 0.719444
vt 0.648810 0.697223
vt 0.648810 0.719444
vt 0.648809 0.719444
vt 0.648809 0.697223
vt 0.676448 0.697223
vt 0.680695 0.697223
vt 0.680695 0.719444
vt 0.676448 0.719444
vt 0.625000 0.817600
vt 0.625000 0.813353
vt 0.625000 0.817600
vt 0.827381 0.697223
vt 0.827381 0.719444
vt 0.827381 0.719444
vt 0.827381 0.697223
vt 0.696429 0.697223
vt 0.696429 0.719444
vt 0.696428 0.719444
vt 0.696428 0.697223
vt 0.724067 0.697223
vt 0.728314 0.697223
vt 0.728314 0.719444
vt 0.724067 0.719444
vt 0.625000 0.865219
vt 0.625000 0.860972
vt 0.625000 0.860972
vt 0.625000 0.865219
vt 0.648809 0.530551
vt 0.648809 0.552782
vt 0.648810 0.552782
vt 0.648809 0.530551
vt 0.744048 0.697223
vt 0.744048 0.719444
vt 0.744048 0.719444
vt 0.744048 0.697223
vt 0.771686 0.697223
vt 0.775933 0.697223
vt 0.775933 0.719444
vt 0.771686 0.719444
vt 0.625000 0.912838
vt 0.625000 0.908591
vt 0.625000 0.908591
vt 0.625000 0.912838
vt 0.724067 0.530551
vt 0.728314 0.530551
vt 0.728314 0.552782
vt 0.724067 0.552782
vt 0.791667 0.697223
vt 0.791667 0.719444
vt 0.791667 0.719444
vt 0.791667 0.697222
vt 0.819305 0.697223
vt 0.823552 0.697223
vt 0.823552 0.719444
vt 0.819305 0.719444
vt 0.625000 0.960457
vt 0.625000 0.956210
vt 0.625000 0.956210
vt 0.625000 0.960457
vt 0.795496 0.697223
vt 0.799742 0.697223
vt 0.799742 0.719444
vt 0.795496 0.719444
vt 0.839286 0.697223
vt 0.839286 0.719444
vt 0.839286 0.719444
vt 0.839286 0.697223
vt 0.128829 0.585177
vt 0.140734 0.585177
vt 0.140734 0.609267
vt 0.128829 0.609267
vt 0.866924 0.697223
vt 0.871171 0.697223
vt 0.871171 0.719444
vt 0.866924 0.719444
vt 0.378829 0.968115
vt 0.621171 0.968115
vt 0.621171 0.972362
vt 0.378829 0.972362
vt 0.378829 0.956210
vt 0.621171 0.956210
vt 0.621171 0.960457
vt 0.378829 0.960457
vt 0.378829 0.944305
vt 0.621171 0.944305
vt 0.621171 0.948552
vt 0.378829 0.948552
vt 0.378829 0.932400
vt 0.621171 0.932401
vt 0.621171 0.936647
vt 0.378829 0.936647
vt 0.378829 0.920496
vt 0.621171 0.920496
vt 0.621171 0.924743
vt 0.378829 0.924743
vt 0.378829 0.908591
vt 0.621171 0.908591
vt 0.621171 0.912838
vt 0.378829 0.912838
vt 0.378829 0.896686
vt 0.621171 0.896686
vt 0.621171 0.900933
vt 0.378829 0.900933
vt 0.378829 0.884781
vt 0.621171 0.884781
vt 0.621171 0.889028
vt 0.378829 0.889028
vt 0.378829 0.872877
vt 0.621171 0.872877
vt 0.621171 0.877124
vt 0.378829 0.877123
vt 0.378829 0.860972
vt 0.621171 0.860972
vt 0.621171 0.865219
vt 0.378829 0.865219
vt 0.378829 0.849067
vt 0.621171 0.849067
vt 0.621171 0.853314
vt 0.378829 0.853314
vt 0.378829 0.837162
vt 0.621171 0.837162
vt 0.621171 0.841409
vt 0.378829 0.841409
vt 0.378829 0.825258
vt 0.621171 0.825258
vt 0.621171 0.829504
vt 0.378829 0.829504
vt 0.378829 0.813353
vt 0.621171 0.813353
vt 0.621171 0.817600
vt 0.378829 0.817600
vt 0.378829 0.801448
vt 0.621171 0.801448
vt 0.621171 0.805695
vt 0.378829 0.805695
vt 0.378829 0.789543
vt 0.621171 0.789543
vt 0.621171 0.793790
vt 0.378829 0.793790
vt 0.378829 0.777638
vt 0.621171 0.777638
vt 0.621171 0.781885
vt 0.378829 0.781885
vt 0.378829 0.765734
vt 0.621171 0.765734
vt 0.621171 0.769981
vt 0.378829 0.769981
vt 0.625000 0.769981
vt 0.625000 0.765734
vt 0.625000 0.765734
vt 0.625000 0.769981
vt 0.366924 0.697223
vt 0.371171 0.697223
vt 0.371171 0.719444
vt 0.366924 0.719444
vt 0.355019 0.636111
vt 0.359266 0.636111
vt 0.359266 0.719444
vt 0.355019 0.719444
vt 0.343115 0.697223
vt 0.347362 0.697223
vt 0.347362 0.719444
vt 0.343115 0.719444
vt 0.331210 0.636111
vt 0.335457 0.636111
vt 0.335457 0.719444
vt 0.331210 0.719444
vt 0.319305 0.697223
vt 0.323552 0.697223
vt 0.323552 0.719444
vt 0.319305 0.719444
vt 0.307400 0.636111
vt 0.311647 0.636111
vt 0.311647 0.719444
vt 0.307400 0.719444
vt 0.295496 0.697223
vt 0.299743 0.697223
vt 0.299743 0.719444
vt 0.295496 0.719444
vt 0.283591 0.636111
vt 0.287838 0.636111
vt 0.287838 0.719444
vt 0.283591 0.719444
vt 0.271686 0.697223
vt 0.275933 0.697223
vt 0.275933 0.719444
vt 0.271686 0.719444
vt 0.259781 0.636111
vt 0.264028 0.636111
vt 0.264028 0.719444
vt 0.259781 0.719444
vt 0.247877 0.697223
vt 0.252123 0.697223
vt 0.252123 0.719444
vt 0.247877 0.719444
vt 0.235972 0.636111
vt 0.240219 0.636111
vt 0.240219 0.719444
vt 0.235972 0.719444
vt 0.224067 0.697223
vt 0.228314 0.697223
vt 0.228314 0.719444
vt 0.224067 0.719444
vt 0.212162 0.636111
vt 0.216409 0.636111
vt 0.216409 0.719444
vt 0.212162 0.719444
vt 0.200257 0.697223
vt 0.204504 0.697223
vt 0.204504 0.719444
vt 0.200257 0.719444
vt 0.188353 0.636111
vt 0.192600 0.636111
vt 0.192600 0.719444
vt 0.188353 0.719444
vt 0.176448 0.697223
vt 0.180695 0.697223
vt 0.180695 0.719444
vt 0.176448 0.719444
vt 0.164543 0.636111
vt 0.168790 0.636111
vt 0.168790 0.719444
vt 0.164543 0.719444
vt 0.152638 0.697223
vt 0.156885 0.697223
vt 0.156885 0.719444
vt 0.152638 0.719444
vt 0.140734 0.636111
vt 0.144981 0.636111
vt 0.144981 0.719444
vt 0.140734 0.719444
vt 0.128829 0.530551
vt 0.133076 0.530551
vt 0.133076 0.552782
vt 0.128829 0.552782
vt 0.855019 0.530551
vt 0.859266 0.530551
vt 0.859266 0.552782
vt 0.855019 0.552782
vt 0.140734 0.530551
vt 0.144981 0.530551
vt 0.144981 0.613884
vt 0.140734 0.613884
vt 0.152638 0.530551
vt 0.156885 0.530551
vt 0.156885 0.552782
vt 0.152638 0.552782
vt 0.164543 0.530551
vt 0.168790 0.530551
vt 0.168790 0.613884
vt 0.164543 0.613884
vt 0.176448 0.530551
vt 0.180695 0.530551
vt 0.180695 0.552782
vt 0.176448 0.552782
vt 0.188353 0.530551
vt 0.192600 0.530551
vt 0.192600 0.613884
vt 0.188353 0.613884
vt 0.200258 0.530551
vt 0.204504 0.530551
vt 0.204504 0.552782
vt 0.200258 0.552782
vt 0.212162 0.530551
vt 0.216409 0.530551
vt 0.216409 0.613884
vt 0.212162 0.613884
vt 0.224067 0.530551
vt 0.228314 0.530551
vt 0.228314 0.552782
vt 0.224067 0.552782
vt 0.235972 0.530551
vt 0.240219 0.530551
vt 0.240219 0.613884
vt 0.235972 0.613884
vt 0.247877 0.530551
vt 0.252123 0.530551
vt 0.252123 0.552782
vt 0.247877 0.552782
vt 0.259781 0.530551
vt 0.264028 0.530551
vt 0.264028 0.613885
vt 0.259781 0.613884
vt 0.271686 0.530551
vt 0.275933 0.530551
vt 0.275933 0.552782
vt 0.271686 0.552782
vt 0.283591 0.530551
vt 0.287838 0.530551
vt 0.287838 0.613884
vt 0.283591 0.613884
vt 0.295496 0.530551
vt 0.299743 0.530551
vt 0.299743 0.552782
vt 0.295496 0.552782
vt 0.307400 0.530551
vt 0.311647 0.530551
vt 0.311647 0.613884
vt 0.307400 0.613884
vt 0.319305 0.530551
vt 0.323552 0.530551
vt 0.323552 0.552782
vt 0.319305 0.552782
vt 0.331210 0.530551
vt 0.335457 0.530551
vt 0.335457 0.613884
vt 0.331210 0.613884
vt 0.343115 0.530551
vt 0.347362 0.530551
vt 0.347362 0.552782
vt 0.343115 0.552782
vt 0.378829 0.480019
vt 0.621171 0.480019
vt 0.621171 0.484266
vt 0.378829 0.484266
vt 0.378829 0.468115
vt 0.621171 0.468115
vt 0.621171 0.472362
vt 0.378829 0.472362
vt 0.378829 0.134259
vt 0.621171 0.134259
vt 0.621171 0.134259
vt 0.378829 0.134259
vt 0.378829 0.456210
vt 0.621171 0.456210
vt 0.621171 0.460457
vt 0.378829 0.460457
vt 0.378829 0.444305
vt 0.621171 0.444305
vt 0.621171 0.448552
vt 0.378829 0.448552
vt 0.335457 0.585177
vt 0.355019 0.585177
vt 0.355019 0.609267
vt 0.335457 0.609267
vt 0.378829 0.432400
vt 0.621171 0.432400
vt 0.621171 0.436647
vt 0.378829 0.436647
vt 0.378829 0.420496
vt 0.621171 0.420496
vt 0.621171 0.424743
vt 0.378829 0.424743
vt 0.311647 0.585177
vt 0.331210 0.585177
vt 0.331210 0.609267
vt 0.311647 0.609267
vt 0.378829 0.408591
vt 0.621171 0.408591
vt 0.621171 0.412838
vt 0.378829 0.412838
vt 0.378829 0.396686
vt 0.621171 0.396686
vt 0.621171 0.400933
vt 0.378829 0.400933
vt 0.287838 0.585177
vt 0.307400 0.585177
vt 0.307400 0.609267
vt 0.287838 0.609267
vt 0.378829 0.384781
vt 0.621171 0.384781
vt 0.621171 0.389028
vt 0.378829 0.389028
vt 0.378829 0.372877
vt 0.621171 0.372877
vt 0.621171 0.377123
vt 0.378829 0.377123
vt 0.264028 0.585177
vt 0.283591 0.585177
vt 0.283591 0.609267
vt 0.264028 0.609267
vt 0.378829 0.360972
vt 0.621171 0.360972
vt 0.621171 0.365219
vt 0.378829 0.365219
vt 0.378829 0.349067
vt 0.621171 0.349067
vt 0.621171 0.353314
vt 0.378829 0.353314
vt 0.240219 0.585177
vt 0.259781 0.585177
vt 0.259781 0.609267
vt 0.240219 0.609267
vt 0.378829 0.337162
vt 0.621171 0.337162
vt 0.621171 0.341409
vt 0.378829 0.341409
vt 0.378829 0.325257
vt 0.621171 0.325258
vt 0.621171 0.329504
vt 0.378829 0.329504
vt 0.216409 0.585177
vt 0.235972 0.585177
vt 0.235972 0.609267
vt 0.216409 0.609267
vt 0.378829 0.313353
vt 0.621171 0.313353
vt 0.621171 0.317600
vt 0.378829 0.317600
vt 0.378829 0.301448
vt 0.621171 0.301448
vt 0.621171 0.305695
vt 0.378829 0.305695
vt 0.192600 0.585177
vt 0.212162 0.585177
vt 0.212162 0.609267
vt 0.192600 0.609267
vt 0.378829 0.289543
vt 0.621171 0.289543
vt 0.621171 0.293790
vt 0.378829 0.293790
vt 0.378829 0.277638
vt 0.621171 0.277638
vt 0.621171 0.281885
vt 0.378829 0.281885
vt 0.168790 0.585177
vt 0.188353 0.585177
vt 0.188353 0.609267
vt 0.168790 0.609267
vt 0.378829 0.265734
vt 0.621171 0.265734
vt 0.621171 0.269981
vt 0.378829 0.269981
vt 0.378829 0.197218
vt 0.621171 0.197218
vt 0.621171 0.219449
vt 0.378829 0.219449
vt 0.866924 0.640733
vt 0.871171 0.640733
vt 0.871171 0.664823
vt 0.866924 0.664823
vt 0.843115 0.530551
vt 0.847362 0.530551
vt 0.847362 0.552782
vt 0.843115 0.552782
vt 0.708333 0.664823
vt 0.708333 0.640733
vt 0.708333 0.640733
vt 0.708333 0.664823
vt 0.625000 0.293790
vt 0.625000 0.289543
vt 0.625000 0.289543
vt 0.855019 0.583333
vt 0.859266 0.583333
vt 0.859266 0.583333
vt 0.855019 0.583333
vt 0.827381 0.666667
vt 0.827381 0.666667
vt 0.827381 0.666667
vt 0.716409 0.629630
vt 0.712162 0.629630
vt 0.712162 0.629630
vt 0.716409 0.629630
vt 0.827381 0.552782
vt 0.827381 0.530551
vt 0.827381 0.530551
vt 0.835457 0.583333
vt 0.831210 0.583333
vt 0.831210 0.583333
vt 0.835457 0.583333
vt 0.795496 0.530551
vt 0.799742 0.530551
vt 0.799742 0.552782
vt 0.795496 0.552782
vt 0.755952 0.609267
vt 0.755952 0.585177
vt 0.755952 0.585177
vt 0.755952 0.609267
vt 0.625000 0.341409
vt 0.625000 0.337162
vt 0.625000 0.337162
vt 0.625000 0.341409
vt 0.807400 0.583333
vt 0.811647 0.583333
vt 0.811647 0.583333
vt 0.807400 0.583333
vt 0.684524 0.719444
vt 0.684524 0.697223
vt 0.684524 0.697223
vt 0.684524 0.719444
vt 0.783591 0.634259
vt 0.787838 0.634259
vt 0.787838 0.634259
vt 0.783591 0.634259
vt 0.779762 0.552782
vt 0.779762 0.530551
vt 0.779762 0.552782
vt 0.787838 0.583333
vt 0.783591 0.583333
vt 0.783591 0.583333
vt 0.787838 0.583333
vt 0.747876 0.530551
vt 0.752124 0.530551
vt 0.752123 0.552782
vt 0.747876 0.552782
vt 0.831210 0.666667
vt 0.835457 0.666667
vt 0.835457 0.666667
vt 0.831210 0.666667
vt 0.625000 0.389028
vt 0.625000 0.384781
vt 0.625000 0.384781
vt 0.625000 0.389028
vt 0.759781 0.583333
vt 0.764028 0.583333
vt 0.764028 0.583333
vt 0.759781 0.583333
vt 0.827381 0.583333
vt 0.827381 0.583333
vt 0.827381 0.583333
vt 0.696429 0.640733
vt 0.696429 0.664823
vt 0.696429 0.640733
vt 0.732143 0.552782
vt 0.732143 0.530551
vt 0.732143 0.530551
vt 0.732143 0.552782
vt 0.740219 0.583333
vt 0.735972 0.583333
vt 0.735972 0.583333
vt 0.740219 0.583333
vt 0.700257 0.530551
vt 0.704504 0.530551
vt 0.704504 0.552782
vt 0.700257 0.552782
vt 0.144981 0.620730
vt 0.164543 0.620730
vt 0.164543 0.629270
vt 0.144981 0.629269
vt 0.625000 0.436647
vt 0.625000 0.432400
vt 0.625000 0.432400
vt 0.625000 0.436647
vt 0.712162 0.583333
vt 0.716409 0.583333
vt 0.716409 0.583333
vt 0.712162 0.583333
vt 0.839286 0.719444
vt 0.839286 0.697223
vt 0.839286 0.697223
vt 0.819305 0.640733
vt 0.823552 0.640733
vt 0.823552 0.664823
vt 0.819305 0.664823
vt 0.684524 0.552782
vt 0.684524 0.530551
vt 0.684524 0.530551
vt 0.684524 0.552782
vt 0.692600 0.583333
vt 0.688353 0.583333
vt 0.688353 0.583333
vt 0.692600 0.583333
vt 0.652638 0.530551
vt 0.656885 0.530551
vt 0.656885 0.552782
vt 0.652638 0.552782
vt 0.744048 0.620730
vt 0.744048 0.629270
vt 0.744048 0.629269
vt 0.744048 0.620730
vt 0.625000 0.484266
vt 0.625000 0.480019
vt 0.625000 0.480019
vt 0.625000 0.484266
vt 0.664543 0.583333
vt 0.668790 0.583333
vt 0.668790 0.583333
vt 0.664543 0.583333
vt 0.712162 0.530551
vt 0.716409 0.530551
vt 0.716409 0.552782
vt 0.712162 0.552782
vt 0.795496 0.585177
vt 0.799743 0.585177
vt 0.799742 0.609267
vt 0.795496 0.609267
vt 0.355019 0.530551
vt 0.359266 0.530551
vt 0.359266 0.613884
vt 0.355019 0.613884
vt 0.644981 0.583333
vt 0.640734 0.583333
vt 0.378829 0.753829
vt 0.621171 0.753829
vt 0.621171 0.758076
vt 0.378829 0.758076
vt 0.866924 0.585177
vt 0.871171 0.585177
vt 0.871171 0.609267
vt 0.866924 0.609267
vt 0.378829 0.491924
vt 0.621171 0.491924
vt 0.621171 0.496171
vt 0.378829 0.496171
vt 0.378829 0.640733
vt 0.621171 0.640733
vt 0.621171 0.664823
vt 0.378829 0.664823
vt 0.366924 0.530551
vt 0.371171 0.530551
vt 0.371171 0.552782
vt 0.366924 0.552782
vt 0.359266 0.585177
vt 0.371171 0.585177
vt 0.371171 0.609267
vt 0.359266 0.609267
vt 0.378829 0.991924
vt 0.621171 0.991924
vt 0.621171 0.996171
vt 0.378829 0.996171
vt 0.378829 0.085177
vt 0.621171 0.085177
vt 0.621171 0.109267
vt 0.378829 0.109267
vt 0.128829 0.640733
vt 0.140734 0.640733
vt 0.140734 0.664823
vt 0.128829 0.664823
vt 0.128829 0.615741
vt 0.133076 0.615741
vt 0.133076 0.615741
vt 0.628829 0.585177
vt 0.633076 0.585177
vt 0.633076 0.609267
vt 0.628829 0.609267
vt 0.366924 0.634259
vt 0.371171 0.634259
vt 0.371171 0.634259
vt 0.378829 0.585177
vt 0.621171 0.585177
vt 0.621171 0.609267
vt 0.378829 0.609267
vt 0.378829 0.615741
vt 0.621171 0.615741
vt 0.621171 0.615741
vt 0.378829 0.615741
vt 0.359266 0.640733
vt 0.371171 0.640733
vt 0.371171 0.664823
vt 0.359266 0.664823
vt 0.866924 0.615741
vt 0.871171 0.615741
vt 0.871171 0.615741
vt 0.628829 0.640733
vt 0.633076 0.640733
vt 0.633076 0.664823
vt 0.628829 0.664823
vt 0.644981 0.611111
vt 0.640734 0.611111
vt 0.771686 0.615741
vt 0.775933 0.615741
vt 0.775933 0.615741
vt 0.771686 0.615741
vt 0.640734 0.638889
vt 0.644981 0.638889
vt 0.644981 0.638889
vt 0.640734 0.638889
vt 0.648810 0.585177
vt 0.648809 0.609267
vt 0.648810 0.609267
vt 0.648809 0.585177
vt 0.668790 0.611111
vt 0.664543 0.611111
vt 0.664543 0.611111
vt 0.668790 0.611111
vt 0.684524 0.664823
vt 0.684524 0.640733
vt 0.684524 0.640733
vt 0.684524 0.664823
vt 0.664543 0.638889
vt 0.668790 0.638889
vt 0.668790 0.638889
vt 0.664543 0.638889
vt 0.672619 0.585177
vt 0.672619 0.609267
vt 0.672619 0.609267
vt 0.672619 0.585177
vt 0.692600 0.611111
vt 0.688353 0.611111
vt 0.740219 0.629630
vt 0.735972 0.629630
vt 0.735972 0.629630
vt 0.740219 0.629630
vt 0.688353 0.638889
vt 0.692600 0.638889
vt 0.692600 0.638889
vt 0.688353 0.638889
vt 0.696429 0.585177
vt 0.696428 0.609267
vt 0.696428 0.609267
vt 0.696429 0.585177
vt 0.716409 0.611111
vt 0.712162 0.611111
vt 0.712162 0.611111
vt 0.855019 0.620370
vt 0.859266 0.620370
vt 0.859266 0.620370
vt 0.712162 0.638889
vt 0.716409 0.638889
vt 0.716409 0.638889
vt 0.712162 0.638889
vt 0.720238 0.585177
vt 0.720238 0.609267
vt 0.720238 0.609267
vt 0.720238 0.585177
vt 0.740219 0.611111
vt 0.735972 0.611111
vt 0.735972 0.611111
vt 0.779762 0.609267
vt 0.779762 0.585177
vt 0.779762 0.585177
vt 0.779762 0.609267
vt 0.735972 0.638889
vt 0.740219 0.638889
vt 0.740219 0.638889
vt 0.735972 0.638889
vt 0.744048 0.585177
vt 0.744048 0.609267
vt 0.744048 0.609267
vt 0.744048 0.585177
vt 0.759781 0.615741
vt 0.764028 0.615741
vt 0.764028 0.615741
vt 0.759781 0.634259
vt 0.764028 0.634259
vt 0.759781 0.638889
vt 0.764028 0.638889
vt 0.764028 0.638889
vt 0.759781 0.638889
vt 0.767857 0.585177
vt 0.767857 0.609267
vt 0.767857 0.609267
vt 0.767857 0.585177
vt 0.783591 0.615741
vt 0.787838 0.615741
vt 0.787838 0.615741
vt 0.783591 0.615741
vt 0.811647 0.666667
vt 0.807400 0.666667
vt 0.807400 0.666667
vt 0.783591 0.638889
vt 0.787838 0.638889
vt 0.787838 0.638889
vt 0.791667 0.585177
vt 0.791667 0.609267
vt 0.791667 0.609267
vt 0.791667 0.585177
vt 0.811647 0.611111
vt 0.807400 0.611111
vt 0.807400 0.611111
vt 0.811647 0.611111
vt 0.672619 0.640733
vt 0.672619 0.664823
vt 0.672619 0.640733
vt 0.807400 0.638889
vt 0.811647 0.638889
vt 0.807400 0.638889
vt 0.815476 0.585177
vt 0.815476 0.609267
vt 0.815476 0.609267
vt 0.815476 0.585177
vt 0.835457 0.611111
vt 0.831210 0.611111
vt 0.831210 0.611111
vt 0.835457 0.611111
vt 0.851190 0.629269
vt 0.851190 0.620730
vt 0.851190 0.620730
vt 0.851190 0.629269
vt 0.831210 0.638889
vt 0.835457 0.638889
vt 0.835457 0.638889
vt 0.831210 0.638889
vt 0.839286 0.585177
vt 0.839286 0.609267
vt 0.839286 0.609267
vt 0.839286 0.585177
vt 0.859266 0.611111
vt 0.855019 0.611111
vt 0.855019 0.611111
vt 0.859266 0.611111
vt 0.795496 0.640733
vt 0.799742 0.640733
vt 0.799742 0.664823
vt 0.795496 0.664823
vt 0.855019 0.638889
vt 0.859266 0.638889
vt 0.859266 0.638889
vt 0.855019 0.638889
vt 0.378829 0.140733
vt 0.621171 0.140733
vt 0.621171 0.164823
vt 0.378829 0.164823
vt 0.866924 0.634259
vt 0.871171 0.634259
vt 0.871171 0.634259
vt 0.152638 0.615741
vt 0.156885 0.615741
vt 0.156885 0.615741
vt 0.144981 0.640733
vt 0.164543 0.640733
vt 0.164543 0.664823
vt 0.144981 0.664823
vt 0.164543 0.606481
vt 0.168790 0.606481
vt 0.168790 0.625000
vt 0.164543 0.625000
vt 0.176448 0.615741
vt 0.180695 0.615741
vt 0.180695 0.615741
vt 0.168790 0.640733
vt 0.188353 0.640733
vt 0.188353 0.664823
vt 0.168790 0.664823
vt 0.188353 0.606481
vt 0.192600 0.606481
vt 0.192600 0.625000
vt 0.188353 0.625000
vt 0.200257 0.615741
vt 0.204504 0.615741
vt 0.204504 0.615741
vt 0.200257 0.615741
vt 0.192600 0.640733
vt 0.212162 0.640733
vt 0.212162 0.664823
vt 0.192600 0.664823
vt 0.212162 0.606481
vt 0.216409 0.606481
vt 0.216409 0.625000
vt 0.212162 0.625000
vt 0.224067 0.615741
vt 0.228314 0.615741
vt 0.228314 0.615741
vt 0.224067 0.615741
vt 0.216409 0.640733
vt 0.235972 0.640733
vt 0.235972 0.664823
vt 0.216409 0.664823
vt 0.235972 0.606481
vt 0.240219 0.606482
vt 0.240219 0.625000
vt 0.235972 0.625000
vt 0.247877 0.615741
vt 0.252123 0.615741
vt 0.240219 0.640733
vt 0.259781 0.640733
vt 0.259781 0.664823
vt 0.240219 0.664823
vt 0.259781 0.606481
vt 0.264028 0.606481
vt 0.264028 0.625000
vt 0.259781 0.625000
vt 0.271686 0.615741
vt 0.275933 0.615741
vt 0.271686 0.615741
vt 0.264028 0.640733
vt 0.283591 0.640733
vt 0.283591 0.664823
vt 0.264028 0.664823
vt 0.283591 0.606481
vt 0.287838 0.606481
vt 0.287838 0.625000
vt 0.283591 0.625000
vt 0.295496 0.615741
vt 0.299743 0.615741
vt 0.299743 0.615741
vt 0.287838 0.640733
vt 0.307400 0.640733
vt 0.307400 0.664823
vt 0.287838 0.664823
vt 0.307400 0.606481
vt 0.311647 0.606481
vt 0.311647 0.625000
vt 0.307400 0.625000
vt 0.319305 0.615741
vt 0.323552 0.615741
vt 0.323552 0.615741
vt 0.319305 0.615741
vt 0.311647 0.640733
vt 0.331210 0.640733
vt 0.331210 0.664823
vt 0.311647 0.664823
vt 0.331210 0.606481
vt 0.335457 0.606481
vt 0.335457 0.625000
vt 0.331210 0.625000
vt 0.343115 0.615741
vt 0.347362 0.615741
vt 0.347362 0.615741
vt 0.343115 0.615741
vt 0.335457 0.640733
vt 0.355019 0.640733
vt 0.355019 0.664823
vt 0.335457 0.664823
vt 0.355019 0.606481
vt 0.359266 0.606481
vt 0.359266 0.625000
vt 0.355019 0.625000
vt 0.378829 0.120730
vt 0.621171 0.120731
vt 0.621171 0.129269
vt 0.378829 0.129269
vt 0.359266 0.625000
vt 0.359266 0.643518
vt 0.355019 0.643518
vt 0.343115 0.634259
vt 0.347362 0.634259
vt 0.347362 0.634259
vt 0.343115 0.634259
vt 0.625000 0.293790
vt 0.335457 0.643518
vt 0.331210 0.643518
vt 0.319305 0.634259
vt 0.323552 0.634259
vt 0.323552 0.634259
vt 0.335457 0.620730
vt 0.355019 0.620730
vt 0.355019 0.629269
vt 0.335457 0.629269
vt 0.311647 0.625000
vt 0.311647 0.643518
vt 0.307400 0.643518
vt 0.295496 0.634259
vt 0.299743 0.634259
vt 0.299743 0.634259
vt 0.295496 0.634259
vt 0.311647 0.620730
vt 0.331210 0.620730
vt 0.331210 0.629269
vt 0.311647 0.629269
vt 0.287838 0.625000
vt 0.287838 0.643518
vt 0.283591 0.643518
vt 0.271686 0.634259
vt 0.275933 0.634259
vt 0.287838 0.620730
vt 0.307400 0.620730
vt 0.307400 0.629270
vt 0.287838 0.629269
vt 0.259781 0.625000
vt 0.264028 0.625000
vt 0.264028 0.643518
vt 0.259781 0.643518
vt 0.247877 0.634259
vt 0.252123 0.634259
vt 0.252123 0.634259
vt 0.247877 0.634259
vt 0.264028 0.620730
vt 0.283591 0.620730
vt 0.283591 0.629269
vt 0.264028 0.629270
vt 0.235972 0.625000
vt 0.240219 0.625000
vt 0.240219 0.643519
vt 0.235972 0.643518
vt 0.224067 0.634259
vt 0.228314 0.634259
vt 0.228314 0.634259
vt 0.240219 0.620730
vt 0.259781 0.620730
vt 0.259781 0.629269
vt 0.240219 0.629269
vt 0.212162 0.625000
vt 0.216409 0.625000
vt 0.216409 0.643518
vt 0.212162 0.643519
vt 0.200258 0.634259
vt 0.204504 0.634259
vt 0.204504 0.634259
vt 0.200258 0.634259
vt 0.216409 0.620730
vt 0.235972 0.620730
vt 0.235972 0.629269
vt 0.216409 0.629269
vt 0.188353 0.625000
vt 0.192600 0.625000
vt 0.192600 0.643518
vt 0.188353 0.643518
vt 0.176448 0.634259
vt 0.180695 0.634259
vt 0.180695 0.634259
vt 0.176448 0.634259
vt 0.192600 0.620730
vt 0.212162 0.620730
vt 0.212162 0.629270
vt 0.192600 0.629269
vt 0.164543 0.625000
vt 0.168790 0.625000
vt 0.168790 0.643518
vt 0.164543 0.643518
vt 0.152638 0.634259
vt 0.156885 0.634259
vt 0.156885 0.634259
vt 0.152638 0.634259
vt 0.168790 0.620730
vt 0.188353 0.620730
vt 0.188353 0.629270
vt 0.168790 0.629269
vt 0.140734 0.625000
vt 0.144981 0.625000
vt 0.144981 0.643518
vt 0.140734 0.643518
vt 0.378829 0.115741
vt 0.621171 0.115741
vt 0.378829 0.115741
vt 0.866924 0.620730
vt 0.871171 0.620730
vt 0.871171 0.629269
vt 0.866924 0.629269
vt 0.855019 0.634259
vt 0.859266 0.634259
vt 0.859266 0.634259
vt 0.767857 0.620730
vt 0.767857 0.629270
vt 0.767857 0.629269
vt 0.767857 0.620730
vt 0.843115 0.634259
vt 0.847361 0.634259
vt 0.847362 0.634259
vt 0.839286 0.620730
vt 0.839286 0.629269
vt 0.839286 0.629269
vt 0.839286 0.620730
vt 0.831210 0.634259
vt 0.835457 0.634259
vt 0.835457 0.634259
vt 0.819305 0.585177
vt 0.823552 0.585177
vt 0.823552 0.609267
vt 0.819305 0.609267
vt 0.819305 0.634259
vt 0.823552 0.634259
vt 0.823552 0.634259
vt 0.827381 0.629269
vt 0.827381 0.620730
vt 0.827381 0.620730
vt 0.807400 0.634259
vt 0.811647 0.634259
vt 0.811647 0.634259
vt 0.747876 0.615741
vt 0.752123 0.615741
vt 0.752123 0.615741
vt 0.795496 0.634259
vt 0.799742 0.634259
vt 0.799742 0.634259
vt 0.795496 0.634259
vt 0.803571 0.629270
vt 0.803571 0.620730
vt 0.803571 0.620730
vt 0.803571 0.629269
vt 0.787838 0.611111
vt 0.783591 0.611111
vt 0.783591 0.611111
vt 0.787838 0.611111
vt 0.660714 0.664823
vt 0.660714 0.640733
vt 0.660714 0.640733
vt 0.660714 0.664823
vt 0.771686 0.634259
vt 0.775933 0.634259
vt 0.779762 0.629269
vt 0.779762 0.620730
vt 0.779762 0.620730
vt 0.779762 0.629269
vt 0.764028 0.611111
vt 0.759781 0.611111
vt 0.764028 0.611111
vt 0.764028 0.629630
vt 0.759781 0.629630
vt 0.759781 0.629630
vt 0.764028 0.629630
vt 0.747877 0.634259
vt 0.752123 0.634259
vt 0.752123 0.634259
vt 0.755952 0.629270
vt 0.755952 0.620730
vt 0.755952 0.620730
vt 0.755952 0.629269
vt 0.735972 0.634259
vt 0.740219 0.634259
vt 0.740219 0.634259
vt 0.831210 0.620370
vt 0.835457 0.620370
vt 0.835457 0.620370
vt 0.831210 0.620370
vt 0.724067 0.634259
vt 0.728314 0.634259
vt 0.728314 0.634259
vt 0.732143 0.629270
vt 0.732143 0.620730
vt 0.732143 0.620730
vt 0.732143 0.629269
vt 0.712162 0.634259
vt 0.716409 0.634259
vt 0.716409 0.634259
vt 0.803571 0.609267
vt 0.803571 0.585177
vt 0.803571 0.585177
vt 0.803571 0.609267
vt 0.700258 0.634259
vt 0.704504 0.634259
vt 0.704504 0.634259
vt 0.700258 0.634259
vt 0.708333 0.629270
vt 0.708333 0.620730
vt 0.708333 0.620730
vt 0.708333 0.629269
vt 0.688353 0.634259
vt 0.692600 0.634259
vt 0.692600 0.634259
vt 0.688353 0.634259
vt 0.735972 0.615741
vt 0.740219 0.615741
vt 0.676448 0.634259
vt 0.680695 0.634259
vt 0.680695 0.634259
vt 0.676448 0.634259
vt 0.684524 0.629270
vt 0.684524 0.620730
vt 0.684524 0.620730
vt 0.684524 0.629269
vt 0.664543 0.634259
vt 0.668790 0.634259
vt 0.668790 0.634259
vt 0.664543 0.634259
vt 0.783591 0.666667
vt 0.787838 0.666667
vt 0.787838 0.666667
vt 0.783591 0.666667
vt 0.652638 0.634259
vt 0.656885 0.634259
vt 0.656885 0.634259
vt 0.652638 0.634259
vt 0.660714 0.629270
vt 0.660714 0.620730
vt 0.660714 0.620730
vt 0.660714 0.629269
vt 0.640734 0.634259
vt 0.644981 0.634259
vt 0.644981 0.634259
vt 0.640734 0.634259
vt 0.648810 0.640733
vt 0.648810 0.664823
vt 0.648809 0.664823
vt 0.648809 0.640733
vt 0.628829 0.634259
vt 0.633076 0.634259
vt 0.633076 0.634259
vt 0.636905 0.629269
vt 0.636905 0.620730
vt 0.636905 0.620730
vt 0.378829 0.634259
vt 0.621171 0.634259
vt 0.621171 0.634259
vt 0.378829 0.634259
vt 0.378829 0.620730
vt 0.621171 0.620730
vt 0.621171 0.629269
vt 0.378829 0.629269
vt 0.628829 0.615741
vt 0.633076 0.615741
vt 0.633076 0.615741
vt 0.628829 0.620730
vt 0.633076 0.620730
vt 0.633076 0.629269
vt 0.628829 0.629269
vt 0.366924 0.615741
vt 0.371171 0.615741
vt 0.371171 0.615741
vt 0.359266 0.620730
vt 0.371171 0.620730
vt 0.371171 0.629269
vt 0.359266 0.629269
vt 0.128829 0.634259
vt 0.133076 0.634259
vt 0.133076 0.634259
vt 0.128829 0.620730
vt 0.140734 0.620730
vt 0.140734 0.629269
vt 0.128829 0.629269
vt 0.795496 0.615741
vt 0.799743 0.615741
vt 0.799742 0.615741
vt 0.795496 0.615741
vt 0.771686 0.585177
vt 0.775933 0.585177
vt 0.775933 0.609267
vt 0.771686 0.609267
vt 0.720238 0.620730
vt 0.720238 0.629270
vt 0.720238 0.629269
vt 0.720238 0.620730
vt 0.843115 0.640733
vt 0.847362 0.640733
vt 0.847362 0.664823
vt 0.843115 0.664823
vt 0.720238 0.640733
vt 0.720238 0.664823
vt 0.720238 0.664823
vt 0.720238 0.640733
vt 0.859266 0.666667
vt 0.855019 0.666667
vt 0.859266 0.666667
vt 0.807400 0.615741
vt 0.811647 0.615741
vt 0.811647 0.615741
vt 0.807400 0.615741
vt 0.732143 0.609267
vt 0.732143 0.585177
vt 0.732143 0.585177
vt 0.732143 0.609267
vt 0.692600 0.629630
vt 0.688353 0.629630
vt 0.688353 0.629630
vt 0.732143 0.664823
vt 0.732143 0.640733
vt 0.732143 0.640733
vt 0.732143 0.664823
vt 0.819305 0.615741
vt 0.823552 0.615741
vt 0.823552 0.615741
vt 0.819305 0.615741
vt 0.747876 0.585177
vt 0.752123 0.585177
vt 0.752123 0.609267
vt 0.747876 0.609267
vt 0.696428 0.620730
vt 0.696428 0.629270
vt 0.696429 0.629269
vt 0.696428 0.620730
vt 0.144981 0.585177
vt 0.164543 0.585177
vt 0.164543 0.609267
vt 0.144981 0.609267
vt 0.744048 0.640733
vt 0.744048 0.664823
vt 0.744048 0.640733
vt 0.831210 0.615741
vt 0.835457 0.615741
vt 0.835457 0.615741
vt 0.708333 0.609267
vt 0.708333 0.585177
vt 0.708333 0.585177
vt 0.708333 0.609267
vt 0.668790 0.629630
vt 0.664543 0.629630
vt 0.664543 0.629630
vt 0.755952 0.664823
vt 0.755952 0.640733
vt 0.755952 0.640733
vt 0.755952 0.664823
vt 0.843115 0.615741
vt 0.847362 0.615741
vt 0.847362 0.615741
vt 0.843115 0.615741
vt 0.724067 0.585177
vt 0.728314 0.585177
vt 0.728314 0.609267
vt 0.724067 0.609267
vt 0.672619 0.620730
vt 0.672619 0.629270
vt 0.672619 0.629269
vt 0.672619 0.620730
vt 0.767857 0.640733
vt 0.767857 0.664823
vt 0.767857 0.640733
vt 0.640734 0.620370
vt 0.644981 0.620370
vt 0.640734 0.620370
vt 0.855019 0.615741
vt 0.859266 0.615741
vt 0.859266 0.615741
vt 0.855019 0.615741
vt 0.684524 0.609267
vt 0.684524 0.585177
vt 0.684524 0.585177
vt 0.684524 0.609267
vt 0.644981 0.629630
vt 0.640734 0.629629
vt 0.640734 0.629630
vt 0.644981 0.629630
vt 0.779762 0.664823
vt 0.779762 0.640733
vt 0.779762 0.640733
vt 0.779762 0.664823
vt 0.140734 0.606481
vt 0.144981 0.606481
vt 0.144981 0.625000
vt 0.140734 0.625000
vt 0.700257 0.585177
vt 0.704504 0.585177
vt 0.704504 0.609267
vt 0.700257 0.609267
vt 0.648809 0.620730
vt 0.648809 0.629270
vt 0.648809 0.629269
vt 0.648809 0.620730
vt 0.652638 0.620731
vt 0.656885 0.620730
vt 0.656885 0.629269
vt 0.652638 0.629269
vt 0.791667 0.640733
vt 0.791667 0.664823
vt 0.791667 0.640733
vt 0.664543 0.620370
vt 0.668790 0.620370
vt 0.664543 0.620370
vt 0.660714 0.609267
vt 0.660714 0.585177
vt 0.660714 0.585177
vt 0.660714 0.609267
vt 0.803571 0.664823
vt 0.803571 0.640733
vt 0.803571 0.640733
vt 0.803571 0.664823
vt 0.676448 0.585177
vt 0.680695 0.585177
vt 0.680695 0.609267
vt 0.676448 0.609267
vt 0.676448 0.620731
vt 0.680695 0.620730
vt 0.680695 0.629269
vt 0.676448 0.629269
vt 0.815476 0.640733
vt 0.815476 0.664823
vt 0.815476 0.664823
vt 0.815476 0.640733
vt 0.640734 0.666667
vt 0.644981 0.666667
vt 0.640734 0.666667
vt 0.688353 0.620370
vt 0.692600 0.620370
vt 0.688353 0.620370
vt 0.636905 0.609267
vt 0.636905 0.585177
vt 0.636905 0.585177
vt 0.636905 0.609267
vt 0.827381 0.664823
vt 0.827381 0.640733
vt 0.827381 0.640733
vt 0.827381 0.664823
vt 0.652638 0.585177
vt 0.656885 0.585177
vt 0.656885 0.609267
vt 0.652638 0.609267
vt 0.652638 0.640733
vt 0.656885 0.640733
vt 0.656885 0.664823
vt 0.652638 0.664823
vt 0.700257 0.620730
vt 0.704504 0.620730
vt 0.704504 0.629269
vt 0.700257 0.629269
vt 0.839286 0.640733
vt 0.839286 0.664823
vt 0.839286 0.640733
vt 0.668790 0.666667
vt 0.664543 0.666667
vt 0.664543 0.666667
vt 0.712162 0.620370
vt 0.716409 0.620370
vt 0.712162 0.620370
vt 0.851191 0.664823
vt 0.851191 0.640733
vt 0.851190 0.640733
vt 0.851190 0.664823
vt 0.676448 0.640733
vt 0.680695 0.640733
vt 0.680695 0.664823
vt 0.676448 0.664823
vt 0.724067 0.620730
vt 0.728314 0.620730
vt 0.728314 0.629269
vt 0.724067 0.629269
vt 0.863095 0.640733
vt 0.863095 0.664823
vt 0.863095 0.640733
vt 0.688353 0.666667
vt 0.692600 0.666667
vt 0.692600 0.666667
vt 0.640734 0.615741
vt 0.644981 0.615741
vt 0.644981 0.615741
vt 0.735972 0.620370
vt 0.740219 0.620370
vt 0.740219 0.620370
vt 0.859266 0.629629
vt 0.855019 0.629629
vt 0.855019 0.629630
vt 0.859266 0.629630
vt 0.652638 0.615741
vt 0.656885 0.615741
vt 0.656885 0.615741
vt 0.863095 0.620730
vt 0.863095 0.629269
vt 0.863095 0.629269
vt 0.863095 0.620730
vt 0.700257 0.640733
vt 0.704504 0.640733
vt 0.704504 0.664823
vt 0.700257 0.664823
vt 0.747877 0.620731
vt 0.752123 0.620730
vt 0.752123 0.629269
vt 0.747877 0.629269
vt 0.716409 0.666667
vt 0.712162 0.666667
vt 0.712162 0.666667
vt 0.716409 0.666667
vt 0.664543 0.615741
vt 0.668790 0.615741
vt 0.668790 0.615741
vt 0.759781 0.620370
vt 0.764028 0.620370
vt 0.764028 0.620370
vt 0.835457 0.629629
vt 0.831210 0.629629
vt 0.831210 0.629630
vt 0.835457 0.629630
vt 0.676448 0.615741
vt 0.680695 0.615741
vt 0.680695 0.615741
vt 0.843115 0.620730
vt 0.847361 0.620730
vt 0.847362 0.629269
vt 0.843115 0.629269
vt 0.724067 0.640733
vt 0.728314 0.640733
vt 0.728314 0.664823
vt 0.724067 0.664823
vt 0.771686 0.620730
vt 0.775933 0.620730
vt 0.775933 0.629269
vt 0.771686 0.629269
vt 0.688353 0.615741
vt 0.692600 0.615741
vt 0.692600 0.615741
vt 0.735972 0.666667
vt 0.740219 0.666667
vt 0.740219 0.666667
vt 0.735972 0.666667
vt 0.783591 0.620370
vt 0.787838 0.620370
vt 0.787838 0.620370
vt 0.851190 0.609267
vt 0.851190 0.585177
vt 0.851190 0.585177
vt 0.851190 0.609267
vt 0.811647 0.629630
vt 0.807400 0.629630
vt 0.807400 0.629630
vt 0.700257 0.615741
vt 0.704504 0.615741
vt 0.704504 0.615741
vt 0.863095 0.585177
vt 0.863095 0.609267
vt 0.863095 0.609267
vt 0.863095 0.585177
vt 0.815476 0.620730
vt 0.815476 0.629269
vt 0.815476 0.629269
vt 0.815476 0.620730
vt 0.747876 0.640733
vt 0.752123 0.640733
vt 0.752123 0.664823
vt 0.747876 0.664823
vt 0.795495 0.620730
vt 0.799742 0.620730
vt 0.799742 0.629269
vt 0.795496 0.629269
vt 0.764028 0.666667
vt 0.759781 0.666667
vt 0.759781 0.666667
vt 0.764028 0.666667
vt 0.712162 0.615741
vt 0.716409 0.615741
vt 0.716409 0.615741
vt 0.827381 0.609267
vt 0.827381 0.585177
vt 0.827381 0.585177
vt 0.827381 0.609267
vt 0.807400 0.620370
vt 0.811647 0.620370
vt 0.811647 0.620370
vt 0.807400 0.620370
vt 0.787838 0.629630
vt 0.783591 0.629629
vt 0.783591 0.629630
vt 0.636905 0.664823
vt 0.636905 0.640733
vt 0.636905 0.640733
vt 0.636905 0.664823
vt 0.724067 0.615741
vt 0.728314 0.615741
vt 0.728314 0.615741
vt 0.724067 0.615741
vt 0.843115 0.585177
vt 0.847361 0.585177
vt 0.847361 0.609267
vt 0.843115 0.609267
vt 0.791667 0.620730
vt 0.791667 0.629270
vt 0.791667 0.629269
vt 0.791667 0.620730
vt 0.771686 0.640733
vt 0.775933 0.640733
vt 0.775933 0.664823
vt 0.771686 0.664823
vt 0.819305 0.620730
vt 0.823552 0.620730
vt 0.823552 0.629269
vt 0.819305 0.629269
vt 0.688353 0.697223
vt 0.692600 0.697223
vt 0.692600 0.719444
vt 0.688353 0.719444
vt 0.735972 0.697223
vt 0.740219 0.697223
vt 0.740219 0.719444
vt 0.735972 0.719444
vt 0.783591 0.697223
vt 0.787838 0.697223
vt 0.787838 0.719444
vt 0.783591 0.719444
vt 0.831210 0.697223
vt 0.835457 0.697223
vt 0.835457 0.719444
vt 0.831210 0.719444
vt 0.625000 0.952381
vt 0.625000 0.952381
vt 0.625000 0.285714
vt 0.625000 0.285714
vt 0.625000 0.285714
vt 0.625000 0.285714
vt 0.735972 0.530551
vt 0.740219 0.530551
vt 0.740219 0.552782
vt 0.735972 0.552782
vt 0.688353 0.530551
vt 0.692600 0.530551
vt 0.692600 0.552782
vt 0.688353 0.552782
vt 0.640734 0.530551
vt 0.644981 0.530551
vt 0.644980 0.552782
vt 0.640734 0.552782
vt 0.640734 0.697223
vt 0.644981 0.697223
vt 0.644981 0.719444
vt 0.640734 0.719444
vt 0.652638 0.697223
vt 0.656885 0.697223
vt 0.656885 0.719444
vt 0.652638 0.719444
vt 0.735972 0.583333
vt 0.740219 0.583333
vt 0.735972 0.583333
vt 0.791667 0.530551
vt 0.791667 0.552782
vt 0.791667 0.552782
vt 0.791667 0.530551
vt 0.664543 0.697223
vt 0.668790 0.697223
vt 0.668790 0.719444
vt 0.664543 0.719444
vt 0.735972 0.666667
vt 0.735972 0.666667
vt 0.740219 0.666667
vt 0.827381 0.552782
vt 0.664543 0.530551
vt 0.668790 0.530551
vt 0.668790 0.552782
vt 0.664543 0.552782
vt 0.732143 0.719444
vt 0.732143 0.697223
vt 0.732143 0.697223
vt 0.732143 0.719444
vt 0.839286 0.583333
vt 0.839286 0.583333
vt 0.839286 0.583333
vt 0.640734 0.583333
vt 0.831210 0.666667
vt 0.835457 0.666667
vt 0.700257 0.697223
vt 0.704504 0.697223
vt 0.704504 0.719444
vt 0.700257 0.719444
vt 0.676448 0.530551
vt 0.680695 0.530551
vt 0.680695 0.552782
vt 0.676448 0.552782
vt 0.744047 0.530551
vt 0.744048 0.552782
vt 0.744048 0.552782
vt 0.759781 0.530551
vt 0.764028 0.530551
vt 0.764028 0.552782
vt 0.759781 0.552782
vt 0.712162 0.697223
vt 0.716409 0.697223
vt 0.716409 0.719444
vt 0.712162 0.719444
vt 0.783591 0.583333
vt 0.787838 0.583333
vt 0.779762 0.719444
vt 0.779762 0.697223
vt 0.779762 0.697222
vt 0.779762 0.719444
vt 0.787838 0.666667
vt 0.783591 0.666667
vt 0.783591 0.666667
vt 0.787838 0.666667
vt 0.771686 0.530551
vt 0.775933 0.530551
vt 0.775933 0.552782
vt 0.771686 0.552782
vt 0.378829 0.980019
vt 0.621171 0.980019
vt 0.621171 0.984266
vt 0.378829 0.984266
vt 0.636905 0.719444
vt 0.636905 0.697223
vt 0.636905 0.697223
vt 0.636905 0.719444
vt 0.747877 0.697223
vt 0.752123 0.697223
vt 0.752123 0.719444
vt 0.747877 0.719444
vt 0.692600 0.583333
vt 0.696429 0.530551
vt 0.696429 0.552782
vt 0.696429 0.552782
vt 0.696428 0.530551
vt 0.759781 0.697223
vt 0.764028 0.697223
vt 0.764028 0.719444
vt 0.759781 0.719444
vt 0.688353 0.666667
vt 0.688353 0.666667
vt 0.636905 0.552782
vt 0.636905 0.530551
vt 0.636905 0.530551
vt 0.636905 0.552782
vt 0.831210 0.530551
vt 0.835457 0.530551
vt 0.835457 0.552782
vt 0.831210 0.552782
vt 0.839286 0.697223
vt 0.839286 0.719444
vt 0.839286 0.719444
vt 0.827381 0.697223
vt 0.827381 0.697223
vt 0.827381 0.719444
vt 0.827381 0.719444
vt 0.827381 0.552782
vt 0.827381 0.530551
vt 0.827381 0.530551
vt 0.839286 0.697222
vt 0.625000 0.293790
vt 0.827381 0.552782
vt 0.827381 0.530551
vt 0.827381 0.552782
vt 0.835457 0.583333
vt 0.831210 0.583333
vt 0.835457 0.583333
vt 0.839286 0.530551
vt 0.839286 0.552782
vt 0.839286 0.552782
vt 0.839286 0.530551
vt 0.839286 0.552782
vt 0.839286 0.552782
vt 0.839286 0.552782
vt 0.839286 0.530551
vt 0.625000 0.960457
vt 0.625000 0.956210
vt 0.625000 0.956210
vt 0.625000 0.964286
vt 0.625000 0.964286
vt 0.625000 0.964286
vt 0.835457 0.583333
vt 0.831210 0.583333
vt 0.831210 0.583333
vt 0.831210 0.666667
vt 0.835457 0.666667
vt 0.831210 0.666667
vt 0.625000 0.964286
vt 0.839286 0.530551
vt 0.839286 0.552782
vt 0.625000 0.956210
vt 0.783591 0.530551
vt 0.787838 0.530551
vt 0.787838 0.552782
vt 0.783591 0.552782
vt 0.839286 0.697223
vt 0.839286 0.666667
vt 0.839286 0.666667
vt 0.839286 0.666667
vt 0.625000 0.297619
vt 0.625000 0.297619
vt 0.835457 0.666667
vt 0.831210 0.666667
vt 0.835457 0.666667
vt 0.827381 0.697223
vt 0.827381 0.719444
vt 0.827381 0.719444
vt 0.839286 0.719444
vt 0.843115 0.697223
vt 0.847362 0.697223
vt 0.847362 0.719444
vt 0.843115 0.719444
vt 0.855019 0.697223
vt 0.859266 0.697223
vt 0.859266 0.719444
vt 0.855019 0.719444
vt 0.839286 0.552782
vt 0.807400 0.530551
vt 0.811647 0.530551
vt 0.811647 0.552782
vt 0.807400 0.552782
vt 0.827381 0.552782
vt 0.831210 0.583333
vt 0.835457 0.583333
vt 0.835457 0.583333
vt 0.839286 0.552782
vt 0.819305 0.530551
vt 0.823552 0.530551
vt 0.823552 0.552782
vt 0.819305 0.552782
vt 0.625000 0.285714
vt 0.827381 0.583333
vt 0.839286 0.530551
vt 0.839286 0.552782
vt 0.839286 0.530551
vt 0.827381 0.697222
vt 0.839286 0.697223
vt 0.839286 0.583333
vt 0.835457 0.583333
vt 0.827381 0.666667
vt 0.625000 0.956210
vt 0.625000 0.960457
vt 0.625000 0.289543
vt 0.827381 0.552782
vt 0.839286 0.666667
vt 0.625000 0.297619
vt 0.625000 0.297619
vt 0.831210 0.666667
vt 0.835457 0.666667
vt 0.839286 0.697223
vt 0.839286 0.719444
vt 0.839286 0.719444
vt 0.625000 0.952381
vt 0.827381 0.552782
vt 0.827381 0.552782
vt 0.128829 0.750000
vt 0.125000 0.719444
vt 0.621171 0.030556
vt 0.621171 0.000000
vt 0.625000 0.030556
vt 0.378829 0.250000
vt 0.375000 0.219449
vt 0.871171 0.500000
vt 0.875000 0.530551
vt 0.378829 0.750000
vt 0.375000 0.719444
vt 0.628829 0.750000
vt 0.625000 0.719444
vt 0.378829 0.500000
vt 0.375000 0.496171
vt 0.625000 0.530551
vt 0.628829 0.500000
vt 0.363095 0.530551
vt 0.363095 0.500000
vt 0.366924 0.500000
vt 0.351190 0.530551
vt 0.351190 0.500000
vt 0.355019 0.500000
vt 0.339286 0.530551
vt 0.339286 0.500000
vt 0.343115 0.500000
vt 0.327381 0.530551
vt 0.327381 0.500000
vt 0.331210 0.500000
vt 0.315476 0.530551
vt 0.315476 0.500000
vt 0.319305 0.500000
vt 0.303571 0.530551
vt 0.303571 0.500000
vt 0.307400 0.500000
vt 0.291667 0.530551
vt 0.291667 0.500000
vt 0.295496 0.500000
vt 0.279762 0.530551
vt 0.279762 0.500000
vt 0.283591 0.500000
vt 0.267857 0.530551
vt 0.267857 0.500000
vt 0.271686 0.500000
vt 0.255952 0.530551
vt 0.255952 0.500000
vt 0.259781 0.500000
vt 0.244048 0.530551
vt 0.244048 0.500000
vt 0.247877 0.500000
vt 0.232143 0.530551
vt 0.232143 0.500000
vt 0.235972 0.500000
vt 0.220238 0.530551
vt 0.220238 0.500000
vt 0.224067 0.500000
vt 0.208333 0.530551
vt 0.208333 0.500000
vt 0.212162 0.500000
vt 0.196429 0.530551
vt 0.196429 0.500000
vt 0.200258 0.500000
vt 0.184524 0.530551
vt 0.184524 0.500000
vt 0.188353 0.500000
vt 0.172619 0.530551
vt 0.172619 0.500000
vt 0.176448 0.500000
vt 0.160714 0.530551
vt 0.160714 0.500000
vt 0.164543 0.500000
vt 0.148810 0.530551
vt 0.148810 0.500000
vt 0.152638 0.500000
vt 0.133076 0.500000
vt 0.136905 0.500000
vt 0.136905 0.530551
vt 0.863095 0.530551
vt 0.863095 0.500000
vt 0.866924 0.500000
vt 0.851190 0.530551
vt 0.851190 0.500000
vt 0.855019 0.500000
vt 0.839286 0.500000
vt 0.843115 0.500000
vt 0.815476 0.530551
vt 0.815476 0.500000
vt 0.819305 0.500000
vt 0.803571 0.530551
vt 0.803571 0.500000
vt 0.807400 0.500000
vt 0.791667 0.500000
vt 0.791667 0.500000
vt 0.795496 0.500000
vt 0.625000 0.345238
vt 0.625000 0.341409
vt 0.767857 0.530551
vt 0.767857 0.500000
vt 0.771686 0.500000
vt 0.755952 0.530551
vt 0.755952 0.500000
vt 0.759781 0.500000
vt 0.744048 0.530551
vt 0.744048 0.500000
vt 0.747876 0.500000
vt 0.625000 0.392857
vt 0.720238 0.530551
vt 0.720238 0.500000
vt 0.724067 0.500000
vt 0.708333 0.530551
vt 0.708333 0.500000
vt 0.712162 0.500000
vt 0.696429 0.500000
vt 0.696429 0.500000
vt 0.700257 0.500000
vt 0.625000 0.440476
vt 0.625000 0.436647
vt 0.672619 0.530551
vt 0.672619 0.500000
vt 0.676448 0.500000
vt 0.660714 0.530551
vt 0.660714 0.500000
vt 0.664543 0.500000
vt 0.648809 0.530551
vt 0.648809 0.500000
vt 0.652638 0.500000
vt 0.633076 0.500000
vt 0.636905 0.500000
vt 0.375000 0.991924
vt 0.375000 0.988095
vt 0.378829 0.988095
vt 0.375000 0.980019
vt 0.375000 0.976190
vt 0.378829 0.976190
vt 0.375000 0.968115
vt 0.375000 0.964286
vt 0.378829 0.964286
vt 0.375000 0.956210
vt 0.375000 0.952381
vt 0.378829 0.952381
vt 0.375000 0.944305
vt 0.375000 0.940476
vt 0.378829 0.940476
vt 0.375000 0.932400
vt 0.375000 0.928571
vt 0.378829 0.928571
vt 0.375000 0.920496
vt 0.375000 0.916667
vt 0.378829 0.916667
vt 0.375000 0.908591
vt 0.375000 0.904762
vt 0.378829 0.904762
vt 0.375000 0.896686
vt 0.375000 0.892857
vt 0.378829 0.892857
vt 0.375000 0.884781
vt 0.375000 0.880952
vt 0.378829 0.880952
vt 0.375000 0.872877
vt 0.375000 0.869048
vt 0.378829 0.869048
vt 0.375000 0.860972
vt 0.375000 0.857143
vt 0.378829 0.857143
vt 0.375000 0.849067
vt 0.375000 0.845238
vt 0.378829 0.845238
vt 0.375000 0.837162
vt 0.375000 0.833333
vt 0.378829 0.833333
vt 0.375000 0.825258
vt 0.375000 0.821429
vt 0.378829 0.821429
vt 0.375000 0.813353
vt 0.375000 0.809524
vt 0.378829 0.809524
vt 0.375000 0.801448
vt 0.375000 0.797619
vt 0.378829 0.797619
vt 0.375000 0.789543
vt 0.375000 0.785714
vt 0.378829 0.785714
vt 0.375000 0.777638
vt 0.375000 0.773810
vt 0.378829 0.773810
vt 0.378829 0.761905
vt 0.375000 0.761905
vt 0.375000 0.758076
vt 0.625000 0.758076
vt 0.625000 0.761905
vt 0.621171 0.761905
vt 0.625000 0.773810
vt 0.625000 0.769981
vt 0.625000 0.781885
vt 0.625000 0.785714
vt 0.621171 0.785714
vt 0.625000 0.793790
vt 0.625000 0.797619
vt 0.621171 0.797619
vt 0.625000 0.805695
vt 0.625000 0.809524
vt 0.621171 0.809524
vt 0.625000 0.821429
vt 0.625000 0.817600
vt 0.625000 0.829505
vt 0.625000 0.833333
vt 0.621171 0.833334
vt 0.625000 0.841409
vt 0.625000 0.845238
vt 0.621171 0.845238
vt 0.625000 0.853314
vt 0.625000 0.857143
vt 0.621171 0.857143
vt 0.625000 0.869048
vt 0.625000 0.865219
vt 0.625000 0.877124
vt 0.625000 0.880952
vt 0.621171 0.880953
vt 0.625000 0.889028
vt 0.625000 0.892857
vt 0.621171 0.892857
vt 0.625000 0.900933
vt 0.625000 0.904762
vt 0.621171 0.904762
vt 0.625000 0.916667
vt 0.625000 0.924743
vt 0.625000 0.928572
vt 0.621171 0.928572
vt 0.625000 0.936647
vt 0.625000 0.940476
vt 0.621171 0.940476
vt 0.625000 0.948552
vt 0.621171 0.952381
vt 0.625000 0.972362
vt 0.625000 0.976190
vt 0.621171 0.976191
vt 0.621171 0.988095
vt 0.625000 0.988095
vt 0.625000 0.991924
vt 0.375000 0.197218
vt 0.375000 0.166667
vt 0.378829 0.166667
vt 0.378829 0.052777
vt 0.378829 0.083333
vt 0.375000 0.083333
vt 0.375000 0.052777
vt 0.621171 0.052777
vt 0.625000 0.052777
vt 0.625000 0.083333
vt 0.621171 0.083333
vt 0.621171 0.166667
vt 0.625000 0.166667
vt 0.625000 0.197218
vt 0.128829 0.611111
vt 0.125000 0.611111
vt 0.125000 0.609267
vt 0.125000 0.640733
vt 0.125000 0.638889
vt 0.128829 0.638889
vt 0.871171 0.638889
vt 0.875000 0.638889
vt 0.875000 0.640733
vt 0.875000 0.609267
vt 0.875000 0.611111
vt 0.871171 0.611111
vt 0.375000 0.134259
vt 0.375000 0.129630
vt 0.378829 0.129630
vt 0.378829 0.120370
vt 0.375000 0.120370
vt 0.375000 0.115741
vt 0.625000 0.115741
vt 0.625000 0.120370
vt 0.621171 0.120370
vt 0.621171 0.129630
vt 0.625000 0.129630
vt 0.625000 0.134259
vt 0.625000 0.293790
vt 0.625000 0.333333
vt 0.625000 0.380952
vt 0.625000 0.392857
vt 0.625000 0.428571
vt 0.625000 0.436647
vt 0.625000 0.440476
vt 0.625000 0.476190
vt 0.625000 0.480019
vt 0.625000 0.488095
vt 0.625000 0.773810
vt 0.625000 0.860972
vt 0.625000 0.865219
vt 0.625000 0.956210
vt 0.839286 0.750000
vt 0.827381 0.750000
vt 0.827381 0.500000
vt 0.625000 0.297619
vt 0.839286 0.750000
vt 0.827381 0.750000
vt 0.827381 0.750000
vt 0.827381 0.719444
vt 0.125000 0.697223
vt 0.621171 1.000000
vt 0.378829 1.000000
vt 0.875000 0.552782
vt 0.128829 0.500000
vt 0.371171 0.750000
vt 0.366924 0.750000
vt 0.871171 0.750000
vt 0.866924 0.750000
vt 0.371171 0.500000
vt 0.359266 0.500000
vt 0.347362 0.500000
vt 0.335457 0.500000
vt 0.323552 0.500000
vt 0.311647 0.500000
vt 0.299743 0.500000
vt 0.287838 0.500000
vt 0.275933 0.500000
vt 0.264028 0.500000
vt 0.252123 0.500000
vt 0.240219 0.500000
vt 0.228314 0.500000
vt 0.216409 0.500000
vt 0.204504 0.500000
vt 0.192600 0.500000
vt 0.180695 0.500000
vt 0.168790 0.500000
vt 0.156885 0.500000
vt 0.140734 0.500000
vt 0.144981 0.500000
vt 0.859266 0.500000
vt 0.847362 0.500000
vt 0.823552 0.500000
vt 0.811647 0.500000
vt 0.799742 0.500000
vt 0.775933 0.500000
vt 0.764028 0.500000
vt 0.752123 0.500000
vt 0.728314 0.500000
vt 0.716409 0.500000
vt 0.704504 0.500000
vt 0.680695 0.500000
vt 0.668790 0.500000
vt 0.656885 0.500000
vt 0.133076 0.750000
vt 0.144981 0.750000
vt 0.140734 0.750000
vt 0.156885 0.750000
vt 0.152638 0.750000
vt 0.168790 0.750000
vt 0.164543 0.750000
vt 0.180695 0.750000
vt 0.176448 0.750000
vt 0.192600 0.750000
vt 0.188353 0.750000
vt 0.204504 0.750000
vt 0.200257 0.750000
vt 0.216409 0.750000
vt 0.212162 0.750000
vt 0.228314 0.750000
vt 0.224067 0.750000
vt 0.240219 0.750000
vt 0.235972 0.750000
vt 0.252123 0.750000
vt 0.247877 0.750000
vt 0.264028 0.750000
vt 0.259781 0.750000
vt 0.275933 0.750000
vt 0.271686 0.750000
vt 0.287838 0.750000
vt 0.283591 0.750000
vt 0.299743 0.750000
vt 0.295496 0.750000
vt 0.311647 0.750000
vt 0.307400 0.750000
vt 0.323552 0.750000
vt 0.319305 0.750000
vt 0.335457 0.750000
vt 0.331210 0.750000
vt 0.347362 0.750000
vt 0.343115 0.750000
vt 0.359266 0.750000
vt 0.355019 0.750000
vt 0.633076 0.750000
vt 0.656885 0.750000
vt 0.652638 0.750000
vt 0.668790 0.750000
vt 0.664543 0.750000
vt 0.680695 0.750000
vt 0.676448 0.750000
vt 0.704504 0.750000
vt 0.700257 0.750000
vt 0.716409 0.750000
vt 0.712162 0.750000
vt 0.728314 0.750000
vt 0.724067 0.750000
vt 0.752123 0.750000
vt 0.747877 0.750000
vt 0.764028 0.750000
vt 0.759781 0.750000
vt 0.775933 0.750000
vt 0.771686 0.750000
vt 0.799742 0.750000
vt 0.795496 0.750000
vt 0.811647 0.750000
vt 0.807400 0.750000
vt 0.823552 0.750000
vt 0.819305 0.750000
vt 0.847362 0.750000
vt 0.843115 0.750000
vt 0.859266 0.750000
vt 0.855019 0.750000
vt 0.125000 0.552782
vt 0.125000 0.530551
vt 0.125000 0.664823
vt 0.875000 0.697223
vt 0.875000 0.719444
vt 0.875000 0.585177
vt 0.125000 0.585177
vt 0.125000 0.634259
vt 0.125000 0.634259
vt 0.875000 0.664823
vt 0.875000 0.615741
vt 0.125000 0.615741
vt 0.125000 0.629269
vt 0.125000 0.620730
vt 0.875000 0.634259
vt 0.875000 0.634259
vt 0.875000 0.620730
vt 0.875000 0.629269
vt 0.831210 0.500000
vt 0.835457 0.500000
vt 0.783591 0.500000
vt 0.787838 0.500000
vt 0.735972 0.500000
vt 0.740219 0.500000
vt 0.688353 0.500000
vt 0.692600 0.500000
vt 0.640734 0.500000
vt 0.644981 0.500000
vt 0.644981 0.750000
vt 0.640734 0.750000
vt 0.692600 0.750000
vt 0.688353 0.750000
vt 0.740219 0.750000
vt 0.735972 0.750000
vt 0.787838 0.750000
vt 0.783591 0.750000
vt 0.835457 0.750000
vt 0.831210 0.750000
vt 0.839286 0.750000
vt 0.684524 0.750000
vt 0.696429 0.750000
vt 0.648810 0.500000
vt 0.636905 0.500000
vt 0.779762 0.500000
vt 0.732143 0.750000
vt 0.732143 0.750000
vt 0.744048 0.750000
vt 0.744048 0.750000
vt 0.378829 0.030556
s 1
f 105/1/1 10/2/1 380/3/1 607/4/1
f 22/5/1 190/6/1 402/7/1 390/8/1
f 396/9/1 404/10/1 276/11/1 16/12/1
f 372/13/2 619/14/2 196/15/2 1/16/2
f 381/17/3 393/18/3 18/19/3 13/20/3
f 8/21/4 11/22/4 108/23/4 102/24/4
f 20/25/3 23/26/3 389/27/3 385/28/3
f 562/29/1 568/30/1 344/31/1 341/32/1
f 415/33/5 281/34/5 1598/35/5 1628/36/5
f 440/37/1 448/38/1 294/39/1 291/40/1
f 298/41/6 296/42/6 1599/42/6 1602/43/6
f 1649/44/1 1619/45/1 1756/46/1 1753/47/1
f 459/48/5 299/49/5 1604/50/5 1634/51/5
f 484/52/1 492/53/1 312/54/1 309/55/1
f 316/56/6 314/57/6 1605/58/6 1608/59/6
f 186/60/5 409/61/5 1660/62/5 1588/63/5
f 503/64/5 317/65/5 1610/66/5 1640/67/5
f 528/68/1 536/69/1 330/70/1 327/71/1
f 334/72/6 332/73/6 1611/74/6 1614/75/6
f 159/76/1 156/77/1 490/78/1 476/79/1
f 547/80/5 335/81/5 1616/82/5 1646/83/5
f 572/84/1 580/85/1 348/86/1 345/87/1
f 352/88/6 350/89/6 1801/90/6 1783/91/6
f 552/92/1 558/93/1 340/94/1 336/95/1
f 591/96/5 353/97/5 1782/98/5 1807/99/5
f 367/100/2 618/101/2 930/102/2 697/103/2
f 612/104/1 374/105/1 6/106/1 364/107/1
f 203/108/6 355/109/6 357/110/6 202/111/6
f 207/112/6 351/113/6 356/114/6 206/115/6
f 211/116/6 346/117/6 347/118/6 210/119/6
f 215/120/6 342/121/6 343/122/6 214/123/6
f 219/124/6 337/125/6 339/126/6 218/127/6
f 223/128/6 333/129/6 338/130/6 222/131/6
f 227/132/6 328/133/6 329/134/6 226/135/6
f 231/136/6 324/137/6 325/138/6 230/139/6
f 235/140/6 319/141/6 321/142/6 234/143/6
f 239/144/6 315/145/6 320/146/6 238/147/6
f 243/148/6 310/149/6 311/150/6 242/151/6
f 247/152/6 306/153/6 307/154/6 246/155/6
f 251/156/6 301/157/6 303/158/6 250/159/6
f 255/160/6 297/161/6 302/162/6 254/163/6
f 259/164/6 292/165/6 293/166/6 258/167/6
f 263/168/6 288/169/6 289/170/6 262/171/6
f 267/172/6 283/173/6 285/174/6 266/175/6
f 272/176/6 279/177/6 284/178/6 270/179/6
f 280/180/6 278/181/6 1593/182/6 1596/183/6
f 695/184/2 382/185/2 15/186/2 274/187/2
f 692/188/2 696/189/2 273/190/2 269/191/2
f 687/192/2 691/193/2 268/194/2 265/195/2
f 684/196/2 688/197/2 264/198/2 261/199/2
f 679/200/2 683/201/2 260/202/2 257/203/2
f 676/204/2 680/205/2 256/206/2 253/207/2
f 671/208/2 675/209/2 252/210/2 249/211/2
f 668/212/2 672/213/2 248/214/2 245/215/2
f 663/216/2 667/217/2 244/218/2 241/219/2
f 660/220/2 664/221/2 240/222/2 237/223/2
f 655/224/2 659/225/2 236/226/2 233/227/2
f 652/228/2 656/229/2 232/230/2 229/231/2
f 647/232/2 651/233/2 228/234/2 225/235/2
f 644/236/2 648/237/2 224/238/2 221/239/2
f 639/240/2 643/241/2 220/242/2 217/243/2
f 636/244/2 640/245/2 216/246/2 213/247/2
f 631/248/2 635/249/2 212/250/2 209/251/2
f 628/252/2 632/253/2 208/254/2 205/255/2
f 623/256/2 627/257/2 204/258/2 201/259/2
f 620/260/2 624/261/2 200/262/2 197/263/2
f 9/264/2 101/265/2 617/266/2 366/267/2
f 109/268/1 106/269/1 611/270/1 598/271/1
f 104/272/2 98/273/2 622/274/2 618/275/2
f 97/276/2 94/277/2 625/278/2 621/279/2
f 93/280/2 90/281/2 630/282/2 626/283/2
f 89/284/2 86/285/2 633/286/2 629/287/2
f 85/288/2 82/289/2 638/290/2 634/291/2
f 81/292/2 78/293/2 641/294/2 637/295/2
f 77/296/2 74/297/2 646/298/2 642/299/2
f 73/300/2 70/301/2 649/302/2 645/303/2
f 69/304/2 66/305/2 654/306/2 650/307/2
f 65/308/2 62/309/2 657/310/2 653/311/2
f 61/312/2 58/313/2 662/314/2 658/315/2
f 57/316/2 54/317/2 665/318/2 661/319/2
f 53/320/2 50/321/2 670/322/2 666/323/2
f 49/324/2 46/325/2 673/326/2 669/327/2
f 45/328/2 42/329/2 678/330/2 674/331/2
f 41/332/2 38/333/2 681/334/2 677/335/2
f 37/336/2 34/337/2 686/338/2 682/339/2
f 33/340/2 30/341/2 689/342/2 685/343/2
f 32/344/4 188/345/4 192/346/4 27/347/4
f 36/348/4 183/349/4 189/350/4 31/351/4
f 1009/352/5 1021/353/5 711/354/5 699/355/5
f 40/356/4 179/357/4 184/358/4 35/359/4
f 44/360/4 175/361/4 180/362/4 39/363/4
f 686/364/2 690/365/2 1002/366/2 998/367/2
f 48/368/4 170/369/4 176/370/4 43/371/4
f 52/372/4 165/373/4 171/374/4 47/375/4
f 678/376/2 682/377/2 994/378/2 990/379/2
f 56/380/4 161/381/4 166/382/4 51/383/4
f 60/384/4 157/385/4 162/386/4 55/387/4
f 670/388/2 674/389/2 986/390/2 982/391/2
f 64/392/4 152/393/4 158/394/4 59/395/4
f 68/396/4 147/397/4 153/398/4 63/399/4
f 662/400/2 666/401/2 978/402/2 974/403/2
f 72/404/4 143/405/4 148/406/4 67/407/4
f 76/408/4 139/409/4 144/410/4 71/411/4
f 654/412/2 658/413/2 970/414/2 966/415/2
f 80/416/4 134/417/4 140/418/4 75/419/4
f 84/420/4 129/421/4 135/422/4 79/423/4
f 646/424/2 650/425/2 962/426/2 958/427/2
f 88/428/4 125/429/4 130/430/4 83/431/4
f 92/432/4 121/433/4 126/434/4 87/435/4
f 638/436/2 642/437/2 954/438/2 950/439/2
f 96/440/4 116/441/4 122/442/4 91/443/4
f 100/444/4 111/445/4 117/446/4 95/447/4
f 630/448/2 634/449/2 946/450/2 942/451/2
f 103/452/4 107/453/4 112/454/4 99/455/4
f 365/456/5 377/457/5 12/458/5 7/459/5
f 928/460/1 705/461/1 375/462/1 616/463/1
f 113/464/1 110/465/1 597/466/1 586/467/1
f 472/468/5 794/469/5 1345/470/5 1348/471/5
f 118/472/4 115/473/4 1832/474/4 1847/472/4
f 599/475/6 610/476/6 1401/477/6 1404/478/6
f 1704/479/4 1650/480/4 1755/479/4 1774/481/4
f 1117/482/4 1109/483/4 1507/484/4 1512/485/4
f 573/486/3 119/487/3 1851/488/3 1838/486/3
f 590/489/6 574/490/6 1837/491/6 1823/492/6
f 131/493/1 128/494/1 553/495/1 542/496/1
f 829/497/5 512/498/5 1419/499/5 1462/500/5
f 136/501/4 133/502/4 1569/503/4 1572/504/4
f 555/505/6 567/506/6 1409/507/6 1412/508/6
f 295/509/3 447/510/3 1631/511/3 1600/512/3
f 1170/513/7 1176/514/7 866/515/8 857/516/8
f 529/517/3 137/518/3 1574/518/3 1675/519/3
f 546/520/6 530/521/6 1677/522/6 1679/523/6
f 149/524/1 146/525/1 509/526/1 498/527/1
f 584/528/4 592/529/4 1811/530/4 1793/531/4
f 154/532/4 151/533/4 1575/534/4 1578/535/4
f 511/536/6 523/537/6 1417/538/6 1420/539/6
f 1684/540/6 1709/541/6 1768/542/6 1763/540/6
f 784/543/3 462/544/3 1343/544/3 1342/545/3
f 485/546/3 155/547/3 1580/548/3 1669/549/3
f 502/550/6 486/551/6 1671/552/6 1673/553/6
f 167/554/1 164/555/1 465/556/1 454/557/1
f 1246/558/2 1250/559/2 1252/560/2 1248/561/2
f 172/562/4 169/563/4 1581/564/4 1584/565/4
f 467/566/6 479/567/6 1425/568/6 1428/569/6
f 1623/570/1 1653/571/1 1729/572/1 1732/98/1
f 888/573/1 895/574/1 581/575/1 571/576/1
f 441/577/3 173/578/3 1586/579/3 1663/580/3
f 458/581/6 442/582/6 1665/583/6 1667/584/6
f 185/585/1 182/586/1 421/587/1 410/588/1
f 1134/589/3 1138/590/3 1519/591/3 1518/592/3
f 193/593/4 187/594/4 1587/595/4 1590/596/4
f 423/597/6 435/598/6 1433/599/6 1436/600/6
f 163/601/1 160/602/1 475/603/1 466/604/1
f 543/605/1 557/606/1 873/607/1 860/608/1
f 29/609/2 26/610/2 694/611/2 690/612/2
f 414/613/6 398/614/6 1659/614/6 1661/613/6
f 14/615/6 17/616/6 275/617/6 271/618/6
f 608/619/1 379/620/1 709/621/1 920/622/1
f 28/623/4 191/624/4 24/625/4 19/626/4
f 716/627/3 726/628/3 394/629/3 384/630/3
f 25/631/2 21/632/2 388/633/2 693/634/2
f 694/635/2 387/636/2 717/637/2 1006/638/2
f 195/639/6 361/640/6 5/641/6 2/642/6
f 370/643/5 376/644/5 708/645/5 702/646/5
f 701/647/2 932/648/2 620/649/2 371/650/2
f 698/651/2 929/652/2 1241/653/2 1010/651/2
f 391/654/1 401/655/1 733/656/1 721/657/1
f 1319/658/2 1026/659/2 714/660/2 1007/658/2
f 386/661/3 392/662/3 724/663/3 718/664/3
f 719/665/9 723/666/10 1033/667/11 1029/668/9
f 1008/669/2 713/670/2 383/671/2 696/672/2
f 921/673/12 712/674/13 1024/675/13 1231/673/14
f 725/676/1 735/677/1 405/678/1 395/679/1
f 743/680/4 730/681/4 1441/681/4 1444/680/4
f 841/682/12 852/683/12 1161/684/15 1152/685/14
f 738/686/6 745/687/6 1325/688/6 1322/689/6
f 412/690/3 739/691/3 1443/692/3 1438/693/3
f 763/694/4 750/695/4 1445/696/4 1448/697/4
f 450/698/5 774/699/5 1337/700/5 1340/701/5
f 758/702/6 765/703/6 1333/704/6 1330/705/6
f 434/706/3 759/707/3 1447/708/3 1434/709/3
f 783/710/4 770/711/4 1449/711/4 1452/710/4
f 1137/712/4 1129/713/4 1515/714/4 1520/715/4
f 778/716/6 785/717/6 1341/718/6 1338/719/6
f 456/720/3 779/721/3 1451/722/3 1430/723/3
f 803/724/4 790/725/4 1453/726/4 1456/724/4
f 1223/727/6 1234/728/6 1557/729/6 1554/727/6
f 798/730/6 805/731/6 1349/732/6 1346/733/6
f 478/734/3 799/735/3 1455/736/3 1426/737/3
f 823/738/4 810/739/4 1457/740/4 1460/738/4
f 849/741/5 532/742/5 1415/743/5 1466/744/5
f 818/745/6 825/746/6 1357/747/6 1354/748/6
f 500/749/3 819/750/3 1459/751/3 1422/752/3
f 831/753/16 842/754/16 1151/755/17 1142/753/18
f 1150/756/19 1156/757/20 846/757/21 837/756/22
f 838/758/6 845/759/6 1365/760/6 1362/761/6
f 522/762/3 839/763/3 1463/764/3 1418/765/3
f 851/766/23 862/767/23 1171/768/24 1162/769/25
f 569/770/4 561/771/4 1379/772/4 1384/770/4
f 858/773/6 865/774/6 1373/775/6 1370/773/6
f 544/776/3 859/777/3 1467/778/3 1414/779/3
f 883/780/4 870/781/4 1469/782/4 1472/783/4
f 764/784/3 438/785/3 1335/785/3 1334/786/3
f 878/787/6 885/788/6 1381/788/6 1378/789/6
f 566/790/3 879/791/3 1471/792/3 1410/793/3
f 903/794/4 890/795/4 1473/796/4 1476/797/4
f 1228/798/5 1224/799/5 1553/800/5 1556/801/5
f 898/802/6 905/803/6 1389/804/6 1386/805/6
f 588/806/3 899/807/3 1475/808/3 1406/809/3
f 923/810/4 910/811/4 1477/812/4 1480/813/4
f 868/814/1 875/815/1 559/816/1 551/817/1
f 918/818/6 925/819/6 1397/820/6 1394/821/6
f 700/822/5 710/823/5 378/824/5 368/825/5
f 1236/826/8 1018/827/26 706/828/26 927/826/8
f 933/829/2 937/830/2 1249/831/2 1245/829/2
f 936/832/2 940/833/2 628/834/2 624/835/2
f 938/836/2 942/837/2 1254/838/2 1250/839/2
f 941/840/2 945/841/2 1257/842/2 1253/840/2
f 944/843/2 948/844/2 636/845/2 632/846/2
f 946/847/2 950/848/2 1262/849/2 1258/850/2
f 949/851/2 953/852/2 1265/853/2 1261/854/2
f 952/855/2 956/856/2 644/857/2 640/858/2
f 954/859/2 958/860/2 1270/861/2 1266/862/2
f 957/863/2 961/864/2 1273/865/2 1269/866/2
f 960/867/2 964/868/2 652/869/2 648/870/2
f 962/871/2 966/872/2 1278/873/2 1274/874/2
f 965/875/2 969/876/2 1281/876/2 1277/875/2
f 968/877/2 972/878/2 660/879/2 656/880/2
f 970/881/2 974/882/2 1286/883/2 1282/884/2
f 973/885/2 977/886/2 1289/886/2 1285/887/2
f 976/888/2 980/889/2 668/890/2 664/891/2
f 978/892/2 982/893/2 1294/894/2 1290/895/2
f 981/896/2 985/897/2 1297/898/2 1293/896/2
f 984/899/2 988/900/2 676/901/2 672/902/2
f 986/903/2 990/904/2 1302/905/2 1298/906/2
f 989/907/2 993/908/2 1305/909/2 1301/910/2
f 992/911/2 996/912/2 684/913/2 680/914/2
f 994/915/2 998/916/2 1310/917/2 1306/918/2
f 997/919/2 1001/920/2 1313/921/2 1309/922/2
f 1000/923/2 1004/924/2 692/925/2 688/926/2
f 1002/927/2 1006/928/2 1318/929/2 1314/930/2
f 1014/931/5 1020/932/5 1022/933/5 1012/934/5
f 1316/930/2 1320/935/2 1008/936/2 1004/937/2
f 1311/938/2 1315/939/2 1003/940/2 999/941/2
f 1723/942/4 1725/473/4 1561/474/4 1565/472/4
f 1308/918/2 1312/917/2 1000/943/2 996/944/2
f 1303/945/2 1307/946/2 995/947/2 991/945/2
f 1310/948/2 1314/949/2 1316/950/2 1312/951/2
f 1300/906/2 1304/952/2 992/953/2 988/954/2
f 1295/955/2 1299/956/2 987/957/2 983/958/2
f 1302/959/2 1306/960/2 1308/961/2 1304/962/2
f 1292/895/2 1296/963/2 984/964/2 980/965/2
f 1287/966/2 1291/967/2 979/967/2 975/966/2
f 1294/968/2 1298/969/2 1300/970/2 1296/971/2
f 1284/972/2 1288/973/2 976/974/2 972/975/2
f 1279/976/2 1283/977/2 971/978/2 967/979/2
f 1286/980/2 1290/981/2 1292/982/2 1288/983/2
f 1276/984/2 1280/985/2 968/986/2 964/987/2
f 1271/988/2 1275/989/2 963/990/2 959/988/2
f 1278/991/2 1282/992/2 1284/993/2 1280/994/2
f 1268/995/2 1272/996/2 960/997/2 956/998/2
f 1263/999/2 1267/1000/2 955/1001/2 951/1002/2
f 1270/1003/2 1274/1004/2 1276/1005/2 1272/1006/2
f 1260/1007/2 1264/1008/2 952/1009/2 948/1010/2
f 1255/1011/2 1259/1012/2 947/1013/2 943/1014/2
f 1262/1015/2 1266/1016/2 1268/1017/2 1264/1018/2
f 1252/1019/2 1256/1020/2 944/1021/2 940/1022/2
f 1247/1023/2 1251/1024/2 939/1025/2 935/1026/2
f 1254/1027/2 1258/1028/2 1260/1029/2 1256/1030/2
f 1244/1031/2 1248/1032/2 936/1033/2 932/1034/2
f 703/1035/5 707/1036/5 1017/1036/5 1013/1037/5
f 1232/1038/1 1023/1039/1 1019/1040/1 1240/1041/1
f 1230/1042/7 1237/1043/7 926/1044/8 917/1042/8
f 1154/1045/3 1158/1046/3 1527/1047/3 1526/1048/3
f 1220/1049/8 1226/1050/8 916/1051/8 907/1049/8
f 1214/1052/3 1218/1053/3 1551/1054/3 1550/1055/3
f 1210/1056/7 1216/1057/7 906/1058/8 897/1056/8
f 565/1059/1 577/1060/1 893/1061/1 880/1062/1
f 1200/1063/8 1206/1064/8 896/1065/8 887/1063/8
f 1208/1066/5 1204/1067/5 1545/1068/5 1548/1066/5
f 1190/1069/7 1196/1070/7 886/1071/8 877/1069/8
f 821/1072/27 832/1073/27 1141/1074/28 1132/1072/29
f 1180/1075/8 1186/1076/8 876/1077/8 867/1078/8
f 1188/1079/5 1184/1080/5 1537/1081/5 1540/1082/5
f 863/1083/4 850/1084/4 1465/1085/4 1468/1086/4
f 428/1087/5 754/1088/5 1329/1089/5 1332/1090/5
f 1160/1091/8 1166/1092/8 856/1092/8 847/1091/8
f 1168/1093/5 1164/1094/5 1529/1095/5 1532/1096/5
f 843/1097/4 830/1098/4 1461/1098/4 1464/1099/4
f 1157/1100/4 1149/1101/4 1523/1102/4 1528/1103/4
f 1140/1104/30 1146/1105/31 836/1106/32 827/1104/33
f 1148/1107/5 1144/1108/5 1521/1109/5 1524/1110/5
f 1130/1111/7 1136/1112/7 826/1113/8 817/1111/8
f 1203/1114/6 1215/1115/6 1549/1116/6 1546/1117/6
f 1120/1118/8 1126/1119/8 816/1120/8 807/1118/8
f 1128/1121/5 1124/1122/5 1513/1123/5 1516/1124/5
f 1110/1125/7 1116/1126/7 806/1127/8 797/1125/8
f 869/1128/5 556/1129/5 1411/1130/5 1470/1131/5
f 1100/1132/8 1106/1133/8 796/1134/8 787/1135/8
f 1108/1136/5 1104/1137/5 1505/1138/5 1508/1139/5
f 1090/1140/7 1096/1141/7 786/1142/8 777/1143/8
f 811/1144/23 822/1145/23 1131/1145/24 1122/1144/25
f 1080/1146/8 1086/1147/8 776/1148/8 767/1149/8
f 1088/1150/5 1084/1151/5 1497/1152/5 1500/1153/5
f 1070/1154/7 1076/1155/7 766/1156/8 757/1157/8
f 540/1158/4 548/1159/4 1648/1160/4 1644/1161/4
f 1060/1162/8 1066/1163/8 756/1164/8 747/1165/8
f 1068/1166/5 1064/1167/5 1489/1168/5 1492/1169/5
f 1050/1170/7 1056/1171/7 746/1172/8 737/1173/8
f 744/1174/3 418/1175/3 1327/1176/3 1326/1177/3
f 1040/1178/26 1046/1179/8 736/1180/8 728/1178/26
f 1048/1181/5 1044/1182/5 1481/1183/5 1484/1181/5
f 1025/1184/3 1037/1185/3 727/1186/3 715/1187/3
f 1030/1188/3 1036/1189/3 1038/1190/3 1028/1191/3
f 722/1192/13 732/1193/12 1041/1194/15 1034/1192/13
f 1035/1195/1 1045/1196/1 1047/1197/1 1039/1198/1
f 1005/1199/2 720/1200/2 1032/1201/2 1317/1199/2
f 1318/1202/2 1031/1203/2 1027/1204/2 1320/1205/2
f 1016/1206/2 1243/1207/2 931/1208/2 704/1206/2
f 1011/1209/2 1242/1210/2 1244/1211/2 1015/1212/2
f 861/1213/12 872/1214/12 1181/1215/15 1172/1216/14
f 521/1217/1 533/1218/1 853/1219/1 840/1220/1
f 1114/1221/3 1118/1222/3 1511/1223/3 1510/1224/3
f 908/1225/1 915/1226/1 603/1227/1 595/1228/1
f 804/1229/3 482/1230/3 1351/1231/3 1350/1232/3
f 614/1233/4 605/1234/4 1395/1234/4 1400/1235/4
f 871/1236/16 882/1237/16 1191/1238/17 1182/1239/18
f 809/1240/5 488/1241/5 1423/1242/5 1458/1243/5
f 1097/1244/4 1089/1245/4 1499/1246/4 1504/1244/4
f 494/1247/5 814/1248/5 1353/1249/5 1356/1250/5
f 881/1251/12 892/1252/12 1201/1253/15 1192/1254/14
f 499/1255/1 513/1256/1 833/1257/1 820/1258/1
f 1094/1259/3 1098/1260/3 1503/1261/3 1502/1262/3
f 622/1263/2 626/1264/2 938/1265/2 934/1266/2
f 824/1267/3 506/1268/3 1359/1268/3 1358/1269/3
f 891/1270/23 902/1271/23 1211/1272/24 1202/1270/25
f 789/1273/5 468/1274/5 1427/1275/5 1454/1276/5
f 1077/1277/4 1069/1278/4 1491/1279/4 1496/1277/4
f 516/1280/5 834/1281/5 1361/1282/5 1364/1283/5
f 901/1284/12 912/1285/12 1221/1286/15 1212/1287/14
f 477/1288/1 489/1289/1 813/1290/1 800/1291/1
f 1074/1292/3 1078/1293/3 1495/1294/3 1494/1295/3
f 844/1296/3 526/1297/3 1367/1297/3 1366/1298/3
f 1043/1299/6 1055/1300/6 1485/1300/6 1482/1301/6
f 911/1302/23 922/1303/23 1235/1304/24 1222/1305/25
f 769/1306/5 444/1307/5 1431/1308/5 1450/1309/5
f 1057/1310/4 1049/1311/4 1483/1312/4 1488/1313/4
f 538/1314/5 854/1315/5 1369/1316/5 1372/1317/5
f 930/1318/2 934/1319/2 1246/1320/2 1242/1321/2
f 455/1322/1 469/1323/1 793/1324/1 780/1325/1
f 1054/1326/3 1058/1327/3 1487/1328/3 1486/1329/3
f 1053/1330/1 1065/1331/1 1067/1332/1 1059/1333/1
f 864/1334/3 550/1335/3 1375/1335/3 1374/1336/3
f 1063/1337/6 1075/1338/6 1493/1338/6 1490/1339/6
f 749/1340/5 424/1341/5 1435/1342/5 1446/1343/5
f 560/1344/5 874/1345/5 1377/1346/5 1380/1347/5
f 433/1348/1 445/1349/1 773/1350/1 760/1351/1
f 1073/1352/1 1085/1353/1 1087/1354/1 1079/1355/1
f 884/1356/3 570/1357/3 1383/1358/3 1382/1359/3
f 408/1360/4 416/1361/4 1630/1361/4 1626/1362/4
f 1083/1363/6 1095/1364/6 1501/1364/6 1498/1365/6
f 729/1366/5 400/1367/5 1439/1368/5 1442/1369/5
f 582/1370/5 894/1371/5 1385/1372/5 1388/1373/5
f 411/1374/1 425/1375/1 753/1376/1 740/1377/1
f 748/1378/1 755/1379/1 427/1380/1 419/1381/1
f 1093/1382/1 1105/1383/1 1107/1384/1 1099/1385/1
f 904/1386/3 594/1387/3 1391/1387/3 1390/1388/3
f 437/1389/4 429/1390/4 1331/1391/4 1336/1389/4
f 1103/1392/6 1115/1393/6 1509/1393/6 1506/1394/6
f 604/1395/5 914/1396/5 1393/1397/5 1396/1398/5
f 768/1399/1 775/1400/1 449/1401/1 439/1402/1
f 1113/1403/1 1125/1404/1 1127/1405/1 1119/1406/1
f 924/1407/3 615/1408/3 1399/1408/3 1398/1409/3
f 452/1410/4 460/1411/4 1636/1412/4 1632/1410/4
f 731/1413/23 742/1414/23 1051/1415/24 1042/1413/25
f 1123/1416/6 1135/1417/6 1517/1418/6 1514/1416/6
f 1238/1419/4 1229/1420/4 1555/1421/4 1560/1422/4
f 741/1423/12 752/1424/12 1061/1425/15 1052/1423/14
f 1233/1426/3 1239/1427/3 1559/1428/3 1558/1429/3
f 788/1430/1 795/1431/1 471/1432/1 463/1433/1
f 1133/1434/1 1145/1435/1 1147/1436/1 1139/1437/1
f 481/1438/4 473/1439/4 1347/1440/4 1352/1441/4
f 751/1442/23 762/1443/23 1071/1444/24 1062/1442/25
f 1143/1445/6 1155/1446/6 1525/1447/6 1522/1445/6
f 1217/1448/4 1209/1449/4 1547/1450/4 1552/1451/4
f 761/1452/12 772/1453/12 1081/1454/15 1072/1452/14
f 1213/1455/1 1225/1456/1 1227/1457/1 1219/1458/1
f 808/1459/1 815/1460/1 493/1461/1 483/1462/1
f 1153/1463/1 1165/1464/1 1167/1465/1 1159/1466/1
f 771/1467/16 782/1468/16 1091/1469/17 1082/1467/18
f 496/1470/4 504/1471/4 1642/1472/4 1638/1473/4
f 1163/1474/6 1175/1475/6 1533/1476/6 1530/1474/6
f 909/1477/5 600/1478/5 1403/1479/5 1478/1480/5
f 1197/1481/4 1189/1482/4 1539/1483/4 1544/1481/4
f 781/1484/12 792/1485/12 1101/1486/15 1092/1484/14
f 609/1487/3 919/1488/3 1479/1489/3 1402/1490/3
f 1194/1491/3 1198/1492/3 1543/1493/3 1542/1494/3
f 828/1495/1 835/1496/1 515/1497/1 507/1498/1
f 1173/1499/1 1185/1500/1 1187/1501/1 1179/1502/1
f 525/1503/4 517/1504/4 1363/1505/4 1368/1506/4
f 791/1507/23 802/1508/23 1111/1509/24 1102/1507/25
f 889/1510/5 576/1511/5 1407/1512/5 1474/1513/5
f 1183/1514/6 1195/1515/6 1541/1516/6 1538/1517/6
f 1177/1518/4 1169/1519/4 1531/1520/4 1536/1518/4
f 406/1521/5 734/1522/5 1321/1523/5 1324/1524/5
f 801/1525/27 812/1526/27 1121/1527/28 1112/1528/29
f 587/1529/1 601/1530/1 913/1531/1 900/1532/1
f 1174/1533/3 1178/1534/3 1535/1535/3 1534/1536/3
f 848/1537/1 855/1538/1 537/1539/1 527/1540/1
f 1193/1541/1 1205/1542/1 1207/1543/1 1199/1544/1
f 1633/1545/1 1635/1546/1 1603/1547/1 1601/1548/1
f 1639/1549/1 1641/1550/1 1609/1551/1 1607/1552/1
f 1645/1553/1 1647/1554/1 1615/1555/1 1613/1556/1
f 1652/1557/1 1654/1558/1 1622/1559/1 1620/1560/1
f 1618/1561/6 1689/1561/6 1765/1562/6 1757/1561/6
f 1562/1563/4 1724/1564/4 1750/1565/4 1736/1566/4
f 1579/1567/1 1577/1568/1 1674/1569/1 1670/1570/1
f 1585/1571/1 1583/1572/1 1668/1573/1 1664/1574/1
f 1591/1575/1 1589/1576/1 1662/1577/1 1658/1578/1
f 1627/1579/1 1629/1580/1 1597/1581/1 1595/1582/1
f 420/1583/1 426/1584/1 286/1585/1 282/1586/1
f 487/1587/6 501/1588/6 1421/553/6 1424/1589/6
f 132/1590/5 541/1591/5 1678/1592/5 1570/1593/5
f 430/1594/1 436/1595/1 290/1596/1 287/1597/1
f 505/1471/4 495/1598/4 1355/1599/4 1360/1600/4
f 1567/487/1 1681/1601/1 1762/486/1 1759/488/1
f 181/1602/1 178/1603/1 431/1604/1 422/1605/1
f 313/1606/3 491/1607/3 1637/1608/3 1606/1609/3
f 1714/1610/6 1686/1611/6 1740/1612/6 1747/1610/6
f 399/1613/6 413/613/6 1437/613/6 1440/614/6
f 1791/1614/4 1813/1615/4 1701/1615/4 1707/1614/4
f 417/1361/4 407/1362/4 1323/1360/4 1328/1361/4
f 464/1616/1 470/1617/1 304/1618/1 300/1619/1
f 177/1620/1 174/1621/1 446/1622/1 432/1623/1
f 150/1624/5 497/1625/5 1672/1626/5 1576/1624/5
f 145/1627/1 142/1628/1 519/1629/1 510/1630/1
f 474/1631/1 480/1632/1 308/1633/1 305/1634/1
f 531/1635/6 545/1636/6 1413/523/6 1416/522/6
f 331/1637/3 535/1638/3 1643/1639/3 1612/1640/3
f 549/1641/4 539/1642/4 1371/1643/4 1376/1644/4
f 141/1645/1 138/1646/1 534/1647/1 520/1648/1
f 199/1649/6 360/1650/6 362/1651/6 198/1652/6
f 277/1653/3 403/1654/3 1625/1655/3 1594/1656/3
f 508/1657/1 514/1658/1 322/1659/1 318/1660/1
f 443/583/6 457/1661/6 1429/584/6 1432/583/6
f 168/1662/5 453/1663/5 1666/1664/5 1582/1665/5
f 518/1666/1 524/1667/1 326/1668/1 323/1669/1
f 461/1412/4 451/1670/4 1339/1671/4 1344/1411/4
f 397/1672/3 194/1673/3 1592/1674/3 1657/1675/3
f 1566/1676/1 1564/1677/1 1688/1678/1 1682/1679/1
f 1703/1680/2 1695/1681/2 1746/1682/2 1742/99/2
f 1693/45/2 1705/1683/2 1776/1684/2 1766/46/2
f 1802/1685/3 1787/1684/3 1706/44/3 1692/1686/3
f 1846/1687/3 1853/1688/3 1721/1689/3 1712/1601/3
f 1743/1690/5 1745/98/5 1733/98/5 1731/99/5
f 1852/472/4 1827/474/4 1726/474/4 1722/1691/4
f 1713/1692/2 1720/1693/2 1773/488/2 1769/1694/2
f 1821/1695/6 1842/1696/6 1711/1696/6 1717/1697/6
f 1767/1686/3 1775/1684/3 1754/44/3 1758/46/3
f 1752/1698/5 1748/1699/5 1739/1700/5 1737/1698/5
f 1831/1701/5 1817/1702/5 1716/1703/5 1727/1698/5
f 1685/1704/1 1563/1705/1 1735/1698/1 1738/1703/1
f 1781/1706/6 1803/1707/6 1691/1708/6 1697/1706/6
f 1694/1709/6 1624/1710/6 1734/1710/6 1744/1711/6
f 1718/1712/6 1710/1713/6 1683/1714/6 1687/492/6
f 1708/1715/4 1700/1615/4 1655/1716/4 1651/1717/4
f 1785/1718/6 1779/1718/6 1857/1718/6 1860/1718/6
f 1770/486/3 1772/488/3 1760/488/3 1764/486/3
f 1728/1719/2 1715/1720/2 1749/1703/2 1751/1698/2
f 1698/1706/6 1690/1708/6 1617/1721/6 1621/88/6
f 1573/1722/1 1571/1723/1 1680/1724/1 1676/1725/1
f 1812/1726/5 1777/570/5 1696/97/5 1702/99/5
f 1656/1727/4 1699/1728/4 1741/1729/4 1730/1728/4
f 1719/1730/4 1568/1730/4 1761/1731/4 1771/1730/4
f 593/1732/4 583/1614/4 1387/1733/4 1392/1734/4
f 1788/1735/1 1806/1736/1 1892/46/1 1882/44/1
f 349/1737/3 579/1735/3 1792/44/3 1797/46/3
f 1778/1738/1 1816/1726/1 1868/96/1 1858/98/1
f 596/1739/1 602/1740/1 358/1741/1 354/1742/1
f 1798/1736/2 1796/1735/2 1886/44/2 1888/46/2
f 606/1743/1 613/1744/1 363/1745/1 359/1746/1
f 1834/1701/2 1826/1699/2 1874/1747/2 1879/1698/2
f 127/1748/1 124/1749/1 563/1750/1 554/1751/1
f 1854/1689/1 1845/1752/1 1898/1601/1 1903/488/1
f 575/1753/6 589/1754/6 1405/1755/6 1408/1714/6
f 1818/1756/1 1830/1719/1 1877/1698/1 1870/1703/1
f 123/1757/1 120/1758/1 578/1759/1 564/1760/1
f 1829/1761/4 1835/1564/4 1878/1566/4 1875/1761/4
f 114/1698/5 585/1699/5 1822/1699/5 1833/1701/5
f 1844/541/6 1840/1762/6 1893/541/6 1896/541/6
f 1880/1763/5 1873/1747/5 1871/1764/5 1876/1765/5
f 1889/1736/3 1885/1684/3 1883/1766/3 1891/46/3
f 1808/99/2 1786/97/2 1862/98/2 1864/1767/2
f 1825/1768/6 1819/1610/6 1869/1612/6 1872/1610/6
f 1824/1695/6 1841/490/6 1843/1714/6 1820/1769/6
f 1795/1770/4 1789/481/4 1881/1770/4 1884/1770/4
f 1784/91/6 1800/1771/6 1804/1771/6 1780/1772/6
f 1848/472/4 1836/474/4 1828/1773/4 1856/942/4
f 1895/1774/3 1900/487/3 1904/488/3 1897/1601/3
f 1815/1729/4 1809/1775/4 1863/1775/4 1866/1729/4
f 1849/1776/4 1855/1777/4 1902/1730/4 1899/1730/4
f 1794/1778/4 1810/1732/4 1814/1779/4 1790/531/4
f 1865/1780/5 1861/1781/5 1859/1782/5 1867/99/5
f 1805/1783/6 1799/1561/6 1887/1561/6 1890/1783/6
f 1839/1784/2 1850/488/2 1901/488/2 1894/1785/2
f 1/16/34 2/1786/34 3/1787/34
f 4/1788/35 5/1789/35 6/1790/35
f 7/459/36 8/1791/36 9/1792/36
f 10/2/37 11/1793/37 12/1794/37
f 13/20/38 14/1795/38 15/1796/38
f 16/12/39 17/1797/39 18/1798/39
f 19/626/40 20/1799/40 21/1800/40
f 22/5/41 23/1801/41 24/1802/41
f 25/631/42 26/1803/42 27/1804/42 28/1805/42
f 29/609/42 30/1806/42 31/1807/42 32/1808/42
f 33/340/42 34/1809/42 35/1810/42 36/1811/42
f 37/336/42 38/1812/42 39/1813/42 40/1814/42
f 41/332/42 42/1815/42 43/1816/42 44/1817/42
f 45/328/42 46/1818/42 47/1819/42 48/1820/42
f 49/324/42 50/1821/42 51/1822/42 52/1823/42
f 53/320/42 54/1824/42 55/1825/42 56/1826/42
f 57/316/42 58/1827/42 59/1828/42 60/1829/42
f 61/312/42 62/1830/42 63/1831/42 64/1832/42
f 65/308/42 66/1833/42 67/1834/42 68/1835/42
f 69/304/42 70/1836/42 71/1837/42 72/1838/42
f 73/300/42 74/1839/42 75/1840/42 76/1841/42
f 77/296/42 78/1842/42 79/1843/42 80/1844/42
f 81/292/42 82/1845/42 83/1846/42 84/1847/42
f 85/288/42 86/1848/42 87/1849/42 88/1850/42
f 89/284/42 90/1851/42 91/1852/42 92/1853/42
f 93/280/42 94/1854/42 95/1855/42 96/1856/42
f 97/276/42 98/1857/42 99/1858/42 100/1859/42
f 101/265/42 102/1860/42 103/1861/42 104/1862/42
f 105/1/43 106/1863/43 107/1864/43 108/1865/43
f 109/268/43 110/1866/43 111/1867/43 112/1868/43
f 113/464/44 114/1698/44 115/1869/44 116/1869/44 117/1870/44
f 118/472/45 119/1730/45 120/1730/45 121/1730/45 122/472/45
f 123/1757/43 124/1871/43 125/1872/43 126/1873/43
f 127/1748/43 128/1874/43 129/1875/43 130/1876/43
f 131/493/44 132/1593/44 133/1877/44 134/1878/44 135/1879/44
f 136/501/45 137/1880/45 138/1880/45 139/1880/45 140/1881/45
f 141/1645/43 142/1882/43 143/1883/43 144/1884/43
f 145/1627/43 146/1885/43 147/1886/43 148/1887/43
f 149/524/44 150/1888/44 151/1889/44 152/1889/44 153/1890/44
f 154/532/45 155/1891/45 156/1891/45 157/1891/45 158/532/45
f 159/76/43 160/1892/43 161/1893/43 162/1894/43
f 163/601/43 164/1895/43 165/1896/43 166/1897/43
f 167/554/44 168/1662/44 169/1898/44 170/1899/44 171/1900/44
f 172/562/45 173/1901/45 174/1901/45 175/1901/45 176/1902/45
f 177/1620/43 178/1903/43 179/1904/43 180/1905/43
f 181/1602/43 182/1906/43 183/1907/43 184/1908/43
f 185/585/44 186/1909/44 187/1910/44 188/1910/44 189/1911/44
f 190/6/45 191/1912/45 192/1913/45 193/1913/45 194/1674/45
f 195/639/46 196/1914/46 197/1915/46 198/1916/46
f 199/1649/46 200/1917/46 201/1918/46 202/1919/46
f 203/108/46 204/1920/46 205/1921/46 206/1922/46
f 207/112/46 208/1923/46 209/1924/46 210/1925/46
f 211/116/46 212/1926/46 213/1927/46 214/1928/46
f 215/120/46 216/1929/46 217/1930/46 218/1931/46
f 219/124/46 220/1932/46 221/1933/46 222/1934/46
f 223/128/46 224/1935/46 225/1936/46 226/1937/46
f 227/132/46 228/1938/46 229/1939/46 230/1940/46
f 231/136/46 232/1941/46 233/1942/46 234/1943/46
f 235/140/46 236/1944/46 237/1945/46 238/1946/46
f 239/144/46 240/1947/46 241/1948/46 242/1949/46
f 243/148/46 244/1950/46 245/1951/46 246/1952/46
f 247/152/46 248/1953/46 249/1954/46 250/1955/46
f 251/156/46 252/1956/46 253/1957/46 254/1958/46
f 255/160/46 256/1959/46 257/1960/46 258/1961/46
f 259/164/46 260/1962/46 261/1963/46 262/1964/46
f 263/168/46 264/1965/46 265/1966/46 266/1967/46
f 267/172/46 268/1968/46 269/1969/46 270/1970/46
f 271/618/46 272/1971/46 273/1972/46 274/1973/46
f 275/617/47 276/1974/47 277/1975/47 278/1975/47 279/1976/47
f 280/180/48 281/1977/48 282/1977/48 283/1977/48 284/1978/48
f 285/174/49 286/1979/49 287/1980/49 288/1981/49
f 289/170/49 290/1982/49 291/1983/49 292/1984/49
f 293/166/47 294/1985/47 295/1986/47 296/1986/47 297/1987/47
f 298/41/48 299/1988/48 300/1988/48 301/1988/48 302/1989/48
f 303/158/49 304/1990/49 305/1991/49 306/1992/49
f 307/154/49 308/1993/49 309/1994/49 310/1995/49
f 311/150/47 312/1996/47 313/1997/47 314/1997/47 315/1998/47
f 316/56/48 317/1999/48 318/1999/48 319/1999/48 320/2000/48
f 321/142/49 322/2001/49 323/2002/49 324/2003/49
f 325/138/49 326/2004/49 327/2005/49 328/2006/49
f 329/134/47 330/2007/47 331/2008/47 332/2008/47 333/2009/47
f 334/72/48 335/2010/48 336/2010/48 337/2010/48 338/75/48
f 339/126/49 340/2011/49 341/2012/49 342/2013/49
f 343/122/49 344/2014/49 345/2015/49 346/2016/49
f 347/118/47 348/2017/47 349/1561/47 350/1561/47 351/2018/47
f 352/88/48 353/1710/48 354/1710/48 355/1710/48 356/91/48
f 357/110/49 358/2019/49 359/2020/49 360/2021/49
f 361/640/49 362/2022/49 363/2023/49 364/2024/49
f 365/456/50 366/2025/50 367/2026/50 368/2027/50
f 369/2028/50 370/2029/50 371/2030/50 372/2031/50
f 373/2032/51 374/2033/51 375/2034/51 376/2035/51
f 377/457/51 378/2036/51 379/2037/51 380/2038/51
f 381/17/52 382/185/52 383/671/52 384/630/52
f 385/28/52 386/661/52 387/636/52 388/633/52
f 389/27/53 390/8/53 391/654/53 392/662/53
f 393/18/53 394/629/53 395/679/53 396/9/53
f 397/1672/49 398/614/49 399/1613/49 400/1367/49 401/655/49 402/7/49
f 403/1654/43 404/10/43 405/678/43 406/1521/43 407/1362/43 408/1360/43
f 409/61/49 410/588/49 411/1374/49 412/690/49 413/613/49 414/613/49
f 415/33/43 416/1361/43 417/1361/43 418/1175/43 419/1381/43 420/1583/43
f 421/587/54 422/1605/54 423/597/54 424/1341/54 425/1375/54
f 426/1584/55 427/1380/55 428/1087/55 429/1390/55 430/1594/55
f 431/1604/56 432/1623/56 433/1348/56 434/706/56 435/598/56
f 436/1595/57 437/1389/57 438/785/57 439/1402/57 440/37/57
f 441/577/49 442/582/49 443/583/49 444/1307/49 445/1349/49 446/1622/49
f 447/510/43 448/38/43 449/1401/43 450/698/43 451/1670/43 452/1410/43
f 453/1663/49 454/557/49 455/1322/49 456/720/49 457/1661/49 458/581/49
f 459/48/43 460/1411/43 461/1412/43 462/544/43 463/1433/43 464/1616/43
f 465/556/54 466/604/54 467/566/54 468/1274/54 469/1323/54
f 470/1617/55 471/1432/55 472/468/55 473/1439/55 474/1631/55
f 475/603/56 476/79/56 477/1288/56 478/734/56 479/567/56
f 480/1632/57 481/1438/57 482/1230/57 483/1462/57 484/52/57
f 485/546/49 486/551/49 487/1587/49 488/1241/49 489/1289/49 490/78/49
f 491/1607/43 492/53/43 493/1461/43 494/1247/43 495/1598/43 496/1470/43
f 497/1625/49 498/527/49 499/1255/49 500/749/49 501/1588/49 502/550/49
f 503/64/43 504/1471/43 505/1471/43 506/1268/43 507/1498/43 508/1657/43
f 509/526/54 510/1630/54 511/536/54 512/498/54 513/1256/54
f 514/1658/55 515/1497/55 516/1280/55 517/1504/55 518/1666/55
f 519/1629/56 520/1648/56 521/1217/56 522/762/56 523/537/56
f 524/1667/57 525/1503/57 526/1297/57 527/1540/57 528/68/57
f 529/517/49 530/521/49 531/1635/49 532/742/49 533/1218/49 534/1647/49
f 535/1638/43 536/69/43 537/1539/43 538/1314/43 539/1642/43 540/1158/43
f 541/1591/49 542/496/49 543/605/49 544/776/49 545/1636/49 546/520/49
f 547/80/43 548/1159/43 549/1641/43 550/1335/43 551/817/43 552/92/43
f 553/495/54 554/1751/54 555/505/54 556/1129/54 557/606/54
f 558/93/55 559/816/55 560/1344/55 561/771/55 562/29/55
f 563/1750/56 564/1760/56 565/1059/56 566/790/56 567/506/56
f 568/30/57 569/770/57 570/1357/57 571/576/57 572/84/57
f 573/486/49 574/490/49 575/1753/49 576/1511/49 577/1060/49 578/1759/49
f 579/1735/43 580/85/43 581/575/43 582/1370/43 583/1614/43 584/528/43
f 585/1699/49 586/467/49 587/1529/49 588/806/49 589/1754/49 590/489/49
f 591/96/43 592/529/43 593/1732/43 594/1387/43 595/1228/43 596/1739/43
f 597/466/54 598/271/54 599/475/54 600/1478/54 601/1530/54
f 602/1740/55 603/1227/55 604/1395/55 605/1234/55 606/1743/55
f 607/4/56 608/619/56 609/1487/56 610/476/56 611/270/56
f 612/104/57 613/1744/57 614/1233/57 615/1408/57 616/463/57
f 697/103/50 698/2039/58 699/2040/58 700/2041/50
f 701/647/50 702/2042/50 703/2043/58 704/2044/58
f 705/461/51 706/2045/59 707/2046/59 708/2047/51
f 709/621/51 710/2048/51 711/2049/59 712/2050/59
f 713/670/52 714/660/60 715/1187/60 716/627/52
f 717/637/52 718/664/52 719/665/60 720/1200/60
f 721/657/53 722/1192/61 723/666/62 724/663/53
f 725/676/53 726/628/53 727/1186/63 728/1178/63
f 729/1366/55 730/681/55 731/1413/55 732/1193/55 733/656/55
f 734/1522/54 735/677/54 736/1180/54 737/1173/54 738/686/54
f 739/691/57 740/1377/57 741/1423/57 742/1414/57 743/680/57
f 744/1174/56 745/687/56 746/1172/56 747/1165/56 748/1378/56
f 749/1340/55 750/695/55 751/1442/55 752/1424/55 753/1376/55
f 754/1088/54 755/1379/54 756/1164/54 757/1157/54 758/702/54
f 759/707/57 760/1351/57 761/1452/57 762/1443/57 763/694/57
f 764/784/56 765/703/56 766/1156/56 767/1149/56 768/1399/56
f 769/1306/55 770/711/55 771/1467/55 772/1453/55 773/1350/55
f 774/699/54 775/1400/54 776/1148/54 777/1143/54 778/716/54
f 779/721/57 780/1325/57 781/1484/57 782/1468/57 783/710/57
f 784/543/56 785/717/56 786/1142/56 787/1135/56 788/1430/56
f 789/1273/55 790/725/55 791/1507/55 792/1485/55 793/1324/55
f 794/469/54 795/1431/54 796/1134/54 797/1125/54 798/730/54
f 799/735/57 800/1291/57 801/1525/57 802/1508/57 803/724/57
f 804/1229/56 805/731/56 806/1127/56 807/1118/56 808/1459/56
f 809/1240/55 810/739/55 811/1144/55 812/1526/55 813/1290/55
f 814/1248/54 815/1460/54 816/1120/54 817/1111/54 818/745/54
f 819/750/57 820/1258/57 821/1072/57 822/1145/57 823/738/57
f 824/1267/56 825/746/56 826/1113/56 827/1104/56 828/1495/56
f 829/497/55 830/1098/55 831/753/55 832/1073/55 833/1257/55
f 834/1281/54 835/1496/54 836/1106/54 837/756/54 838/758/54
f 839/763/57 840/1220/57 841/682/57 842/754/57 843/1097/57
f 844/1296/56 845/759/56 846/757/56 847/1091/56 848/1537/56
f 849/741/55 850/1084/55 851/766/55 852/683/55 853/1219/55
f 854/1315/54 855/1538/54 856/1092/54 857/516/54 858/773/54
f 859/777/57 860/608/57 861/1213/57 862/767/57 863/1083/57
f 864/1334/56 865/774/56 866/515/56 867/1078/56 868/814/56
f 869/1128/55 870/781/55 871/1236/55 872/1214/55 873/607/55
f 874/1345/54 875/815/54 876/1077/54 877/1069/54 878/787/54
f 879/791/57 880/1062/57 881/1251/57 882/1237/57 883/780/57
f 884/1356/56 885/788/56 886/1071/56 887/1063/56 888/573/56
f 889/1510/55 890/795/55 891/1270/55 892/1252/55 893/1061/55
f 894/1371/54 895/574/54 896/1065/54 897/1056/54 898/802/54
f 899/807/57 900/1532/57 901/1284/57 902/1271/57 903/794/57
f 904/1386/56 905/803/56 906/1058/56 907/1049/56 908/1225/56
f 909/1477/55 910/811/55 911/1302/55 912/1285/55 913/1531/55
f 914/1396/54 915/1226/54 916/1051/54 917/1042/54 918/818/54
f 919/1488/57 920/622/57 921/673/57 922/1303/57 923/810/57
f 924/1407/56 925/819/56 926/1044/56 927/826/56 928/460/56
f 1009/352/58 1010/2051/58 1011/2052/50 1012/2053/50
f 1013/1037/58 1014/2054/50 1015/2055/50 1016/2056/58
f 1017/1036/59 1018/2057/59 1019/2058/51 1020/2059/51
f 1021/353/59 1022/2060/51 1023/2061/51 1024/2062/59
f 1025/1184/60 1026/659/60 1027/1204/52 1028/1191/52
f 1029/668/60 1030/1188/52 1031/1203/52 1032/1201/60
f 1033/667/61 1034/1192/62 1035/1195/53 1036/1189/53
f 1037/1185/63 1038/1190/53 1039/1198/53 1040/1178/63
f 1041/1194/15 1042/1413/25 1043/1299/54 1044/1182/54 1045/1196/54
f 1046/1179/55 1047/1197/55 1048/1181/55 1049/1311/55 1050/1170/55
f 1051/1415/24 1052/1423/14 1053/1330/56 1054/1326/56 1055/1300/56
f 1056/1171/57 1057/1310/57 1058/1327/57 1059/1333/57 1060/1162/57
f 1061/1425/15 1062/1442/25 1063/1337/54 1064/1167/54 1065/1331/54
f 1066/1163/55 1067/1332/55 1068/1166/55 1069/1278/55 1070/1154/55
f 1071/1444/24 1072/1452/14 1073/1352/56 1074/1292/56 1075/1338/56
f 1076/1155/57 1077/1277/57 1078/1293/57 1079/1355/57 1080/1146/57
f 1081/1454/15 1082/1467/18 1083/1363/54 1084/1151/54 1085/1353/54
f 1086/1147/55 1087/1354/55 1088/1150/55 1089/1245/55 1090/1140/55
f 1091/1469/17 1092/1484/14 1093/1382/56 1094/1259/56 1095/1364/56
f 1096/1141/57 1097/1244/57 1098/1260/57 1099/1385/57 1100/1132/57
f 1101/1486/15 1102/1507/25 1103/1392/54 1104/1137/54 1105/1383/54
f 1106/1133/55 1107/1384/55 1108/1136/55 1109/483/55 1110/1125/55
f 1111/1509/24 1112/1528/29 1113/1403/56 1114/1221/56 1115/1393/56
f 1116/1126/57 1117/482/57 1118/1222/57 1119/1406/57 1120/1118/57
f 1121/1527/28 1122/1144/25 1123/1416/54 1124/1122/54 1125/1404/54
f 1126/1119/55 1127/1405/55 1128/1121/55 1129/713/55 1130/1111/55
f 1131/1145/24 1132/1072/29 1133/1434/56 1134/589/56 1135/1417/56
f 1136/1112/57 1137/712/57 1138/590/57 1139/1437/57 1140/1104/57
f 1141/1074/28 1142/753/18 1143/1445/54 1144/1108/54 1145/1435/54
f 1146/1105/55 1147/1436/55 1148/1107/55 1149/1101/55 1150/756/55
f 1151/755/17 1152/685/14 1153/1463/56 1154/1045/56 1155/1446/56
f 1156/757/57 1157/1100/57 1158/1046/57 1159/1466/57 1160/1091/57
f 1161/684/15 1162/769/25 1163/1474/54 1164/1094/54 1165/1464/54
f 1166/1092/55 1167/1465/55 1168/1093/55 1169/1519/55 1170/513/55
f 1171/768/24 1172/1216/14 1173/1499/56 1174/1533/56 1175/1475/56
f 1176/514/57 1177/1518/57 1178/1534/57 1179/1502/57 1180/1075/57
f 1181/1215/15 1182/1239/18 1183/1514/54 1184/1080/54 1185/1500/54
f 1186/1076/55 1187/1501/55 1188/1079/55 1189/1482/55 1190/1069/55
f 1191/1238/17 1192/1254/14 1193/1541/56 1194/1491/56 1195/1515/56
f 1196/1070/57 1197/1481/57 1198/1492/57 1199/1544/57 1200/1063/57
f 1201/1253/15 1202/1270/25 1203/1114/54 1204/1067/54 1205/1542/54
f 1206/1064/55 1207/1543/55 1208/1066/55 1209/1449/55 1210/1056/55
f 1211/1272/24 1212/1287/14 1213/1455/56 1214/1052/56 1215/1115/56
f 1216/1057/57 1217/1448/57 1218/1053/57 1219/1458/57 1220/1049/57
f 1221/1286/15 1222/1305/25 1223/727/54 1224/799/54 1225/1456/54
f 1226/1050/55 1227/1457/55 1228/798/55 1229/1420/55 1230/1042/55
f 1231/673/14 1232/1038/56 1233/1426/56 1234/728/56 1235/1304/24
f 1236/826/57 1237/1043/57 1238/1419/57 1239/1427/57 1240/1041/57
f 1561/474/43 1562/1564/43 1563/1564/43 1564/474/43
f 1565/472/43 1566/2063/43 1567/1730/43 1568/1730/43
f 1569/503/37 1570/2064/37 1571/503/37
f 1572/504/41 1573/1881/41 1574/1880/41
f 1575/534/37 1576/2065/37 1577/534/37
f 1578/535/41 1579/535/41 1580/2066/41
f 1581/564/37 1582/2067/37 1583/563/37
f 1584/565/41 1585/2068/41 1586/2069/41
f 1587/595/37 1588/2070/37 1589/2071/37
f 1590/596/41 1591/596/41 1592/2072/41
f 1593/182/39 1594/1975/39 1595/181/39
f 1596/183/35 1597/1978/35 1598/2073/35
f 1599/42/39 1600/1986/39 1601/42/39
f 1602/43/35 1603/1989/35 1604/1988/35
f 1605/58/39 1606/1997/39 1607/2074/39
f 1608/59/35 1609/2075/35 1610/1999/35
f 1611/74/39 1612/2008/39 1613/74/39
f 1614/75/35 1615/75/35 1616/2010/35
f 1617/1721/49 1618/1561/49 1619/1561/49 1620/2076/49
f 1621/88/49 1622/91/49 1623/1710/49 1624/1710/49
f 1625/1655/41 1626/1362/41 1627/1579/41
f 1628/36/37 1629/1580/37 1630/1361/37
f 1631/511/41 1632/1410/41 1633/1545/41
f 1634/51/37 1635/1546/37 1636/1412/37
f 1637/1608/41 1638/1473/41 1639/1549/41
f 1640/67/37 1641/1550/37 1642/1472/37
f 1643/1639/41 1644/1161/41 1645/1553/41
f 1646/83/37 1647/1554/37 1648/1160/37
f 1649/44/43 1650/480/43 1651/1717/43 1652/1557/43
f 1653/571/43 1654/1558/43 1655/1716/43 1656/1727/43
f 1657/1675/39 1658/1578/39 1659/614/39
f 1660/62/35 1661/613/35 1662/1577/35
f 1663/580/39 1664/1574/39 1665/583/39
f 1666/1664/35 1667/584/35 1668/1573/35
f 1669/549/39 1670/1570/39 1671/552/39
f 1672/1626/35 1673/553/35 1674/1569/35
f 1675/519/39 1676/1725/39 1677/522/39
f 1678/1592/35 1679/523/35 1680/1724/35
f 1681/1601/49 1682/1679/49 1683/1714/49 1684/540/49
f 1685/1704/49 1686/1611/49 1687/492/49 1688/1678/49
f 1689/1561/64 1690/1561/64 1691/1561/64 1692/1561/64 1693/1561/64
f 1694/1709/65 1695/1718/65 1696/1718/65 1697/1718/65 1698/1718/65
f 1699/1728/66 1700/1615/66 1701/1615/66 1702/99/66 1703/1680/66
f 1704/479/67 1705/1683/67 1706/44/67 1707/1614/67 1708/1715/67
f 1709/541/64 1710/1713/64 1711/1696/64 1712/1601/64 1713/1692/64
f 1714/1610/65 1715/1720/65 1716/1703/65 1717/1697/65 1718/1712/65
f 1719/1730/67 1720/1730/67 1721/1730/67 1722/1730/67 1723/1730/67
f 1724/1564/66 1725/1564/66 1726/1564/66 1727/1564/66 1728/1564/66
f 1729/572/37 1730/1728/37 1731/99/37
f 1732/98/35 1733/98/35 1734/2077/35
f 1735/1698/37 1736/1869/37 1737/1701/37
f 1738/1703/35 1739/1700/35 1740/1612/35
f 1741/1729/36 1742/99/36 1743/1690/36
f 1744/1711/34 1745/1718/34 1746/1718/34
f 1747/1610/34 1748/1699/34 1749/1703/34
f 1750/1565/36 1751/1564/36 1752/1564/36
f 1753/47/41 1754/44/41 1755/479/41
f 1756/46/39 1757/2078/39 1758/46/39
f 1759/488/41 1760/488/41 1761/2079/41
f 1762/486/39 1763/540/39 1764/486/39
f 1765/1562/38 1766/1561/38 1767/1561/38
f 1768/542/38 1769/1694/38 1770/486/38
f 1771/1730/40 1772/1730/40 1773/2080/40
f 1774/481/40 1775/1684/40 1776/1684/40
f 1777/570/48 1778/1781/48 1779/2081/48 1780/2081/48 1781/2081/48
f 1782/98/65 1783/2077/65 1784/2077/65 1785/2077/65 1786/98/65
f 1787/1684/45 1788/1735/45 1789/481/45 1790/531/45 1791/1614/45
f 1792/44/67 1793/531/67 1794/1778/67 1795/1770/67 1796/1735/67
f 1797/46/64 1798/1737/64 1799/2082/64 1800/2082/64 1801/2083/64
f 1802/1685/47 1803/2082/47 1804/2082/47 1805/2082/47 1806/2084/47
f 1807/99/66 1808/99/66 1809/1775/66 1810/1732/66 1811/530/66
f 1812/1726/44 1813/1615/44 1814/1779/44 1815/1729/44 1816/1726/44
f 1817/1702/48 1818/1756/48 1819/1610/48 1820/1769/48 1821/1695/48
f 1822/1699/65 1823/492/65 1824/1695/65 1825/1768/65 1826/1699/65
f 1827/474/44 1828/474/44 1829/1564/44 1830/1564/44 1831/1565/44
f 1832/474/66 1833/1564/66 1834/1564/66 1835/1564/66 1836/474/66
f 1837/491/64 1838/486/64 1839/1784/64 1840/1762/64 1841/490/64
f 1842/1696/47 1843/1714/47 1844/541/47 1845/1752/47 1846/1687/47
f 1847/472/67 1848/2063/67 1849/1730/67 1850/1730/67 1851/1730/67
f 1852/472/45 1853/1730/45 1854/1730/45 1855/1730/45 1856/472/45
f 1857/1718/35 1858/1710/35 1859/1718/35
f 1860/1718/34 1861/1710/34 1862/1718/34
f 1863/1775/36 1864/1767/36 1865/1780/36
f 1866/1729/37 1867/99/37 1868/96/37
f 1869/1612/35 1870/1703/35 1871/1764/35
f 1872/1610/34 1873/1747/34 1874/1747/34
f 1875/1761/37 1876/1564/37 1877/1564/37
f 1878/1566/36 1879/1564/36 1880/1761/36
f 1881/1770/41 1882/44/41 1883/1766/41
f 1884/1770/40 1885/1684/40 1886/44/40
f 1887/1561/38 1888/1561/38 1889/1561/38
f 1890/1783/39 1891/1561/39 1892/1561/39
f 1893/541/38 1894/1785/38 1895/1774/38
f 1896/541/39 1897/1601/39 1898/1601/39
f 1899/1730/40 1900/1730/40 1901/1731/40
f 1902/1730/41 1903/1730/41 1904/2080/41
f 372/13/50 1/16/50 3/1787/50 369/2085/50
f 2/642/68 5/641/68 4/2086/68 3/2087/68
f 380/3/51 10/2/51 12/1794/51 377/2088/51
f 11/22/69 8/21/69 7/459/69 12/458/69
f 101/265/42 9/264/42 8/2089/42 102/1860/42
f 190/6/43 22/5/43 24/1802/43 191/1912/43
f 23/26/70 20/25/70 19/626/70 24/625/70
f 388/633/52 21/632/52 20/25/52 385/28/52
f 396/9/53 16/12/53 18/19/53 393/18/53
f 17/616/71 14/615/71 13/20/71 18/19/71
f 274/187/46 15/186/46 14/2090/46 271/2091/46
f 364/107/49 6/106/49 5/2092/49 361/2093/49
f 21/632/42 25/631/42 28/1805/42 19/2094/42
f 26/610/42 29/609/42 32/1808/42 27/2095/42
f 30/341/42 33/340/42 36/1811/42 31/2096/42
f 34/337/42 37/336/42 40/1814/42 35/2097/42
f 38/333/42 41/332/42 44/1817/42 39/2098/42
f 42/329/42 45/328/42 48/1820/42 43/2099/42
f 46/325/42 49/324/42 52/1823/42 47/2100/42
f 50/321/42 53/320/42 56/1826/42 51/2101/42
f 54/317/42 57/316/42 60/1829/42 55/2102/42
f 58/313/42 61/312/42 64/1832/42 59/2103/42
f 62/309/42 65/308/42 68/1835/42 63/2104/42
f 66/305/42 69/304/42 72/1838/42 67/2105/42
f 70/301/42 73/300/42 76/1841/42 71/2106/42
f 74/297/42 77/296/42 80/1844/42 75/2107/42
f 78/293/42 81/292/42 84/1847/42 79/2108/42
f 82/289/42 85/288/42 88/1850/42 83/2109/42
f 86/285/42 89/284/42 92/1853/42 87/2110/42
f 90/281/42 93/280/42 96/1856/42 91/2111/42
f 94/277/42 97/276/42 100/1859/42 95/2112/42
f 98/273/42 104/272/42 103/2113/42 99/2114/42
f 10/2/43 105/1/43 108/1865/43 11/1793/43
f 106/269/43 109/268/43 112/1868/43 107/2115/43
f 110/465/43 113/464/43 117/1870/43 111/2116/43
f 115/473/4 118/472/4 122/442/4 116/441/4
f 120/1758/43 123/1757/43 126/1873/43 121/2117/43
f 124/1749/43 127/1748/43 130/1876/43 125/2118/43
f 128/494/43 131/493/43 135/1879/43 129/2119/43
f 133/502/4 136/501/4 140/418/4 134/417/4
f 138/1646/43 141/1645/43 144/1884/43 139/2120/43
f 142/1628/43 145/1627/43 148/1887/43 143/2121/43
f 146/525/43 149/524/43 153/1890/43 147/2122/43
f 151/533/4 154/532/4 158/394/4 152/393/4
f 156/77/43 159/76/43 162/1894/43 157/2123/43
f 160/602/43 163/601/43 166/1897/43 161/2124/43
f 164/555/43 167/554/43 171/1900/43 165/2125/43
f 169/563/4 172/562/4 176/370/4 170/369/4
f 174/1621/43 177/1620/43 180/1905/43 175/2126/43
f 178/1603/43 181/1602/43 184/1908/43 179/2127/43
f 182/586/43 185/585/43 189/1911/43 183/2128/43
f 187/594/4 193/593/4 192/346/4 188/345/4
f 1/16/46 196/15/46 195/2129/46 2/1786/46
f 197/263/46 200/262/46 199/2130/46 198/2131/46
f 201/259/46 204/258/46 203/2132/46 202/2133/46
f 205/255/46 208/254/46 207/2134/46 206/2135/46
f 209/251/46 212/250/46 211/2136/46 210/2137/46
f 213/247/46 216/246/46 215/2138/46 214/2139/46
f 217/243/46 220/242/46 219/2140/46 218/2141/46
f 221/239/46 224/238/46 223/2142/46 222/2143/46
f 225/235/46 228/234/46 227/2144/46 226/2145/46
f 229/231/46 232/230/46 231/2146/46 230/2147/46
f 233/227/46 236/226/46 235/2148/46 234/2149/46
f 237/223/46 240/222/46 239/2150/46 238/2151/46
f 241/219/46 244/218/46 243/2152/46 242/2153/46
f 245/215/46 248/214/46 247/2154/46 246/2155/46
f 249/211/46 252/210/46 251/2156/46 250/2157/46
f 253/207/46 256/206/46 255/2158/46 254/2159/46
f 257/203/46 260/202/46 259/2160/46 258/2161/46
f 261/199/46 264/198/46 263/2162/46 262/2163/46
f 265/195/46 268/194/46 267/2164/46 266/2165/46
f 269/191/46 273/190/46 272/2166/46 270/2167/46
f 16/12/49 276/11/49 275/2168/49 17/1797/49
f 278/181/6 280/180/6 284/178/6 279/177/6
f 282/1586/49 286/1585/49 285/2169/49 283/2170/49
f 287/1597/49 290/1596/49 289/2171/49 288/2172/49
f 291/40/49 294/39/49 293/2173/49 292/2174/49
f 296/42/6 298/41/6 302/162/6 297/161/6
f 300/1619/49 304/1618/49 303/2175/49 301/2176/49
f 305/1634/49 308/1633/49 307/2177/49 306/2178/49
f 309/55/49 312/54/49 311/2179/49 310/2180/49
f 314/57/6 316/56/6 320/146/6 315/145/6
f 318/1660/49 322/1659/49 321/2181/49 319/2182/49
f 323/1669/49 326/1668/49 325/2183/49 324/2184/49
f 327/71/49 330/70/49 329/2185/49 328/2186/49
f 332/73/6 334/72/6 338/130/6 333/129/6
f 336/95/49 340/94/49 339/2187/49 337/2188/49
f 341/32/49 344/31/49 343/2189/49 342/2190/49
f 345/87/49 348/86/49 347/2191/49 346/2192/49
f 350/89/6 352/88/6 356/114/6 351/113/6
f 354/1742/49 358/1741/49 357/2193/49 355/2194/49
f 359/1746/49 363/1745/49 362/2195/49 360/2196/49
f 403/1654/53 277/1653/53 276/11/53 404/10/53
f 420/1583/51 282/1586/51 281/34/51 415/33/51
f 430/1594/1 287/1597/1 286/1585/1 426/1584/1
f 440/37/1 291/40/1 290/1596/1 436/1595/1
f 447/510/53 295/509/53 294/39/53 448/38/53
f 464/1616/51 300/1619/51 299/49/51 459/48/51
f 474/1631/1 305/1634/1 304/1618/1 470/1617/1
f 484/52/1 309/55/1 308/1633/1 480/1632/1
f 491/1607/53 313/1606/53 312/54/53 492/53/53
f 508/1657/51 318/1660/51 317/65/51 503/64/51
f 518/1666/1 323/1669/1 322/1659/1 514/1658/1
f 528/68/1 327/71/1 326/1668/1 524/1667/1
f 535/1638/53 331/1637/53 330/70/53 536/69/53
f 552/92/51 336/95/51 335/81/51 547/80/51
f 562/29/1 341/32/1 340/94/1 558/93/1
f 572/84/1 345/87/1 344/31/1 568/30/1
f 579/1735/53 349/1737/53 348/86/53 580/85/53
f 596/1739/51 354/1742/51 353/97/51 591/96/51
f 606/1743/1 359/1746/1 358/1741/1 602/1740/1
f 612/104/1 364/107/1 363/1745/1 613/1744/1
f 620/260/2 197/263/2 196/15/2 619/14/2
f 623/256/2 201/259/2 200/262/2 624/261/2
f 628/252/2 205/255/2 204/258/2 627/257/2
f 631/248/2 209/251/2 208/254/2 632/253/2
f 636/244/2 213/247/2 212/250/2 635/249/2
f 639/240/2 217/243/2 216/246/2 640/245/2
f 644/236/2 221/239/2 220/242/2 643/241/2
f 647/232/2 225/235/2 224/238/2 648/237/2
f 652/228/2 229/231/2 228/234/2 651/233/2
f 655/224/2 233/227/2 232/230/2 656/229/2
f 660/220/2 237/223/2 236/226/2 659/225/2
f 663/216/2 241/219/2 240/222/2 664/221/2
f 668/212/2 245/215/2 244/218/2 667/217/2
f 671/208/2 249/211/2 248/214/2 672/213/2
f 676/204/2 253/207/2 252/210/2 675/209/2
f 679/200/2 257/203/2 256/206/2 680/205/2
f 684/196/2 261/199/2 260/202/2 683/201/2
f 687/192/2 265/195/2 264/198/2 688/197/2
f 692/188/2 269/191/2 268/194/2 691/193/2
f 695/184/2 274/187/2 273/190/2 696/189/2
f 279/177/6 272/176/6 271/618/6 275/617/6
f 283/173/6 267/172/6 270/179/6 284/178/6
f 288/169/6 263/168/6 266/175/6 285/174/6
f 292/165/6 259/164/6 262/171/6 289/170/6
f 297/161/6 255/160/6 258/167/6 293/166/6
f 301/157/6 251/156/6 254/163/6 302/162/6
f 306/153/6 247/152/6 250/159/6 303/158/6
f 310/149/6 243/148/6 246/155/6 307/154/6
f 315/145/6 239/144/6 242/151/6 311/150/6
f 319/141/6 235/140/6 238/147/6 320/146/6
f 324/137/6 231/136/6 234/143/6 321/142/6
f 328/133/6 227/132/6 230/139/6 325/138/6
f 333/129/6 223/128/6 226/135/6 329/134/6
f 337/125/6 219/124/6 222/131/6 338/130/6
f 342/121/6 215/120/6 218/127/6 339/126/6
f 346/117/6 211/116/6 214/123/6 343/122/6
f 351/113/6 207/112/6 210/119/6 347/118/6
f 355/109/6 203/108/6 206/115/6 356/114/6
f 360/1650/6 199/1649/6 202/111/6 357/110/6
f 361/640/6 195/639/6 198/1652/6 362/1651/6
f 107/453/4 103/452/4 102/24/4 108/23/4
f 111/445/4 100/444/4 99/455/4 112/454/4
f 116/441/4 96/440/4 95/447/4 117/446/4
f 121/433/4 92/432/4 91/443/4 122/442/4
f 125/429/4 88/428/4 87/435/4 126/434/4
f 129/421/4 84/420/4 83/431/4 130/430/4
f 134/417/4 80/416/4 79/423/4 135/422/4
f 139/409/4 76/408/4 75/419/4 140/418/4
f 143/405/4 72/404/4 71/411/4 144/410/4
f 147/397/4 68/396/4 67/407/4 148/406/4
f 152/393/4 64/392/4 63/399/4 153/398/4
f 157/385/4 60/384/4 59/395/4 158/394/4
f 161/381/4 56/380/4 55/387/4 162/386/4
f 165/373/4 52/372/4 51/383/4 166/382/4
f 170/369/4 48/368/4 47/375/4 171/374/4
f 175/361/4 44/360/4 43/371/4 176/370/4
f 179/357/4 40/356/4 39/363/4 180/362/4
f 183/349/4 36/348/4 35/359/4 184/358/4
f 188/345/4 32/344/4 31/351/4 189/350/4
f 191/624/4 28/623/4 27/347/4 192/346/4
f 9/264/50 366/267/50 365/2197/50 7/2198/50
f 701/647/50 371/650/50 370/2199/50 702/2042/50
f 6/106/51 374/105/51 373/2200/51 4/2201/51
f 709/621/51 379/620/51 378/2202/51 710/2048/51
f 15/186/52 382/185/52 381/17/52 13/20/52
f 717/637/52 387/636/52 386/661/52 718/664/52
f 22/5/53 390/8/53 389/27/53 23/26/53
f 725/676/53 395/679/53 394/629/53 726/628/53
f 194/1673/53 397/1672/53 402/7/53 190/6/53
f 734/1522/51 406/1521/51 405/678/51 735/677/51
f 185/585/51 410/588/51 409/61/51 186/60/51
f 748/1378/53 419/1381/53 418/1175/53 744/1174/53
f 181/1602/1 422/1605/1 421/587/1 182/586/1
f 754/1088/51 428/1087/51 427/1380/51 755/1379/51
f 177/1620/1 432/1623/1 431/1604/1 178/1603/1
f 768/1399/53 439/1402/53 438/785/53 764/784/53
f 173/578/53 441/577/53 446/1622/53 174/1621/53
f 774/699/51 450/698/51 449/1401/51 775/1400/51
f 167/554/51 454/557/51 453/1663/51 168/1662/51
f 788/1430/53 463/1433/53 462/544/53 784/543/53
f 163/601/1 466/604/1 465/556/1 164/555/1
f 794/469/51 472/468/51 471/1432/51 795/1431/51
f 159/76/1 476/79/1 475/603/1 160/602/1
f 808/1459/53 483/1462/53 482/1230/53 804/1229/53
f 155/547/53 485/546/53 490/78/53 156/77/53
f 814/1248/51 494/1247/51 493/1461/51 815/1460/51
f 149/524/51 498/527/51 497/1625/51 150/1624/51
f 828/1495/53 507/1498/53 506/1268/53 824/1267/53
f 145/1627/1 510/1630/1 509/526/1 146/525/1
f 834/1281/51 516/1280/51 515/1497/51 835/1496/51
f 141/1645/1 520/1648/1 519/1629/1 142/1628/1
f 848/1537/53 527/1540/53 526/1297/53 844/1296/53
f 137/518/53 529/517/53 534/1647/53 138/1646/53
f 854/1315/51 538/1314/51 537/1539/51 855/1538/51
f 131/493/51 542/496/51 541/1591/51 132/1590/51
f 868/814/53 551/817/53 550/1335/53 864/1334/53
f 127/1748/1 554/1751/1 553/495/1 128/494/1
f 874/1345/51 560/1344/51 559/816/51 875/815/51
f 123/1757/1 564/1760/1 563/1750/1 124/1749/1
f 888/573/53 571/576/53 570/1357/53 884/1356/53
f 119/487/53 573/486/53 578/1759/53 120/1758/53
f 894/1371/51 582/1370/51 581/575/51 895/574/51
f 113/464/51 586/467/51 585/1699/51 114/1698/51
f 908/1225/53 595/1228/53 594/1387/53 904/1386/53
f 109/268/1 598/271/1 597/466/1 110/465/1
f 914/1396/51 604/1395/51 603/1227/51 915/1226/51
f 105/1/1 607/4/1 611/270/1 106/269/1
f 928/460/53 616/463/53 615/1408/53 924/1407/53
f 104/272/2 618/275/2 617/266/2 101/265/2
f 97/276/2 621/279/2 622/274/2 98/273/2
f 93/280/2 626/283/2 625/278/2 94/277/2
f 89/284/2 629/287/2 630/282/2 90/281/2
f 85/288/2 634/291/2 633/286/2 86/285/2
f 81/292/2 637/295/2 638/290/2 82/289/2
f 77/296/2 642/299/2 641/294/2 78/293/2
f 73/300/2 645/303/2 646/298/2 74/297/2
f 69/304/2 650/307/2 649/302/2 70/301/2
f 65/308/2 653/311/2 654/306/2 66/305/2
f 61/312/2 658/315/2 657/310/2 62/309/2
f 57/316/2 661/319/2 662/314/2 58/313/2
f 53/320/2 666/323/2 665/318/2 54/317/2
f 49/324/2 669/327/2 670/322/2 50/321/2
f 45/328/2 674/331/2 673/326/2 46/325/2
f 41/332/2 677/335/2 678/330/2 42/329/2
f 37/336/2 682/339/2 681/334/2 38/333/2
f 33/340/2 685/343/2 686/338/2 34/337/2
f 29/609/2 690/612/2 689/342/2 30/341/2
f 25/631/2 693/634/2 694/611/2 26/610/2
f 690/365/2 686/364/2 685/343/2 689/342/2
f 691/193/2 687/192/2 688/926/2 692/925/2
f 682/377/2 678/376/2 677/335/2 681/334/2
f 683/201/2 679/200/2 680/914/2 684/913/2
f 674/389/2 670/388/2 669/327/2 673/326/2
f 675/209/2 671/208/2 672/902/2 676/901/2
f 666/401/2 662/400/2 661/319/2 665/318/2
f 667/217/2 663/216/2 664/891/2 668/890/2
f 658/413/2 654/412/2 653/311/2 657/310/2
f 659/225/2 655/224/2 656/880/2 660/879/2
f 650/425/2 646/424/2 645/303/2 649/302/2
f 651/233/2 647/232/2 648/870/2 652/869/2
f 642/437/2 638/436/2 637/295/2 641/294/2
f 643/241/2 639/240/2 640/858/2 644/857/2
f 634/449/2 630/448/2 629/287/2 633/286/2
f 635/249/2 631/248/2 632/846/2 636/845/2
f 626/1264/2 622/1263/2 621/279/2 625/278/2
f 627/257/2 623/256/2 624/835/2 628/834/2
f 618/101/2 367/100/2 366/267/2 617/266/2
f 619/14/2 372/13/2 371/650/2 620/649/2
f 610/476/49 599/475/49 598/271/49 611/270/49
f 613/1744/43 606/1743/43 605/1234/43 614/1233/43
f 601/1530/1 587/1529/1 586/467/1 597/466/1
f 602/1740/1 596/1739/1 595/1228/1 603/1227/1
f 589/1754/6 575/1753/6 574/490/6 590/489/6
f 592/529/4 584/528/4 583/1614/4 593/1732/4
f 577/1060/1 565/1059/1 564/1760/1 578/1759/1
f 580/85/1 572/84/1 571/576/1 581/575/1
f 567/506/49 555/505/49 554/1751/49 563/1750/49
f 568/30/43 562/29/43 561/771/43 569/770/43
f 557/606/1 543/605/1 542/496/1 553/495/1
f 558/93/1 552/92/1 551/817/1 559/816/1
f 545/1636/6 531/1635/6 530/521/6 546/520/6
f 548/1159/4 540/1158/4 539/1642/4 549/1641/4
f 533/1218/1 521/1217/1 520/1648/1 534/1647/1
f 536/69/1 528/68/1 527/1540/1 537/1539/1
f 523/537/49 511/536/49 510/1630/49 519/1629/49
f 524/1667/43 518/1666/43 517/1504/43 525/1503/43
f 513/1256/1 499/1255/1 498/527/1 509/526/1
f 514/1658/1 508/1657/1 507/1498/1 515/1497/1
f 501/1588/6 487/1587/6 486/551/6 502/550/6
f 504/1471/4 496/1470/4 495/1598/4 505/1471/4
f 489/1289/1 477/1288/1 476/79/1 490/78/1
f 492/53/1 484/52/1 483/1462/1 493/1461/1
f 479/567/49 467/566/49 466/604/49 475/603/49
f 480/1632/43 474/1631/43 473/1439/43 481/1438/43
f 469/1323/1 455/1322/1 454/557/1 465/556/1
f 470/1617/1 464/1616/1 463/1433/1 471/1432/1
f 457/1661/6 443/583/6 442/582/6 458/581/6
f 460/1411/4 452/1410/4 451/1670/4 461/1412/4
f 445/1349/1 433/1348/1 432/1623/1 446/1622/1
f 448/38/1 440/37/1 439/1402/1 449/1401/1
f 435/598/49 423/597/49 422/1605/49 431/1604/49
f 436/1595/43 430/1594/43 429/1390/43 437/1389/43
f 425/1375/1 411/1374/1 410/588/1 421/587/1
f 426/1584/1 420/1583/1 419/1381/1 427/1380/1
f 413/613/6 399/1613/6 398/614/6 414/613/6
f 416/1361/4 408/1360/4 407/1362/4 417/1361/4
f 401/655/1 391/654/1 390/8/1 402/7/1
f 404/10/1 396/9/1 395/679/1 405/678/1
f 379/620/1 608/619/1 607/4/1 380/3/1
f 374/105/1 612/104/1 616/463/1 375/462/1
f 387/636/2 694/635/2 693/634/2 388/633/2
f 382/185/2 695/184/2 696/672/2 383/671/2
f 392/662/3 386/661/3 385/28/3 389/27/3
f 393/18/3 381/17/3 384/630/3 394/629/3
f 376/644/5 370/643/5 369/2028/5 373/2032/5
f 377/457/5 365/456/5 368/825/5 378/824/5
f 367/100/50 697/103/50 700/2041/50 368/2203/50
f 1016/1206/58 704/1206/58 703/2204/58 1013/2205/58
f 375/462/51 705/461/51 708/2047/51 376/2206/51
f 1024/675/59 712/674/59 711/2207/59 1021/2207/59
f 383/671/52 713/670/52 716/627/52 384/630/52
f 1032/1201/60 720/1200/60 719/665/60 1029/668/60
f 391/654/53 721/657/53 724/663/53 392/662/53
f 1040/1178/63 728/1178/63 727/1186/63 1037/1185/63
f 400/1367/51 729/1366/51 733/656/51 401/655/51
f 1050/1170/7 737/1173/8 736/1180/8 1046/1179/8
f 411/1374/53 740/1377/53 739/691/53 412/690/53
f 1060/1162/8 747/1165/8 746/1172/8 1056/1171/7
f 424/1341/51 749/1340/51 753/1376/51 425/1375/51
f 1070/1154/7 757/1157/8 756/1164/8 1066/1163/8
f 433/1348/53 760/1351/53 759/707/53 434/706/53
f 1080/1146/8 767/1149/8 766/1156/8 1076/1155/7
f 444/1307/51 769/1306/51 773/1350/51 445/1349/51
f 1090/1140/7 777/1143/8 776/1148/8 1086/1147/8
f 455/1322/53 780/1325/53 779/721/53 456/720/53
f 1100/1132/8 787/1135/8 786/1142/8 1096/1141/7
f 468/1274/51 789/1273/51 793/1324/51 469/1323/51
f 1110/1125/7 797/1125/8 796/1134/8 1106/1133/8
f 477/1288/53 800/1291/53 799/735/53 478/734/53
f 1120/1118/8 807/1118/8 806/1127/8 1116/1126/7
f 488/1241/51 809/1240/51 813/1290/51 489/1289/51
f 1130/1111/7 817/1111/8 816/1120/8 1126/1119/8
f 499/1255/53 820/1258/53 819/750/53 500/749/53
f 1140/1104/30 827/1104/33 826/1113/8 1136/1112/7
f 512/498/51 829/497/51 833/1257/51 513/1256/51
f 1150/756/19 837/756/22 836/1106/32 1146/1105/31
f 521/1217/53 840/1220/53 839/763/53 522/762/53
f 1160/1091/8 847/1091/8 846/757/21 1156/757/20
f 532/742/51 849/741/51 853/1219/51 533/1218/51
f 1170/513/7 857/516/8 856/1092/8 1166/1092/8
f 543/605/53 860/608/53 859/777/53 544/776/53
f 1180/1075/8 867/1078/8 866/515/8 1176/514/7
f 556/1129/51 869/1128/51 873/607/51 557/606/51
f 1190/1069/7 877/1069/8 876/1077/8 1186/1076/8
f 565/1059/53 880/1062/53 879/791/53 566/790/53
f 1200/1063/8 887/1063/8 886/1071/8 1196/1070/7
f 576/1511/51 889/1510/51 893/1061/51 577/1060/51
f 1210/1056/7 897/1056/8 896/1065/8 1206/1064/8
f 587/1529/53 900/1532/53 899/807/53 588/806/53
f 1220/1049/8 907/1049/8 906/1058/8 1216/1057/7
f 600/1478/51 909/1477/51 913/1531/51 601/1530/51
f 1230/1042/7 917/1042/8 916/1051/8 1226/1050/8
f 608/619/53 920/622/53 919/1488/53 609/1487/53
f 1236/826/8 927/826/8 926/1044/8 1237/1043/7
f 1244/1031/2 932/1034/2 931/1208/2 1243/1207/2
f 1247/1023/2 935/1026/2 936/1033/2 1248/1032/2
f 1252/1019/2 940/1022/2 939/1025/2 1251/1024/2
f 1255/1011/2 943/1014/2 944/1021/2 1256/1020/2
f 1260/1007/2 948/1010/2 947/1013/2 1259/1012/2
f 1263/999/2 951/1002/2 952/1009/2 1264/1008/2
f 1268/995/2 956/998/2 955/1001/2 1267/1000/2
f 1271/988/2 959/988/2 960/997/2 1272/996/2
f 1276/984/2 964/987/2 963/990/2 1275/989/2
f 1279/976/2 967/979/2 968/986/2 1280/985/2
f 1284/972/2 972/975/2 971/978/2 1283/977/2
f 1287/966/2 975/966/2 976/974/2 1288/973/2
f 1292/895/2 980/965/2 979/967/2 1291/967/2
f 1295/955/2 983/958/2 984/964/2 1296/963/2
f 1300/906/2 988/954/2 987/957/2 1299/956/2
f 1303/945/2 991/945/2 992/953/2 1304/952/2
f 1308/918/2 996/944/2 995/947/2 1307/946/2
f 1311/938/2 999/941/2 1000/943/2 1312/917/2
f 1316/930/2 1004/937/2 1003/940/2 1315/939/2
f 1319/658/2 1007/658/2 1008/936/2 1320/935/2
f 707/1036/5 703/1035/5 702/646/5 708/645/5
f 710/823/5 700/822/5 699/355/5 711/354/5
f 723/666/10 719/665/9 718/664/3 724/663/3
f 726/628/3 716/627/3 715/1187/3 727/1186/3
f 720/1200/2 1005/1199/2 1006/638/2 717/637/2
f 713/670/2 1008/669/2 1007/658/2 714/660/2
f 712/674/13 921/673/12 920/622/1 709/621/1
f 705/461/1 928/460/1 927/826/1 706/828/1
f 732/1193/12 722/1192/13 721/657/1 733/656/1
f 735/677/1 725/676/1 728/1178/1 736/1180/1
f 742/1414/43 731/1413/43 730/681/43 743/680/43
f 745/687/49 738/686/49 737/1173/49 746/1172/49
f 752/1424/12 741/1423/12 740/1377/1 753/1376/1
f 755/1379/1 748/1378/1 747/1165/1 756/1164/1
f 762/1443/43 751/1442/43 750/695/43 763/694/43
f 765/703/49 758/702/49 757/1157/49 766/1156/49
f 772/1453/12 761/1452/12 760/1351/1 773/1350/1
f 775/1400/1 768/1399/1 767/1149/1 776/1148/1
f 782/1468/43 771/1467/43 770/711/43 783/710/43
f 785/717/49 778/716/49 777/1143/49 786/1142/49
f 792/1485/12 781/1484/12 780/1325/1 793/1324/1
f 795/1431/1 788/1430/1 787/1135/1 796/1134/1
f 802/1508/43 791/1507/43 790/725/43 803/724/43
f 805/731/49 798/730/49 797/1125/49 806/1127/49
f 812/1526/27 801/1525/27 800/1291/1 813/1290/1
f 815/1460/1 808/1459/1 807/1118/1 816/1120/1
f 822/1145/43 811/1144/43 810/739/43 823/738/43
f 825/746/49 818/745/49 817/1111/49 826/1113/49
f 832/1073/27 821/1072/27 820/1258/1 833/1257/1
f 835/1496/1 828/1495/1 827/1104/1 836/1106/1
f 842/754/43 831/753/43 830/1098/43 843/1097/43
f 845/759/49 838/758/49 837/756/49 846/757/49
f 852/683/12 841/682/12 840/1220/1 853/1219/1
f 855/1538/1 848/1537/1 847/1091/1 856/1092/1
f 862/767/43 851/766/43 850/1084/43 863/1083/43
f 865/774/49 858/773/49 857/516/49 866/515/49
f 872/1214/12 861/1213/12 860/608/1 873/607/1
f 875/815/1 868/814/1 867/1078/1 876/1077/1
f 882/1237/43 871/1236/43 870/781/43 883/780/43
f 885/788/49 878/787/49 877/1069/49 886/1071/49
f 892/1252/12 881/1251/12 880/1062/1 893/1061/1
f 895/574/1 888/573/1 887/1063/1 896/1065/1
f 902/1271/43 891/1270/43 890/795/43 903/794/43
f 905/803/49 898/802/49 897/1056/49 906/1058/49
f 912/1285/12 901/1284/12 900/1532/1 913/1531/1
f 915/1226/1 908/1225/1 907/1049/1 916/1051/1
f 922/1303/43 911/1302/43 910/811/43 923/810/43
f 925/819/49 918/818/49 917/1042/49 926/1044/49
f 929/652/2 698/651/2 697/103/2 930/102/2
f 932/648/2 701/647/2 704/1206/2 931/1208/2
f 937/830/2 933/829/2 934/1266/2 938/1265/2
f 940/833/2 936/832/2 935/1026/2 939/1025/2
f 945/841/2 941/840/2 942/451/2 946/450/2
f 948/844/2 944/843/2 943/1014/2 947/1013/2
f 953/852/2 949/851/2 950/439/2 954/438/2
f 956/856/2 952/855/2 951/1002/2 955/1001/2
f 961/864/2 957/863/2 958/427/2 962/426/2
f 964/868/2 960/867/2 959/988/2 963/990/2
f 969/876/2 965/875/2 966/415/2 970/414/2
f 972/878/2 968/877/2 967/979/2 971/978/2
f 977/886/2 973/885/2 974/403/2 978/402/2
f 980/889/2 976/888/2 975/966/2 979/967/2
f 985/897/2 981/896/2 982/391/2 986/390/2
f 988/900/2 984/899/2 983/958/2 987/957/2
f 993/908/2 989/907/2 990/379/2 994/378/2
f 996/912/2 992/911/2 991/945/2 995/947/2
f 1001/920/2 997/919/2 998/367/2 1002/366/2
f 1004/924/2 1000/923/2 999/941/2 1003/940/2
f 698/651/58 1010/651/58 1009/2208/58 699/2208/58
f 1011/1209/50 1015/1212/50 1014/2209/50 1012/2210/50
f 706/828/59 1018/827/59 1017/2211/59 707/2212/59
f 1019/1040/51 1023/1039/51 1022/2213/51 1020/2214/51
f 714/660/60 1026/659/60 1025/1184/60 715/1187/60
f 1027/1204/52 1031/1203/52 1030/1188/52 1028/1191/52
f 722/1192/61 1034/1192/62 1033/667/61 723/666/62
f 1035/1195/53 1039/1198/53 1038/1190/53 1036/1189/53
f 731/1413/23 1042/1413/25 1041/1194/15 732/1193/12
f 1044/1182/51 1048/1181/51 1047/1197/51 1045/1196/51
f 741/1423/12 1052/1423/14 1051/1415/24 742/1414/23
f 1053/1330/53 1059/1333/53 1058/1327/53 1054/1326/53
f 751/1442/23 1062/1442/25 1061/1425/15 752/1424/12
f 1064/1167/51 1068/1166/51 1067/1332/51 1065/1331/51
f 761/1452/12 1072/1452/14 1071/1444/24 762/1443/23
f 1073/1352/53 1079/1355/53 1078/1293/53 1074/1292/53
f 771/1467/16 1082/1467/18 1081/1454/15 772/1453/12
f 1084/1151/51 1088/1150/51 1087/1354/51 1085/1353/51
f 781/1484/12 1092/1484/14 1091/1469/17 782/1468/16
f 1093/1382/53 1099/1385/53 1098/1260/53 1094/1259/53
f 791/1507/23 1102/1507/25 1101/1486/15 792/1485/12
f 1104/1137/51 1108/1136/51 1107/1384/51 1105/1383/51
f 801/1525/27 1112/1528/29 1111/1509/24 802/1508/23
f 1113/1403/53 1119/1406/53 1118/1222/53 1114/1221/53
f 811/1144/23 1122/1144/25 1121/1527/28 812/1526/27
f 1124/1122/51 1128/1121/51 1127/1405/51 1125/1404/51
f 821/1072/27 1132/1072/29 1131/1145/24 822/1145/23
f 1133/1434/53 1139/1437/53 1138/590/53 1134/589/53
f 831/753/16 1142/753/18 1141/1074/28 832/1073/27
f 1144/1108/51 1148/1107/51 1147/1436/51 1145/1435/51
f 841/682/12 1152/685/14 1151/755/17 842/754/16
f 1153/1463/53 1159/1466/53 1158/1046/53 1154/1045/53
f 851/766/23 1162/769/25 1161/684/15 852/683/12
f 1164/1094/51 1168/1093/51 1167/1465/51 1165/1464/51
f 861/1213/12 1172/1216/14 1171/768/24 862/767/23
f 1173/1499/53 1179/1502/53 1178/1534/53 1174/1533/53
f 871/1236/16 1182/1239/18 1181/1215/15 872/1214/12
f 1184/1080/51 1188/1079/51 1187/1501/51 1185/1500/51
f 881/1251/12 1192/1254/14 1191/1238/17 882/1237/16
f 1193/1541/53 1199/1544/53 1198/1492/53 1194/1491/53
f 891/1270/23 1202/1270/25 1201/1253/15 892/1252/12
f 1204/1067/51 1208/1066/51 1207/1543/51 1205/1542/51
f 901/1284/12 1212/1287/14 1211/1272/24 902/1271/23
f 1213/1455/53 1219/1458/53 1218/1053/53 1214/1052/53
f 911/1302/23 1222/1305/25 1221/1286/15 912/1285/12
f 1224/799/51 1228/798/51 1227/1457/51 1225/1456/51
f 921/673/12 1231/673/14 1235/1304/24 922/1303/23
f 1232/1038/53 1240/1041/53 1239/1427/53 1233/1426/53
f 930/1318/2 1242/1321/2 1241/653/2 929/652/2
f 933/829/2 1245/829/2 1246/1320/2 934/1319/2
f 938/836/2 1250/839/2 1249/831/2 937/830/2
f 941/840/2 1253/840/2 1254/838/2 942/837/2
f 946/847/2 1258/850/2 1257/842/2 945/841/2
f 949/851/2 1261/854/2 1262/849/2 950/848/2
f 954/859/2 1266/862/2 1265/853/2 953/852/2
f 957/863/2 1269/866/2 1270/861/2 958/860/2
f 962/871/2 1274/874/2 1273/865/2 961/864/2
f 965/875/2 1277/875/2 1278/873/2 966/872/2
f 970/881/2 1282/884/2 1281/876/2 969/876/2
f 973/885/2 1285/887/2 1286/883/2 974/882/2
f 978/892/2 1290/895/2 1289/886/2 977/886/2
f 981/896/2 1293/896/2 1294/894/2 982/893/2
f 986/903/2 1298/906/2 1297/898/2 985/897/2
f 989/907/2 1301/910/2 1302/905/2 990/904/2
f 994/915/2 1306/918/2 1305/909/2 993/908/2
f 997/919/2 1309/922/2 1310/917/2 998/916/2
f 1002/927/2 1314/930/2 1313/921/2 1001/920/2
f 1005/1199/2 1317/1199/2 1318/929/2 1006/928/2
f 1314/949/2 1310/948/2 1309/922/2 1313/921/2
f 1315/939/2 1311/938/2 1312/951/2 1316/950/2
f 1306/960/2 1302/959/2 1301/910/2 1305/909/2
f 1307/946/2 1303/945/2 1304/962/2 1308/961/2
f 1298/969/2 1294/968/2 1293/896/2 1297/898/2
f 1299/956/2 1295/955/2 1296/971/2 1300/970/2
f 1290/981/2 1286/980/2 1285/887/2 1289/886/2
f 1291/967/2 1287/966/2 1288/983/2 1292/982/2
f 1282/992/2 1278/991/2 1277/875/2 1281/876/2
f 1283/977/2 1279/976/2 1280/994/2 1284/993/2
f 1274/1004/2 1270/1003/2 1269/866/2 1273/865/2
f 1275/989/2 1271/988/2 1272/1006/2 1276/1005/2
f 1266/1016/2 1262/1015/2 1261/854/2 1265/853/2
f 1267/1000/2 1263/999/2 1264/1018/2 1268/1017/2
f 1258/1028/2 1254/1027/2 1253/840/2 1257/842/2
f 1259/1012/2 1255/1011/2 1256/1030/2 1260/1029/2
f 1250/559/2 1246/558/2 1245/829/2 1249/831/2
f 1251/1024/2 1247/1023/2 1248/561/2 1252/560/2
f 1242/1210/2 1011/1209/2 1010/651/2 1241/653/2
f 1243/1207/2 1016/1206/2 1015/1212/2 1244/1211/2
f 1234/728/49 1223/727/49 1222/1305/25 1235/1304/24
f 1237/1043/7 1230/1042/7 1229/1420/43 1238/1419/43
f 1225/1456/1 1213/1455/1 1212/1287/14 1221/1286/15
f 1226/1050/1 1220/1049/1 1219/1458/1 1227/1457/1
f 1215/1115/49 1203/1114/49 1202/1270/25 1211/1272/24
f 1216/1057/7 1210/1056/7 1209/1449/43 1217/1448/43
f 1205/1542/1 1193/1541/1 1192/1254/14 1201/1253/15
f 1206/1064/1 1200/1063/1 1199/1544/1 1207/1543/1
f 1195/1515/49 1183/1514/49 1182/1239/18 1191/1238/17
f 1196/1070/7 1190/1069/7 1189/1482/43 1197/1481/43
f 1185/1500/1 1173/1499/1 1172/1216/14 1181/1215/15
f 1186/1076/1 1180/1075/1 1179/1502/1 1187/1501/1
f 1175/1475/49 1163/1474/49 1162/769/25 1171/768/24
f 1176/514/7 1170/513/7 1169/1519/43 1177/1518/43
f 1165/1464/1 1153/1463/1 1152/685/14 1161/684/15
f 1166/1092/1 1160/1091/1 1159/1466/1 1167/1465/1
f 1155/1446/49 1143/1445/49 1142/753/18 1151/755/17
f 1156/757/20 1150/756/19 1149/1101/43 1157/1100/43
f 1145/1435/1 1133/1434/1 1132/1072/29 1141/1074/28
f 1146/1105/1 1140/1104/1 1139/1437/1 1147/1436/1
f 1135/1417/49 1123/1416/49 1122/1144/25 1131/1145/24
f 1136/1112/7 1130/1111/7 1129/713/43 1137/712/43
f 1125/1404/1 1113/1403/1 1112/1528/29 1121/1527/28
f 1126/1119/1 1120/1118/1 1119/1406/1 1127/1405/1
f 1115/1393/49 1103/1392/49 1102/1507/25 1111/1509/24
f 1116/1126/7 1110/1125/7 1109/483/43 1117/482/43
f 1105/1383/1 1093/1382/1 1092/1484/14 1101/1486/15
f 1106/1133/1 1100/1132/1 1099/1385/1 1107/1384/1
f 1095/1364/49 1083/1363/49 1082/1467/18 1091/1469/17
f 1096/1141/7 1090/1140/7 1089/1245/43 1097/1244/43
f 1085/1353/1 1073/1352/1 1072/1452/14 1081/1454/15
f 1086/1147/1 1080/1146/1 1079/1355/1 1087/1354/1
f 1075/1338/49 1063/1337/49 1062/1442/25 1071/1444/24
f 1076/1155/7 1070/1154/7 1069/1278/43 1077/1277/43
f 1065/1331/1 1053/1330/1 1052/1423/14 1061/1425/15
f 1066/1163/1 1060/1162/1 1059/1333/1 1067/1332/1
f 1055/1300/49 1043/1299/49 1042/1413/25 1051/1415/24
f 1056/1171/7 1050/1170/7 1049/1311/43 1057/1310/43
f 1045/1196/1 1035/1195/1 1034/1192/13 1041/1194/15
f 1046/1179/1 1040/1178/1 1039/1198/1 1047/1197/1
f 1023/1039/1 1232/1038/1 1231/673/14 1024/675/13
f 1018/827/1 1236/826/1 1240/1041/1 1019/1040/1
f 1031/1203/2 1318/1202/2 1317/1199/2 1032/1201/2
f 1026/659/2 1319/658/2 1320/1205/2 1027/1204/2
f 1036/1189/3 1030/1188/3 1029/668/9 1033/667/11
f 1037/1185/3 1025/1184/3 1028/1191/3 1038/1190/3
f 1020/932/5 1014/931/5 1013/1037/5 1017/1036/5
f 1021/353/5 1009/352/5 1012/934/5 1022/933/5
f 743/680/70 1444/680/70 1443/692/70 739/691/70
f 1437/613/71 413/613/71 412/690/71 1438/693/71
f 858/773/68 1370/773/68 1369/1316/68 854/1315/68
f 1371/1643/69 539/1642/69 538/1314/69 1372/1317/69
f 809/1240/69 1458/1243/69 1457/740/69 810/739/69
f 1459/751/70 819/750/70 823/738/70 1460/738/70
f 566/790/71 1410/793/71 1409/507/71 567/506/71
f 1411/1130/68 556/1129/68 555/505/68 1412/508/68
f 1203/1114/68 1546/1117/68 1545/1068/68 1204/1067/68
f 1547/1450/69 1209/1449/69 1208/1066/69 1548/1066/69
f 1154/1045/71 1526/1048/71 1525/1447/71 1155/1446/71
f 1521/1109/68 1144/1108/68 1143/1445/68 1522/1445/68
f 423/597/68 1436/600/68 1435/1342/68 424/1341/68
f 1445/696/69 750/695/69 749/1340/69 1446/1343/69
f 824/1267/71 1358/1269/71 1357/747/71 825/746/71
f 1353/1249/68 814/1248/68 818/745/68 1354/748/68
f 560/1344/69 1380/1347/69 1379/772/69 561/771/69
f 1383/1358/70 570/1357/70 569/770/70 1384/770/70
f 1148/1107/69 1524/1110/69 1523/1102/69 1149/1101/69
f 1527/1047/70 1158/1046/70 1157/1100/70 1528/1103/70
f 549/1641/70 1376/1644/70 1375/1335/70 550/1335/70
f 1373/775/71 865/774/71 864/1334/71 1374/1336/71
f 1217/1448/70 1552/1451/70 1551/1054/70 1218/1053/70
f 1549/1116/71 1215/1115/71 1214/1052/71 1550/1055/71
f 763/694/70 1448/697/70 1447/708/70 759/707/70
f 1433/599/71 435/598/71 434/706/71 1434/709/71
f 878/787/68 1378/789/68 1377/1346/68 874/1345/68
f 829/497/69 1462/500/69 1461/1098/69 830/1098/69
f 1463/764/70 839/763/70 843/1097/70 1464/1099/70
f 544/776/71 1414/779/71 1413/523/71 545/1636/71
f 1415/743/68 532/742/68 531/1635/68 1416/522/68
f 1223/727/68 1554/727/68 1553/800/68 1224/799/68
f 1555/1421/69 1229/1420/69 1228/798/69 1556/801/69
f 1134/589/71 1518/592/71 1517/1418/71 1135/1417/71
f 1513/1123/68 1124/1122/68 1123/1416/68 1514/1416/68
f 443/583/68 1432/583/68 1431/1308/68 444/1307/68
f 1449/711/69 770/711/69 769/1306/69 1450/1309/69
f 844/1296/71 1366/1298/71 1365/760/71 845/759/71
f 1361/1282/68 834/1281/68 838/758/68 1362/761/68
f 1128/1121/69 1516/1124/69 1515/714/69 1129/713/69
f 1519/591/70 1138/590/70 1137/712/70 1520/715/70
f 1381/788/71 885/788/71 884/1356/71 1382/1359/71
f 1238/1419/70 1560/1422/70 1559/1428/70 1239/1427/70
f 1557/729/71 1234/728/71 1233/1426/71 1558/1429/71
f 783/710/70 1452/710/70 1451/722/70 779/721/70
f 1429/584/71 457/1661/71 456/720/71 1430/723/71
f 898/802/68 1386/805/68 1385/1372/68 894/1371/68
f 1387/1733/69 583/1614/69 582/1370/69 1388/1373/69
f 849/741/69 1466/744/69 1465/1085/69 850/1084/69
f 1467/778/70 859/777/70 863/1083/70 1468/1086/70
f 522/762/71 1418/765/71 1417/538/71 523/537/71
f 1419/499/68 512/498/68 511/536/68 1420/539/68
f 1114/1221/71 1510/1224/71 1509/1393/71 1115/1393/71
f 1505/1138/68 1104/1137/68 1103/1392/68 1506/1394/68
f 467/566/68 1428/569/68 1427/1275/68 468/1274/68
f 1453/726/69 790/725/69 789/1273/69 1454/1276/69
f 516/1280/69 1364/1283/69 1363/1505/69 517/1504/69
f 1367/1297/70 526/1297/70 525/1503/70 1368/1506/70
f 1108/1136/69 1508/1139/69 1507/484/69 1109/483/69
f 1511/1223/70 1118/1222/70 1117/482/70 1512/485/70
f 593/1732/70 1392/1734/70 1391/1387/70 594/1387/70
f 1389/804/71 905/803/71 904/1386/71 1390/1388/71
f 803/724/70 1456/724/70 1455/736/70 799/735/70
f 1425/568/71 479/567/71 478/734/71 1426/737/71
f 918/818/68 1394/821/68 1393/1397/68 914/1396/68
f 1395/1234/69 605/1234/69 604/1395/69 1396/1398/69
f 869/1128/69 1470/1131/69 1469/782/69 870/781/69
f 1471/792/70 879/791/70 883/780/70 1472/783/70
f 500/749/71 1422/752/71 1421/553/71 501/1588/71
f 1423/1242/68 488/1241/68 487/1587/68 1424/1589/68
f 1094/1259/71 1502/1262/71 1501/1364/71 1095/1364/71
f 1497/1152/68 1084/1151/68 1083/1363/68 1498/1365/68
f 494/1247/69 1356/1250/69 1355/1599/69 495/1598/69
f 1359/1268/70 506/1268/70 505/1471/70 1360/1600/70
f 1088/1150/69 1500/1153/69 1499/1246/69 1089/1245/69
f 1503/1261/70 1098/1260/70 1097/1244/70 1504/1244/70
f 614/1233/70 1400/1235/70 1399/1408/70 615/1408/70
f 1397/820/71 925/819/71 924/1407/71 1398/1409/71
f 889/1510/69 1474/1513/69 1473/796/69 890/795/69
f 1475/808/70 899/807/70 903/794/70 1476/797/70
f 1074/1292/71 1494/1295/71 1493/1338/71 1075/1338/71
f 1489/1168/68 1064/1167/68 1063/1337/68 1490/1339/68
f 472/468/69 1348/471/69 1347/1440/69 473/1439/69
f 1351/1231/70 482/1230/70 481/1438/70 1352/1441/70
f 1068/1166/69 1492/1169/69 1491/1279/69 1069/1278/69
f 1495/1294/70 1078/1293/70 1077/1277/70 1496/1277/70
f 1043/1299/68 1482/1301/68 1481/1183/68 1044/1182/68
f 1483/1312/69 1049/1311/69 1048/1181/69 1484/1181/69
f 909/1477/69 1478/1480/69 1477/812/69 910/811/69
f 1479/1489/70 919/1488/70 923/810/70 1480/813/70
f 1054/1326/71 1486/1329/71 1485/1300/71 1055/1300/71
f 450/698/69 1340/701/69 1339/1671/69 451/1670/69
f 1343/544/70 462/544/70 461/1412/70 1344/1411/70
f 1487/1328/70 1058/1327/70 1057/1310/70 1488/1313/70
f 428/1087/69 1332/1090/69 1331/1391/69 429/1390/69
f 1335/785/70 438/785/70 437/1389/70 1336/1389/70
f 738/686/68 1322/689/68 1321/1523/68 734/1522/68
f 1323/1360/69 407/1362/69 406/1521/69 1324/1524/69
f 1439/1368/68 400/1367/68 399/1613/68 1440/614/68
f 575/1753/68 1408/1714/68 1407/1512/68 576/1511/68
f 1327/1176/70 418/1175/70 417/1361/70 1328/1361/70
f 1325/688/71 745/687/71 744/1174/71 1326/1177/71
f 1405/1755/71 589/1754/71 588/806/71 1406/809/71
f 758/702/68 1330/705/68 1329/1089/68 754/1088/68
f 599/475/68 1404/478/68 1403/1479/68 600/1478/68
f 1333/704/71 765/703/71 764/784/71 1334/786/71
f 1401/477/71 610/476/71 609/1487/71 1402/1490/71
f 778/716/68 1338/719/68 1337/700/68 774/699/68
f 729/1366/69 1442/1369/69 1441/681/69 730/681/69
f 1341/718/71 785/717/71 784/543/71 1342/545/71
f 798/730/68 1346/733/68 1345/470/68 794/469/68
f 1349/732/71 805/731/71 804/1229/71 1350/1232/71
f 1163/1474/68 1530/1474/68 1529/1095/68 1164/1094/68
f 1531/1520/69 1169/1519/69 1168/1093/69 1532/1096/69
f 1194/1491/71 1542/1494/71 1541/1516/71 1195/1515/71
f 1537/1081/68 1184/1080/68 1183/1514/68 1538/1517/68
f 1188/1079/69 1540/1082/69 1539/1483/69 1189/1482/69
f 1543/1493/70 1198/1492/70 1197/1481/70 1544/1481/70
f 1177/1518/70 1536/1518/70 1535/1535/70 1178/1534/70
f 1533/1476/71 1175/1475/71 1174/1533/71 1534/1536/71
f 1564/1677/43 1566/1676/43 1565/2215/43 1561/2216/43
f 1571/1723/43 1573/1722/43 1572/2217/43 1569/2218/43
f 1577/1568/43 1579/1567/43 1578/2219/43 1575/2220/43
f 1583/1572/43 1585/1571/43 1584/2221/43 1581/2222/43
f 1589/1576/43 1591/1575/43 1590/2223/43 1587/2224/43
f 1595/1582/49 1597/1581/49 1596/2225/49 1593/2226/49
f 1601/1548/49 1603/1547/49 1602/2227/49 1599/2228/49
f 1607/1552/49 1609/1551/49 1608/2229/49 1605/2230/49
f 1613/1556/49 1615/1555/49 1614/2231/49 1611/2232/49
f 1620/1560/49 1622/1559/49 1621/2233/49 1617/2234/49
f 1627/1579/53 1595/1582/53 1594/1656/53 1625/1655/53
f 1628/36/51 1598/35/51 1597/1581/51 1629/1580/51
f 1633/1545/53 1601/1548/53 1600/512/53 1631/511/53
f 1634/51/51 1604/50/51 1603/1547/51 1635/1546/51
f 1639/1549/53 1607/1552/53 1606/1609/53 1637/1608/53
f 1640/67/51 1610/66/51 1609/1551/51 1641/1550/51
f 1645/1553/53 1613/1556/53 1612/1640/53 1643/1639/53
f 1646/83/51 1616/82/51 1615/1555/51 1647/1554/51
f 1652/1557/1 1620/1560/1 1619/45/1 1649/44/1
f 1653/571/1 1623/570/1 1622/1559/1 1654/1558/1
f 1591/1575/53 1658/1578/53 1657/1675/53 1592/1674/53
f 1588/63/51 1660/62/51 1662/1577/51 1589/1576/51
f 1585/1571/53 1664/1574/53 1663/580/53 1586/579/53
f 1582/1665/51 1666/1664/51 1668/1573/51 1583/1572/51
f 1579/1567/53 1670/1570/53 1669/549/53 1580/548/53
f 1576/1624/51 1672/1626/51 1674/1569/51 1577/1568/51
f 1573/1722/53 1676/1725/53 1675/519/53 1574/518/53
f 1570/1593/51 1678/1592/51 1680/1724/51 1571/1723/51
f 1566/1676/1 1682/1679/1 1681/1601/1 1567/487/1
f 1563/1705/1 1685/1704/1 1688/1678/1 1564/1677/1
f 1687/492/49 1683/1714/49 1682/1679/49 1688/1678/49
f 1654/1558/43 1652/1557/43 1651/1717/43 1655/1716/43
f 1679/523/49 1677/522/49 1676/1725/49 1680/1724/49
f 1647/1554/43 1645/1553/43 1644/1161/43 1648/1160/43
f 1673/553/49 1671/552/49 1670/1570/49 1674/1569/49
f 1641/1550/43 1639/1549/43 1638/1473/43 1642/1472/43
f 1667/584/49 1665/583/49 1664/1574/49 1668/1573/49
f 1635/1546/43 1633/1545/43 1632/1410/43 1636/1412/43
f 1661/613/49 1659/614/49 1658/1578/49 1662/1577/49
f 1629/1580/43 1627/1579/43 1626/1362/43 1630/1361/43
f 154/532/70 1578/535/70 1580/2066/70 155/1891/70
f 1671/552/71 486/551/71 485/546/71 1669/549/71
f 1689/1561/6 1618/1561/6 1617/1721/6 1690/1708/6
f 1782/98/68 353/97/68 352/2235/68 1783/2077/68
f 1709/541/6 1684/540/6 1683/1714/6 1710/1713/6
f 1822/1699/68 585/1699/68 590/489/68 1823/492/68
f 295/509/71 1600/512/71 1599/2236/71 296/2236/71
f 1604/50/68 299/49/68 298/2237/68 1602/2237/68
f 1699/1728/4 1656/1727/4 1655/1716/4 1700/1615/4
f 1792/44/70 579/1735/70 584/528/70 1793/531/70
f 540/1158/70 1644/1161/70 1643/1639/70 535/1638/70
f 1611/74/71 332/73/71 331/2008/71 1612/2008/71
f 502/550/68 1673/553/68 1672/1626/68 497/1625/68
f 1575/534/69 151/533/69 150/2065/69 1576/2065/69
f 186/60/69 1588/63/69 1587/2238/69 187/1910/69
f 1592/1674/70 194/1673/70 193/2239/70 1590/1913/70
f 1723/942/4 1565/472/4 1568/1730/4 1719/1730/4
f 334/72/68 1614/75/68 1616/2010/68 335/2010/68
f 1648/1160/69 548/1159/69 547/80/69 1646/83/69
f 408/1360/70 1626/1362/70 1625/1655/70 403/1654/70
f 1593/182/71 278/181/71 277/1975/71 1594/1975/71
f 132/1590/69 1570/1593/69 1569/1877/69 133/1877/69
f 1574/518/70 137/518/70 136/2240/70 1572/2240/70
f 280/180/68 1596/183/68 1598/2073/68 281/1977/68
f 1630/1361/69 416/1361/69 415/33/69 1628/36/69
f 503/64/69 1640/67/69 1642/1472/69 504/1471/69
f 1637/1608/70 491/1607/70 496/1470/70 1638/1473/70
f 1832/474/69 115/473/69 114/1564/69 1833/1564/69
f 172/562/70 1584/565/70 1586/2069/70 173/1901/70
f 1665/583/71 442/582/71 441/577/71 1663/580/71
f 313/1606/71 1606/1609/71 1605/2241/71 314/2242/71
f 1610/66/68 317/65/68 316/2243/68 1608/2244/68
f 397/1672/71 1657/1675/71 1659/614/71 398/614/71
f 1660/62/68 409/61/68 414/613/68 1661/613/68
f 452/1410/70 1632/1410/70 1631/511/70 447/510/70
f 458/581/68 1667/584/68 1666/1664/68 453/1663/68
f 1581/564/69 169/563/69 168/2067/69 1582/2067/69
f 1677/522/71 530/521/71 529/517/71 1675/519/71
f 1636/1412/69 460/1411/69 459/48/69 1634/51/69
f 1678/1592/68 541/1591/68 546/520/68 1679/523/68
f 1802/1685/71 1692/1686/71 1691/2082/71 1803/2082/71
f 1624/1710/6 1694/1709/6 1698/1706/6 1621/88/6
f 1812/1726/69 1702/99/69 1701/1615/69 1813/1615/69
f 1650/480/4 1704/479/4 1708/1715/4 1651/1717/4
f 1695/1681/50 1703/1680/50 1702/99/50 1696/97/50
f 1705/1683/52 1693/45/52 1692/1686/52 1706/44/52
f 1690/1708/6 1698/1706/6 1697/1706/6 1691/1708/6
f 1700/1615/4 1708/1715/4 1707/1614/4 1701/1615/4
f 1846/1687/71 1712/1601/71 1711/1696/71 1842/1696/71
f 1686/1611/6 1714/1610/6 1718/1712/6 1687/492/6
f 1852/472/70 1722/1691/70 1721/1730/70 1853/1730/70
f 1561/474/4 1725/473/4 1724/1564/4 1562/1563/4
f 1725/473/4 1723/942/4 1722/1691/4 1726/474/4
f 1715/1720/50 1728/1719/50 1727/1698/50 1716/1703/50
f 1710/1713/6 1718/1712/6 1717/1697/6 1711/1696/6
f 1720/1693/52 1713/1692/52 1712/1601/52 1721/1689/52
f 1731/99/51 1733/98/51 1732/98/51 1729/572/51
f 1737/1698/51 1739/1700/51 1738/1703/51 1735/1698/51
f 1743/1690/69 1731/99/69 1730/1728/69 1741/1729/69
f 1733/98/68 1745/98/68 1744/2077/68 1734/2077/68
f 1745/98/50 1743/1690/50 1742/99/50 1746/1682/50
f 1739/1700/68 1748/1699/68 1747/1610/68 1740/1612/68
f 1736/1566/69 1750/1565/69 1752/1564/69 1737/1564/69
f 1748/1699/50 1752/1698/50 1751/1698/50 1749/1703/50
f 1694/1709/46 1744/1711/46 1746/1718/46 1695/1718/46
f 1741/1729/42 1699/1728/42 1703/1680/42 1742/99/42
f 1562/1563/43 1736/1566/43 1735/1564/43 1563/1564/43
f 1740/1612/49 1686/1611/49 1685/1704/49 1738/1703/49
f 1714/1610/46 1747/1610/46 1749/1703/46 1715/1720/46
f 1750/1565/42 1724/1564/42 1728/1564/42 1751/1564/42
f 1656/1727/43 1730/1728/43 1729/572/43 1653/571/43
f 1734/1710/49 1624/1710/49 1623/1710/49 1732/1710/49
f 1753/47/53 1756/46/53 1758/46/53 1754/44/53
f 1759/488/53 1762/486/53 1764/486/53 1760/488/53
f 1767/1686/71 1758/46/71 1757/2078/71 1765/2082/71
f 1770/486/71 1764/486/71 1763/540/71 1768/542/71
f 1771/1730/70 1761/1731/70 1760/1730/70 1772/1730/70
f 1754/44/70 1775/1684/70 1774/481/70 1755/479/70
f 1775/1684/52 1767/1686/52 1766/46/52 1776/1684/52
f 1772/488/52 1770/486/52 1769/1694/52 1773/488/52
f 1713/1692/46 1769/1694/46 1768/542/46 1709/541/46
f 1762/486/49 1681/1601/49 1684/540/49 1763/540/49
f 1693/45/46 1766/46/46 1765/2082/46 1689/2082/46
f 1756/46/49 1619/45/49 1618/2078/49 1757/2078/49
f 1719/1730/42 1771/1730/42 1773/2080/42 1720/1730/42
f 1755/479/43 1650/480/43 1649/44/43 1753/47/43
f 1567/487/43 1759/488/43 1761/2079/43 1568/2079/43
f 1704/479/42 1774/481/42 1776/1684/42 1705/1683/42
f 1696/97/68 1777/570/68 1781/2081/68 1697/2077/68
f 1779/1718/6 1785/1718/6 1784/91/6 1780/1772/6
f 1706/44/70 1787/1684/70 1791/1614/70 1707/1614/70
f 1789/481/4 1795/1770/4 1794/1778/4 1790/531/4
f 349/1737/71 1797/46/71 1801/2083/71 350/2078/71
f 1799/1561/6 1805/1783/6 1804/1771/6 1800/1771/6
f 591/96/69 1807/99/69 1811/530/69 592/529/69
f 1809/1775/4 1815/1729/4 1814/1779/4 1810/1732/4
f 1810/1732/4 1794/1778/4 1793/531/4 1811/530/4
f 1813/1615/4 1791/1614/4 1790/531/4 1814/1779/4
f 1800/1771/6 1784/91/6 1783/91/6 1801/90/6
f 1803/1707/6 1781/1706/6 1780/1772/6 1804/1771/6
f 1796/1735/52 1798/1736/52 1797/46/52 1792/44/52
f 1787/1684/53 1802/1685/53 1806/1736/53 1788/1735/53
f 1786/97/50 1808/99/50 1807/99/50 1782/98/50
f 1777/570/51 1812/1726/51 1816/1726/51 1778/1738/51
f 1716/1703/68 1817/1702/68 1821/1695/68 1717/1697/68
f 1819/1610/6 1825/1768/6 1824/1695/6 1820/1769/6
f 1726/474/69 1827/474/69 1831/1565/69 1727/1564/69
f 1828/1773/4 1836/474/4 1835/1564/4 1829/1761/4
f 573/486/71 1838/486/71 1837/491/71 574/490/71
f 1840/1762/6 1844/541/6 1843/1714/6 1841/490/6
f 118/472/70 1847/472/70 1851/1730/70 119/1730/70
f 1848/472/4 1856/942/4 1855/1777/4 1849/1776/4
f 1850/488/52 1839/1784/52 1838/486/52 1851/488/52
f 1853/1688/53 1846/1687/53 1845/1752/53 1854/1689/53
f 1841/490/6 1824/1695/6 1823/492/6 1837/491/6
f 1842/1696/6 1821/1695/6 1820/1769/6 1843/1714/6
f 1826/1699/50 1834/1701/50 1833/1701/50 1822/1699/50
f 1817/1702/51 1831/1701/51 1830/1719/51 1818/1756/51
f 1836/474/4 1848/472/4 1847/472/4 1832/474/4
f 1827/474/4 1852/472/4 1856/942/4 1828/1773/4
f 1859/1782/68 1861/1781/68 1860/2077/68 1857/2081/68
f 1865/1780/69 1867/99/69 1866/1729/69 1863/1775/69
f 1861/1781/50 1865/1780/50 1864/1767/50 1862/98/50
f 1858/98/51 1868/96/51 1867/99/51 1859/1782/51
f 1871/1764/68 1873/1747/68 1872/1610/68 1869/1612/68
f 1875/1761/69 1878/1566/69 1880/1761/69 1876/1564/69
f 1873/1747/50 1880/1763/50 1879/1698/50 1874/1747/50
f 1870/1703/51 1877/1698/51 1876/1765/51 1871/1764/51
f 1825/1768/46 1872/1610/46 1874/1747/46 1826/1699/46
f 1878/1566/42 1835/1564/42 1834/1564/42 1879/1564/42
f 1818/1756/49 1870/1703/49 1869/1612/49 1819/1610/49
f 1815/1729/43 1866/1729/43 1868/96/43 1816/1726/43
f 1857/1718/49 1779/1718/49 1778/1718/49 1858/1710/49
f 1829/1761/43 1875/1761/43 1877/1564/43 1830/1564/43
f 1808/99/42 1864/1767/42 1863/1775/42 1809/1775/42
f 1785/1718/46 1860/1718/46 1862/1718/46 1786/1710/46
f 1883/1766/70 1885/1684/70 1884/1770/70 1881/1770/70
f 1889/1736/71 1891/46/71 1890/2082/71 1887/2082/71
f 1885/1684/52 1889/1736/52 1888/46/52 1886/44/52
f 1882/44/53 1892/46/53 1891/46/53 1883/1766/53
f 1895/1774/71 1897/1601/71 1896/541/71 1893/541/71
f 1899/1730/70 1902/1730/70 1904/2080/70 1900/1730/70
f 1900/487/52 1895/1774/52 1894/1785/52 1901/488/52
f 1903/488/53 1898/1601/53 1897/1601/53 1904/488/53
f 1849/1776/42 1899/1730/42 1901/1731/42 1850/1730/42
f 1893/541/46 1840/1762/46 1839/1784/46 1894/1785/46
f 1805/1783/49 1890/1783/49 1892/1561/49 1806/1561/49
f 1881/1770/43 1789/481/43 1788/1735/43 1882/44/43
f 1798/1736/46 1888/46/46 1887/2082/46 1799/2082/46
f 1844/541/49 1896/541/49 1898/1601/49 1845/1752/49
f 1902/1730/43 1855/1777/43 1854/1731/43 1903/1730/43
f 1886/44/42 1796/1735/42 1795/1770/42 1884/1770/42
f 3/2245/5 4/1788/5 373/2032/5 369/2028/5
f 2009/1/1 1914/2/1 2284/3/1 2511/4/1
f 1926/5/1 2094/6/1 2306/7/1 2294/8/1
f 2300/9/1 2308/10/1 2180/11/1 1920/12/1
f 2276/13/2 2523/14/2 2100/15/2 1905/16/2
f 2285/17/3 2297/18/3 1922/19/3 1917/20/3
f 1912/21/4 1915/22/4 2012/23/4 2006/24/4
f 1924/25/3 1927/26/3 2293/27/3 2289/28/3
f 2466/29/1 2472/30/1 2248/31/1 2245/32/1
f 2319/33/5 2185/34/5 3502/35/5 3532/36/5
f 2344/37/1 2352/38/1 2198/39/1 2195/40/1
f 2202/41/6 2200/42/6 3503/42/6 3506/43/6
f 3553/44/1 3523/45/1 3660/46/1 3657/47/1
f 2363/48/5 2203/49/5 3508/50/5 3538/51/5
f 2388/52/1 2396/53/1 2216/54/1 2213/55/1
f 2220/56/6 2218/57/6 3509/58/6 3512/59/6
f 2090/60/5 2313/61/5 3564/62/5 3492/63/5
f 2407/64/5 2221/65/5 3514/66/5 3544/67/5
f 2432/68/1 2440/69/1 2234/70/1 2231/71/1
f 2238/72/6 2236/73/6 3515/74/6 3518/75/6
f 2063/76/1 2060/77/1 2394/78/1 2380/79/1
f 2451/80/5 2239/81/5 3520/82/5 3550/83/5
f 2476/84/1 2484/85/1 2252/86/1 2249/87/1
f 2256/88/6 2254/89/6 3705/90/6 3687/91/6
f 2456/92/1 2462/93/1 2244/94/1 2240/95/1
f 2495/96/5 2257/97/5 3686/98/5 3711/99/5
f 2271/100/2 2522/101/2 2834/102/2 2601/103/2
f 2516/104/1 2278/105/1 1910/106/1 2268/107/1
f 2107/108/6 2259/109/6 2261/110/6 2106/111/6
f 2111/112/6 2255/113/6 2260/114/6 2110/115/6
f 2115/116/6 2250/117/6 2251/118/6 2114/119/6
f 2119/120/6 2246/121/6 2247/122/6 2118/123/6
f 2123/124/6 2241/125/6 2243/126/6 2122/127/6
f 2127/128/6 2237/129/6 2242/130/6 2126/131/6
f 2131/132/6 2232/133/6 2233/134/6 2130/135/6
f 2135/136/6 2228/137/6 2229/138/6 2134/139/6
f 2139/140/6 2223/141/6 2225/142/6 2138/143/6
f 2143/144/6 2219/145/6 2224/146/6 2142/147/6
f 2147/148/6 2214/149/6 2215/150/6 2146/151/6
f 2151/152/6 2210/153/6 2211/154/6 2150/155/6
f 2155/156/6 2205/157/6 2207/158/6 2154/159/6
f 2159/160/6 2201/161/6 2206/162/6 2158/163/6
f 2163/164/6 2196/165/6 2197/166/6 2162/167/6
f 2167/168/6 2192/169/6 2193/170/6 2166/171/6
f 2171/172/6 2187/173/6 2189/174/6 2170/175/6
f 2176/176/6 2183/177/6 2188/178/6 2174/179/6
f 2184/180/6 2182/181/6 3497/182/6 3500/183/6
f 2599/184/2 2286/185/2 1919/186/2 2178/187/2
f 2596/188/2 2600/189/2 2177/190/2 2173/191/2
f 2591/192/2 2595/193/2 2172/194/2 2169/195/2
f 2588/196/2 2592/197/2 2168/198/2 2165/199/2
f 2583/200/2 2587/201/2 2164/202/2 2161/203/2
f 2580/204/2 2584/205/2 2160/206/2 2157/207/2
f 2575/208/2 2579/209/2 2156/210/2 2153/211/2
f 2572/212/2 2576/213/2 2152/214/2 2149/215/2
f 2567/216/2 2571/217/2 2148/218/2 2145/219/2
f 2564/220/2 2568/221/2 2144/222/2 2141/223/2
f 2559/224/2 2563/225/2 2140/226/2 2137/227/2
f 2556/228/2 2560/229/2 2136/230/2 2133/231/2
f 2551/232/2 2555/233/2 2132/234/2 2129/235/2
f 2548/236/2 2552/237/2 2128/238/2 2125/239/2
f 2543/240/2 2547/241/2 2124/242/2 2121/243/2
f 2540/244/2 2544/245/2 2120/246/2 2117/247/2
f 2535/248/2 2539/249/2 2116/250/2 2113/251/2
f 2532/252/2 2536/253/2 2112/254/2 2109/255/2
f 2527/256/2 2531/257/2 2108/258/2 2105/259/2
f 2524/260/2 2528/261/2 2104/262/2 2101/263/2
f 1913/264/2 2005/265/2 2521/266/2 2270/267/2
f 2013/268/1 2010/269/1 2515/270/1 2502/271/1
f 2008/272/2 2002/273/2 2526/274/2 2522/275/2
f 2001/276/2 1998/277/2 2529/278/2 2525/279/2
f 1997/280/2 1994/281/2 2534/282/2 2530/283/2
f 1993/284/2 1990/285/2 2537/286/2 2533/287/2
f 1989/288/2 1986/289/2 2542/290/2 2538/291/2
f 1985/292/2 1982/293/2 2545/294/2 2541/295/2
f 1981/296/2 1978/297/2 2550/298/2 2546/299/2
f 1977/300/2 1974/301/2 2553/302/2 2549/303/2
f 1973/304/2 1970/305/2 2558/306/2 2554/307/2
f 1969/308/2 1966/309/2 2561/310/2 2557/311/2
f 1965/312/2 1962/313/2 2566/314/2 2562/315/2
f 1961/316/2 1958/317/2 2569/318/2 2565/319/2
f 1957/320/2 1954/321/2 2574/322/2 2570/323/2
f 1953/324/2 1950/325/2 2577/326/2 2573/327/2
f 1949/328/2 1946/329/2 2582/330/2 2578/331/2
f 1945/332/2 1942/333/2 2585/334/2 2581/335/2
f 1941/336/2 1938/337/2 2590/338/2 2586/339/2
f 1937/340/2 1934/341/2 2593/342/2 2589/343/2
f 1936/344/4 2092/345/4 2096/346/4 1931/347/4
f 1940/348/4 2087/349/4 2093/350/4 1935/351/4
f 2913/352/5 2925/353/5 2615/354/5 2603/355/5
f 1944/356/4 2083/357/4 2088/358/4 1939/359/4
f 1948/360/4 2079/361/4 2084/362/4 1943/363/4
f 2590/364/2 2594/365/2 2906/366/2 2902/367/2
f 1952/368/4 2074/369/4 2080/370/4 1947/371/4
f 1956/372/4 2069/373/4 2075/374/4 1951/375/4
f 2582/376/2 2586/377/2 2898/378/2 2894/379/2
f 1960/380/4 2065/381/4 2070/382/4 1955/383/4
f 1964/384/4 2061/385/4 2066/386/4 1959/387/4
f 2574/388/2 2578/389/2 2890/390/2 2886/391/2
f 1968/392/4 2056/393/4 2062/394/4 1963/395/4
f 1972/396/4 2051/397/4 2057/398/4 1967/399/4
f 2566/400/2 2570/401/2 2882/402/2 2878/403/2
f 1976/404/4 2047/405/4 2052/406/4 1971/407/4
f 1980/408/4 2043/409/4 2048/410/4 1975/411/4
f 2558/412/2 2562/413/2 2874/414/2 2870/415/2
f 1984/416/4 2038/417/4 2044/418/4 1979/419/4
f 1988/420/4 2033/421/4 2039/422/4 1983/423/4
f 2550/424/2 2554/425/2 2866/426/2 2862/427/2
f 1992/428/4 2029/429/4 2034/430/4 1987/431/4
f 1996/432/4 2025/433/4 2030/434/4 1991/435/4
f 2542/436/2 2546/437/2 2858/438/2 2854/439/2
f 2000/440/4 2020/441/4 2026/442/4 1995/443/4
f 2004/444/4 2015/445/4 2021/446/4 1999/447/4
f 2534/448/2 2538/449/2 2850/450/2 2846/451/2
f 2007/452/4 2011/453/4 2016/454/4 2003/455/4
f 2269/456/5 2281/457/5 1916/458/5 1911/459/5
f 2832/460/1 2609/461/1 2279/462/1 2520/463/1
f 2017/464/1 2014/465/1 2501/466/1 2490/467/1
f 2376/468/5 2698/469/5 3249/470/5 3252/471/5
f 2022/472/4 2019/473/4 3736/474/4 3751/472/4
f 2503/475/6 2514/476/6 3305/477/6 3308/478/6
f 3608/479/4 3554/480/4 3659/479/4 3678/481/4
f 3021/482/4 3013/483/4 3411/484/4 3416/485/4
f 2477/486/3 2023/487/3 3755/488/3 3742/486/3
f 2494/489/6 2478/490/6 3741/491/6 3727/492/6
f 2035/493/1 2032/494/1 2457/495/1 2446/496/1
f 2733/497/5 2416/498/5 3323/499/5 3366/500/5
f 2040/501/4 2037/502/4 3473/503/4 3476/504/4
f 2459/505/6 2471/506/6 3313/507/6 3316/508/6
f 2199/509/3 2351/510/3 3535/511/3 3504/512/3
f 3074/513/7 3080/514/7 2770/515/8 2761/516/8
f 2433/517/3 2041/518/3 3478/518/3 3579/519/3
f 2450/520/6 2434/521/6 3581/522/6 3583/523/6
f 2053/524/1 2050/525/1 2413/526/1 2402/527/1
f 2488/528/4 2496/529/4 3715/530/4 3697/531/4
f 2058/532/4 2055/533/4 3479/534/4 3482/535/4
f 2415/536/6 2427/537/6 3321/538/6 3324/539/6
f 3588/540/6 3613/541/6 3672/542/6 3667/540/6
f 2688/543/3 2366/544/3 3247/544/3 3246/545/3
f 2389/546/3 2059/547/3 3484/548/3 3573/549/3
f 2406/550/6 2390/551/6 3575/552/6 3577/553/6
f 2071/554/1 2068/555/1 2369/556/1 2358/557/1
f 3150/558/2 3154/559/2 3156/560/2 3152/561/2
f 2076/562/4 2073/563/4 3485/564/4 3488/565/4
f 2371/566/6 2383/567/6 3329/568/6 3332/569/6
f 3527/570/1 3557/571/1 3633/572/1 3636/98/1
f 2792/573/1 2799/574/1 2485/575/1 2475/576/1
f 2345/577/3 2077/578/3 3490/579/3 3567/580/3
f 2362/581/6 2346/582/6 3569/583/6 3571/584/6
f 2089/585/1 2086/586/1 2325/587/1 2314/588/1
f 3038/589/3 3042/590/3 3423/591/3 3422/592/3
f 2097/593/4 2091/594/4 3491/595/4 3494/596/4
f 2327/597/6 2339/598/6 3337/599/6 3340/600/6
f 2067/601/1 2064/602/1 2379/603/1 2370/604/1
f 2447/605/1 2461/606/1 2777/607/1 2764/608/1
f 1933/609/2 1930/610/2 2598/611/2 2594/612/2
f 2318/613/6 2302/614/6 3563/614/6 3565/613/6
f 1918/615/6 1921/616/6 2179/617/6 2175/618/6
f 2512/619/1 2283/620/1 2613/621/1 2824/622/1
f 1932/623/4 2095/624/4 1928/625/4 1923/626/4
f 2620/627/3 2630/628/3 2298/629/3 2288/630/3
f 1929/631/2 1925/632/2 2292/633/2 2597/634/2
f 2598/635/2 2291/636/2 2621/637/2 2910/638/2
f 2099/639/6 2265/640/6 1909/641/6 1906/642/6
f 2274/643/5 2280/644/5 2612/645/5 2606/646/5
f 2605/647/2 2836/648/2 2524/649/2 2275/650/2
f 2602/651/2 2833/652/2 3145/653/2 2914/651/2
f 2295/654/1 2305/655/1 2637/656/1 2625/657/1
f 3223/658/2 2930/659/2 2618/660/2 2911/658/2
f 2290/661/3 2296/662/3 2628/663/3 2622/664/3
f 2623/665/72 2627/666/72 2937/667/72 2933/668/72
f 2912/669/2 2617/670/2 2287/671/2 2600/672/2
f 2825/673/12 2616/674/13 2928/675/13 3135/673/14
f 2629/676/1 2639/677/1 2309/678/1 2299/679/1
f 2647/680/4 2634/681/4 3345/681/4 3348/680/4
f 2745/682/12 2756/683/12 3065/684/15 3056/685/14
f 2642/686/6 2649/687/6 3229/688/6 3226/689/6
f 2316/690/3 2643/691/3 3347/692/3 3342/693/3
f 2667/694/4 2654/695/4 3349/696/4 3352/697/4
f 2354/698/5 2678/699/5 3241/700/5 3244/701/5
f 2662/702/6 2669/703/6 3237/704/6 3234/705/6
f 2338/706/3 2663/707/3 3351/708/3 3338/709/3
f 2687/710/4 2674/711/4 3353/711/4 3356/710/4
f 3041/712/4 3033/713/4 3419/714/4 3424/715/4
f 2682/716/6 2689/717/6 3245/718/6 3242/719/6
f 2360/720/3 2683/721/3 3355/722/3 3334/723/3
f 2707/724/4 2694/725/4 3357/726/4 3360/724/4
f 3127/727/6 3138/728/6 3461/729/6 3458/727/6
f 2702/730/6 2709/731/6 3253/732/6 3250/733/6
f 2382/734/3 2703/735/3 3359/736/3 3330/737/3
f 2727/738/4 2714/739/4 3361/740/4 3364/738/4
f 2753/741/5 2436/742/5 3319/743/5 3370/744/5
f 2722/745/6 2729/746/6 3261/747/6 3258/748/6
f 2404/749/3 2723/750/3 3363/751/3 3326/752/3
f 2735/753/23 2746/754/23 3055/755/24 3046/753/25
f 3054/756/73 3060/757/20 2750/757/21 2741/756/74
f 2742/758/6 2749/759/6 3269/760/6 3266/761/6
f 2426/762/3 2743/763/3 3367/764/3 3322/765/3
f 2755/766/23 2766/767/23 3075/768/24 3066/769/25
f 2473/770/4 2465/771/4 3283/772/4 3288/770/4
f 2762/773/6 2769/774/6 3277/775/6 3274/773/6
f 2448/776/3 2763/777/3 3371/778/3 3318/779/3
f 2787/780/4 2774/781/4 3373/782/4 3376/783/4
f 2668/784/3 2342/785/3 3239/785/3 3238/786/3
f 2782/787/6 2789/788/6 3285/788/6 3282/789/6
f 2470/790/3 2783/791/3 3375/792/3 3314/793/3
f 2807/794/4 2794/795/4 3377/796/4 3380/797/4
f 3132/798/5 3128/799/5 3457/800/5 3460/801/5
f 2802/802/6 2809/803/6 3293/804/6 3290/805/6
f 2492/806/3 2803/807/3 3379/808/3 3310/809/3
f 2827/810/4 2814/811/4 3381/812/4 3384/813/4
f 2772/814/1 2779/815/1 2463/816/1 2455/817/1
f 2822/818/6 2829/819/6 3301/820/6 3298/821/6
f 2604/822/5 2614/823/5 2282/824/5 2272/825/5
f 3140/826/8 2922/827/75 2610/828/76 2831/826/8
f 2837/829/2 2841/830/2 3153/831/2 3149/829/2
f 2840/832/2 2844/833/2 2532/834/2 2528/835/2
f 2842/836/2 2846/837/2 3158/838/2 3154/839/2
f 2845/840/2 2849/841/2 3161/842/2 3157/840/2
f 2848/843/2 2852/844/2 2540/845/2 2536/846/2
f 2850/847/2 2854/848/2 3166/849/2 3162/850/2
f 2853/851/2 2857/852/2 3169/853/2 3165/854/2
f 2856/855/2 2860/856/2 2548/857/2 2544/858/2
f 2858/859/2 2862/860/2 3174/861/2 3170/862/2
f 2861/863/2 2865/864/2 3177/865/2 3173/866/2
f 2864/867/2 2868/868/2 2556/869/2 2552/870/2
f 2866/871/2 2870/872/2 3182/873/2 3178/874/2
f 2869/875/2 2873/876/2 3185/876/2 3181/875/2
f 2872/877/2 2876/878/2 2564/879/2 2560/880/2
f 2874/881/2 2878/882/2 3190/883/2 3186/884/2
f 2877/885/2 2881/886/2 3193/886/2 3189/887/2
f 2880/888/2 2884/889/2 2572/890/2 2568/891/2
f 2882/892/2 2886/893/2 3198/894/2 3194/895/2
f 2885/896/2 2889/897/2 3201/898/2 3197/896/2
f 2888/899/2 2892/900/2 2580/901/2 2576/902/2
f 2890/903/2 2894/904/2 3206/905/2 3202/906/2
f 2893/907/2 2897/908/2 3209/909/2 3205/910/2
f 2896/911/2 2900/912/2 2588/913/2 2584/914/2
f 2898/915/2 2902/916/2 3214/917/2 3210/918/2
f 2901/919/2 2905/920/2 3217/921/2 3213/922/2
f 2904/923/2 2908/924/2 2596/925/2 2592/926/2
f 2906/927/2 2910/928/2 3222/929/2 3218/930/2
f 2918/931/5 2924/932/5 2926/933/5 2916/934/5
f 3220/930/2 3224/935/2 2912/936/2 2908/937/2
f 3215/938/2 3219/939/2 2907/940/2 2903/941/2
f 3627/942/4 3629/473/4 3465/474/4 3469/472/4
f 3212/918/2 3216/917/2 2904/943/2 2900/944/2
f 3207/945/2 3211/946/2 2899/947/2 2895/945/2
f 3214/948/2 3218/949/2 3220/950/2 3216/951/2
f 3204/906/2 3208/952/2 2896/953/2 2892/954/2
f 3199/955/2 3203/956/2 2891/957/2 2887/958/2
f 3206/959/2 3210/960/2 3212/961/2 3208/962/2
f 3196/895/2 3200/963/2 2888/964/2 2884/965/2
f 3191/966/2 3195/967/2 2883/967/2 2879/966/2
f 3198/968/2 3202/969/2 3204/970/2 3200/971/2
f 3188/972/2 3192/973/2 2880/974/2 2876/975/2
f 3183/976/2 3187/977/2 2875/978/2 2871/979/2
f 3190/980/2 3194/981/2 3196/982/2 3192/983/2
f 3180/984/2 3184/985/2 2872/986/2 2868/987/2
f 3175/988/2 3179/989/2 2867/990/2 2863/988/2
f 3182/991/2 3186/992/2 3188/993/2 3184/994/2
f 3172/995/2 3176/996/2 2864/997/2 2860/998/2
f 3167/999/2 3171/1000/2 2859/1001/2 2855/1002/2
f 3174/1003/2 3178/1004/2 3180/1005/2 3176/1006/2
f 3164/1007/2 3168/1008/2 2856/1009/2 2852/1010/2
f 3159/1011/2 3163/1012/2 2851/1013/2 2847/1014/2
f 3166/1015/2 3170/1016/2 3172/1017/2 3168/1018/2
f 3156/1019/2 3160/1020/2 2848/1021/2 2844/1022/2
f 3151/1023/2 3155/1024/2 2843/1025/2 2839/1026/2
f 3158/1027/2 3162/1028/2 3164/1029/2 3160/1030/2
f 3148/1031/2 3152/1032/2 2840/1033/2 2836/1034/2
f 2607/1035/5 2611/1036/5 2921/1036/5 2917/1037/5
f 3136/1038/1 2927/1039/1 2923/1040/1 3144/1041/1
f 3134/1042/7 3141/1043/7 2830/1044/8 2821/1042/8
f 3058/1045/3 3062/1046/3 3431/1047/3 3430/1048/3
f 3124/1049/8 3130/1050/8 2820/1051/8 2811/1049/8
f 3118/1052/3 3122/1053/3 3455/1054/3 3454/1055/3
f 3114/1056/7 3120/1057/7 2810/1058/8 2801/1056/8
f 2469/1059/1 2481/1060/1 2797/1061/1 2784/1062/1
f 3104/1063/8 3110/1064/8 2800/1065/8 2791/1063/8
f 3112/1066/5 3108/1067/5 3449/1068/5 3452/1066/5
f 3094/1069/7 3100/1070/7 2790/1071/8 2781/1069/8
f 2725/1072/12 2736/1073/12 3045/1074/15 3036/1072/14
f 3084/1075/8 3090/1076/8 2780/1077/8 2771/1078/8
f 3092/1079/5 3088/1080/5 3441/1081/5 3444/1082/5
f 2767/1083/4 2754/1084/4 3369/1085/4 3372/1086/4
f 2332/1087/5 2658/1088/5 3233/1089/5 3236/1090/5
f 3064/1091/8 3070/1092/8 2760/1092/8 2751/1091/8
f 3072/1093/5 3068/1094/5 3433/1095/5 3436/1096/5
f 2747/1097/4 2734/1098/4 3365/1098/4 3368/1099/4
f 3061/1100/4 3053/1101/4 3427/1102/4 3432/1103/4
f 3044/1104/8 3050/1105/77 2740/1106/78 2731/1104/8
f 3052/1107/5 3048/1108/5 3425/1109/5 3428/1110/5
f 3034/1111/7 3040/1112/7 2730/1113/8 2721/1111/8
f 3107/1114/6 3119/1115/6 3453/1116/6 3450/1117/6
f 3024/1118/8 3030/1119/8 2720/1120/8 2711/1118/8
f 3032/1121/5 3028/1122/5 3417/1123/5 3420/1124/5
f 3014/1125/7 3020/1126/7 2710/1127/8 2701/1125/8
f 2773/1128/5 2460/1129/5 3315/1130/5 3374/1131/5
f 3004/1132/8 3010/1133/8 2700/1134/8 2691/1135/8
f 3012/1136/5 3008/1137/5 3409/1138/5 3412/1139/5
f 2994/1140/7 3000/1141/7 2690/1142/8 2681/1143/8
f 2715/1144/16 2726/1145/16 3035/1145/17 3026/1144/18
f 2984/1146/8 2990/1147/8 2680/1148/8 2671/1149/8
f 2992/1150/5 2988/1151/5 3401/1152/5 3404/1153/5
f 2974/1154/7 2980/1155/7 2670/1156/8 2661/1157/8
f 2444/1158/4 2452/1159/4 3552/1160/4 3548/1161/4
f 2964/1162/8 2970/1163/8 2660/1164/8 2651/1165/8
f 2972/1166/5 2968/1167/5 3393/1168/5 3396/1169/5
f 2954/1170/7 2960/1171/7 2650/1172/8 2641/1173/8
f 2648/1174/3 2322/1175/3 3231/1176/3 3230/1177/3
f 2944/1178/26 2950/1179/8 2640/1180/8 2632/1178/26
f 2952/1181/5 2948/1182/5 3385/1183/5 3388/1181/5
f 2929/1184/3 2941/1185/3 2631/1186/3 2619/1187/3
f 2934/1188/3 2940/1189/3 2942/1190/3 2932/1191/3
f 2626/1192/13 2636/1193/12 2945/1194/15 2938/1192/13
f 2939/1195/1 2949/1196/1 2951/1197/1 2943/1198/1
f 2909/1199/2 2624/1200/2 2936/1201/2 3221/1199/2
f 3222/1202/2 2935/1203/2 2931/1204/2 3224/1205/2
f 2920/1206/2 3147/1207/2 2835/1208/2 2608/1206/2
f 2915/1209/2 3146/1210/2 3148/1211/2 2919/1212/2
f 2765/1213/12 2776/1214/12 3085/1215/15 3076/1216/14
f 2425/1217/1 2437/1218/1 2757/1219/1 2744/1220/1
f 3018/1221/3 3022/1222/3 3415/1223/3 3414/1224/3
f 2812/1225/1 2819/1226/1 2507/1227/1 2499/1228/1
f 2708/1229/3 2386/1230/3 3255/1231/3 3254/1232/3
f 2518/1233/4 2509/1234/4 3299/1234/4 3304/1235/4
f 2775/1236/23 2786/1237/23 3095/1238/24 3086/1239/25
f 2713/1240/5 2392/1241/5 3327/1242/5 3362/1243/5
f 3001/1244/4 2993/1245/4 3403/1246/4 3408/1244/4
f 2398/1247/5 2718/1248/5 3257/1249/5 3260/1250/5
f 2785/1251/12 2796/1252/12 3105/1253/15 3096/1254/14
f 2403/1255/1 2417/1256/1 2737/1257/1 2724/1258/1
f 2998/1259/3 3002/1260/3 3407/1261/3 3406/1262/3
f 2526/1263/2 2530/1264/2 2842/1265/2 2838/1266/2
f 2728/1267/3 2410/1268/3 3263/1268/3 3262/1269/3
f 2795/1270/23 2806/1271/23 3115/1272/24 3106/1270/25
f 2693/1273/5 2372/1274/5 3331/1275/5 3358/1276/5
f 2981/1277/4 2973/1278/4 3395/1279/4 3400/1277/4
f 2420/1280/5 2738/1281/5 3265/1282/5 3268/1283/5
f 2805/1284/12 2816/1285/12 3125/1286/15 3116/1287/14
f 2381/1288/1 2393/1289/1 2717/1290/1 2704/1291/1
f 2978/1292/3 2982/1293/3 3399/1294/3 3398/1295/3
f 2748/1296/3 2430/1297/3 3271/1297/3 3270/1298/3
f 2947/1299/6 2959/1300/6 3389/1300/6 3386/1301/6
f 2815/1302/23 2826/1303/23 3139/1304/24 3126/1305/25
f 2673/1306/5 2348/1307/5 3335/1308/5 3354/1309/5
f 2961/1310/4 2953/1311/4 3387/1312/4 3392/1313/4
f 2442/1314/5 2758/1315/5 3273/1316/5 3276/1317/5
f 2834/1318/2 2838/1319/2 3150/1320/2 3146/1321/2
f 2359/1322/1 2373/1323/1 2697/1324/1 2684/1325/1
f 2958/1326/3 2962/1327/3 3391/1328/3 3390/1329/3
f 2957/1330/1 2969/1331/1 2971/1332/1 2963/1333/1
f 2768/1334/3 2454/1335/3 3279/1335/3 3278/1336/3
f 2967/1337/6 2979/1338/6 3397/1338/6 3394/1339/6
f 2653/1340/5 2328/1341/5 3339/1342/5 3350/1343/5
f 2464/1344/5 2778/1345/5 3281/1346/5 3284/1347/5
f 2337/1348/1 2349/1349/1 2677/1350/1 2664/1351/1
f 2977/1352/1 2989/1353/1 2991/1354/1 2983/1355/1
f 2788/1356/3 2474/1357/3 3287/1358/3 3286/1359/3
f 2312/1360/4 2320/1361/4 3534/1361/4 3530/1362/4
f 2987/1363/6 2999/1364/6 3405/1364/6 3402/1365/6
f 2633/1366/5 2304/1367/5 3343/1368/5 3346/1369/5
f 2486/1370/5 2798/1371/5 3289/1372/5 3292/1373/5
f 2315/1374/1 2329/1375/1 2657/1376/1 2644/1377/1
f 2652/1378/1 2659/1379/1 2331/1380/1 2323/1381/1
f 2997/1382/1 3009/1383/1 3011/1384/1 3003/1385/1
f 2808/1386/3 2498/1387/3 3295/1387/3 3294/1388/3
f 2341/1389/4 2333/1390/4 3235/1391/4 3240/1389/4
f 3007/1392/6 3019/1393/6 3413/1393/6 3410/1394/6
f 2508/1395/5 2818/1396/5 3297/1397/5 3300/1398/5
f 2672/1399/1 2679/1400/1 2353/1401/1 2343/1402/1
f 3017/1403/1 3029/1404/1 3031/1405/1 3023/1406/1
f 2828/1407/3 2519/1408/3 3303/1408/3 3302/1409/3
f 2356/1410/4 2364/1411/4 3540/1412/4 3536/1410/4
f 2635/1413/23 2646/1414/23 2955/1415/24 2946/1413/25
f 3027/1416/6 3039/1417/6 3421/1418/6 3418/1416/6
f 3142/1419/4 3133/1420/4 3459/1421/4 3464/1422/4
f 2645/1423/12 2656/1424/12 2965/1425/15 2956/1423/14
f 3137/1426/3 3143/1427/3 3463/1428/3 3462/1429/3
f 2692/1430/1 2699/1431/1 2375/1432/1 2367/1433/1
f 3037/1434/1 3049/1435/1 3051/1436/1 3043/1437/1
f 2385/1438/4 2377/1439/4 3251/1440/4 3256/1441/4
f 2655/1442/16 2666/1443/16 2975/1444/17 2966/1442/18
f 3047/1445/6 3059/1446/6 3429/1447/6 3426/1445/6
f 3121/1448/4 3113/1449/4 3451/1450/4 3456/1451/4
f 2665/1452/12 2676/1453/12 2985/1454/15 2976/1452/14
f 3117/1455/1 3129/1456/1 3131/1457/1 3123/1458/1
f 2712/1459/1 2719/1460/1 2397/1461/1 2387/1462/1
f 3057/1463/1 3069/1464/1 3071/1465/1 3063/1466/1
f 2675/1467/23 2686/1468/23 2995/1469/24 2986/1467/25
f 2400/1470/4 2408/1471/4 3546/1472/4 3542/1473/4
f 3067/1474/6 3079/1475/6 3437/1476/6 3434/1474/6
f 2813/1477/5 2504/1478/5 3307/1479/5 3382/1480/5
f 3101/1481/4 3093/1482/4 3443/1483/4 3448/1481/4
f 2685/1484/12 2696/1485/12 3005/1486/15 2996/1484/14
f 2513/1487/3 2823/1488/3 3383/1489/3 3306/1490/3
f 3098/1491/3 3102/1492/3 3447/1493/3 3446/1494/3
f 2732/1495/1 2739/1496/1 2419/1497/1 2411/1498/1
f 3077/1499/1 3089/1500/1 3091/1501/1 3083/1502/1
f 2429/1503/4 2421/1504/4 3267/1505/4 3272/1506/4
f 2695/1507/23 2706/1508/23 3015/1509/24 3006/1507/25
f 2793/1510/5 2480/1511/5 3311/1512/5 3378/1513/5
f 3087/1514/6 3099/1515/6 3445/1516/6 3442/1517/6
f 3081/1518/4 3073/1519/4 3435/1520/4 3440/1518/4
f 2310/1521/5 2638/1522/5 3225/1523/5 3228/1524/5
f 2705/1525/12 2716/1526/12 3025/1527/15 3016/1528/14
f 2491/1529/1 2505/1530/1 2817/1531/1 2804/1532/1
f 3078/1533/3 3082/1534/3 3439/1535/3 3438/1536/3
f 2752/1537/1 2759/1538/1 2441/1539/1 2431/1540/1
f 3097/1541/1 3109/1542/1 3111/1543/1 3103/1544/1
f 3537/1545/1 3539/1546/1 3507/1547/1 3505/1548/1
f 3543/1549/1 3545/1550/1 3513/1551/1 3511/1552/1
f 3549/1553/1 3551/1554/1 3519/1555/1 3517/1556/1
f 3556/1557/1 3558/1558/1 3526/1559/1 3524/1560/1
f 3522/1561/6 3593/1561/6 3669/1562/6 3661/1561/6
f 3466/1563/4 3628/1564/4 3654/1565/4 3640/1566/4
f 3483/1567/1 3481/1568/1 3578/1569/1 3574/1570/1
f 3489/1571/1 3487/1572/1 3572/1573/1 3568/1574/1
f 3495/1575/1 3493/1576/1 3566/1577/1 3562/1578/1
f 3531/1579/1 3533/1580/1 3501/1581/1 3499/1582/1
f 2324/1583/1 2330/1584/1 2190/1585/1 2186/1586/1
f 2391/1587/6 2405/1588/6 3325/553/6 3328/1589/6
f 2036/1590/5 2445/1591/5 3582/1592/5 3474/1593/5
f 2334/1594/1 2340/1595/1 2194/1596/1 2191/1597/1
f 2409/1471/4 2399/1598/4 3259/1599/4 3264/1600/4
f 3471/487/1 3585/1601/1 3666/486/1 3663/488/1
f 2085/1602/1 2082/1603/1 2335/1604/1 2326/1605/1
f 2217/1606/3 2395/1607/3 3541/1608/3 3510/1609/3
f 3618/1610/6 3590/1611/6 3644/1612/6 3651/1610/6
f 2303/1613/6 2317/613/6 3341/613/6 3344/614/6
f 3695/1614/4 3717/1615/4 3605/1615/4 3611/1614/4
f 2321/1361/4 2311/1362/4 3227/1360/4 3232/1361/4
f 2368/1616/1 2374/1617/1 2208/1618/1 2204/1619/1
f 2081/1620/1 2078/1621/1 2350/1622/1 2336/1623/1
f 2054/1624/5 2401/1625/5 3576/1626/5 3480/1624/5
f 2049/1627/1 2046/1628/1 2423/1629/1 2414/1630/1
f 2378/1631/1 2384/1632/1 2212/1633/1 2209/1634/1
f 2435/1635/6 2449/1636/6 3317/523/6 3320/522/6
f 2235/1637/3 2439/1638/3 3547/1639/3 3516/1640/3
f 2453/1641/4 2443/1642/4 3275/1643/4 3280/1644/4
f 2045/1645/1 2042/1646/1 2438/1647/1 2424/1648/1
f 2103/1649/6 2264/1650/6 2266/1651/6 2102/1652/6
f 2181/1653/3 2307/1654/3 3529/1655/3 3498/1656/3
f 2412/1657/1 2418/1658/1 2226/1659/1 2222/1660/1
f 2347/583/6 2361/1661/6 3333/584/6 3336/583/6
f 2072/1662/5 2357/1663/5 3570/1664/5 3486/1665/5
f 2422/1666/1 2428/1667/1 2230/1668/1 2227/1669/1
f 2365/1412/4 2355/1670/4 3243/1671/4 3248/1411/4
f 2301/1672/3 2098/1673/3 3496/1674/3 3561/1675/3
f 3470/1676/1 3468/1677/1 3592/1678/1 3586/1679/1
f 3607/1680/2 3599/1681/2 3650/1682/2 3646/99/2
f 3597/45/2 3609/1683/2 3680/1684/2 3670/46/2
f 3706/1685/3 3691/1684/3 3610/44/3 3596/1686/3
f 3750/1687/3 3757/1688/3 3625/1689/3 3616/1601/3
f 3647/1690/5 3649/98/5 3637/98/5 3635/99/5
f 3756/472/4 3731/474/4 3630/474/4 3626/1691/4
f 3617/1692/2 3624/1693/2 3677/488/2 3673/1694/2
f 3725/1695/6 3746/1696/6 3615/1696/6 3621/1697/6
f 3671/1686/3 3679/1684/3 3658/44/3 3662/46/3
f 3656/1698/5 3652/1699/5 3643/1700/5 3641/1698/5
f 3735/1701/5 3721/1702/5 3620/1703/5 3631/1698/5
f 3589/1704/1 3467/1705/1 3639/1698/1 3642/1703/1
f 3685/1706/6 3707/1707/6 3595/1708/6 3601/1706/6
f 3598/1709/6 3528/1710/6 3638/1710/6 3648/1711/6
f 3622/1712/6 3614/1713/6 3587/1714/6 3591/492/6
f 3612/1715/4 3604/1615/4 3559/1716/4 3555/1717/4
f 3689/1718/6 3683/1718/6 3761/1718/6 3764/1718/6
f 3674/486/3 3676/488/3 3664/488/3 3668/486/3
f 3632/1719/2 3619/1720/2 3653/1703/2 3655/1698/2
f 3602/1706/6 3594/1708/6 3521/1721/6 3525/88/6
f 3477/1722/1 3475/1723/1 3584/1724/1 3580/1725/1
f 3716/1726/5 3681/570/5 3600/97/5 3606/99/5
f 3560/1727/4 3603/1728/4 3645/1729/4 3634/1728/4
f 3623/1730/4 3472/1730/4 3665/1731/4 3675/1730/4
f 2497/1732/4 2487/1614/4 3291/1733/4 3296/1734/4
f 3692/1735/1 3710/1736/1 3796/46/1 3786/44/1
f 2253/1737/3 2483/1735/3 3696/44/3 3701/46/3
f 3682/1738/1 3720/1726/1 3772/96/1 3762/98/1
f 2500/1739/1 2506/1740/1 2262/1741/1 2258/1742/1
f 3702/1736/2 3700/1735/2 3790/44/2 3792/46/2
f 2510/1743/1 2517/1744/1 2267/1745/1 2263/1746/1
f 3738/1701/2 3730/1699/2 3778/1747/2 3783/1698/2
f 2031/1748/1 2028/1749/1 2467/1750/1 2458/1751/1
f 3758/1689/1 3749/1752/1 3802/1601/1 3807/488/1
f 2479/1753/6 2493/1754/6 3309/1755/6 3312/1714/6
f 3722/1756/1 3734/1719/1 3781/1698/1 3774/1703/1
f 2027/1757/1 2024/1758/1 2482/1759/1 2468/1760/1
f 3733/1761/4 3739/1564/4 3782/1566/4 3779/1761/4
f 2018/1698/5 2489/1699/5 3726/1699/5 3737/1701/5
f 3748/541/6 3744/1762/6 3797/541/6 3800/541/6
f 3784/1763/5 3777/1747/5 3775/1764/5 3780/1765/5
f 3793/1736/3 3789/1684/3 3787/1766/3 3795/46/3
f 3712/99/2 3690/97/2 3766/98/2 3768/1767/2
f 3729/1768/6 3723/1610/6 3773/1612/6 3776/1610/6
f 3728/1695/6 3745/490/6 3747/1714/6 3724/1769/6
f 3699/1770/4 3693/481/4 3785/1770/4 3788/1770/4
f 3688/91/6 3704/1771/6 3708/1771/6 3684/1772/6
f 3752/472/4 3740/474/4 3732/1773/4 3760/942/4
f 3799/1774/3 3804/487/3 3808/488/3 3801/1601/3
f 3719/1729/4 3713/1775/4 3767/1775/4 3770/1729/4
f 3753/1776/4 3759/1777/4 3806/1730/4 3803/1730/4
f 3698/1778/4 3714/1732/4 3718/1779/4 3694/531/4
f 3769/1780/5 3765/1781/5 3763/1782/5 3771/99/5
f 3709/1783/6 3703/1561/6 3791/1561/6 3794/1783/6
f 3743/1784/2 3754/488/2 3805/488/2 3798/1785/2
f 1905/16/34 1906/1786/34 1907/1787/34
f 1908/1788/35 1909/1789/35 1910/1790/35
f 1911/459/36 1912/1791/36 1913/1792/36
f 1914/2/37 1915/1793/37 1916/1794/37
f 1917/20/38 1918/1795/38 1919/1796/38
f 1920/12/39 1921/1797/39 1922/1798/39
f 1923/626/40 1924/1799/40 1925/1800/40
f 1926/5/41 1927/1801/41 1928/1802/41
f 1929/631/42 1930/1803/42 1931/1804/42 1932/1805/42
f 1933/609/42 1934/1806/42 1935/1807/42 1936/1808/42
f 1937/340/42 1938/1809/42 1939/1810/42 1940/1811/42
f 1941/336/42 1942/1812/42 1943/1813/42 1944/1814/42
f 1945/332/42 1946/1815/42 1947/1816/42 1948/1817/42
f 1949/328/42 1950/1818/42 1951/1819/42 1952/1820/42
f 1953/324/42 1954/1821/42 1955/1822/42 1956/1823/42
f 1957/320/42 1958/1824/42 1959/1825/42 1960/1826/42
f 1961/316/42 1962/1827/42 1963/1828/42 1964/1829/42
f 1965/312/42 1966/1830/42 1967/1831/42 1968/1832/42
f 1969/308/42 1970/1833/42 1971/1834/42 1972/1835/42
f 1973/304/42 1974/1836/42 1975/1837/42 1976/1838/42
f 1977/300/42 1978/1839/42 1979/1840/42 1980/1841/42
f 1981/296/42 1982/1842/42 1983/1843/42 1984/1844/42
f 1985/292/42 1986/1845/42 1987/1846/42 1988/1847/42
f 1989/288/42 1990/1848/42 1991/1849/42 1992/1850/42
f 1993/284/42 1994/1851/42 1995/1852/42 1996/1853/42
f 1997/280/42 1998/1854/42 1999/1855/42 2000/1856/42
f 2001/276/42 2002/1857/42 2003/1858/42 2004/1859/42
f 2005/265/42 2006/1860/42 2007/1861/42 2008/1862/42
f 2009/1/43 2010/1863/43 2011/1864/43 2012/1865/43
f 2013/268/43 2014/1866/43 2015/1867/43 2016/1868/43
f 2017/464/44 2018/1698/44 2019/1869/44 2020/1869/44 2021/1870/44
f 2022/472/45 2023/1730/45 2024/1730/45 2025/1730/45 2026/472/45
f 2027/1757/43 2028/1871/43 2029/1872/43 2030/1873/43
f 2031/1748/43 2032/1874/43 2033/1875/43 2034/1876/43
f 2035/493/44 2036/1593/44 2037/1877/44 2038/1878/44 2039/1879/44
f 2040/501/45 2041/1880/45 2042/1880/45 2043/1880/45 2044/1881/45
f 2045/1645/43 2046/1882/43 2047/1883/43 2048/1884/43
f 2049/1627/43 2050/1885/43 2051/1886/43 2052/1887/43
f 2053/524/44 2054/1888/44 2055/1889/44 2056/1889/44 2057/1890/44
f 2058/532/45 2059/1891/45 2060/1891/45 2061/1891/45 2062/532/45
f 2063/76/43 2064/1892/43 2065/1893/43 2066/1894/43
f 2067/601/43 2068/1895/43 2069/1896/43 2070/1897/43
f 2071/554/44 2072/1662/44 2073/1898/44 2074/1899/44 2075/1900/44
f 2076/562/45 2077/1901/45 2078/1901/45 2079/1901/45 2080/1902/45
f 2081/1620/43 2082/1903/43 2083/1904/43 2084/1905/43
f 2085/1602/43 2086/1906/43 2087/1907/43 2088/1908/43
f 2089/585/44 2090/1909/44 2091/1910/44 2092/1910/44 2093/1911/44
f 2094/6/45 2095/1912/45 2096/1913/45 2097/1913/45 2098/1674/45
f 2099/639/46 2100/1914/46 2101/1915/46 2102/1916/46
f 2103/1649/46 2104/1917/46 2105/1918/46 2106/1919/46
f 2107/108/46 2108/1920/46 2109/1921/46 2110/1922/46
f 2111/112/46 2112/1923/46 2113/1924/46 2114/1925/46
f 2115/116/46 2116/1926/46 2117/1927/46 2118/1928/46
f 2119/120/46 2120/1929/46 2121/1930/46 2122/1931/46
f 2123/124/46 2124/1932/46 2125/1933/46 2126/1934/46
f 2127/128/46 2128/1935/46 2129/1936/46 2130/1937/46
f 2131/132/46 2132/1938/46 2133/1939/46 2134/1940/46
f 2135/136/46 2136/1941/46 2137/1942/46 2138/1943/46
f 2139/140/46 2140/1944/46 2141/1945/46 2142/1946/46
f 2143/144/46 2144/1947/46 2145/1948/46 2146/1949/46
f 2147/148/46 2148/1950/46 2149/1951/46 2150/1952/46
f 2151/152/46 2152/1953/46 2153/1954/46 2154/1955/46
f 2155/156/46 2156/1956/46 2157/1957/46 2158/1958/46
f 2159/160/46 2160/1959/46 2161/1960/46 2162/1961/46
f 2163/164/46 2164/1962/46 2165/1963/46 2166/1964/46
f 2167/168/46 2168/1965/46 2169/1966/46 2170/1967/46
f 2171/172/46 2172/1968/46 2173/1969/46 2174/1970/46
f 2175/618/46 2176/1971/46 2177/1972/46 2178/1973/46
f 2179/617/47 2180/1974/47 2181/1975/47 2182/1975/47 2183/1976/47
f 2184/180/48 2185/1977/48 2186/1977/48 2187/1977/48 2188/1978/48
f 2189/174/49 2190/1979/49 2191/1980/49 2192/1981/49
f 2193/170/49 2194/1982/49 2195/1983/49 2196/1984/49
f 2197/166/47 2198/1985/47 2199/1986/47 2200/1986/47 2201/1987/47
f 2202/41/48 2203/1988/48 2204/1988/48 2205/1988/48 2206/1989/48
f 2207/158/49 2208/1990/49 2209/1991/49 2210/1992/49
f 2211/154/49 2212/1993/49 2213/1994/49 2214/1995/49
f 2215/150/47 2216/1996/47 2217/1997/47 2218/1997/47 2219/1998/47
f 2220/56/48 2221/1999/48 2222/1999/48 2223/1999/48 2224/2000/48
f 2225/142/49 2226/2001/49 2227/2002/49 2228/2003/49
f 2229/138/49 2230/2004/49 2231/2005/49 2232/2006/49
f 2233/134/47 2234/2007/47 2235/2008/47 2236/2008/47 2237/2009/47
f 2238/72/48 2239/2010/48 2240/2010/48 2241/2010/48 2242/75/48
f 2243/126/49 2244/2011/49 2245/2012/49 2246/2013/49
f 2247/122/49 2248/2014/49 2249/2015/49 2250/2016/49
f 2251/118/47 2252/2017/47 2253/1561/47 2254/1561/47 2255/2018/47
f 2256/88/48 2257/1710/48 2258/1710/48 2259/1710/48 2260/91/48
f 2261/110/49 2262/2019/49 2263/2020/49 2264/2021/49
f 2265/640/49 2266/2022/49 2267/2023/49 2268/2024/49
f 2269/456/50 2270/2025/50 2271/2026/50 2272/2027/50
f 2273/2028/50 2274/2029/50 2275/2030/50 2276/2031/50
f 2277/2032/51 2278/2033/51 2279/2034/51 2280/2035/51
f 2281/457/51 2282/2036/51 2283/2037/51 2284/2038/51
f 2285/17/52 2286/185/52 2287/671/52 2288/630/52
f 2289/28/52 2290/661/52 2291/636/52 2292/633/52
f 2293/27/53 2294/8/53 2295/654/53 2296/662/53
f 2297/18/53 2298/629/53 2299/679/53 2300/9/53
f 2301/1672/49 2302/614/49 2303/1613/49 2304/1367/49 2305/655/49 2306/7/49
f 2307/1654/43 2308/10/43 2309/678/43 2310/1521/43 2311/1362/43 2312/1360/43
f 2313/61/49 2314/588/49 2315/1374/49 2316/690/49 2317/613/49 2318/613/49
f 2319/33/43 2320/1361/43 2321/1361/43 2322/1175/43 2323/1381/43 2324/1583/43
f 2325/587/54 2326/1605/54 2327/597/54 2328/1341/54 2329/1375/54
f 2330/1584/55 2331/1380/55 2332/1087/55 2333/1390/55 2334/1594/55
f 2335/1604/56 2336/1623/56 2337/1348/56 2338/706/56 2339/598/56
f 2340/1595/57 2341/1389/57 2342/785/57 2343/1402/57 2344/37/57
f 2345/577/49 2346/582/49 2347/583/49 2348/1307/49 2349/1349/49 2350/1622/49
f 2351/510/43 2352/38/43 2353/1401/43 2354/698/43 2355/1670/43 2356/1410/43
f 2357/1663/49 2358/557/49 2359/1322/49 2360/720/49 2361/1661/49 2362/581/49
f 2363/48/43 2364/1411/43 2365/1412/43 2366/544/43 2367/1433/43 2368/1616/43
f 2369/556/54 2370/604/54 2371/566/54 2372/1274/54 2373/1323/54
f 2374/1617/55 2375/1432/55 2376/468/55 2377/1439/55 2378/1631/55
f 2379/603/56 2380/79/56 2381/1288/56 2382/734/56 2383/567/56
f 2384/1632/57 2385/1438/57 2386/1230/57 2387/1462/57 2388/52/57
f 2389/546/49 2390/551/49 2391/1587/49 2392/1241/49 2393/1289/49 2394/78/49
f 2395/1607/43 2396/53/43 2397/1461/43 2398/1247/43 2399/1598/43 2400/1470/43
f 2401/1625/49 2402/527/49 2403/1255/49 2404/749/49 2405/1588/49 2406/550/49
f 2407/64/43 2408/1471/43 2409/1471/43 2410/1268/43 2411/1498/43 2412/1657/43
f 2413/526/54 2414/1630/54 2415/536/54 2416/498/54 2417/1256/54
f 2418/1658/55 2419/1497/55 2420/1280/55 2421/1504/55 2422/1666/55
f 2423/1629/56 2424/1648/56 2425/1217/56 2426/762/56 2427/537/56
f 2428/1667/57 2429/1503/57 2430/1297/57 2431/1540/57 2432/68/57
f 2433/517/49 2434/521/49 2435/1635/49 2436/742/49 2437/1218/49 2438/1647/49
f 2439/1638/43 2440/69/43 2441/1539/43 2442/1314/43 2443/1642/43 2444/1158/43
f 2445/1591/49 2446/496/49 2447/605/49 2448/776/49 2449/1636/49 2450/520/49
f 2451/80/43 2452/1159/43 2453/1641/43 2454/1335/43 2455/817/43 2456/92/43
f 2457/495/54 2458/1751/54 2459/505/54 2460/1129/54 2461/606/54
f 2462/93/55 2463/816/55 2464/1344/55 2465/771/55 2466/29/55
f 2467/1750/56 2468/1760/56 2469/1059/56 2470/790/56 2471/506/56
f 2472/30/57 2473/770/57 2474/1357/57 2475/576/57 2476/84/57
f 2477/486/49 2478/490/49 2479/1753/49 2480/1511/49 2481/1060/49 2482/1759/49
f 2483/1735/43 2484/85/43 2485/575/43 2486/1370/43 2487/1614/43 2488/528/43
f 2489/1699/49 2490/467/49 2491/1529/49 2492/806/49 2493/1754/49 2494/489/49
f 2495/96/43 2496/529/43 2497/1732/43 2498/1387/43 2499/1228/43 2500/1739/43
f 2501/466/54 2502/271/54 2503/475/54 2504/1478/54 2505/1530/54
f 2506/1740/55 2507/1227/55 2508/1395/55 2509/1234/55 2510/1743/55
f 2511/4/56 2512/619/56 2513/1487/56 2514/476/56 2515/270/56
f 2516/104/57 2517/1744/57 2518/1233/57 2519/1408/57 2520/463/57
f 2601/103/50 2602/2039/58 2603/2040/58 2604/2041/50
f 2605/647/50 2606/2042/50 2607/2043/58 2608/2044/58
f 2609/461/51 2610/2045/51 2611/2046/51 2612/2047/51
f 2613/621/51 2614/2048/51 2615/2049/79 2616/2050/80
f 2617/670/52 2618/660/60 2619/1187/60 2620/627/52
f 2621/637/52 2622/664/52 2623/665/60 2624/1200/60
f 2625/657/53 2626/1192/81 2627/666/82 2628/663/53
f 2629/676/53 2630/628/53 2631/1186/63 2632/1178/63
f 2633/1366/55 2634/681/55 2635/1413/55 2636/1193/55 2637/656/55
f 2638/1522/54 2639/677/54 2640/1180/54 2641/1173/54 2642/686/54
f 2643/691/57 2644/1377/57 2645/1423/57 2646/1414/57 2647/680/57
f 2648/1174/56 2649/687/56 2650/1172/56 2651/1165/56 2652/1378/56
f 2653/1340/55 2654/695/55 2655/1442/55 2656/1424/55 2657/1376/55
f 2658/1088/54 2659/1379/54 2660/1164/54 2661/1157/54 2662/702/54
f 2663/707/57 2664/1351/57 2665/1452/57 2666/1443/57 2667/694/57
f 2668/784/56 2669/703/56 2670/1156/56 2671/1149/56 2672/1399/56
f 2673/1306/55 2674/711/55 2675/1467/55 2676/1453/55 2677/1350/55
f 2678/699/54 2679/1400/54 2680/1148/54 2681/1143/54 2682/716/54
f 2683/721/57 2684/1325/57 2685/1484/57 2686/1468/57 2687/710/57
f 2688/543/56 2689/717/56 2690/1142/56 2691/1135/56 2692/1430/56
f 2693/1273/55 2694/725/55 2695/1507/55 2696/1485/55 2697/1324/55
f 2698/469/54 2699/1431/54 2700/1134/54 2701/1125/54 2702/730/54
f 2703/735/57 2704/1291/57 2705/1525/57 2706/1508/57 2707/724/57
f 2708/1229/56 2709/731/56 2710/1127/56 2711/1118/56 2712/1459/56
f 2713/1240/55 2714/739/55 2715/1144/55 2716/1526/55 2717/1290/55
f 2718/1248/54 2719/1460/54 2720/1120/54 2721/1111/54 2722/745/54
f 2723/750/57 2724/1258/57 2725/1072/57 2726/1145/57 2727/738/57
f 2728/1267/56 2729/746/56 2730/1113/56 2731/1104/56 2732/1495/56
f 2733/497/55 2734/1098/55 2735/753/55 2736/1073/55 2737/1257/55
f 2738/1281/54 2739/1496/54 2740/1106/54 2741/756/54 2742/758/54
f 2743/763/57 2744/1220/57 2745/682/57 2746/754/57 2747/1097/57
f 2748/1296/56 2749/759/56 2750/757/56 2751/1091/56 2752/1537/56
f 2753/741/55 2754/1084/55 2755/766/55 2756/683/55 2757/1219/55
f 2758/1315/54 2759/1538/54 2760/1092/54 2761/516/54 2762/773/54
f 2763/777/57 2764/608/57 2765/1213/57 2766/767/57 2767/1083/57
f 2768/1334/56 2769/774/56 2770/515/56 2771/1078/56 2772/814/56
f 2773/1128/55 2774/781/55 2775/1236/55 2776/1214/55 2777/607/55
f 2778/1345/54 2779/815/54 2780/1077/54 2781/1069/54 2782/787/54
f 2783/791/57 2784/1062/57 2785/1251/57 2786/1237/57 2787/780/57
f 2788/1356/56 2789/788/56 2790/1071/56 2791/1063/56 2792/573/56
f 2793/1510/55 2794/795/55 2795/1270/55 2796/1252/55 2797/1061/55
f 2798/1371/54 2799/574/54 2800/1065/54 2801/1056/54 2802/802/54
f 2803/807/57 2804/1532/57 2805/1284/57 2806/1271/57 2807/794/57
f 2808/1386/56 2809/803/56 2810/1058/56 2811/1049/56 2812/1225/56
f 2813/1477/55 2814/811/55 2815/1302/55 2816/1285/55 2817/1531/55
f 2818/1396/54 2819/1226/54 2820/1051/54 2821/1042/54 2822/818/54
f 2823/1488/57 2824/622/57 2825/673/57 2826/1303/57 2827/810/57
f 2828/1407/56 2829/819/56 2830/1044/56 2831/826/56 2832/460/56
f 2913/352/58 2914/2051/58 2915/2052/50 2916/2053/50
f 2917/1037/58 2918/2054/50 2919/2055/50 2920/2056/58
f 2921/1036/51 2922/2057/51 2923/2058/51 2924/2059/51
f 2925/353/79 2926/2060/51 2927/2061/51 2928/2062/83
f 2929/1184/60 2930/659/60 2931/1204/52 2932/1191/52
f 2933/668/60 2934/1188/52 2935/1203/52 2936/1201/60
f 2937/667/81 2938/1192/82 2939/1195/53 2940/1189/53
f 2941/1185/63 2942/1190/53 2943/1198/53 2944/1178/63
f 2945/1194/15 2946/1413/25 2947/1299/54 2948/1182/54 2949/1196/54
f 2950/1179/55 2951/1197/55 2952/1181/55 2953/1311/55 2954/1170/55
f 2955/1415/24 2956/1423/14 2957/1330/56 2958/1326/56 2959/1300/56
f 2960/1171/57 2961/1310/57 2962/1327/57 2963/1333/57 2964/1162/57
f 2965/1425/15 2966/1442/18 2967/1337/54 2968/1167/54 2969/1331/54
f 2970/1163/55 2971/1332/55 2972/1166/55 2973/1278/55 2974/1154/55
f 2975/1444/17 2976/1452/14 2977/1352/56 2978/1292/56 2979/1338/56
f 2980/1155/57 2981/1277/57 2982/1293/57 2983/1355/57 2984/1146/57
f 2985/1454/15 2986/1467/25 2987/1363/54 2988/1151/54 2989/1353/54
f 2990/1147/55 2991/1354/55 2992/1150/55 2993/1245/55 2994/1140/55
f 2995/1469/24 2996/1484/14 2997/1382/56 2998/1259/56 2999/1364/56
f 3000/1141/57 3001/1244/57 3002/1260/57 3003/1385/57 3004/1132/57
f 3005/1486/15 3006/1507/25 3007/1392/54 3008/1137/54 3009/1383/54
f 3010/1133/55 3011/1384/55 3012/1136/55 3013/483/55 3014/1125/55
f 3015/1509/24 3016/1528/14 3017/1403/56 3018/1221/56 3019/1393/56
f 3020/1126/57 3021/482/57 3022/1222/57 3023/1406/57 3024/1118/57
f 3025/1527/15 3026/1144/18 3027/1416/54 3028/1122/54 3029/1404/54
f 3030/1119/55 3031/1405/55 3032/1121/55 3033/713/55 3034/1111/55
f 3035/1145/17 3036/1072/14 3037/1434/56 3038/589/56 3039/1417/56
f 3040/1112/57 3041/712/57 3042/590/57 3043/1437/57 3044/1104/57
f 3045/1074/15 3046/753/25 3047/1445/54 3048/1108/54 3049/1435/54
f 3050/1105/77 3051/1436/55 3052/1107/55 3053/1101/55 3054/756/73
f 3055/755/24 3056/685/14 3057/1463/56 3058/1045/56 3059/1446/56
f 3060/757/57 3061/1100/57 3062/1046/57 3063/1466/57 3064/1091/57
f 3065/684/15 3066/769/25 3067/1474/54 3068/1094/54 3069/1464/54
f 3070/1092/55 3071/1465/55 3072/1093/55 3073/1519/55 3074/513/55
f 3075/768/24 3076/1216/14 3077/1499/56 3078/1533/56 3079/1475/56
f 3080/514/57 3081/1518/57 3082/1534/57 3083/1502/57 3084/1075/57
f 3085/1215/15 3086/1239/25 3087/1514/54 3088/1080/54 3089/1500/54
f 3090/1076/55 3091/1501/55 3092/1079/55 3093/1482/55 3094/1069/55
f 3095/1238/24 3096/1254/14 3097/1541/56 3098/1491/56 3099/1515/56
f 3100/1070/57 3101/1481/57 3102/1492/57 3103/1544/57 3104/1063/57
f 3105/1253/15 3106/1270/25 3107/1114/54 3108/1067/54 3109/1542/54
f 3110/1064/55 3111/1543/55 3112/1066/55 3113/1449/55 3114/1056/55
f 3115/1272/24 3116/1287/14 3117/1455/56 3118/1052/56 3119/1115/56
f 3120/1057/57 3121/1448/57 3122/1053/57 3123/1458/57 3124/1049/57
f 3125/1286/15 3126/1305/25 3127/727/54 3128/799/54 3129/1456/54
f 3130/1050/55 3131/1457/55 3132/798/55 3133/1420/55 3134/1042/55
f 3135/673/14 3136/1038/56 3137/1426/56 3138/728/56 3139/1304/24
f 3140/826/57 3141/1043/57 3142/1419/57 3143/1427/57 3144/1041/57
f 3465/474/43 3466/1564/43 3467/1564/43 3468/474/43
f 3469/472/43 3470/2063/43 3471/1730/43 3472/1730/43
f 3473/503/37 3474/2064/37 3475/503/37
f 3476/504/41 3477/1881/41 3478/1880/41
f 3479/534/37 3480/2065/37 3481/534/37
f 3482/535/41 3483/535/41 3484/2066/41
f 3485/564/37 3486/2067/37 3487/563/37
f 3488/565/41 3489/2068/41 3490/2069/41
f 3491/595/37 3492/2070/37 3493/2071/37
f 3494/596/41 3495/596/41 3496/2072/41
f 3497/182/39 3498/1975/39 3499/181/39
f 3500/183/35 3501/1978/35 3502/2073/35
f 3503/42/39 3504/1986/39 3505/42/39
f 3506/43/35 3507/1989/35 3508/1988/35
f 3509/58/39 3510/1997/39 3511/2074/39
f 3512/59/35 3513/2075/35 3514/1999/35
f 3515/74/39 3516/2008/39 3517/74/39
f 3518/75/35 3519/75/35 3520/2010/35
f 3521/1721/49 3522/1561/49 3523/1561/49 3524/2076/49
f 3525/88/49 3526/91/49 3527/1710/49 3528/1710/49
f 3529/1655/41 3530/1362/41 3531/1579/41
f 3532/36/37 3533/1580/37 3534/1361/37
f 3535/511/41 3536/1410/41 3537/1545/41
f 3538/51/37 3539/1546/37 3540/1412/37
f 3541/1608/41 3542/1473/41 3543/1549/41
f 3544/67/37 3545/1550/37 3546/1472/37
f 3547/1639/41 3548/1161/41 3549/1553/41
f 3550/83/37 3551/1554/37 3552/1160/37
f 3553/44/43 3554/480/43 3555/1717/43 3556/1557/43
f 3557/571/43 3558/1558/43 3559/1716/43 3560/1727/43
f 3561/1675/39 3562/1578/39 3563/614/39
f 3564/62/35 3565/613/35 3566/1577/35
f 3567/580/39 3568/1574/39 3569/583/39
f 3570/1664/35 3571/584/35 3572/1573/35
f 3573/549/39 3574/1570/39 3575/552/39
f 3576/1626/35 3577/553/35 3578/1569/35
f 3579/519/39 3580/1725/39 3581/522/39
f 3582/1592/35 3583/523/35 3584/1724/35
f 3585/1601/49 3586/1679/49 3587/1714/49 3588/540/49
f 3589/1704/49 3590/1611/49 3591/492/49 3592/1678/49
f 3593/1561/64 3594/1561/64 3595/1561/64 3596/1561/64 3597/1561/64
f 3598/1709/65 3599/1718/65 3600/1718/65 3601/1718/65 3602/1718/65
f 3603/1728/66 3604/1615/66 3605/1615/66 3606/99/66 3607/1680/66
f 3608/479/67 3609/1683/67 3610/44/67 3611/1614/67 3612/1715/67
f 3613/541/64 3614/1713/64 3615/1696/64 3616/1601/64 3617/1692/64
f 3618/1610/65 3619/1720/65 3620/1703/65 3621/1697/65 3622/1712/65
f 3623/1730/67 3624/1730/67 3625/1730/67 3626/1730/67 3627/1730/67
f 3628/1564/66 3629/1564/66 3630/1564/66 3631/1564/66 3632/1564/66
f 3633/572/37 3634/1728/37 3635/99/37
f 3636/98/35 3637/98/35 3638/2077/35
f 3639/1698/37 3640/1869/37 3641/1701/37
f 3642/1703/35 3643/1700/35 3644/1612/35
f 3645/1729/36 3646/99/36 3647/1690/36
f 3648/1711/34 3649/1718/34 3650/1718/34
f 3651/1610/34 3652/1699/34 3653/1703/34
f 3654/1565/36 3655/1564/36 3656/1564/36
f 3657/47/41 3658/44/41 3659/479/41
f 3660/46/39 3661/2078/39 3662/46/39
f 3663/488/41 3664/488/41 3665/2079/41
f 3666/486/39 3667/540/39 3668/486/39
f 3669/1562/38 3670/1561/38 3671/1561/38
f 3672/542/38 3673/1694/38 3674/486/38
f 3675/1730/40 3676/1730/40 3677/2080/40
f 3678/481/40 3679/1684/40 3680/1684/40
f 3681/570/48 3682/1781/48 3683/2081/48 3684/2081/48 3685/2081/48
f 3686/98/65 3687/2077/65 3688/2077/65 3689/2077/65 3690/98/65
f 3691/1684/45 3692/1735/45 3693/481/45 3694/531/45 3695/1614/45
f 3696/44/67 3697/531/67 3698/1778/67 3699/1770/67 3700/1735/67
f 3701/46/64 3702/1737/64 3703/2082/64 3704/2082/64 3705/2083/64
f 3706/1685/47 3707/2082/47 3708/2082/47 3709/2082/47 3710/2084/47
f 3711/99/66 3712/99/66 3713/1775/66 3714/1732/66 3715/530/66
f 3716/1726/44 3717/1615/44 3718/1779/44 3719/1729/44 3720/1726/44
f 3721/1702/48 3722/1756/48 3723/1610/48 3724/1769/48 3725/1695/48
f 3726/1699/65 3727/492/65 3728/1695/65 3729/1768/65 3730/1699/65
f 3731/474/44 3732/474/44 3733/1564/44 3734/1564/44 3735/1565/44
f 3736/474/66 3737/1564/66 3738/1564/66 3739/1564/66 3740/474/66
f 3741/491/64 3742/486/64 3743/1784/64 3744/1762/64 3745/490/64
f 3746/1696/47 3747/1714/47 3748/541/47 3749/1752/47 3750/1687/47
f 3751/472/67 3752/2063/67 3753/1730/67 3754/1730/67 3755/1730/67
f 3756/472/45 3757/1730/45 3758/1730/45 3759/1730/45 3760/472/45
f 3761/1718/35 3762/1710/35 3763/1718/35
f 3764/1718/34 3765/1710/34 3766/1718/34
f 3767/1775/36 3768/1767/36 3769/1780/36
f 3770/1729/37 3771/99/37 3772/96/37
f 3773/1612/35 3774/1703/35 3775/1764/35
f 3776/1610/34 3777/1747/34 3778/1747/34
f 3779/1761/37 3780/1564/37 3781/1564/37
f 3782/1566/36 3783/1564/36 3784/1761/36
f 3785/1770/41 3786/44/41 3787/1766/41
f 3788/1770/40 3789/1684/40 3790/44/40
f 3791/1561/38 3792/1561/38 3793/1561/38
f 3794/1783/39 3795/1561/39 3796/1561/39
f 3797/541/38 3798/1785/38 3799/1774/38
f 3800/541/39 3801/1601/39 3802/1601/39
f 3803/1730/40 3804/1730/40 3805/1731/40
f 3806/1730/41 3807/1730/41 3808/2080/41
f 2276/13/50 1905/16/50 1907/1787/50 2273/2085/50
f 1906/642/68 1909/641/68 1908/2086/68 1907/2087/68
f 2284/3/51 1914/2/51 1916/1794/51 2281/2088/51
f 1915/22/69 1912/21/69 1911/459/69 1916/458/69
f 2005/265/42 1913/264/42 1912/2089/42 2006/1860/42
f 2094/6/43 1926/5/43 1928/1802/43 2095/1912/43
f 1927/26/70 1924/25/70 1923/626/70 1928/625/70
f 2292/633/52 1925/632/52 1924/25/52 2289/28/52
f 2300/9/53 1920/12/53 1922/19/53 2297/18/53
f 1921/616/71 1918/615/71 1917/20/71 1922/19/71
f 2178/187/46 1919/186/46 1918/2090/46 2175/2091/46
f 2268/107/49 1910/106/49 1909/2092/49 2265/2093/49
f 1925/632/42 1929/631/42 1932/1805/42 1923/2094/42
f 1930/610/42 1933/609/42 1936/1808/42 1931/2095/42
f 1934/341/42 1937/340/42 1940/1811/42 1935/2096/42
f 1938/337/42 1941/336/42 1944/1814/42 1939/2097/42
f 1942/333/42 1945/332/42 1948/1817/42 1943/2098/42
f 1946/329/42 1949/328/42 1952/1820/42 1947/2099/42
f 1950/325/42 1953/324/42 1956/1823/42 1951/2100/42
f 1954/321/42 1957/320/42 1960/1826/42 1955/2101/42
f 1958/317/42 1961/316/42 1964/1829/42 1959/2102/42
f 1962/313/42 1965/312/42 1968/1832/42 1963/2103/42
f 1966/309/42 1969/308/42 1972/1835/42 1967/2104/42
f 1970/305/42 1973/304/42 1976/1838/42 1971/2105/42
f 1974/301/42 1977/300/42 1980/1841/42 1975/2106/42
f 1978/297/42 1981/296/42 1984/1844/42 1979/2107/42
f 1982/293/42 1985/292/42 1988/1847/42 1983/2108/42
f 1986/289/42 1989/288/42 1992/1850/42 1987/2109/42
f 1990/285/42 1993/284/42 1996/1853/42 1991/2110/42
f 1994/281/42 1997/280/42 2000/1856/42 1995/2111/42
f 1998/277/42 2001/276/42 2004/1859/42 1999/2112/42
f 2002/273/42 2008/272/42 2007/2113/42 2003/2114/42
f 1914/2/43 2009/1/43 2012/1865/43 1915/1793/43
f 2010/269/43 2013/268/43 2016/1868/43 2011/2115/43
f 2014/465/43 2017/464/43 2021/1870/43 2015/2116/43
f 2019/473/4 2022/472/4 2026/442/4 2020/441/4
f 2024/1758/43 2027/1757/43 2030/1873/43 2025/2117/43
f 2028/1749/43 2031/1748/43 2034/1876/43 2029/2118/43
f 2032/494/43 2035/493/43 2039/1879/43 2033/2119/43
f 2037/502/4 2040/501/4 2044/418/4 2038/417/4
f 2042/1646/43 2045/1645/43 2048/1884/43 2043/2120/43
f 2046/1628/43 2049/1627/43 2052/1887/43 2047/2121/43
f 2050/525/43 2053/524/43 2057/1890/43 2051/2122/43
f 2055/533/4 2058/532/4 2062/394/4 2056/393/4
f 2060/77/43 2063/76/43 2066/1894/43 2061/2123/43
f 2064/602/43 2067/601/43 2070/1897/43 2065/2124/43
f 2068/555/43 2071/554/43 2075/1900/43 2069/2125/43
f 2073/563/4 2076/562/4 2080/370/4 2074/369/4
f 2078/1621/43 2081/1620/43 2084/1905/43 2079/2126/43
f 2082/1603/43 2085/1602/43 2088/1908/43 2083/2127/43
f 2086/586/43 2089/585/43 2093/1911/43 2087/2128/43
f 2091/594/4 2097/593/4 2096/346/4 2092/345/4
f 1905/16/46 2100/15/46 2099/2129/46 1906/1786/46
f 2101/263/46 2104/262/46 2103/2130/46 2102/2131/46
f 2105/259/46 2108/258/46 2107/2132/46 2106/2133/46
f 2109/255/46 2112/254/46 2111/2134/46 2110/2135/46
f 2113/251/46 2116/250/46 2115/2136/46 2114/2137/46
f 2117/247/46 2120/246/46 2119/2138/46 2118/2139/46
f 2121/243/46 2124/242/46 2123/2140/46 2122/2141/46
f 2125/239/46 2128/238/46 2127/2142/46 2126/2143/46
f 2129/235/46 2132/234/46 2131/2144/46 2130/2145/46
f 2133/231/46 2136/230/46 2135/2146/46 2134/2147/46
f 2137/227/46 2140/226/46 2139/2148/46 2138/2149/46
f 2141/223/46 2144/222/46 2143/2150/46 2142/2151/46
f 2145/219/46 2148/218/46 2147/2152/46 2146/2153/46
f 2149/215/46 2152/214/46 2151/2154/46 2150/2155/46
f 2153/211/46 2156/210/46 2155/2156/46 2154/2157/46
f 2157/207/46 2160/206/46 2159/2158/46 2158/2159/46
f 2161/203/46 2164/202/46 2163/2160/46 2162/2161/46
f 2165/199/46 2168/198/46 2167/2162/46 2166/2163/46
f 2169/195/46 2172/194/46 2171/2164/46 2170/2165/46
f 2173/191/46 2177/190/46 2176/2166/46 2174/2167/46
f 1920/12/49 2180/11/49 2179/2168/49 1921/1797/49
f 2182/181/6 2184/180/6 2188/178/6 2183/177/6
f 2186/1586/49 2190/1585/49 2189/2169/49 2187/2170/49
f 2191/1597/49 2194/1596/49 2193/2171/49 2192/2172/49
f 2195/40/49 2198/39/49 2197/2173/49 2196/2174/49
f 2200/42/6 2202/41/6 2206/162/6 2201/161/6
f 2204/1619/49 2208/1618/49 2207/2175/49 2205/2176/49
f 2209/1634/49 2212/1633/49 2211/2177/49 2210/2178/49
f 2213/55/49 2216/54/49 2215/2179/49 2214/2180/49
f 2218/57/6 2220/56/6 2224/146/6 2219/145/6
f 2222/1660/49 2226/1659/49 2225/2181/49 2223/2182/49
f 2227/1669/49 2230/1668/49 2229/2183/49 2228/2184/49
f 2231/71/49 2234/70/49 2233/2185/49 2232/2186/49
f 2236/73/6 2238/72/6 2242/130/6 2237/129/6
f 2240/95/49 2244/94/49 2243/2187/49 2241/2188/49
f 2245/32/49 2248/31/49 2247/2189/49 2246/2190/49
f 2249/87/49 2252/86/49 2251/2191/49 2250/2192/49
f 2254/89/6 2256/88/6 2260/114/6 2255/113/6
f 2258/1742/49 2262/1741/49 2261/2193/49 2259/2194/49
f 2263/1746/49 2267/1745/49 2266/2195/49 2264/2196/49
f 2307/1654/53 2181/1653/53 2180/11/53 2308/10/53
f 2324/1583/51 2186/1586/51 2185/34/51 2319/33/51
f 2334/1594/1 2191/1597/1 2190/1585/1 2330/1584/1
f 2344/37/1 2195/40/1 2194/1596/1 2340/1595/1
f 2351/510/53 2199/509/53 2198/39/53 2352/38/53
f 2368/1616/51 2204/1619/51 2203/49/51 2363/48/51
f 2378/1631/1 2209/1634/1 2208/1618/1 2374/1617/1
f 2388/52/1 2213/55/1 2212/1633/1 2384/1632/1
f 2395/1607/53 2217/1606/53 2216/54/53 2396/53/53
f 2412/1657/51 2222/1660/51 2221/65/51 2407/64/51
f 2422/1666/1 2227/1669/1 2226/1659/1 2418/1658/1
f 2432/68/1 2231/71/1 2230/1668/1 2428/1667/1
f 2439/1638/53 2235/1637/53 2234/70/53 2440/69/53
f 2456/92/51 2240/95/51 2239/81/51 2451/80/51
f 2466/29/1 2245/32/1 2244/94/1 2462/93/1
f 2476/84/1 2249/87/1 2248/31/1 2472/30/1
f 2483/1735/53 2253/1737/53 2252/86/53 2484/85/53
f 2500/1739/51 2258/1742/51 2257/97/51 2495/96/51
f 2510/1743/1 2263/1746/1 2262/1741/1 2506/1740/1
f 2516/104/1 2268/107/1 2267/1745/1 2517/1744/1
f 2524/260/2 2101/263/2 2100/15/2 2523/14/2
f 2527/256/2 2105/259/2 2104/262/2 2528/261/2
f 2532/252/2 2109/255/2 2108/258/2 2531/257/2
f 2535/248/2 2113/251/2 2112/254/2 2536/253/2
f 2540/244/2 2117/247/2 2116/250/2 2539/249/2
f 2543/240/2 2121/243/2 2120/246/2 2544/245/2
f 2548/236/2 2125/239/2 2124/242/2 2547/241/2
f 2551/232/2 2129/235/2 2128/238/2 2552/237/2
f 2556/228/2 2133/231/2 2132/234/2 2555/233/2
f 2559/224/2 2137/227/2 2136/230/2 2560/229/2
f 2564/220/2 2141/223/2 2140/226/2 2563/225/2
f 2567/216/2 2145/219/2 2144/222/2 2568/221/2
f 2572/212/2 2149/215/2 2148/218/2 2571/217/2
f 2575/208/2 2153/211/2 2152/214/2 2576/213/2
f 2580/204/2 2157/207/2 2156/210/2 2579/209/2
f 2583/200/2 2161/203/2 2160/206/2 2584/205/2
f 2588/196/2 2165/199/2 2164/202/2 2587/201/2
f 2591/192/2 2169/195/2 2168/198/2 2592/197/2
f 2596/188/2 2173/191/2 2172/194/2 2595/193/2
f 2599/184/2 2178/187/2 2177/190/2 2600/189/2
f 2183/177/6 2176/176/6 2175/618/6 2179/617/6
f 2187/173/6 2171/172/6 2174/179/6 2188/178/6
f 2192/169/6 2167/168/6 2170/175/6 2189/174/6
f 2196/165/6 2163/164/6 2166/171/6 2193/170/6
f 2201/161/6 2159/160/6 2162/167/6 2197/166/6
f 2205/157/6 2155/156/6 2158/163/6 2206/162/6
f 2210/153/6 2151/152/6 2154/159/6 2207/158/6
f 2214/149/6 2147/148/6 2150/155/6 2211/154/6
f 2219/145/6 2143/144/6 2146/151/6 2215/150/6
f 2223/141/6 2139/140/6 2142/147/6 2224/146/6
f 2228/137/6 2135/136/6 2138/143/6 2225/142/6
f 2232/133/6 2131/132/6 2134/139/6 2229/138/6
f 2237/129/6 2127/128/6 2130/135/6 2233/134/6
f 2241/125/6 2123/124/6 2126/131/6 2242/130/6
f 2246/121/6 2119/120/6 2122/127/6 2243/126/6
f 2250/117/6 2115/116/6 2118/123/6 2247/122/6
f 2255/113/6 2111/112/6 2114/119/6 2251/118/6
f 2259/109/6 2107/108/6 2110/115/6 2260/114/6
f 2264/1650/6 2103/1649/6 2106/111/6 2261/110/6
f 2265/640/6 2099/639/6 2102/1652/6 2266/1651/6
f 2011/453/4 2007/452/4 2006/24/4 2012/23/4
f 2015/445/4 2004/444/4 2003/455/4 2016/454/4
f 2020/441/4 2000/440/4 1999/447/4 2021/446/4
f 2025/433/4 1996/432/4 1995/443/4 2026/442/4
f 2029/429/4 1992/428/4 1991/435/4 2030/434/4
f 2033/421/4 1988/420/4 1987/431/4 2034/430/4
f 2038/417/4 1984/416/4 1983/423/4 2039/422/4
f 2043/409/4 1980/408/4 1979/419/4 2044/418/4
f 2047/405/4 1976/404/4 1975/411/4 2048/410/4
f 2051/397/4 1972/396/4 1971/407/4 2052/406/4
f 2056/393/4 1968/392/4 1967/399/4 2057/398/4
f 2061/385/4 1964/384/4 1963/395/4 2062/394/4
f 2065/381/4 1960/380/4 1959/387/4 2066/386/4
f 2069/373/4 1956/372/4 1955/383/4 2070/382/4
f 2074/369/4 1952/368/4 1951/375/4 2075/374/4
f 2079/361/4 1948/360/4 1947/371/4 2080/370/4
f 2083/357/4 1944/356/4 1943/363/4 2084/362/4
f 2087/349/4 1940/348/4 1939/359/4 2088/358/4
f 2092/345/4 1936/344/4 1935/351/4 2093/350/4
f 2095/624/4 1932/623/4 1931/347/4 2096/346/4
f 1913/264/50 2270/267/50 2269/2197/50 1911/2198/50
f 2605/647/50 2275/650/50 2274/2199/50 2606/2042/50
f 1910/106/51 2278/105/51 2277/2200/51 1908/2201/51
f 2613/621/51 2283/620/51 2282/2202/51 2614/2048/51
f 1919/186/52 2286/185/52 2285/17/52 1917/20/52
f 2621/637/52 2291/636/52 2290/661/52 2622/664/52
f 1926/5/53 2294/8/53 2293/27/53 1927/26/53
f 2629/676/53 2299/679/53 2298/629/53 2630/628/53
f 2098/1673/53 2301/1672/53 2306/7/53 2094/6/53
f 2638/1522/51 2310/1521/51 2309/678/51 2639/677/51
f 2089/585/51 2314/588/51 2313/61/51 2090/60/51
f 2652/1378/53 2323/1381/53 2322/1175/53 2648/1174/53
f 2085/1602/1 2326/1605/1 2325/587/1 2086/586/1
f 2658/1088/51 2332/1087/51 2331/1380/51 2659/1379/51
f 2081/1620/1 2336/1623/1 2335/1604/1 2082/1603/1
f 2672/1399/53 2343/1402/53 2342/785/53 2668/784/53
f 2077/578/53 2345/577/53 2350/1622/53 2078/1621/53
f 2678/699/51 2354/698/51 2353/1401/51 2679/1400/51
f 2071/554/51 2358/557/51 2357/1663/51 2072/1662/51
f 2692/1430/53 2367/1433/53 2366/544/53 2688/543/53
f 2067/601/1 2370/604/1 2369/556/1 2068/555/1
f 2698/469/51 2376/468/51 2375/1432/51 2699/1431/51
f 2063/76/1 2380/79/1 2379/603/1 2064/602/1
f 2712/1459/53 2387/1462/53 2386/1230/53 2708/1229/53
f 2059/547/53 2389/546/53 2394/78/53 2060/77/53
f 2718/1248/51 2398/1247/51 2397/1461/51 2719/1460/51
f 2053/524/51 2402/527/51 2401/1625/51 2054/1624/51
f 2732/1495/53 2411/1498/53 2410/1268/53 2728/1267/53
f 2049/1627/1 2414/1630/1 2413/526/1 2050/525/1
f 2738/1281/51 2420/1280/51 2419/1497/51 2739/1496/51
f 2045/1645/1 2424/1648/1 2423/1629/1 2046/1628/1
f 2752/1537/53 2431/1540/53 2430/1297/53 2748/1296/53
f 2041/518/53 2433/517/53 2438/1647/53 2042/1646/53
f 2758/1315/51 2442/1314/51 2441/1539/51 2759/1538/51
f 2035/493/51 2446/496/51 2445/1591/51 2036/1590/51
f 2772/814/53 2455/817/53 2454/1335/53 2768/1334/53
f 2031/1748/1 2458/1751/1 2457/495/1 2032/494/1
f 2778/1345/51 2464/1344/51 2463/816/51 2779/815/51
f 2027/1757/1 2468/1760/1 2467/1750/1 2028/1749/1
f 2792/573/53 2475/576/53 2474/1357/53 2788/1356/53
f 2023/487/53 2477/486/53 2482/1759/53 2024/1758/53
f 2798/1371/51 2486/1370/51 2485/575/51 2799/574/51
f 2017/464/51 2490/467/51 2489/1699/51 2018/1698/51
f 2812/1225/53 2499/1228/53 2498/1387/53 2808/1386/53
f 2013/268/1 2502/271/1 2501/466/1 2014/465/1
f 2818/1396/51 2508/1395/51 2507/1227/51 2819/1226/51
f 2009/1/1 2511/4/1 2515/270/1 2010/269/1
f 2832/460/53 2520/463/53 2519/1408/53 2828/1407/53
f 2008/272/2 2522/275/2 2521/266/2 2005/265/2
f 2001/276/2 2525/279/2 2526/274/2 2002/273/2
f 1997/280/2 2530/283/2 2529/278/2 1998/277/2
f 1993/284/2 2533/287/2 2534/282/2 1994/281/2
f 1989/288/2 2538/291/2 2537/286/2 1990/285/2
f 1985/292/2 2541/295/2 2542/290/2 1986/289/2
f 1981/296/2 2546/299/2 2545/294/2 1982/293/2
f 1977/300/2 2549/303/2 2550/298/2 1978/297/2
f 1973/304/2 2554/307/2 2553/302/2 1974/301/2
f 1969/308/2 2557/311/2 2558/306/2 1970/305/2
f 1965/312/2 2562/315/2 2561/310/2 1966/309/2
f 1961/316/2 2565/319/2 2566/314/2 1962/313/2
f 1957/320/2 2570/323/2 2569/318/2 1958/317/2
f 1953/324/2 2573/327/2 2574/322/2 1954/321/2
f 1949/328/2 2578/331/2 2577/326/2 1950/325/2
f 1945/332/2 2581/335/2 2582/330/2 1946/329/2
f 1941/336/2 2586/339/2 2585/334/2 1942/333/2
f 1937/340/2 2589/343/2 2590/338/2 1938/337/2
f 1933/609/2 2594/612/2 2593/342/2 1934/341/2
f 1929/631/2 2597/634/2 2598/611/2 1930/610/2
f 2594/365/2 2590/364/2 2589/343/2 2593/342/2
f 2595/193/2 2591/192/2 2592/926/2 2596/925/2
f 2586/377/2 2582/376/2 2581/335/2 2585/334/2
f 2587/201/2 2583/200/2 2584/914/2 2588/913/2
f 2578/389/2 2574/388/2 2573/327/2 2577/326/2
f 2579/209/2 2575/208/2 2576/902/2 2580/901/2
f 2570/401/2 2566/400/2 2565/319/2 2569/318/2
f 2571/217/2 2567/216/2 2568/891/2 2572/890/2
f 2562/413/2 2558/412/2 2557/311/2 2561/310/2
f 2563/225/2 2559/224/2 2560/880/2 2564/879/2
f 2554/425/2 2550/424/2 2549/303/2 2553/302/2
f 2555/233/2 2551/232/2 2552/870/2 2556/869/2
f 2546/437/2 2542/436/2 2541/295/2 2545/294/2
f 2547/241/2 2543/240/2 2544/858/2 2548/857/2
f 2538/449/2 2534/448/2 2533/287/2 2537/286/2
f 2539/249/2 2535/248/2 2536/846/2 2540/845/2
f 2530/1264/2 2526/1263/2 2525/279/2 2529/278/2
f 2531/257/2 2527/256/2 2528/835/2 2532/834/2
f 2522/101/2 2271/100/2 2270/267/2 2521/266/2
f 2523/14/2 2276/13/2 2275/650/2 2524/649/2
f 2514/476/49 2503/475/49 2502/271/49 2515/270/49
f 2517/1744/43 2510/1743/43 2509/1234/43 2518/1233/43
f 2505/1530/1 2491/1529/1 2490/467/1 2501/466/1
f 2506/1740/1 2500/1739/1 2499/1228/1 2507/1227/1
f 2493/1754/6 2479/1753/6 2478/490/6 2494/489/6
f 2496/529/4 2488/528/4 2487/1614/4 2497/1732/4
f 2481/1060/1 2469/1059/1 2468/1760/1 2482/1759/1
f 2484/85/1 2476/84/1 2475/576/1 2485/575/1
f 2471/506/49 2459/505/49 2458/1751/49 2467/1750/49
f 2472/30/43 2466/29/43 2465/771/43 2473/770/43
f 2461/606/1 2447/605/1 2446/496/1 2457/495/1
f 2462/93/1 2456/92/1 2455/817/1 2463/816/1
f 2449/1636/6 2435/1635/6 2434/521/6 2450/520/6
f 2452/1159/4 2444/1158/4 2443/1642/4 2453/1641/4
f 2437/1218/1 2425/1217/1 2424/1648/1 2438/1647/1
f 2440/69/1 2432/68/1 2431/1540/1 2441/1539/1
f 2427/537/49 2415/536/49 2414/1630/49 2423/1629/49
f 2428/1667/43 2422/1666/43 2421/1504/43 2429/1503/43
f 2417/1256/1 2403/1255/1 2402/527/1 2413/526/1
f 2418/1658/1 2412/1657/1 2411/1498/1 2419/1497/1
f 2405/1588/6 2391/1587/6 2390/551/6 2406/550/6
f 2408/1471/4 2400/1470/4 2399/1598/4 2409/1471/4
f 2393/1289/1 2381/1288/1 2380/79/1 2394/78/1
f 2396/53/1 2388/52/1 2387/1462/1 2397/1461/1
f 2383/567/49 2371/566/49 2370/604/49 2379/603/49
f 2384/1632/43 2378/1631/43 2377/1439/43 2385/1438/43
f 2373/1323/1 2359/1322/1 2358/557/1 2369/556/1
f 2374/1617/1 2368/1616/1 2367/1433/1 2375/1432/1
f 2361/1661/6 2347/583/6 2346/582/6 2362/581/6
f 2364/1411/4 2356/1410/4 2355/1670/4 2365/1412/4
f 2349/1349/1 2337/1348/1 2336/1623/1 2350/1622/1
f 2352/38/1 2344/37/1 2343/1402/1 2353/1401/1
f 2339/598/49 2327/597/49 2326/1605/49 2335/1604/49
f 2340/1595/43 2334/1594/43 2333/1390/43 2341/1389/43
f 2329/1375/1 2315/1374/1 2314/588/1 2325/587/1
f 2330/1584/1 2324/1583/1 2323/1381/1 2331/1380/1
f 2317/613/6 2303/1613/6 2302/614/6 2318/613/6
f 2320/1361/4 2312/1360/4 2311/1362/4 2321/1361/4
f 2305/655/1 2295/654/1 2294/8/1 2306/7/1
f 2308/10/1 2300/9/1 2299/679/1 2309/678/1
f 2283/620/1 2512/619/1 2511/4/1 2284/3/1
f 2278/105/1 2516/104/1 2520/463/1 2279/462/1
f 2291/636/2 2598/635/2 2597/634/2 2292/633/2
f 2286/185/2 2599/184/2 2600/672/2 2287/671/2
f 2296/662/3 2290/661/3 2289/28/3 2293/27/3
f 2297/18/3 2285/17/3 2288/630/3 2298/629/3
f 2280/644/5 2274/643/5 2273/2028/5 2277/2032/5
f 2281/457/5 2269/456/5 2272/825/5 2282/824/5
f 2271/100/50 2601/103/50 2604/2041/50 2272/2203/50
f 2920/1206/58 2608/1206/58 2607/2204/58 2917/2205/58
f 2279/462/51 2609/461/51 2612/2047/51 2280/2206/51
f 2928/675/83 2616/674/80 2615/2207/79 2925/2207/79
f 2287/671/52 2617/670/52 2620/627/52 2288/630/52
f 2936/1201/60 2624/1200/60 2623/665/60 2933/668/60
f 2295/654/53 2625/657/53 2628/663/53 2296/662/53
f 2944/1178/63 2632/1178/63 2631/1186/63 2941/1185/63
f 2304/1367/51 2633/1366/51 2637/656/51 2305/655/51
f 2954/1170/7 2641/1173/8 2640/1180/8 2950/1179/8
f 2315/1374/53 2644/1377/53 2643/691/53 2316/690/53
f 2964/1162/8 2651/1165/8 2650/1172/8 2960/1171/7
f 2328/1341/51 2653/1340/51 2657/1376/51 2329/1375/51
f 2974/1154/7 2661/1157/8 2660/1164/8 2970/1163/8
f 2337/1348/53 2664/1351/53 2663/707/53 2338/706/53
f 2984/1146/8 2671/1149/8 2670/1156/8 2980/1155/7
f 2348/1307/51 2673/1306/51 2677/1350/51 2349/1349/51
f 2994/1140/7 2681/1143/8 2680/1148/8 2990/1147/8
f 2359/1322/53 2684/1325/53 2683/721/53 2360/720/53
f 3004/1132/8 2691/1135/8 2690/1142/8 3000/1141/7
f 2372/1274/51 2693/1273/51 2697/1324/51 2373/1323/51
f 3014/1125/7 2701/1125/8 2700/1134/8 3010/1133/8
f 2381/1288/53 2704/1291/53 2703/735/53 2382/734/53
f 3024/1118/8 2711/1118/8 2710/1127/8 3020/1126/7
f 2392/1241/51 2713/1240/51 2717/1290/51 2393/1289/51
f 3034/1111/7 2721/1111/8 2720/1120/8 3030/1119/8
f 2403/1255/53 2724/1258/53 2723/750/53 2404/749/53
f 3044/1104/8 2731/1104/8 2730/1113/8 3040/1112/7
f 2416/498/51 2733/497/51 2737/1257/51 2417/1256/51
f 3054/756/73 2741/756/74 2740/1106/78 3050/1105/77
f 2425/1217/53 2744/1220/53 2743/763/53 2426/762/53
f 3064/1091/8 2751/1091/8 2750/757/21 3060/757/20
f 2436/742/51 2753/741/51 2757/1219/51 2437/1218/51
f 3074/513/7 2761/516/8 2760/1092/8 3070/1092/8
f 2447/605/53 2764/608/53 2763/777/53 2448/776/53
f 3084/1075/8 2771/1078/8 2770/515/8 3080/514/7
f 2460/1129/51 2773/1128/51 2777/607/51 2461/606/51
f 3094/1069/7 2781/1069/8 2780/1077/8 3090/1076/8
f 2469/1059/53 2784/1062/53 2783/791/53 2470/790/53
f 3104/1063/8 2791/1063/8 2790/1071/8 3100/1070/7
f 2480/1511/51 2793/1510/51 2797/1061/51 2481/1060/51
f 3114/1056/7 2801/1056/8 2800/1065/8 3110/1064/8
f 2491/1529/53 2804/1532/53 2803/807/53 2492/806/53
f 3124/1049/8 2811/1049/8 2810/1058/8 3120/1057/7
f 2504/1478/51 2813/1477/51 2817/1531/51 2505/1530/51
f 3134/1042/7 2821/1042/8 2820/1051/8 3130/1050/8
f 2512/619/53 2824/622/53 2823/1488/53 2513/1487/53
f 3140/826/8 2831/826/8 2830/1044/8 3141/1043/7
f 3148/1031/2 2836/1034/2 2835/1208/2 3147/1207/2
f 3151/1023/2 2839/1026/2 2840/1033/2 3152/1032/2
f 3156/1019/2 2844/1022/2 2843/1025/2 3155/1024/2
f 3159/1011/2 2847/1014/2 2848/1021/2 3160/1020/2
f 3164/1007/2 2852/1010/2 2851/1013/2 3163/1012/2
f 3167/999/2 2855/1002/2 2856/1009/2 3168/1008/2
f 3172/995/2 2860/998/2 2859/1001/2 3171/1000/2
f 3175/988/2 2863/988/2 2864/997/2 3176/996/2
f 3180/984/2 2868/987/2 2867/990/2 3179/989/2
f 3183/976/2 2871/979/2 2872/986/2 3184/985/2
f 3188/972/2 2876/975/2 2875/978/2 3187/977/2
f 3191/966/2 2879/966/2 2880/974/2 3192/973/2
f 3196/895/2 2884/965/2 2883/967/2 3195/967/2
f 3199/955/2 2887/958/2 2888/964/2 3200/963/2
f 3204/906/2 2892/954/2 2891/957/2 3203/956/2
f 3207/945/2 2895/945/2 2896/953/2 3208/952/2
f 3212/918/2 2900/944/2 2899/947/2 3211/946/2
f 3215/938/2 2903/941/2 2904/943/2 3216/917/2
f 3220/930/2 2908/937/2 2907/940/2 3219/939/2
f 3223/658/2 2911/658/2 2912/936/2 3224/935/2
f 2611/1036/5 2607/1035/5 2606/646/5 2612/645/5
f 2614/823/5 2604/822/5 2603/355/5 2615/354/5
f 2627/666/3 2623/665/3 2622/664/3 2628/663/3
f 2630/628/3 2620/627/3 2619/1187/3 2631/1186/3
f 2624/1200/2 2909/1199/2 2910/638/2 2621/637/2
f 2617/670/2 2912/669/2 2911/658/2 2618/660/2
f 2616/674/13 2825/673/12 2824/622/1 2613/621/1
f 2609/461/1 2832/460/1 2831/826/1 2610/828/1
f 2636/1193/12 2626/1192/13 2625/657/1 2637/656/1
f 2639/677/1 2629/676/1 2632/1178/1 2640/1180/1
f 2646/1414/43 2635/1413/43 2634/681/43 2647/680/43
f 2649/687/49 2642/686/49 2641/1173/49 2650/1172/49
f 2656/1424/12 2645/1423/12 2644/1377/1 2657/1376/1
f 2659/1379/1 2652/1378/1 2651/1165/1 2660/1164/1
f 2666/1443/43 2655/1442/43 2654/695/43 2667/694/43
f 2669/703/49 2662/702/49 2661/1157/49 2670/1156/49
f 2676/1453/12 2665/1452/12 2664/1351/1 2677/1350/1
f 2679/1400/1 2672/1399/1 2671/1149/1 2680/1148/1
f 2686/1468/43 2675/1467/43 2674/711/43 2687/710/43
f 2689/717/49 2682/716/49 2681/1143/49 2690/1142/49
f 2696/1485/12 2685/1484/12 2684/1325/1 2697/1324/1
f 2699/1431/1 2692/1430/1 2691/1135/1 2700/1134/1
f 2706/1508/43 2695/1507/43 2694/725/43 2707/724/43
f 2709/731/49 2702/730/49 2701/1125/49 2710/1127/49
f 2716/1526/12 2705/1525/12 2704/1291/1 2717/1290/1
f 2719/1460/1 2712/1459/1 2711/1118/1 2720/1120/1
f 2726/1145/43 2715/1144/43 2714/739/43 2727/738/43
f 2729/746/49 2722/745/49 2721/1111/49 2730/1113/49
f 2736/1073/12 2725/1072/12 2724/1258/1 2737/1257/1
f 2739/1496/1 2732/1495/1 2731/1104/1 2740/1106/1
f 2746/754/43 2735/753/43 2734/1098/43 2747/1097/43
f 2749/759/49 2742/758/49 2741/756/49 2750/757/49
f 2756/683/12 2745/682/12 2744/1220/1 2757/1219/1
f 2759/1538/1 2752/1537/1 2751/1091/1 2760/1092/1
f 2766/767/43 2755/766/43 2754/1084/43 2767/1083/43
f 2769/774/49 2762/773/49 2761/516/49 2770/515/49
f 2776/1214/12 2765/1213/12 2764/608/1 2777/607/1
f 2779/815/1 2772/814/1 2771/1078/1 2780/1077/1
f 2786/1237/43 2775/1236/43 2774/781/43 2787/780/43
f 2789/788/49 2782/787/49 2781/1069/49 2790/1071/49
f 2796/1252/12 2785/1251/12 2784/1062/1 2797/1061/1
f 2799/574/1 2792/573/1 2791/1063/1 2800/1065/1
f 2806/1271/43 2795/1270/43 2794/795/43 2807/794/43
f 2809/803/49 2802/802/49 2801/1056/49 2810/1058/49
f 2816/1285/12 2805/1284/12 2804/1532/1 2817/1531/1
f 2819/1226/1 2812/1225/1 2811/1049/1 2820/1051/1
f 2826/1303/43 2815/1302/43 2814/811/43 2827/810/43
f 2829/819/49 2822/818/49 2821/1042/49 2830/1044/49
f 2833/652/2 2602/651/2 2601/103/2 2834/102/2
f 2836/648/2 2605/647/2 2608/1206/2 2835/1208/2
f 2841/830/2 2837/829/2 2838/1266/2 2842/1265/2
f 2844/833/2 2840/832/2 2839/1026/2 2843/1025/2
f 2849/841/2 2845/840/2 2846/451/2 2850/450/2
f 2852/844/2 2848/843/2 2847/1014/2 2851/1013/2
f 2857/852/2 2853/851/2 2854/439/2 2858/438/2
f 2860/856/2 2856/855/2 2855/1002/2 2859/1001/2
f 2865/864/2 2861/863/2 2862/427/2 2866/426/2
f 2868/868/2 2864/867/2 2863/988/2 2867/990/2
f 2873/876/2 2869/875/2 2870/415/2 2874/414/2
f 2876/878/2 2872/877/2 2871/979/2 2875/978/2
f 2881/886/2 2877/885/2 2878/403/2 2882/402/2
f 2884/889/2 2880/888/2 2879/966/2 2883/967/2
f 2889/897/2 2885/896/2 2886/391/2 2890/390/2
f 2892/900/2 2888/899/2 2887/958/2 2891/957/2
f 2897/908/2 2893/907/2 2894/379/2 2898/378/2
f 2900/912/2 2896/911/2 2895/945/2 2899/947/2
f 2905/920/2 2901/919/2 2902/367/2 2906/366/2
f 2908/924/2 2904/923/2 2903/941/2 2907/940/2
f 2602/651/58 2914/651/58 2913/2208/58 2603/2208/58
f 2915/1209/50 2919/1212/50 2918/2209/50 2916/2210/50
f 2610/828/76 2922/827/75 2921/2211/84 2611/2212/84
f 2923/1040/51 2927/1039/51 2926/2213/51 2924/2214/51
f 2618/660/60 2930/659/60 2929/1184/60 2619/1187/60
f 2931/1204/52 2935/1203/52 2934/1188/52 2932/1191/52
f 2626/1192/81 2938/1192/82 2937/667/81 2627/666/82
f 2939/1195/53 2943/1198/53 2942/1190/53 2940/1189/53
f 2635/1413/23 2946/1413/25 2945/1194/15 2636/1193/12
f 2948/1182/51 2952/1181/51 2951/1197/51 2949/1196/51
f 2645/1423/12 2956/1423/14 2955/1415/24 2646/1414/23
f 2957/1330/53 2963/1333/53 2962/1327/53 2958/1326/53
f 2655/1442/16 2966/1442/18 2965/1425/15 2656/1424/12
f 2968/1167/51 2972/1166/51 2971/1332/51 2969/1331/51
f 2665/1452/12 2976/1452/14 2975/1444/17 2666/1443/16
f 2977/1352/53 2983/1355/53 2982/1293/53 2978/1292/53
f 2675/1467/23 2986/1467/25 2985/1454/15 2676/1453/12
f 2988/1151/51 2992/1150/51 2991/1354/51 2989/1353/51
f 2685/1484/12 2996/1484/14 2995/1469/24 2686/1468/23
f 2997/1382/53 3003/1385/53 3002/1260/53 2998/1259/53
f 2695/1507/23 3006/1507/25 3005/1486/15 2696/1485/12
f 3008/1137/51 3012/1136/51 3011/1384/51 3009/1383/51
f 2705/1525/12 3016/1528/14 3015/1509/24 2706/1508/23
f 3017/1403/53 3023/1406/53 3022/1222/53 3018/1221/53
f 2715/1144/16 3026/1144/18 3025/1527/15 2716/1526/12
f 3028/1122/51 3032/1121/51 3031/1405/51 3029/1404/51
f 2725/1072/12 3036/1072/14 3035/1145/17 2726/1145/16
f 3037/1434/53 3043/1437/53 3042/590/53 3038/589/53
f 2735/753/23 3046/753/25 3045/1074/15 2736/1073/12
f 3048/1108/51 3052/1107/51 3051/1436/51 3049/1435/51
f 2745/682/12 3056/685/14 3055/755/24 2746/754/23
f 3057/1463/53 3063/1466/53 3062/1046/53 3058/1045/53
f 2755/766/23 3066/769/25 3065/684/15 2756/683/12
f 3068/1094/51 3072/1093/51 3071/1465/51 3069/1464/51
f 2765/1213/12 3076/1216/14 3075/768/24 2766/767/23
f 3077/1499/53 3083/1502/53 3082/1534/53 3078/1533/53
f 2775/1236/23 3086/1239/25 3085/1215/15 2776/1214/12
f 3088/1080/51 3092/1079/51 3091/1501/51 3089/1500/51
f 2785/1251/12 3096/1254/14 3095/1238/24 2786/1237/23
f 3097/1541/53 3103/1544/53 3102/1492/53 3098/1491/53
f 2795/1270/23 3106/1270/25 3105/1253/15 2796/1252/12
f 3108/1067/51 3112/1066/51 3111/1543/51 3109/1542/51
f 2805/1284/12 3116/1287/14 3115/1272/24 2806/1271/23
f 3117/1455/53 3123/1458/53 3122/1053/53 3118/1052/53
f 2815/1302/23 3126/1305/25 3125/1286/15 2816/1285/12
f 3128/799/51 3132/798/51 3131/1457/51 3129/1456/51
f 2825/673/12 3135/673/14 3139/1304/24 2826/1303/23
f 3136/1038/53 3144/1041/53 3143/1427/53 3137/1426/53
f 2834/1318/2 3146/1321/2 3145/653/2 2833/652/2
f 2837/829/2 3149/829/2 3150/1320/2 2838/1319/2
f 2842/836/2 3154/839/2 3153/831/2 2841/830/2
f 2845/840/2 3157/840/2 3158/838/2 2846/837/2
f 2850/847/2 3162/850/2 3161/842/2 2849/841/2
f 2853/851/2 3165/854/2 3166/849/2 2854/848/2
f 2858/859/2 3170/862/2 3169/853/2 2857/852/2
f 2861/863/2 3173/866/2 3174/861/2 2862/860/2
f 2866/871/2 3178/874/2 3177/865/2 2865/864/2
f 2869/875/2 3181/875/2 3182/873/2 2870/872/2
f 2874/881/2 3186/884/2 3185/876/2 2873/876/2
f 2877/885/2 3189/887/2 3190/883/2 2878/882/2
f 2882/892/2 3194/895/2 3193/886/2 2881/886/2
f 2885/896/2 3197/896/2 3198/894/2 2886/893/2
f 2890/903/2 3202/906/2 3201/898/2 2889/897/2
f 2893/907/2 3205/910/2 3206/905/2 2894/904/2
f 2898/915/2 3210/918/2 3209/909/2 2897/908/2
f 2901/919/2 3213/922/2 3214/917/2 2902/916/2
f 2906/927/2 3218/930/2 3217/921/2 2905/920/2
f 2909/1199/2 3221/1199/2 3222/929/2 2910/928/2
f 3218/949/2 3214/948/2 3213/922/2 3217/921/2
f 3219/939/2 3215/938/2 3216/951/2 3220/950/2
f 3210/960/2 3206/959/2 3205/910/2 3209/909/2
f 3211/946/2 3207/945/2 3208/962/2 3212/961/2
f 3202/969/2 3198/968/2 3197/896/2 3201/898/2
f 3203/956/2 3199/955/2 3200/971/2 3204/970/2
f 3194/981/2 3190/980/2 3189/887/2 3193/886/2
f 3195/967/2 3191/966/2 3192/983/2 3196/982/2
f 3186/992/2 3182/991/2 3181/875/2 3185/876/2
f 3187/977/2 3183/976/2 3184/994/2 3188/993/2
f 3178/1004/2 3174/1003/2 3173/866/2 3177/865/2
f 3179/989/2 3175/988/2 3176/1006/2 3180/1005/2
f 3170/1016/2 3166/1015/2 3165/854/2 3169/853/2
f 3171/1000/2 3167/999/2 3168/1018/2 3172/1017/2
f 3162/1028/2 3158/1027/2 3157/840/2 3161/842/2
f 3163/1012/2 3159/1011/2 3160/1030/2 3164/1029/2
f 3154/559/2 3150/558/2 3149/829/2 3153/831/2
f 3155/1024/2 3151/1023/2 3152/561/2 3156/560/2
f 3146/1210/2 2915/1209/2 2914/651/2 3145/653/2
f 3147/1207/2 2920/1206/2 2919/1212/2 3148/1211/2
f 3138/728/49 3127/727/49 3126/1305/25 3139/1304/24
f 3141/1043/7 3134/1042/7 3133/1420/43 3142/1419/43
f 3129/1456/1 3117/1455/1 3116/1287/14 3125/1286/15
f 3130/1050/1 3124/1049/1 3123/1458/1 3131/1457/1
f 3119/1115/49 3107/1114/49 3106/1270/25 3115/1272/24
f 3120/1057/7 3114/1056/7 3113/1449/43 3121/1448/43
f 3109/1542/1 3097/1541/1 3096/1254/14 3105/1253/15
f 3110/1064/1 3104/1063/1 3103/1544/1 3111/1543/1
f 3099/1515/49 3087/1514/49 3086/1239/25 3095/1238/24
f 3100/1070/7 3094/1069/7 3093/1482/43 3101/1481/43
f 3089/1500/1 3077/1499/1 3076/1216/14 3085/1215/15
f 3090/1076/1 3084/1075/1 3083/1502/1 3091/1501/1
f 3079/1475/49 3067/1474/49 3066/769/25 3075/768/24
f 3080/514/7 3074/513/7 3073/1519/43 3081/1518/43
f 3069/1464/1 3057/1463/1 3056/685/14 3065/684/15
f 3070/1092/1 3064/1091/1 3063/1466/1 3071/1465/1
f 3059/1446/49 3047/1445/49 3046/753/25 3055/755/24
f 3060/757/20 3054/756/73 3053/1101/43 3061/1100/43
f 3049/1435/1 3037/1434/1 3036/1072/14 3045/1074/15
f 3050/1105/1 3044/1104/1 3043/1437/1 3051/1436/1
f 3039/1417/49 3027/1416/49 3026/1144/18 3035/1145/17
f 3040/1112/7 3034/1111/7 3033/713/43 3041/712/43
f 3029/1404/1 3017/1403/1 3016/1528/14 3025/1527/15
f 3030/1119/1 3024/1118/1 3023/1406/1 3031/1405/1
f 3019/1393/49 3007/1392/49 3006/1507/25 3015/1509/24
f 3020/1126/7 3014/1125/7 3013/483/43 3021/482/43
f 3009/1383/1 2997/1382/1 2996/1484/14 3005/1486/15
f 3010/1133/1 3004/1132/1 3003/1385/1 3011/1384/1
f 2999/1364/49 2987/1363/49 2986/1467/25 2995/1469/24
f 3000/1141/7 2994/1140/7 2993/1245/43 3001/1244/43
f 2989/1353/1 2977/1352/1 2976/1452/14 2985/1454/15
f 2990/1147/1 2984/1146/1 2983/1355/1 2991/1354/1
f 2979/1338/49 2967/1337/49 2966/1442/18 2975/1444/17
f 2980/1155/7 2974/1154/7 2973/1278/43 2981/1277/43
f 2969/1331/1 2957/1330/1 2956/1423/14 2965/1425/15
f 2970/1163/1 2964/1162/1 2963/1333/1 2971/1332/1
f 2959/1300/49 2947/1299/49 2946/1413/25 2955/1415/24
f 2960/1171/7 2954/1170/7 2953/1311/43 2961/1310/43
f 2949/1196/1 2939/1195/1 2938/1192/13 2945/1194/15
f 2950/1179/1 2944/1178/1 2943/1198/1 2951/1197/1
f 2927/1039/1 3136/1038/1 3135/673/14 2928/675/13
f 2922/827/1 3140/826/1 3144/1041/1 2923/1040/1
f 2935/1203/2 3222/1202/2 3221/1199/2 2936/1201/2
f 2930/659/2 3223/658/2 3224/1205/2 2931/1204/2
f 2940/1189/3 2934/1188/3 2933/668/3 2937/667/3
f 2941/1185/3 2929/1184/3 2932/1191/3 2942/1190/3
f 2924/932/5 2918/931/5 2917/1037/5 2921/1036/5
f 2925/353/5 2913/352/5 2916/934/5 2926/933/5
f 2647/680/70 3348/680/70 3347/692/70 2643/691/70
f 3341/613/71 2317/613/71 2316/690/71 3342/693/71
f 2762/773/68 3274/773/68 3273/1316/68 2758/1315/68
f 3275/1643/69 2443/1642/69 2442/1314/69 3276/1317/69
f 2713/1240/69 3362/1243/69 3361/740/69 2714/739/69
f 3363/751/70 2723/750/70 2727/738/70 3364/738/70
f 2470/790/71 3314/793/71 3313/507/71 2471/506/71
f 3315/1130/68 2460/1129/68 2459/505/68 3316/508/68
f 3107/1114/68 3450/1117/68 3449/1068/68 3108/1067/68
f 3451/1450/69 3113/1449/69 3112/1066/69 3452/1066/69
f 3058/1045/71 3430/1048/71 3429/1447/71 3059/1446/71
f 3425/1109/68 3048/1108/68 3047/1445/68 3426/1445/68
f 2327/597/68 3340/600/68 3339/1342/68 2328/1341/68
f 3349/696/69 2654/695/69 2653/1340/69 3350/1343/69
f 2728/1267/71 3262/1269/71 3261/747/71 2729/746/71
f 3257/1249/68 2718/1248/68 2722/745/68 3258/748/68
f 2464/1344/69 3284/1347/69 3283/772/69 2465/771/69
f 3287/1358/70 2474/1357/70 2473/770/70 3288/770/70
f 3052/1107/69 3428/1110/69 3427/1102/69 3053/1101/69
f 3431/1047/70 3062/1046/70 3061/1100/70 3432/1103/70
f 2453/1641/70 3280/1644/70 3279/1335/70 2454/1335/70
f 3277/775/71 2769/774/71 2768/1334/71 3278/1336/71
f 3121/1448/70 3456/1451/70 3455/1054/70 3122/1053/70
f 3453/1116/71 3119/1115/71 3118/1052/71 3454/1055/71
f 2667/694/70 3352/697/70 3351/708/70 2663/707/70
f 3337/599/85 2339/598/85 2338/706/85 3338/709/85
f 2782/787/68 3282/789/68 3281/1346/68 2778/1345/68
f 2733/497/69 3366/500/69 3365/1098/69 2734/1098/69
f 3367/764/70 2743/763/70 2747/1097/70 3368/1099/70
f 2448/776/71 3318/779/71 3317/523/71 2449/1636/71
f 3319/743/68 2436/742/68 2435/1635/68 3320/522/68
f 3127/727/68 3458/727/68 3457/800/68 3128/799/68
f 3459/1421/69 3133/1420/69 3132/798/69 3460/801/69
f 3038/589/71 3422/592/71 3421/1418/71 3039/1417/71
f 3417/1123/68 3028/1122/68 3027/1416/68 3418/1416/68
f 2347/583/68 3336/583/68 3335/1308/68 2348/1307/68
f 3353/711/69 2674/711/69 2673/1306/69 3354/1309/69
f 2748/1296/71 3270/1298/71 3269/760/71 2749/759/71
f 3265/1282/68 2738/1281/68 2742/758/68 3266/761/68
f 3032/1121/69 3420/1124/69 3419/714/69 3033/713/69
f 3423/591/70 3042/590/70 3041/712/70 3424/715/70
f 3285/788/71 2789/788/71 2788/1356/71 3286/1359/71
f 3142/1419/70 3464/1422/70 3463/1428/70 3143/1427/70
f 3461/729/71 3138/728/71 3137/1426/71 3462/1429/71
f 2687/710/70 3356/710/70 3355/722/70 2683/721/70
f 3333/584/71 2361/1661/71 2360/720/71 3334/723/71
f 2802/802/68 3290/805/68 3289/1372/68 2798/1371/68
f 3291/1733/69 2487/1614/69 2486/1370/69 3292/1373/69
f 2753/741/69 3370/744/69 3369/1085/69 2754/1084/69
f 3371/778/70 2763/777/70 2767/1083/70 3372/1086/70
f 2426/762/71 3322/765/71 3321/538/71 2427/537/71
f 3323/499/68 2416/498/68 2415/536/68 3324/539/68
f 3018/1221/71 3414/1224/71 3413/1393/71 3019/1393/71
f 3409/1138/68 3008/1137/68 3007/1392/68 3410/1394/68
f 2371/566/68 3332/569/68 3331/1275/68 2372/1274/68
f 3357/726/86 2694/725/86 2693/1273/86 3358/1276/86
f 2420/1280/69 3268/1283/69 3267/1505/69 2421/1504/69
f 3271/1297/70 2430/1297/70 2429/1503/70 3272/1506/70
f 3012/1136/86 3412/1139/86 3411/484/86 3013/483/86
f 3415/1223/70 3022/1222/70 3021/482/70 3416/485/70
f 2497/1732/70 3296/1734/70 3295/1387/70 2498/1387/70
f 3293/804/71 2809/803/71 2808/1386/71 3294/1388/71
f 2707/724/70 3360/724/70 3359/736/70 2703/735/70
f 3329/568/71 2383/567/71 2382/734/71 3330/737/71
f 2822/818/68 3298/821/68 3297/1397/68 2818/1396/68
f 3299/1234/69 2509/1234/69 2508/1395/69 3300/1398/69
f 2773/1128/69 3374/1131/69 3373/782/69 2774/781/69
f 3375/792/70 2783/791/70 2787/780/70 3376/783/70
f 2404/749/71 3326/752/71 3325/553/71 2405/1588/71
f 3327/1242/68 2392/1241/68 2391/1587/68 3328/1589/68
f 2998/1259/71 3406/1262/71 3405/1364/71 2999/1364/71
f 3401/1152/68 2988/1151/68 2987/1363/68 3402/1365/68
f 2398/1247/69 3260/1250/69 3259/1599/69 2399/1598/69
f 3263/1268/70 2410/1268/70 2409/1471/70 3264/1600/70
f 2992/1150/86 3404/1153/86 3403/1246/86 2993/1245/86
f 3407/1261/70 3002/1260/70 3001/1244/70 3408/1244/70
f 2518/1233/70 3304/1235/70 3303/1408/70 2519/1408/70
f 3301/820/71 2829/819/71 2828/1407/71 3302/1409/71
f 2793/1510/69 3378/1513/69 3377/796/69 2794/795/69
f 3379/808/70 2803/807/70 2807/794/70 3380/797/70
f 2978/1292/85 3398/1295/85 3397/1338/85 2979/1338/85
f 3393/1168/68 2968/1167/68 2967/1337/68 3394/1339/68
f 2376/468/86 3252/471/86 3251/1440/86 2377/1439/86
f 3255/1231/70 2386/1230/70 2385/1438/70 3256/1441/70
f 2972/1166/69 3396/1169/69 3395/1279/69 2973/1278/69
f 3399/1294/70 2982/1293/70 2981/1277/70 3400/1277/70
f 2947/1299/68 3386/1301/68 3385/1183/68 2948/1182/68
f 3387/1312/69 2953/1311/69 2952/1181/69 3388/1181/69
f 2813/1477/69 3382/1480/69 3381/812/69 2814/811/69
f 3383/1489/70 2823/1488/70 2827/810/70 3384/813/70
f 2958/1326/71 3390/1329/71 3389/1300/71 2959/1300/71
f 2354/698/86 3244/701/86 3243/1671/86 2355/1670/86
f 3247/544/70 2366/544/70 2365/1412/70 3248/1411/70
f 3391/1328/70 2962/1327/70 2961/1310/70 3392/1313/70
f 2332/1087/69 3236/1090/69 3235/1391/69 2333/1390/69
f 3239/785/70 2342/785/70 2341/1389/70 3240/1389/70
f 2642/686/68 3226/689/68 3225/1523/68 2638/1522/68
f 3227/1360/69 2311/1362/69 2310/1521/69 3228/1524/69
f 3343/1368/68 2304/1367/68 2303/1613/68 3344/614/68
f 2479/1753/68 3312/1714/68 3311/1512/68 2480/1511/68
f 3231/1176/70 2322/1175/70 2321/1361/70 3232/1361/70
f 3229/688/71 2649/687/71 2648/1174/71 3230/1177/71
f 3309/1755/71 2493/1754/71 2492/806/71 3310/809/71
f 2662/702/68 3234/705/68 3233/1089/68 2658/1088/68
f 2503/475/68 3308/478/68 3307/1479/68 2504/1478/68
f 3237/704/85 2669/703/85 2668/784/85 3238/786/85
f 3305/477/71 2514/476/71 2513/1487/71 3306/1490/71
f 2682/716/68 3242/719/68 3241/700/68 2678/699/68
f 2633/1366/69 3346/1369/69 3345/681/69 2634/681/69
f 3245/718/71 2689/717/71 2688/543/71 3246/545/71
f 2702/730/68 3250/733/68 3249/470/68 2698/469/68
f 3253/732/71 2709/731/71 2708/1229/71 3254/1232/71
f 3067/1474/68 3434/1474/68 3433/1095/68 3068/1094/68
f 3435/1520/69 3073/1519/69 3072/1093/69 3436/1096/69
f 3098/1491/71 3446/1494/71 3445/1516/71 3099/1515/71
f 3441/1081/68 3088/1080/68 3087/1514/68 3442/1517/68
f 3092/1079/69 3444/1082/69 3443/1483/69 3093/1482/69
f 3447/1493/70 3102/1492/70 3101/1481/70 3448/1481/70
f 3081/1518/70 3440/1518/70 3439/1535/70 3082/1534/70
f 3437/1476/71 3079/1475/71 3078/1533/71 3438/1536/71
f 3468/1677/43 3470/1676/43 3469/2215/43 3465/2216/43
f 3475/1723/43 3477/1722/43 3476/2217/43 3473/2218/43
f 3481/1568/43 3483/1567/43 3482/2219/43 3479/2220/43
f 3487/1572/43 3489/1571/43 3488/2221/43 3485/2222/43
f 3493/1576/43 3495/1575/43 3494/2223/43 3491/2224/43
f 3499/1582/49 3501/1581/49 3500/2225/49 3497/2226/49
f 3505/1548/49 3507/1547/49 3506/2227/49 3503/2228/49
f 3511/1552/49 3513/1551/49 3512/2229/49 3509/2230/49
f 3517/1556/49 3519/1555/49 3518/2231/49 3515/2232/49
f 3524/1560/49 3526/1559/49 3525/2233/49 3521/2234/49
f 3531/1579/53 3499/1582/53 3498/1656/53 3529/1655/53
f 3532/36/51 3502/35/51 3501/1581/51 3533/1580/51
f 3537/1545/53 3505/1548/53 3504/512/53 3535/511/53
f 3538/51/51 3508/50/51 3507/1547/51 3539/1546/51
f 3543/1549/53 3511/1552/53 3510/1609/53 3541/1608/53
f 3544/67/51 3514/66/51 3513/1551/51 3545/1550/51
f 3549/1553/53 3517/1556/53 3516/1640/53 3547/1639/53
f 3550/83/51 3520/82/51 3519/1555/51 3551/1554/51
f 3556/1557/1 3524/1560/1 3523/45/1 3553/44/1
f 3557/571/1 3527/570/1 3526/1559/1 3558/1558/1
f 3495/1575/53 3562/1578/53 3561/1675/53 3496/1674/53
f 3492/63/51 3564/62/51 3566/1577/51 3493/1576/51
f 3489/1571/53 3568/1574/53 3567/580/53 3490/579/53
f 3486/1665/51 3570/1664/51 3572/1573/51 3487/1572/51
f 3483/1567/53 3574/1570/53 3573/549/53 3484/548/53
f 3480/1624/51 3576/1626/51 3578/1569/51 3481/1568/51
f 3477/1722/53 3580/1725/53 3579/519/53 3478/518/53
f 3474/1593/51 3582/1592/51 3584/1724/51 3475/1723/51
f 3470/1676/1 3586/1679/1 3585/1601/1 3471/487/1
f 3467/1705/1 3589/1704/1 3592/1678/1 3468/1677/1
f 3591/492/49 3587/1714/49 3586/1679/49 3592/1678/49
f 3558/1558/43 3556/1557/43 3555/1717/43 3559/1716/43
f 3583/523/49 3581/522/49 3580/1725/49 3584/1724/49
f 3551/1554/43 3549/1553/43 3548/1161/43 3552/1160/43
f 3577/553/49 3575/552/49 3574/1570/49 3578/1569/49
f 3545/1550/43 3543/1549/43 3542/1473/43 3546/1472/43
f 3571/584/49 3569/583/49 3568/1574/49 3572/1573/49
f 3539/1546/43 3537/1545/43 3536/1410/43 3540/1412/43
f 3565/613/49 3563/614/49 3562/1578/49 3566/1577/49
f 3533/1580/43 3531/1579/43 3530/1362/43 3534/1361/43
f 2058/532/70 3482/535/70 3484/2066/70 2059/1891/70
f 3575/552/71 2390/551/71 2389/546/71 3573/549/71
f 3593/1561/6 3522/1561/6 3521/1721/6 3594/1708/6
f 3686/98/68 2257/97/68 2256/2235/68 3687/2077/68
f 3613/541/6 3588/540/6 3587/1714/6 3614/1713/6
f 3726/1699/68 2489/1699/68 2494/489/68 3727/492/68
f 2199/509/85 3504/512/85 3503/2236/85 2200/2236/85
f 3508/50/68 2203/49/68 2202/2237/68 3506/2237/68
f 3603/1728/4 3560/1727/4 3559/1716/4 3604/1615/4
f 3696/44/70 2483/1735/70 2488/528/70 3697/531/70
f 2444/1158/70 3548/1161/70 3547/1639/70 2439/1638/70
f 3515/74/71 2236/73/71 2235/2008/71 3516/2008/71
f 2406/550/68 3577/553/68 3576/1626/68 2401/1625/68
f 3479/534/69 2055/533/69 2054/2065/69 3480/2065/69
f 2090/60/69 3492/63/69 3491/2238/69 2091/1910/69
f 3496/1674/70 2098/1673/70 2097/2239/70 3494/1913/70
f 3627/942/4 3469/472/4 3472/1730/4 3623/1730/4
f 2238/72/68 3518/75/68 3520/2010/68 2239/2010/68
f 3552/1160/69 2452/1159/69 2451/80/69 3550/83/69
f 2312/1360/70 3530/1362/70 3529/1655/70 2307/1654/70
f 3497/182/71 2182/181/71 2181/1975/71 3498/1975/71
f 2036/1590/69 3474/1593/69 3473/1877/69 2037/1877/69
f 3478/518/70 2041/518/70 2040/2240/70 3476/2240/70
f 2184/180/68 3500/183/68 3502/2073/68 2185/1977/68
f 3534/1361/69 2320/1361/69 2319/33/69 3532/36/69
f 2407/64/69 3544/67/69 3546/1472/69 2408/1471/69
f 3541/1608/70 2395/1607/70 2400/1470/70 3542/1473/70
f 3736/474/69 2019/473/69 2018/1564/69 3737/1564/69
f 2076/562/70 3488/565/70 3490/2069/70 2077/1901/70
f 3569/583/71 2346/582/71 2345/577/71 3567/580/71
f 2217/1606/85 3510/1609/85 3509/2241/85 2218/2242/85
f 3514/66/68 2221/65/68 2220/2243/68 3512/2244/68
f 2301/1672/71 3561/1675/71 3563/614/71 2302/614/71
f 3564/62/68 2313/61/68 2318/613/68 3565/613/68
f 2356/1410/70 3536/1410/70 3535/511/70 2351/510/70
f 2362/581/68 3571/584/68 3570/1664/68 2357/1663/68
f 3485/564/69 2073/563/69 2072/2067/69 3486/2067/69
f 3581/522/85 2434/521/85 2433/517/85 3579/519/85
f 3540/1412/69 2364/1411/69 2363/48/69 3538/51/69
f 3582/1592/68 2445/1591/68 2450/520/68 3583/523/68
f 3706/1685/71 3596/1686/71 3595/2082/71 3707/2082/71
f 3528/1710/6 3598/1709/6 3602/1706/6 3525/88/6
f 3716/1726/69 3606/99/69 3605/1615/69 3717/1615/69
f 3554/480/4 3608/479/4 3612/1715/4 3555/1717/4
f 3599/1681/50 3607/1680/50 3606/99/50 3600/97/50
f 3609/1683/52 3597/45/52 3596/1686/52 3610/44/52
f 3594/1708/6 3602/1706/6 3601/1706/6 3595/1708/6
f 3604/1615/4 3612/1715/4 3611/1614/4 3605/1615/4
f 3750/1687/71 3616/1601/71 3615/1696/71 3746/1696/71
f 3590/1611/6 3618/1610/6 3622/1712/6 3591/492/6
f 3756/472/70 3626/1691/70 3625/1730/70 3757/1730/70
f 3465/474/4 3629/473/4 3628/1564/4 3466/1563/4
f 3629/473/4 3627/942/4 3626/1691/4 3630/474/4
f 3619/1720/50 3632/1719/50 3631/1698/50 3620/1703/50
f 3614/1713/6 3622/1712/6 3621/1697/6 3615/1696/6
f 3624/1693/52 3617/1692/52 3616/1601/52 3625/1689/52
f 3635/99/51 3637/98/51 3636/98/51 3633/572/51
f 3641/1698/51 3643/1700/51 3642/1703/51 3639/1698/51
f 3647/1690/69 3635/99/69 3634/1728/69 3645/1729/69
f 3637/98/68 3649/98/68 3648/2077/68 3638/2077/68
f 3649/98/50 3647/1690/50 3646/99/50 3650/1682/50
f 3643/1700/68 3652/1699/68 3651/1610/68 3644/1612/68
f 3640/1566/69 3654/1565/69 3656/1564/69 3641/1564/69
f 3652/1699/50 3656/1698/50 3655/1698/50 3653/1703/50
f 3598/1709/46 3648/1711/46 3650/1718/46 3599/1718/46
f 3645/1729/42 3603/1728/42 3607/1680/42 3646/99/42
f 3466/1563/43 3640/1566/43 3639/1564/43 3467/1564/43
f 3644/1612/49 3590/1611/49 3589/1704/49 3642/1703/49
f 3618/1610/46 3651/1610/46 3653/1703/46 3619/1720/46
f 3654/1565/42 3628/1564/42 3632/1564/42 3655/1564/42
f 3560/1727/43 3634/1728/43 3633/572/43 3557/571/43
f 3638/1710/49 3528/1710/49 3527/1710/49 3636/1710/49
f 3657/47/53 3660/46/53 3662/46/53 3658/44/53
f 3663/488/53 3666/486/53 3668/486/53 3664/488/53
f 3671/1686/71 3662/46/71 3661/2078/71 3669/2082/71
f 3674/486/71 3668/486/71 3667/540/71 3672/542/71
f 3675/1730/70 3665/1731/70 3664/1730/70 3676/1730/70
f 3658/44/70 3679/1684/70 3678/481/70 3659/479/70
f 3679/1684/52 3671/1686/52 3670/46/52 3680/1684/52
f 3676/488/52 3674/486/52 3673/1694/52 3677/488/52
f 3617/1692/46 3673/1694/46 3672/542/46 3613/541/46
f 3666/486/49 3585/1601/49 3588/540/49 3667/540/49
f 3597/45/46 3670/46/46 3669/2082/46 3593/2082/46
f 3660/46/49 3523/45/49 3522/2078/49 3661/2078/49
f 3623/1730/42 3675/1730/42 3677/2080/42 3624/1730/42
f 3659/479/43 3554/480/43 3553/44/43 3657/47/43
f 3471/487/43 3663/488/43 3665/2079/43 3472/2079/43
f 3608/479/42 3678/481/42 3680/1684/42 3609/1683/42
f 3600/97/68 3681/570/68 3685/2081/68 3601/2077/68
f 3683/1718/6 3689/1718/6 3688/91/6 3684/1772/6
f 3610/44/70 3691/1684/70 3695/1614/70 3611/1614/70
f 3693/481/4 3699/1770/4 3698/1778/4 3694/531/4
f 2253/1737/71 3701/46/71 3705/2083/71 2254/2078/71
f 3703/1561/6 3709/1783/6 3708/1771/6 3704/1771/6
f 2495/96/69 3711/99/69 3715/530/69 2496/529/69
f 3713/1775/4 3719/1729/4 3718/1779/4 3714/1732/4
f 3714/1732/4 3698/1778/4 3697/531/4 3715/530/4
f 3717/1615/4 3695/1614/4 3694/531/4 3718/1779/4
f 3704/1771/6 3688/91/6 3687/91/6 3705/90/6
f 3707/1707/6 3685/1706/6 3684/1772/6 3708/1771/6
f 3700/1735/52 3702/1736/52 3701/46/52 3696/44/52
f 3691/1684/53 3706/1685/53 3710/1736/53 3692/1735/53
f 3690/97/50 3712/99/50 3711/99/50 3686/98/50
f 3681/570/51 3716/1726/51 3720/1726/51 3682/1738/51
f 3620/1703/68 3721/1702/68 3725/1695/68 3621/1697/68
f 3723/1610/6 3729/1768/6 3728/1695/6 3724/1769/6
f 3630/474/69 3731/474/69 3735/1565/69 3631/1564/69
f 3732/1773/4 3740/474/4 3739/1564/4 3733/1761/4
f 2477/486/71 3742/486/71 3741/491/71 2478/490/71
f 3744/1762/6 3748/541/6 3747/1714/6 3745/490/6
f 2022/472/70 3751/472/70 3755/1730/70 2023/1730/70
f 3752/472/4 3760/942/4 3759/1777/4 3753/1776/4
f 3754/488/52 3743/1784/52 3742/486/52 3755/488/52
f 3757/1688/53 3750/1687/53 3749/1752/53 3758/1689/53
f 3745/490/6 3728/1695/6 3727/492/6 3741/491/6
f 3746/1696/6 3725/1695/6 3724/1769/6 3747/1714/6
f 3730/1699/50 3738/1701/50 3737/1701/50 3726/1699/50
f 3721/1702/51 3735/1701/51 3734/1719/51 3722/1756/51
f 3740/474/4 3752/472/4 3751/472/4 3736/474/4
f 3731/474/4 3756/472/4 3760/942/4 3732/1773/4
f 3763/1782/68 3765/1781/68 3764/2077/68 3761/2081/68
f 3769/1780/69 3771/99/69 3770/1729/69 3767/1775/69
f 3765/1781/50 3769/1780/50 3768/1767/50 3766/98/50
f 3762/98/51 3772/96/51 3771/99/51 3763/1782/51
f 3775/1764/68 3777/1747/68 3776/1610/68 3773/1612/68
f 3779/1761/69 3782/1566/69 3784/1761/69 3780/1564/69
f 3777/1747/50 3784/1763/50 3783/1698/50 3778/1747/50
f 3774/1703/51 3781/1698/51 3780/1765/51 3775/1764/51
f 3729/1768/46 3776/1610/46 3778/1747/46 3730/1699/46
f 3782/1566/42 3739/1564/42 3738/1564/42 3783/1564/42
f 3722/1756/49 3774/1703/49 3773/1612/49 3723/1610/49
f 3719/1729/43 3770/1729/43 3772/96/43 3720/1726/43
f 3761/1718/49 3683/1718/49 3682/1718/49 3762/1710/49
f 3733/1761/43 3779/1761/43 3781/1564/43 3734/1564/43
f 3712/99/42 3768/1767/42 3767/1775/42 3713/1775/42
f 3689/1718/46 3764/1718/46 3766/1718/46 3690/1710/46
f 3787/1766/70 3789/1684/70 3788/1770/70 3785/1770/70
f 3793/1736/71 3795/46/71 3794/2082/71 3791/2082/71
f 3789/1684/52 3793/1736/52 3792/46/52 3790/44/52
f 3786/44/53 3796/46/53 3795/46/53 3787/1766/53
f 3799/1774/71 3801/1601/71 3800/541/71 3797/541/71
f 3803/1730/70 3806/1730/70 3808/2080/70 3804/1730/70
f 3804/487/52 3799/1774/52 3798/1785/52 3805/488/52
f 3807/488/53 3802/1601/53 3801/1601/53 3808/488/53
f 3753/1776/42 3803/1730/42 3805/1731/42 3754/1730/42
f 3797/541/46 3744/1762/46 3743/1784/46 3798/1785/46
f 3709/1783/49 3794/1783/49 3796/1561/49 3710/1561/49
f 3785/1770/43 3693/481/43 3692/1735/43 3786/44/43
f 3702/1736/46 3792/46/46 3791/2082/46 3703/2082/46
f 3748/541/49 3800/541/49 3802/1601/49 3749/1752/49
f 3806/1730/43 3759/1777/43 3758/1731/43 3807/1730/43
f 3790/44/42 3700/1735/42 3699/1770/42 3788/1770/42
f 1907/2245/5 1908/1788/5 2277/2032/5 2273/2028/5
f 3913/1/1 3818/2/1 4188/3/1 4415/4/1
f 3830/5/1 3998/6/1 4210/7/1 4198/8/1
f 4204/9/1 4212/10/1 4084/11/1 3824/12/1
f 4180/13/2 4427/14/2 4004/15/2 3809/16/2
f 4189/17/3 4201/18/3 3826/19/3 3821/20/3
f 3816/21/4 3819/22/4 3916/23/4 3910/24/4
f 3828/25/3 3831/26/3 4197/27/3 4193/28/3
f 4370/29/1 4376/30/1 4152/31/1 4149/32/1
f 4223/33/5 4089/34/5 5406/35/5 5436/36/5
f 4248/37/1 4256/38/1 4102/39/1 4099/40/1
f 4106/41/6 4104/42/6 5407/42/6 5410/43/6
f 5457/44/1 5427/45/1 5564/46/1 5561/47/1
f 4267/48/5 4107/49/5 5412/50/5 5442/51/5
f 4292/52/1 4300/53/1 4120/54/1 4117/55/1
f 4124/56/6 4122/57/6 5413/58/6 5416/59/6
f 3994/60/5 4217/61/5 5468/62/5 5396/63/5
f 4311/64/5 4125/65/5 5418/66/5 5448/67/5
f 4336/68/1 4344/69/1 4138/70/1 4135/71/1
f 4142/72/6 4140/73/6 5419/74/6 5422/75/6
f 3967/76/1 3964/77/1 4298/78/1 4284/79/1
f 4355/80/5 4143/81/5 5424/82/5 5454/83/5
f 4380/84/1 4388/85/1 4156/86/1 4153/87/1
f 4160/88/6 4158/89/6 5609/90/6 5591/91/6
f 4360/92/1 4366/93/1 4148/94/1 4144/95/1
f 4399/96/5 4161/97/5 5590/98/5 5615/99/5
f 4175/100/2 4426/101/2 4738/102/2 4505/103/2
f 4420/104/1 4182/105/1 3814/106/1 4172/107/1
f 4011/108/6 4163/109/6 4165/110/6 4010/111/6
f 4015/112/6 4159/113/6 4164/114/6 4014/115/6
f 4019/116/6 4154/117/6 4155/118/6 4018/119/6
f 4023/120/6 4150/121/6 4151/122/6 4022/123/6
f 4027/124/6 4145/125/6 4147/126/6 4026/127/6
f 4031/128/6 4141/129/6 4146/130/6 4030/131/6
f 4035/132/6 4136/133/6 4137/134/6 4034/135/6
f 4039/136/6 4132/137/6 4133/138/6 4038/139/6
f 4043/140/6 4127/141/6 4129/142/6 4042/143/6
f 4047/144/6 4123/145/6 4128/146/6 4046/147/6
f 4051/148/6 4118/149/6 4119/150/6 4050/151/6
f 4055/152/6 4114/153/6 4115/154/6 4054/155/6
f 4059/156/6 4109/157/6 4111/158/6 4058/159/6
f 4063/160/6 4105/161/6 4110/162/6 4062/163/6
f 4067/164/6 4100/165/6 4101/166/6 4066/167/6
f 4071/168/6 4096/169/6 4097/170/6 4070/171/6
f 4075/172/6 4091/173/6 4093/174/6 4074/175/6
f 4080/176/6 4087/177/6 4092/178/6 4078/179/6
f 4088/180/6 4086/181/6 5401/182/6 5404/183/6
f 4503/184/2 4190/185/2 3823/186/2 4082/187/2
f 4500/188/2 4504/189/2 4081/190/2 4077/191/2
f 4495/192/2 4499/193/2 4076/194/2 4073/195/2
f 4492/196/2 4496/197/2 4072/198/2 4069/199/2
f 4487/200/2 4491/201/2 4068/202/2 4065/203/2
f 4484/204/2 4488/205/2 4064/206/2 4061/207/2
f 4479/208/2 4483/209/2 4060/210/2 4057/211/2
f 4476/212/2 4480/213/2 4056/214/2 4053/215/2
f 4471/216/2 4475/217/2 4052/218/2 4049/219/2
f 4468/220/2 4472/221/2 4048/222/2 4045/223/2
f 4463/224/2 4467/225/2 4044/226/2 4041/227/2
f 4460/228/2 4464/229/2 4040/230/2 4037/231/2
f 4455/232/2 4459/233/2 4036/234/2 4033/235/2
f 4452/236/2 4456/237/2 4032/238/2 4029/239/2
f 4447/240/2 4451/241/2 4028/242/2 4025/243/2
f 4444/244/2 4448/245/2 4024/246/2 4021/247/2
f 4439/248/2 4443/249/2 4020/250/2 4017/251/2
f 4436/252/2 4440/253/2 4016/254/2 4013/255/2
f 4431/256/2 4435/257/2 4012/258/2 4009/259/2
f 4428/260/2 4432/261/2 4008/262/2 4005/263/2
f 3817/264/2 3909/265/2 4425/266/2 4174/267/2
f 3917/268/1 3914/269/1 4419/270/1 4406/271/1
f 3912/272/2 3906/273/2 4430/274/2 4426/275/2
f 3905/276/2 3902/277/2 4433/278/2 4429/279/2
f 3901/280/2 3898/281/2 4438/282/2 4434/283/2
f 3897/284/2 3894/285/2 4441/286/2 4437/287/2
f 3893/288/2 3890/289/2 4446/290/2 4442/291/2
f 3889/292/2 3886/293/2 4449/294/2 4445/295/2
f 3885/296/2 3882/297/2 4454/298/2 4450/299/2
f 3881/300/2 3878/301/2 4457/302/2 4453/303/2
f 3877/304/2 3874/305/2 4462/306/2 4458/307/2
f 3873/308/2 3870/309/2 4465/310/2 4461/311/2
f 3869/312/2 3866/313/2 4470/314/2 4466/315/2
f 3865/316/2 3862/317/2 4473/318/2 4469/319/2
f 3861/320/2 3858/321/2 4478/322/2 4474/323/2
f 3857/324/2 3854/325/2 4481/326/2 4477/327/2
f 3853/328/2 3850/329/2 4486/330/2 4482/331/2
f 3849/332/2 3846/333/2 4489/334/2 4485/335/2
f 3845/336/2 3842/337/2 4494/338/2 4490/339/2
f 3841/340/2 3838/341/2 4497/342/2 4493/343/2
f 3840/344/4 3996/345/4 4000/346/4 3835/347/4
f 3844/348/4 3991/349/4 3997/350/4 3839/351/4
f 4817/352/5 4829/353/5 4519/354/5 4507/355/5
f 3848/356/4 3987/357/4 3992/358/4 3843/359/4
f 3852/360/4 3983/361/4 3988/362/4 3847/363/4
f 4494/364/2 4498/365/2 4810/366/2 4806/367/2
f 3856/368/4 3978/369/4 3984/370/4 3851/371/4
f 3860/372/4 3973/373/4 3979/374/4 3855/375/4
f 4486/376/2 4490/377/2 4802/378/2 4798/379/2
f 3864/380/4 3969/381/4 3974/382/4 3859/383/4
f 3868/384/4 3965/385/4 3970/386/4 3863/387/4
f 4478/388/2 4482/389/2 4794/390/2 4790/391/2
f 3872/392/4 3960/393/4 3966/394/4 3867/395/4
f 3876/396/4 3955/397/4 3961/398/4 3871/399/4
f 4470/400/2 4474/401/2 4786/402/2 4782/403/2
f 3880/404/4 3951/405/4 3956/406/4 3875/407/4
f 3884/408/4 3947/409/4 3952/410/4 3879/411/4
f 4462/412/2 4466/413/2 4778/414/2 4774/415/2
f 3888/416/4 3942/417/4 3948/418/4 3883/419/4
f 3892/420/4 3937/421/4 3943/422/4 3887/423/4
f 4454/424/2 4458/425/2 4770/426/2 4766/427/2
f 3896/428/4 3933/429/4 3938/430/4 3891/431/4
f 3900/432/4 3929/433/4 3934/434/4 3895/435/4
f 4446/436/2 4450/437/2 4762/438/2 4758/439/2
f 3904/440/4 3924/441/4 3930/442/4 3899/443/4
f 3908/444/4 3919/445/4 3925/446/4 3903/447/4
f 4438/448/2 4442/449/2 4754/450/2 4750/451/2
f 3911/452/4 3915/453/4 3920/454/4 3907/455/4
f 4173/456/5 4185/457/5 3820/458/5 3815/459/5
f 4736/460/1 4513/461/1 4183/462/1 4424/463/1
f 3921/464/1 3918/465/1 4405/466/1 4394/467/1
f 4280/468/5 4602/469/5 5153/470/5 5156/471/5
f 3926/472/4 3923/473/4 5640/474/4 5655/472/4
f 4407/475/6 4418/476/6 5209/477/6 5212/478/6
f 5512/479/4 5458/480/4 5563/479/4 5582/481/4
f 4925/482/4 4917/483/4 5315/484/4 5320/485/4
f 4381/486/3 3927/487/3 5659/488/3 5646/486/3
f 4398/489/6 4382/490/6 5645/491/6 5631/492/6
f 3939/493/1 3936/494/1 4361/495/1 4350/496/1
f 4637/497/5 4320/498/5 5227/499/5 5270/500/5
f 3944/501/4 3941/502/4 5377/503/4 5380/504/4
f 4363/505/6 4375/506/6 5217/507/6 5220/508/6
f 4103/509/3 4255/510/3 5439/511/3 5408/512/3
f 4978/513/7 4984/514/7 4674/515/8 4665/516/8
f 4337/517/3 3945/518/3 5382/518/3 5483/519/3
f 4354/520/6 4338/521/6 5485/522/6 5487/523/6
f 3957/524/1 3954/525/1 4317/526/1 4306/527/1
f 4392/528/4 4400/529/4 5619/530/4 5601/531/4
f 3962/532/4 3959/533/4 5383/534/4 5386/535/4
f 4319/536/6 4331/537/6 5225/538/6 5228/539/6
f 5492/540/6 5517/541/6 5576/542/6 5571/540/6
f 4592/543/3 4270/544/3 5151/544/3 5150/545/3
f 4293/546/3 3963/547/3 5388/548/3 5477/549/3
f 4310/550/6 4294/551/6 5479/552/6 5481/553/6
f 3975/554/1 3972/555/1 4273/556/1 4262/557/1
f 5054/558/2 5058/559/2 5060/560/2 5056/561/2
f 3980/562/4 3977/563/4 5389/564/4 5392/565/4
f 4275/566/6 4287/567/6 5233/568/6 5236/569/6
f 5431/570/1 5461/571/1 5537/572/1 5540/98/1
f 4696/573/1 4703/574/1 4389/575/1 4379/576/1
f 4249/577/3 3981/578/3 5394/579/3 5471/580/3
f 4266/581/6 4250/582/6 5473/583/6 5475/584/6
f 3993/585/1 3990/586/1 4229/587/1 4218/588/1
f 4942/589/3 4946/590/3 5327/591/3 5326/592/3
f 4001/593/4 3995/594/4 5395/595/4 5398/596/4
f 4231/597/6 4243/598/6 5241/599/6 5244/600/6
f 3971/601/1 3968/602/1 4283/603/1 4274/604/1
f 4351/605/1 4365/606/1 4681/607/1 4668/608/1
f 3837/609/2 3834/610/2 4502/611/2 4498/612/2
f 4222/613/6 4206/614/6 5467/614/6 5469/613/6
f 3822/615/6 3825/616/6 4083/617/6 4079/618/6
f 4416/619/1 4187/620/1 4517/621/1 4728/622/1
f 3836/623/4 3999/624/4 3832/625/4 3827/626/4
f 4524/627/3 4534/628/3 4202/629/3 4192/630/3
f 3833/631/2 3829/632/2 4196/633/2 4501/634/2
f 4502/635/2 4195/636/2 4525/637/2 4814/638/2
f 4003/639/6 4169/640/6 3813/641/6 3810/642/6
f 4178/643/5 4184/644/5 4516/645/5 4510/646/5
f 4509/647/2 4740/648/2 4428/649/2 4179/650/2
f 4506/651/2 4737/652/2 5049/653/2 4818/651/2
f 4199/654/1 4209/655/1 4541/656/1 4529/657/1
f 5127/658/2 4834/659/2 4522/660/2 4815/658/2
f 4194/661/3 4200/662/3 4532/663/3 4526/664/3
f 4527/665/87 4531/666/87 4841/667/87 4837/668/87
f 4816/669/2 4521/670/2 4191/671/2 4504/672/2
f 4729/673/12 4520/674/13 4832/675/13 5039/673/14
f 4533/676/1 4543/677/1 4213/678/1 4203/679/1
f 4551/680/4 4538/681/4 5249/681/4 5252/680/4
f 4649/682/12 4660/683/12 4969/684/15 4960/685/14
f 4546/686/6 4553/687/6 5133/688/6 5130/689/6
f 4220/690/3 4547/691/3 5251/692/3 5246/693/3
f 4571/694/4 4558/695/4 5253/696/4 5256/697/4
f 4258/698/5 4582/699/5 5145/700/5 5148/701/5
f 4566/702/6 4573/703/6 5141/704/6 5138/705/6
f 4242/706/3 4567/707/3 5255/708/3 5242/709/3
f 4591/710/4 4578/711/4 5257/711/4 5260/710/4
f 4945/712/4 4937/713/4 5323/714/4 5328/715/4
f 4586/716/6 4593/717/6 5149/718/6 5146/719/6
f 4264/720/3 4587/721/3 5259/722/3 5238/723/3
f 4611/724/4 4598/725/4 5261/726/4 5264/724/4
f 5031/727/6 5042/728/6 5365/729/6 5362/727/6
f 4606/730/6 4613/731/6 5157/732/6 5154/733/6
f 4286/734/3 4607/735/3 5263/736/3 5234/737/3
f 4631/738/4 4618/739/4 5265/740/4 5268/738/4
f 4657/741/5 4340/742/5 5223/743/5 5274/744/5
f 4626/745/6 4633/746/6 5165/747/6 5162/748/6
f 4308/749/3 4627/750/3 5267/751/3 5230/752/3
f 4639/753/23 4650/754/23 4959/755/24 4950/753/25
f 4958/756/73 4964/757/20 4654/757/21 4645/756/74
f 4646/758/6 4653/759/6 5173/760/6 5170/761/6
f 4330/762/3 4647/763/3 5271/764/3 5226/765/3
f 4659/766/23 4670/767/23 4979/768/24 4970/769/25
f 4377/770/4 4369/771/4 5187/772/4 5192/770/4
f 4666/773/6 4673/774/6 5181/775/6 5178/773/6
f 4352/776/3 4667/777/3 5275/778/3 5222/779/3
f 4691/780/4 4678/781/4 5277/782/4 5280/783/4
f 4572/784/3 4246/785/3 5143/785/3 5142/786/3
f 4686/787/6 4693/788/6 5189/788/6 5186/789/6
f 4374/790/3 4687/791/3 5279/792/3 5218/793/3
f 4711/794/4 4698/795/4 5281/796/4 5284/797/4
f 5036/798/5 5032/799/5 5361/800/5 5364/801/5
f 4706/802/6 4713/803/6 5197/804/6 5194/805/6
f 4396/806/3 4707/807/3 5283/808/3 5214/809/3
f 4731/810/4 4718/811/4 5285/812/4 5288/813/4
f 4676/814/1 4683/815/1 4367/816/1 4359/817/1
f 4726/818/6 4733/819/6 5205/820/6 5202/821/6
f 4508/822/5 4518/823/5 4186/824/5 4176/825/5
f 5044/826/8 4826/827/88 4514/828/89 4735/826/8
f 4741/829/2 4745/830/2 5057/831/2 5053/829/2
f 4744/832/2 4748/833/2 4436/834/2 4432/835/2
f 4746/836/2 4750/837/2 5062/838/2 5058/839/2
f 4749/840/2 4753/841/2 5065/842/2 5061/840/2
f 4752/843/2 4756/844/2 4444/845/2 4440/846/2
f 4754/847/2 4758/848/2 5070/849/2 5066/850/2
f 4757/851/2 4761/852/2 5073/853/2 5069/854/2
f 4760/855/2 4764/856/2 4452/857/2 4448/858/2
f 4762/859/2 4766/860/2 5078/861/2 5074/862/2
f 4765/863/2 4769/864/2 5081/865/2 5077/866/2
f 4768/867/2 4772/868/2 4460/869/2 4456/870/2
f 4770/871/2 4774/872/2 5086/873/2 5082/874/2
f 4773/875/2 4777/876/2 5089/876/2 5085/875/2
f 4776/877/2 4780/878/2 4468/879/2 4464/880/2
f 4778/881/2 4782/882/2 5094/883/2 5090/884/2
f 4781/885/2 4785/886/2 5097/886/2 5093/887/2
f 4784/888/2 4788/889/2 4476/890/2 4472/891/2
f 4786/892/2 4790/893/2 5102/894/2 5098/895/2
f 4789/896/2 4793/897/2 5105/898/2 5101/896/2
f 4792/899/2 4796/900/2 4484/901/2 4480/902/2
f 4794/903/2 4798/904/2 5110/905/2 5106/906/2
f 4797/907/2 4801/908/2 5113/909/2 5109/910/2
f 4800/911/2 4804/912/2 4492/913/2 4488/914/2
f 4802/915/2 4806/916/2 5118/917/2 5114/918/2
f 4805/919/2 4809/920/2 5121/921/2 5117/922/2
f 4808/923/2 4812/924/2 4500/925/2 4496/926/2
f 4810/927/2 4814/928/2 5126/929/2 5122/930/2
f 4822/931/5 4828/932/5 4830/933/5 4820/934/5
f 5124/930/2 5128/935/2 4816/936/2 4812/937/2
f 5119/938/2 5123/939/2 4811/940/2 4807/941/2
f 5531/942/4 5533/473/4 5369/474/4 5373/472/4
f 5116/918/2 5120/917/2 4808/943/2 4804/944/2
f 5111/945/2 5115/946/2 4803/947/2 4799/945/2
f 5118/948/2 5122/949/2 5124/950/2 5120/951/2
f 5108/906/2 5112/952/2 4800/953/2 4796/954/2
f 5103/955/2 5107/956/2 4795/957/2 4791/958/2
f 5110/959/2 5114/960/2 5116/961/2 5112/962/2
f 5100/895/2 5104/963/2 4792/964/2 4788/965/2
f 5095/966/2 5099/967/2 4787/967/2 4783/966/2
f 5102/968/2 5106/969/2 5108/970/2 5104/971/2
f 5092/972/2 5096/973/2 4784/974/2 4780/975/2
f 5087/976/2 5091/977/2 4779/978/2 4775/979/2
f 5094/980/2 5098/981/2 5100/982/2 5096/983/2
f 5084/984/2 5088/985/2 4776/986/2 4772/987/2
f 5079/988/2 5083/989/2 4771/990/2 4767/988/2
f 5086/991/2 5090/992/2 5092/993/2 5088/994/2
f 5076/995/2 5080/996/2 4768/997/2 4764/998/2
f 5071/999/2 5075/1000/2 4763/1001/2 4759/1002/2
f 5078/1003/2 5082/1004/2 5084/1005/2 5080/1006/2
f 5068/1007/2 5072/1008/2 4760/1009/2 4756/1010/2
f 5063/1011/2 5067/1012/2 4755/1013/2 4751/1014/2
f 5070/1015/2 5074/1016/2 5076/1017/2 5072/1018/2
f 5060/1019/2 5064/1020/2 4752/1021/2 4748/1022/2
f 5055/1023/2 5059/1024/2 4747/1025/2 4743/1026/2
f 5062/1027/2 5066/1028/2 5068/1029/2 5064/1030/2
f 5052/1031/2 5056/1032/2 4744/1033/2 4740/1034/2
f 4511/1035/5 4515/1036/5 4825/1036/5 4821/1037/5
f 5040/1038/1 4831/1039/1 4827/1040/1 5048/1041/1
f 5038/1042/7 5045/1043/7 4734/1044/8 4725/1042/8
f 4962/1045/3 4966/1046/3 5335/1047/3 5334/1048/3
f 5028/1049/8 5034/1050/8 4724/1051/8 4715/1049/8
f 5022/1052/3 5026/1053/3 5359/1054/3 5358/1055/3
f 5018/1056/7 5024/1057/7 4714/1058/8 4705/1056/8
f 4373/1059/1 4385/1060/1 4701/1061/1 4688/1062/1
f 5008/1063/8 5014/1064/8 4704/1065/8 4695/1063/8
f 5016/1066/5 5012/1067/5 5353/1068/5 5356/1066/5
f 4998/1069/7 5004/1070/7 4694/1071/8 4685/1069/8
f 4629/1072/12 4640/1073/12 4949/1074/15 4940/1072/14
f 4988/1075/8 4994/1076/8 4684/1077/8 4675/1078/8
f 4996/1079/5 4992/1080/5 5345/1081/5 5348/1082/5
f 4671/1083/4 4658/1084/4 5273/1085/4 5276/1086/4
f 4236/1087/5 4562/1088/5 5137/1089/5 5140/1090/5
f 4968/1091/8 4974/1092/8 4664/1092/8 4655/1091/8
f 4976/1093/5 4972/1094/5 5337/1095/5 5340/1096/5
f 4651/1097/4 4638/1098/4 5269/1098/4 5272/1099/4
f 4965/1100/4 4957/1101/4 5331/1102/4 5336/1103/4
f 4948/1104/8 4954/1105/77 4644/1106/78 4635/1104/8
f 4956/1107/5 4952/1108/5 5329/1109/5 5332/1110/5
f 4938/1111/7 4944/1112/7 4634/1113/8 4625/1111/8
f 5011/1114/6 5023/1115/6 5357/1116/6 5354/1117/6
f 4928/1118/8 4934/1119/8 4624/1120/8 4615/1118/8
f 4936/1121/5 4932/1122/5 5321/1123/5 5324/1124/5
f 4918/1125/7 4924/1126/7 4614/1127/8 4605/1125/8
f 4677/1128/5 4364/1129/5 5219/1130/5 5278/1131/5
f 4908/1132/8 4914/1133/8 4604/1134/8 4595/1135/8
f 4916/1136/5 4912/1137/5 5313/1138/5 5316/1139/5
f 4898/1140/7 4904/1141/7 4594/1142/8 4585/1143/8
f 4619/1144/23 4630/1145/23 4939/1145/24 4930/1144/25
f 4888/1146/8 4894/1147/8 4584/1148/8 4575/1149/8
f 4896/1150/5 4892/1151/5 5305/1152/5 5308/1153/5
f 4878/1154/7 4884/1155/7 4574/1156/8 4565/1157/8
f 4348/1158/4 4356/1159/4 5456/1160/4 5452/1161/4
f 4868/1162/8 4874/1163/8 4564/1164/8 4555/1165/8
f 4876/1166/5 4872/1167/5 5297/1168/5 5300/1169/5
f 4858/1170/7 4864/1171/7 4554/1172/8 4545/1173/8
f 4552/1174/3 4226/1175/3 5135/1176/3 5134/1177/3
f 4848/1178/26 4854/1179/8 4544/1180/8 4536/1178/26
f 4856/1181/5 4852/1182/5 5289/1183/5 5292/1181/5
f 4833/1184/3 4845/1185/3 4535/1186/3 4523/1187/3
f 4838/1188/3 4844/1189/3 4846/1190/3 4836/1191/3
f 4530/1192/90 4540/1193/27 4849/1194/28 4842/1192/90
f 4843/1195/1 4853/1196/1 4855/1197/1 4847/1198/1
f 4813/1199/2 4528/1200/2 4840/1201/2 5125/1199/2
f 5126/1202/2 4839/1203/2 4835/1204/2 5128/1205/2
f 4824/1206/2 5051/1207/2 4739/1208/2 4512/1206/2
f 4819/1209/2 5050/1210/2 5052/1211/2 4823/1212/2
f 4669/1213/12 4680/1214/12 4989/1215/15 4980/1216/14
f 4329/1217/1 4341/1218/1 4661/1219/1 4648/1220/1
f 4922/1221/3 4926/1222/3 5319/1223/3 5318/1224/3
f 4716/1225/1 4723/1226/1 4411/1227/1 4403/1228/1
f 4612/1229/3 4290/1230/3 5159/1231/3 5158/1232/3
f 4422/1233/4 4413/1234/4 5203/1234/4 5208/1235/4
f 4679/1236/23 4690/1237/23 4999/1238/24 4990/1239/25
f 4617/1240/5 4296/1241/5 5231/1242/5 5266/1243/5
f 4905/1244/4 4897/1245/4 5307/1246/4 5312/1244/4
f 4302/1247/5 4622/1248/5 5161/1249/5 5164/1250/5
f 4689/1251/12 4700/1252/12 5009/1253/15 5000/1254/14
f 4307/1255/1 4321/1256/1 4641/1257/1 4628/1258/1
f 4902/1259/3 4906/1260/3 5311/1261/3 5310/1262/3
f 4430/1263/2 4434/1264/2 4746/1265/2 4742/1266/2
f 4632/1267/3 4314/1268/3 5167/1268/3 5166/1269/3
f 4699/1270/23 4710/1271/23 5019/1272/24 5010/1270/25
f 4597/1273/5 4276/1274/5 5235/1275/5 5262/1276/5
f 4885/1277/4 4877/1278/4 5299/1279/4 5304/1277/4
f 4324/1280/5 4642/1281/5 5169/1282/5 5172/1283/5
f 4709/1284/12 4720/1285/12 5029/1286/15 5020/1287/14
f 4285/1288/1 4297/1289/1 4621/1290/1 4608/1291/1
f 4882/1292/3 4886/1293/3 5303/1294/3 5302/1295/3
f 4652/1296/3 4334/1297/3 5175/1297/3 5174/1298/3
f 4851/1299/6 4863/1300/6 5293/1300/6 5290/1301/6
f 4719/1302/23 4730/1303/23 5043/1304/24 5030/1305/25
f 4577/1306/5 4252/1307/5 5239/1308/5 5258/1309/5
f 4865/1310/4 4857/1311/4 5291/1312/4 5296/1313/4
f 4346/1314/5 4662/1315/5 5177/1316/5 5180/1317/5
f 4738/1318/2 4742/1319/2 5054/1320/2 5050/1321/2
f 4263/1322/1 4277/1323/1 4601/1324/1 4588/1325/1
f 4862/1326/3 4866/1327/3 5295/1328/3 5294/1329/3
f 4861/1330/1 4873/1331/1 4875/1332/1 4867/1333/1
f 4672/1334/3 4358/1335/3 5183/1335/3 5182/1336/3
f 4871/1337/6 4883/1338/6 5301/1338/6 5298/1339/6
f 4557/1340/5 4232/1341/5 5243/1342/5 5254/1343/5
f 4368/1344/5 4682/1345/5 5185/1346/5 5188/1347/5
f 4241/1348/1 4253/1349/1 4581/1350/1 4568/1351/1
f 4881/1352/1 4893/1353/1 4895/1354/1 4887/1355/1
f 4692/1356/3 4378/1357/3 5191/1358/3 5190/1359/3
f 4216/1360/4 4224/1361/4 5438/1361/4 5434/1362/4
f 4891/1363/6 4903/1364/6 5309/1364/6 5306/1365/6
f 4537/1366/5 4208/1367/5 5247/1368/5 5250/1369/5
f 4390/1370/5 4702/1371/5 5193/1372/5 5196/1373/5
f 4219/1374/1 4233/1375/1 4561/1376/1 4548/1377/1
f 4556/1378/1 4563/1379/1 4235/1380/1 4227/1381/1
f 4901/1382/1 4913/1383/1 4915/1384/1 4907/1385/1
f 4712/1386/3 4402/1387/3 5199/1387/3 5198/1388/3
f 4245/1389/4 4237/1390/4 5139/1391/4 5144/1389/4
f 4911/1392/6 4923/1393/6 5317/1393/6 5314/1394/6
f 4412/1395/5 4722/1396/5 5201/1397/5 5204/1398/5
f 4576/1399/1 4583/1400/1 4257/1401/1 4247/1402/1
f 4921/1403/1 4933/1404/1 4935/1405/1 4927/1406/1
f 4732/1407/3 4423/1408/3 5207/1408/3 5206/1409/3
f 4260/1410/4 4268/1411/4 5444/1412/4 5440/1410/4
f 4539/1413/16 4550/1414/16 4859/1415/17 4850/1413/18
f 4931/1416/6 4943/1417/6 5325/1418/6 5322/1416/6
f 5046/1419/4 5037/1420/4 5363/1421/4 5368/1422/4
f 4549/1423/12 4560/1424/12 4869/1425/15 4860/1423/14
f 5041/1426/3 5047/1427/3 5367/1428/3 5366/1429/3
f 4596/1430/1 4603/1431/1 4279/1432/1 4271/1433/1
f 4941/1434/1 4953/1435/1 4955/1436/1 4947/1437/1
f 4289/1438/4 4281/1439/4 5155/1440/4 5160/1441/4
f 4559/1442/23 4570/1443/23 4879/1444/24 4870/1442/25
f 4951/1445/6 4963/1446/6 5333/1447/6 5330/1445/6
f 5025/1448/4 5017/1449/4 5355/1450/4 5360/1451/4
f 4569/1452/27 4580/1453/27 4889/1454/28 4880/1452/29
f 5021/1455/1 5033/1456/1 5035/1457/1 5027/1458/1
f 4616/1459/1 4623/1460/1 4301/1461/1 4291/1462/1
f 4961/1463/1 4973/1464/1 4975/1465/1 4967/1466/1
f 4579/1467/23 4590/1468/23 4899/1469/24 4890/1467/25
f 4304/1470/4 4312/1471/4 5450/1472/4 5446/1473/4
f 4971/1474/6 4983/1475/6 5341/1476/6 5338/1474/6
f 4717/1477/5 4408/1478/5 5211/1479/5 5286/1480/5
f 5005/1481/4 4997/1482/4 5347/1483/4 5352/1481/4
f 4589/1484/12 4600/1485/12 4909/1486/15 4900/1484/14
f 4417/1487/3 4727/1488/3 5287/1489/3 5210/1490/3
f 5002/1491/3 5006/1492/3 5351/1493/3 5350/1494/3
f 4636/1495/1 4643/1496/1 4323/1497/1 4315/1498/1
f 4981/1499/1 4993/1500/1 4995/1501/1 4987/1502/1
f 4333/1503/4 4325/1504/4 5171/1505/4 5176/1506/4
f 4599/1507/16 4610/1508/16 4919/1509/17 4910/1507/18
f 4697/1510/5 4384/1511/5 5215/1512/5 5282/1513/5
f 4991/1514/6 5003/1515/6 5349/1516/6 5346/1517/6
f 4985/1518/4 4977/1519/4 5339/1520/4 5344/1518/4
f 4214/1521/5 4542/1522/5 5129/1523/5 5132/1524/5
f 4609/1525/12 4620/1526/12 4929/1527/15 4920/1528/14
f 4395/1529/1 4409/1530/1 4721/1531/1 4708/1532/1
f 4982/1533/3 4986/1534/3 5343/1535/3 5342/1536/3
f 4656/1537/1 4663/1538/1 4345/1539/1 4335/1540/1
f 5001/1541/1 5013/1542/1 5015/1543/1 5007/1544/1
f 5441/1545/1 5443/1546/1 5411/1547/1 5409/1548/1
f 5447/1549/1 5449/1550/1 5417/1551/1 5415/1552/1
f 5453/1553/1 5455/1554/1 5423/1555/1 5421/1556/1
f 5460/1557/1 5462/1558/1 5430/1559/1 5428/1560/1
f 5426/1561/6 5497/1561/6 5573/1562/6 5565/1561/6
f 5370/1563/4 5532/1564/4 5558/1565/4 5544/1566/4
f 5387/1567/1 5385/1568/1 5482/1569/1 5478/1570/1
f 5393/1571/1 5391/1572/1 5476/1573/1 5472/1574/1
f 5399/1575/1 5397/1576/1 5470/1577/1 5466/1578/1
f 5435/1579/1 5437/1580/1 5405/1581/1 5403/1582/1
f 4228/1583/1 4234/1584/1 4094/1585/1 4090/1586/1
f 4295/1587/6 4309/1588/6 5229/553/6 5232/1589/6
f 3940/1590/5 4349/1591/5 5486/1592/5 5378/1593/5
f 4238/1594/1 4244/1595/1 4098/1596/1 4095/1597/1
f 4313/1471/4 4303/1598/4 5163/1599/4 5168/1600/4
f 5375/487/1 5489/1601/1 5570/486/1 5567/488/1
f 3989/1602/1 3986/1603/1 4239/1604/1 4230/1605/1
f 4121/1606/3 4299/1607/3 5445/1608/3 5414/1609/3
f 5522/1610/6 5494/1611/6 5548/1612/6 5555/1610/6
f 4207/1613/6 4221/613/6 5245/613/6 5248/614/6
f 5599/1614/4 5621/1615/4 5509/1615/4 5515/1614/4
f 4225/1361/4 4215/1362/4 5131/1360/4 5136/1361/4
f 4272/1616/1 4278/1617/1 4112/1618/1 4108/1619/1
f 3985/1620/1 3982/1621/1 4254/1622/1 4240/1623/1
f 3958/1624/5 4305/1625/5 5480/1626/5 5384/1624/5
f 3953/1627/1 3950/1628/1 4327/1629/1 4318/1630/1
f 4282/1631/1 4288/1632/1 4116/1633/1 4113/1634/1
f 4339/1635/6 4353/1636/6 5221/523/6 5224/522/6
f 4139/1637/3 4343/1638/3 5451/1639/3 5420/1640/3
f 4357/1641/4 4347/1642/4 5179/1643/4 5184/1644/4
f 3949/1645/1 3946/1646/1 4342/1647/1 4328/1648/1
f 4007/1649/6 4168/1650/6 4170/1651/6 4006/1652/6
f 4085/1653/3 4211/1654/3 5433/1655/3 5402/1656/3
f 4316/1657/1 4322/1658/1 4130/1659/1 4126/1660/1
f 4251/583/6 4265/1661/6 5237/584/6 5240/583/6
f 3976/1662/5 4261/1663/5 5474/1664/5 5390/1665/5
f 4326/1666/1 4332/1667/1 4134/1668/1 4131/1669/1
f 4269/1412/4 4259/1670/4 5147/1671/4 5152/1411/4
f 4205/1672/3 4002/1673/3 5400/1674/3 5465/1675/3
f 5374/1676/1 5372/1677/1 5496/1678/1 5490/1679/1
f 5511/1680/2 5503/1681/2 5554/1682/2 5550/99/2
f 5501/45/2 5513/1683/2 5584/1684/2 5574/46/2
f 5610/1685/3 5595/1684/3 5514/44/3 5500/1686/3
f 5654/1687/3 5661/1688/3 5529/1689/3 5520/1601/3
f 5551/1690/5 5553/98/5 5541/98/5 5539/99/5
f 5660/472/4 5635/474/4 5534/474/4 5530/1691/4
f 5521/1692/2 5528/1693/2 5581/488/2 5577/1694/2
f 5629/1695/6 5650/1696/6 5519/1696/6 5525/1697/6
f 5575/1686/3 5583/1684/3 5562/44/3 5566/46/3
f 5560/1698/5 5556/1699/5 5547/1700/5 5545/1698/5
f 5639/1701/5 5625/1702/5 5524/1703/5 5535/1698/5
f 5493/1704/1 5371/1705/1 5543/1698/1 5546/1703/1
f 5589/1706/6 5611/1707/6 5499/1708/6 5505/1706/6
f 5502/1709/6 5432/1710/6 5542/1710/6 5552/1711/6
f 5526/1712/6 5518/1713/6 5491/1714/6 5495/492/6
f 5516/1715/4 5508/1615/4 5463/1716/4 5459/1717/4
f 5593/1718/6 5587/1718/6 5665/1718/6 5668/1718/6
f 5578/486/3 5580/488/3 5568/488/3 5572/486/3
f 5536/1719/2 5523/1720/2 5557/1703/2 5559/1698/2
f 5506/1706/6 5498/1708/6 5425/1721/6 5429/88/6
f 5381/1722/1 5379/1723/1 5488/1724/1 5484/1725/1
f 5620/1726/5 5585/570/5 5504/97/5 5510/99/5
f 5464/1727/4 5507/1728/4 5549/1729/4 5538/1728/4
f 5527/1730/4 5376/1730/4 5569/1731/4 5579/1730/4
f 4401/1732/4 4391/1614/4 5195/1733/4 5200/1734/4
f 5596/1735/1 5614/1736/1 5700/46/1 5690/44/1
f 4157/1737/3 4387/1735/3 5600/44/3 5605/46/3
f 5586/1738/1 5624/1726/1 5676/96/1 5666/98/1
f 4404/1739/1 4410/1740/1 4166/1741/1 4162/1742/1
f 5606/1736/2 5604/1735/2 5694/44/2 5696/46/2
f 4414/1743/1 4421/1744/1 4171/1745/1 4167/1746/1
f 5642/1701/2 5634/1699/2 5682/1747/2 5687/1698/2
f 3935/1748/1 3932/1749/1 4371/1750/1 4362/1751/1
f 5662/1689/1 5653/1752/1 5706/1601/1 5711/488/1
f 4383/1753/6 4397/1754/6 5213/1755/6 5216/1714/6
f 5626/1756/1 5638/1719/1 5685/1698/1 5678/1703/1
f 3931/1757/1 3928/1758/1 4386/1759/1 4372/1760/1
f 5637/1761/4 5643/1564/4 5686/1566/4 5683/1761/4
f 3922/1698/5 4393/1699/5 5630/1699/5 5641/1701/5
f 5652/541/6 5648/1762/6 5701/541/6 5704/541/6
f 5688/1763/5 5681/1747/5 5679/1764/5 5684/1765/5
f 5697/1736/91 5693/1684/91 5691/1766/91 5699/46/91
f 5616/99/2 5594/97/2 5670/98/2 5672/1767/2
f 5633/1768/6 5627/1610/6 5677/1612/6 5680/1610/6
f 5632/1695/6 5649/490/6 5651/1714/6 5628/1769/6
f 5603/1770/4 5597/481/4 5689/1770/4 5692/1770/4
f 5592/91/6 5608/1771/6 5612/1771/6 5588/1772/6
f 5656/472/4 5644/474/4 5636/1773/4 5664/942/4
f 5703/1774/3 5708/487/3 5712/488/3 5705/1601/3
f 5623/1729/4 5617/1775/4 5671/1775/4 5674/1729/4
f 5657/1776/4 5663/1777/4 5710/1730/4 5707/1730/4
f 5602/1778/4 5618/1732/4 5622/1779/4 5598/531/4
f 5673/1780/5 5669/1781/5 5667/1782/5 5675/99/5
f 5613/1783/6 5607/1561/6 5695/1561/6 5698/1783/6
f 5647/1784/2 5658/488/2 5709/488/2 5702/1785/2
f 3809/16/34 3810/1786/34 3811/1787/34
f 3812/1788/35 3813/1789/35 3814/1790/35
f 3815/459/36 3816/1791/36 3817/1792/36
f 3818/2/37 3819/1793/37 3820/1794/37
f 3821/20/38 3822/1795/38 3823/1796/38
f 3824/12/39 3825/1797/39 3826/1798/39
f 3827/626/40 3828/1799/40 3829/1800/40
f 3830/5/41 3831/1801/41 3832/1802/41
f 3833/631/42 3834/1803/42 3835/1804/42 3836/1805/42
f 3837/609/42 3838/1806/42 3839/1807/42 3840/1808/42
f 3841/340/42 3842/1809/42 3843/1810/42 3844/1811/42
f 3845/336/42 3846/1812/42 3847/1813/42 3848/1814/42
f 3849/332/42 3850/1815/42 3851/1816/42 3852/1817/42
f 3853/328/42 3854/1818/42 3855/1819/42 3856/1820/42
f 3857/324/42 3858/1821/42 3859/1822/42 3860/1823/42
f 3861/320/42 3862/1824/42 3863/1825/42 3864/1826/42
f 3865/316/42 3866/1827/42 3867/1828/42 3868/1829/42
f 3869/312/42 3870/1830/42 3871/1831/42 3872/1832/42
f 3873/308/42 3874/1833/42 3875/1834/42 3876/1835/42
f 3877/304/42 3878/1836/42 3879/1837/42 3880/1838/42
f 3881/300/42 3882/1839/42 3883/1840/42 3884/1841/42
f 3885/296/42 3886/1842/42 3887/1843/42 3888/1844/42
f 3889/292/42 3890/1845/42 3891/1846/42 3892/1847/42
f 3893/288/42 3894/1848/42 3895/1849/42 3896/1850/42
f 3897/284/42 3898/1851/42 3899/1852/42 3900/1853/42
f 3901/280/42 3902/1854/42 3903/1855/42 3904/1856/42
f 3905/276/42 3906/1857/42 3907/1858/42 3908/1859/42
f 3909/265/42 3910/1860/42 3911/1861/42 3912/1862/42
f 3913/1/43 3914/1863/43 3915/1864/43 3916/1865/43
f 3917/268/43 3918/1866/43 3919/1867/43 3920/1868/43
f 3921/464/44 3922/1698/44 3923/1869/44 3924/1869/44 3925/1870/44
f 3926/472/45 3927/1730/45 3928/1730/45 3929/1730/45 3930/472/45
f 3931/1757/43 3932/1871/43 3933/1872/43 3934/1873/43
f 3935/1748/43 3936/1874/43 3937/1875/43 3938/1876/43
f 3939/493/44 3940/1593/44 3941/1877/44 3942/1878/44 3943/1879/44
f 3944/501/45 3945/1880/45 3946/1880/45 3947/1880/45 3948/1881/45
f 3949/1645/43 3950/1882/43 3951/1883/43 3952/1884/43
f 3953/1627/43 3954/1885/43 3955/1886/43 3956/1887/43
f 3957/524/44 3958/1888/44 3959/1889/44 3960/1889/44 3961/1890/44
f 3962/532/45 3963/1891/45 3964/1891/45 3965/1891/45 3966/532/45
f 3967/76/43 3968/1892/43 3969/1893/43 3970/1894/43
f 3971/601/43 3972/1895/43 3973/1896/43 3974/1897/43
f 3975/554/44 3976/1662/44 3977/1898/44 3978/1899/44 3979/1900/44
f 3980/562/45 3981/1901/45 3982/1901/45 3983/1901/45 3984/1902/45
f 3985/1620/43 3986/1903/43 3987/1904/43 3988/1905/43
f 3989/1602/43 3990/1906/43 3991/1907/43 3992/1908/43
f 3993/585/44 3994/1909/44 3995/1910/44 3996/1910/44 3997/1911/44
f 3998/6/45 3999/1912/45 4000/1913/45 4001/1913/45 4002/1674/45
f 4003/639/46 4004/1914/46 4005/1915/46 4006/1916/46
f 4007/1649/46 4008/1917/46 4009/1918/46 4010/1919/46
f 4011/108/46 4012/1920/46 4013/1921/46 4014/1922/46
f 4015/112/46 4016/1923/46 4017/1924/46 4018/1925/46
f 4019/116/46 4020/1926/46 4021/1927/46 4022/1928/46
f 4023/120/46 4024/1929/46 4025/1930/46 4026/1931/46
f 4027/124/46 4028/1932/46 4029/1933/46 4030/1934/46
f 4031/128/46 4032/1935/46 4033/1936/46 4034/1937/46
f 4035/132/46 4036/1938/46 4037/1939/46 4038/1940/46
f 4039/136/46 4040/1941/46 4041/1942/46 4042/1943/46
f 4043/140/46 4044/1944/46 4045/1945/46 4046/1946/46
f 4047/144/46 4048/1947/46 4049/1948/46 4050/1949/46
f 4051/148/46 4052/1950/46 4053/1951/46 4054/1952/46
f 4055/152/46 4056/1953/46 4057/1954/46 4058/1955/46
f 4059/156/46 4060/1956/46 4061/1957/46 4062/1958/46
f 4063/160/46 4064/1959/46 4065/1960/46 4066/1961/46
f 4067/164/46 4068/1962/46 4069/1963/46 4070/1964/46
f 4071/168/46 4072/1965/46 4073/1966/46 4074/1967/46
f 4075/172/46 4076/1968/46 4077/1969/46 4078/1970/46
f 4079/618/46 4080/1971/46 4081/1972/46 4082/1973/46
f 4083/617/47 4084/1974/47 4085/1975/47 4086/1975/47 4087/1976/47
f 4088/180/48 4089/1977/48 4090/1977/48 4091/1977/48 4092/1978/48
f 4093/174/49 4094/1979/49 4095/1980/49 4096/1981/49
f 4097/170/49 4098/1982/49 4099/1983/49 4100/1984/49
f 4101/166/47 4102/1985/47 4103/1986/47 4104/1986/47 4105/1987/47
f 4106/41/48 4107/1988/48 4108/1988/48 4109/1988/48 4110/1989/48
f 4111/158/49 4112/1990/49 4113/1991/49 4114/1992/49
f 4115/154/49 4116/1993/49 4117/1994/49 4118/1995/49
f 4119/150/47 4120/1996/47 4121/1997/47 4122/1997/47 4123/1998/47
f 4124/56/48 4125/1999/48 4126/1999/48 4127/1999/48 4128/2000/48
f 4129/142/49 4130/2001/49 4131/2002/49 4132/2003/49
f 4133/138/49 4134/2004/49 4135/2005/49 4136/2006/49
f 4137/134/47 4138/2007/47 4139/2008/47 4140/2008/47 4141/2009/47
f 4142/72/48 4143/2010/48 4144/2010/48 4145/2010/48 4146/75/48
f 4147/126/49 4148/2011/49 4149/2012/49 4150/2013/49
f 4151/122/49 4152/2014/49 4153/2015/49 4154/2016/49
f 4155/118/47 4156/2017/47 4157/1561/47 4158/1561/47 4159/2018/47
f 4160/88/48 4161/1710/48 4162/1710/48 4163/1710/48 4164/91/48
f 4165/110/49 4166/2019/49 4167/2020/49 4168/2021/49
f 4169/640/49 4170/2022/49 4171/2023/49 4172/2024/49
f 4173/456/50 4174/2025/50 4175/2026/50 4176/2027/50
f 4177/2028/50 4178/2029/50 4179/2030/50 4180/2031/50
f 4181/2032/51 4182/2033/51 4183/2034/51 4184/2035/51
f 4185/457/51 4186/2036/51 4187/2037/51 4188/2038/51
f 4189/17/52 4190/185/52 4191/671/52 4192/630/52
f 4193/28/52 4194/661/52 4195/636/52 4196/633/52
f 4197/27/53 4198/8/53 4199/654/53 4200/662/53
f 4201/18/53 4202/629/53 4203/679/53 4204/9/53
f 4205/1672/49 4206/614/49 4207/1613/49 4208/1367/49 4209/655/49 4210/7/49
f 4211/1654/43 4212/10/43 4213/678/43 4214/1521/43 4215/1362/43 4216/1360/43
f 4217/61/49 4218/588/49 4219/1374/49 4220/690/49 4221/613/49 4222/613/49
f 4223/33/43 4224/1361/43 4225/1361/43 4226/1175/43 4227/1381/43 4228/1583/43
f 4229/587/54 4230/1605/54 4231/597/54 4232/1341/54 4233/1375/54
f 4234/1584/55 4235/1380/55 4236/1087/55 4237/1390/55 4238/1594/55
f 4239/1604/56 4240/1623/56 4241/1348/56 4242/706/56 4243/598/56
f 4244/1595/57 4245/1389/57 4246/785/57 4247/1402/57 4248/37/57
f 4249/577/49 4250/582/49 4251/583/49 4252/1307/49 4253/1349/49 4254/1622/49
f 4255/510/43 4256/38/43 4257/1401/43 4258/698/43 4259/1670/43 4260/1410/43
f 4261/1663/49 4262/557/49 4263/1322/49 4264/720/49 4265/1661/49 4266/581/49
f 4267/48/43 4268/1411/43 4269/1412/43 4270/544/43 4271/1433/43 4272/1616/43
f 4273/556/54 4274/604/54 4275/566/54 4276/1274/54 4277/1323/54
f 4278/1617/55 4279/1432/55 4280/468/55 4281/1439/55 4282/1631/55
f 4283/603/56 4284/79/56 4285/1288/56 4286/734/56 4287/567/56
f 4288/1632/57 4289/1438/57 4290/1230/57 4291/1462/57 4292/52/57
f 4293/546/49 4294/551/49 4295/1587/49 4296/1241/49 4297/1289/49 4298/78/49
f 4299/1607/43 4300/53/43 4301/1461/43 4302/1247/43 4303/1598/43 4304/1470/43
f 4305/1625/49 4306/527/49 4307/1255/49 4308/749/49 4309/1588/49 4310/550/49
f 4311/64/43 4312/1471/43 4313/1471/43 4314/1268/43 4315/1498/43 4316/1657/43
f 4317/526/54 4318/1630/54 4319/536/54 4320/498/54 4321/1256/54
f 4322/1658/55 4323/1497/55 4324/1280/55 4325/1504/55 4326/1666/55
f 4327/1629/56 4328/1648/56 4329/1217/56 4330/762/56 4331/537/56
f 4332/1667/57 4333/1503/57 4334/1297/57 4335/1540/57 4336/68/57
f 4337/517/49 4338/521/49 4339/1635/49 4340/742/49 4341/1218/49 4342/1647/49
f 4343/1638/43 4344/69/43 4345/1539/43 4346/1314/43 4347/1642/43 4348/1158/43
f 4349/1591/49 4350/496/49 4351/605/49 4352/776/49 4353/1636/49 4354/520/49
f 4355/80/43 4356/1159/43 4357/1641/43 4358/1335/43 4359/817/43 4360/92/43
f 4361/495/54 4362/1751/54 4363/505/54 4364/1129/54 4365/606/54
f 4366/93/55 4367/816/55 4368/1344/55 4369/771/55 4370/29/55
f 4371/1750/56 4372/1760/56 4373/1059/56 4374/790/56 4375/506/56
f 4376/30/57 4377/770/57 4378/1357/57 4379/576/57 4380/84/57
f 4381/486/49 4382/490/49 4383/1753/49 4384/1511/49 4385/1060/49 4386/1759/49
f 4387/1735/43 4388/85/43 4389/575/43 4390/1370/43 4391/1614/43 4392/528/43
f 4393/1699/49 4394/467/49 4395/1529/49 4396/806/49 4397/1754/49 4398/489/49
f 4399/96/43 4400/529/43 4401/1732/43 4402/1387/43 4403/1228/43 4404/1739/43
f 4405/466/54 4406/271/54 4407/475/54 4408/1478/54 4409/1530/54
f 4410/1740/55 4411/1227/55 4412/1395/55 4413/1234/55 4414/1743/55
f 4415/4/56 4416/619/56 4417/1487/56 4418/476/56 4419/270/56
f 4420/104/57 4421/1744/57 4422/1233/57 4423/1408/57 4424/463/57
f 4505/103/50 4506/2039/58 4507/2040/58 4508/2041/50
f 4509/647/50 4510/2042/50 4511/2043/58 4512/2044/58
f 4513/461/51 4514/2045/51 4515/2046/51 4516/2047/51
f 4517/621/51 4518/2048/51 4519/2049/51 4520/2050/51
f 4521/670/52 4522/660/60 4523/1187/60 4524/627/52
f 4525/637/52 4526/664/52 4527/665/60 4528/1200/60
f 4529/657/53 4530/1192/92 4531/666/93 4532/663/53
f 4533/676/53 4534/628/53 4535/1186/63 4536/1178/63
f 4537/1366/55 4538/681/55 4539/1413/55 4540/1193/55 4541/656/55
f 4542/1522/54 4543/677/54 4544/1180/54 4545/1173/54 4546/686/54
f 4547/691/57 4548/1377/57 4549/1423/57 4550/1414/57 4551/680/57
f 4552/1174/56 4553/687/56 4554/1172/56 4555/1165/56 4556/1378/56
f 4557/1340/55 4558/695/55 4559/1442/55 4560/1424/55 4561/1376/55
f 4562/1088/54 4563/1379/54 4564/1164/54 4565/1157/54 4566/702/54
f 4567/707/57 4568/1351/57 4569/1452/57 4570/1443/57 4571/694/57
f 4572/784/56 4573/703/56 4574/1156/56 4575/1149/56 4576/1399/56
f 4577/1306/55 4578/711/55 4579/1467/55 4580/1453/55 4581/1350/55
f 4582/699/54 4583/1400/54 4584/1148/54 4585/1143/54 4586/716/54
f 4587/721/57 4588/1325/57 4589/1484/57 4590/1468/57 4591/710/57
f 4592/543/56 4593/717/56 4594/1142/56 4595/1135/56 4596/1430/56
f 4597/1273/55 4598/725/55 4599/1507/55 4600/1485/55 4601/1324/55
f 4602/469/54 4603/1431/54 4604/1134/54 4605/1125/54 4606/730/54
f 4607/735/57 4608/1291/57 4609/1525/57 4610/1508/57 4611/724/57
f 4612/1229/56 4613/731/56 4614/1127/56 4615/1118/56 4616/1459/56
f 4617/1240/55 4618/739/55 4619/1144/55 4620/1526/55 4621/1290/55
f 4622/1248/54 4623/1460/54 4624/1120/54 4625/1111/54 4626/745/54
f 4627/750/57 4628/1258/57 4629/1072/57 4630/1145/57 4631/738/57
f 4632/1267/56 4633/746/56 4634/1113/56 4635/1104/56 4636/1495/56
f 4637/497/55 4638/1098/55 4639/753/55 4640/1073/55 4641/1257/55
f 4642/1281/54 4643/1496/54 4644/1106/54 4645/756/54 4646/758/54
f 4647/763/57 4648/1220/57 4649/682/57 4650/754/57 4651/1097/57
f 4652/1296/56 4653/759/56 4654/757/56 4655/1091/56 4656/1537/56
f 4657/741/55 4658/1084/55 4659/766/55 4660/683/55 4661/1219/55
f 4662/1315/54 4663/1538/54 4664/1092/54 4665/516/54 4666/773/54
f 4667/777/57 4668/608/57 4669/1213/57 4670/767/57 4671/1083/57
f 4672/1334/56 4673/774/56 4674/515/56 4675/1078/56 4676/814/56
f 4677/1128/55 4678/781/55 4679/1236/55 4680/1214/55 4681/607/55
f 4682/1345/54 4683/815/54 4684/1077/54 4685/1069/54 4686/787/54
f 4687/791/57 4688/1062/57 4689/1251/57 4690/1237/57 4691/780/57
f 4692/1356/56 4693/788/56 4694/1071/56 4695/1063/56 4696/573/56
f 4697/1510/55 4698/795/55 4699/1270/55 4700/1252/55 4701/1061/55
f 4702/1371/54 4703/574/54 4704/1065/54 4705/1056/54 4706/802/54
f 4707/807/57 4708/1532/57 4709/1284/57 4710/1271/57 4711/794/57
f 4712/1386/56 4713/803/56 4714/1058/56 4715/1049/56 4716/1225/56
f 4717/1477/55 4718/811/55 4719/1302/55 4720/1285/55 4721/1531/55
f 4722/1396/54 4723/1226/54 4724/1051/54 4725/1042/54 4726/818/54
f 4727/1488/57 4728/622/57 4729/673/57 4730/1303/57 4731/810/57
f 4732/1407/56 4733/819/56 4734/1044/56 4735/826/56 4736/460/56
f 4817/352/58 4818/2051/58 4819/2052/50 4820/2053/50
f 4821/1037/58 4822/2054/50 4823/2055/50 4824/2056/58
f 4825/1036/51 4826/2057/51 4827/2058/51 4828/2059/51
f 4829/353/51 4830/2060/51 4831/2061/51 4832/2062/51
f 4833/1184/60 4834/659/60 4835/1204/52 4836/1191/52
f 4837/668/60 4838/1188/52 4839/1203/52 4840/1201/60
f 4841/667/92 4842/1192/93 4843/1195/53 4844/1189/53
f 4845/1185/63 4846/1190/53 4847/1198/53 4848/1178/63
f 4849/1194/28 4850/1413/18 4851/1299/54 4852/1182/54 4853/1196/54
f 4854/1179/55 4855/1197/55 4856/1181/55 4857/1311/55 4858/1170/55
f 4859/1415/17 4860/1423/14 4861/1330/56 4862/1326/56 4863/1300/56
f 4864/1171/57 4865/1310/57 4866/1327/57 4867/1333/57 4868/1162/57
f 4869/1425/15 4870/1442/25 4871/1337/54 4872/1167/54 4873/1331/54
f 4874/1163/55 4875/1332/55 4876/1166/55 4877/1278/55 4878/1154/55
f 4879/1444/24 4880/1452/29 4881/1352/56 4882/1292/56 4883/1338/56
f 4884/1155/57 4885/1277/57 4886/1293/57 4887/1355/57 4888/1146/57
f 4889/1454/28 4890/1467/25 4891/1363/54 4892/1151/54 4893/1353/54
f 4894/1147/55 4895/1354/55 4896/1150/55 4897/1245/55 4898/1140/55
f 4899/1469/24 4900/1484/14 4901/1382/56 4902/1259/56 4903/1364/56
f 4904/1141/57 4905/1244/57 4906/1260/57 4907/1385/57 4908/1132/57
f 4909/1486/15 4910/1507/18 4911/1392/54 4912/1137/54 4913/1383/54
f 4914/1133/55 4915/1384/55 4916/1136/55 4917/483/55 4918/1125/55
f 4919/1509/17 4920/1528/14 4921/1403/56 4922/1221/56 4923/1393/56
f 4924/1126/57 4925/482/57 4926/1222/57 4927/1406/57 4928/1118/57
f 4929/1527/15 4930/1144/25 4931/1416/54 4932/1122/54 4933/1404/54
f 4934/1119/55 4935/1405/55 4936/1121/55 4937/713/55 4938/1111/55
f 4939/1145/24 4940/1072/14 4941/1434/56 4942/589/56 4943/1417/56
f 4944/1112/57 4945/712/57 4946/590/57 4947/1437/57 4948/1104/57
f 4949/1074/15 4950/753/25 4951/1445/54 4952/1108/54 4953/1435/54
f 4954/1105/77 4955/1436/55 4956/1107/55 4957/1101/55 4958/756/73
f 4959/755/24 4960/685/14 4961/1463/56 4962/1045/56 4963/1446/56
f 4964/757/57 4965/1100/57 4966/1046/57 4967/1466/57 4968/1091/57
f 4969/684/15 4970/769/25 4971/1474/54 4972/1094/54 4973/1464/54
f 4974/1092/55 4975/1465/55 4976/1093/55 4977/1519/55 4978/513/55
f 4979/768/24 4980/1216/14 4981/1499/56 4982/1533/56 4983/1475/56
f 4984/514/57 4985/1518/57 4986/1534/57 4987/1502/57 4988/1075/57
f 4989/1215/15 4990/1239/25 4991/1514/54 4992/1080/54 4993/1500/54
f 4994/1076/55 4995/1501/55 4996/1079/55 4997/1482/55 4998/1069/55
f 4999/1238/24 5000/1254/14 5001/1541/56 5002/1491/56 5003/1515/56
f 5004/1070/57 5005/1481/57 5006/1492/57 5007/1544/57 5008/1063/57
f 5009/1253/15 5010/1270/25 5011/1114/54 5012/1067/54 5013/1542/54
f 5014/1064/55 5015/1543/55 5016/1066/55 5017/1449/55 5018/1056/55
f 5019/1272/24 5020/1287/14 5021/1455/56 5022/1052/56 5023/1115/56
f 5024/1057/57 5025/1448/57 5026/1053/57 5027/1458/57 5028/1049/57
f 5029/1286/15 5030/1305/25 5031/727/54 5032/799/54 5033/1456/54
f 5034/1050/55 5035/1457/55 5036/798/55 5037/1420/55 5038/1042/55
f 5039/673/14 5040/1038/56 5041/1426/56 5042/728/56 5043/1304/24
f 5044/826/57 5045/1043/57 5046/1419/57 5047/1427/57 5048/1041/57
f 5369/474/43 5370/1564/43 5371/1564/43 5372/474/43
f 5373/472/43 5374/2063/43 5375/1730/43 5376/1730/43
f 5377/503/37 5378/2064/37 5379/503/37
f 5380/504/41 5381/1881/41 5382/1880/41
f 5383/534/37 5384/2065/37 5385/534/37
f 5386/535/41 5387/535/41 5388/2066/41
f 5389/564/37 5390/2067/37 5391/563/37
f 5392/565/41 5393/2068/41 5394/2069/41
f 5395/595/37 5396/2070/37 5397/2071/37
f 5398/596/41 5399/596/41 5400/2072/41
f 5401/182/39 5402/1975/39 5403/181/39
f 5404/183/35 5405/1978/35 5406/2073/35
f 5407/42/39 5408/1986/39 5409/42/39
f 5410/43/35 5411/1989/35 5412/1988/35
f 5413/58/39 5414/1997/39 5415/2074/39
f 5416/59/35 5417/2075/35 5418/1999/35
f 5419/74/39 5420/2008/39 5421/74/39
f 5422/75/35 5423/75/35 5424/2010/35
f 5425/1721/49 5426/1561/49 5427/1561/49 5428/2076/49
f 5429/88/49 5430/91/49 5431/1710/49 5432/1710/49
f 5433/1655/41 5434/1362/41 5435/1579/41
f 5436/36/37 5437/1580/37 5438/1361/37
f 5439/511/41 5440/1410/41 5441/1545/41
f 5442/51/37 5443/1546/37 5444/1412/37
f 5445/1608/41 5446/1473/41 5447/1549/41
f 5448/67/37 5449/1550/37 5450/1472/37
f 5451/1639/41 5452/1161/41 5453/1553/41
f 5454/83/37 5455/1554/37 5456/1160/37
f 5457/44/43 5458/480/43 5459/1717/43 5460/1557/43
f 5461/571/43 5462/1558/43 5463/1716/43 5464/1727/43
f 5465/1675/39 5466/1578/39 5467/614/39
f 5468/62/35 5469/613/35 5470/1577/35
f 5471/580/39 5472/1574/39 5473/583/39
f 5474/1664/35 5475/584/35 5476/1573/35
f 5477/549/39 5478/1570/39 5479/552/39
f 5480/1626/35 5481/553/35 5482/1569/35
f 5483/519/39 5484/1725/39 5485/522/39
f 5486/1592/35 5487/523/35 5488/1724/35
f 5489/1601/49 5490/1679/49 5491/1714/49 5492/540/49
f 5493/1704/49 5494/1611/49 5495/492/49 5496/1678/49
f 5497/1561/64 5498/1561/64 5499/1561/64 5500/1561/64 5501/1561/64
f 5502/1709/65 5503/1718/65 5504/1718/65 5505/1718/65 5506/1718/65
f 5507/1728/66 5508/1615/66 5509/1615/66 5510/99/66 5511/1680/66
f 5512/479/67 5513/1683/67 5514/44/67 5515/1614/67 5516/1715/67
f 5517/541/64 5518/1713/64 5519/1696/64 5520/1601/64 5521/1692/64
f 5522/1610/65 5523/1720/65 5524/1703/65 5525/1697/65 5526/1712/65
f 5527/1730/67 5528/1730/67 5529/1730/67 5530/1730/67 5531/1730/67
f 5532/1564/66 5533/1564/66 5534/1564/66 5535/1564/66 5536/1564/66
f 5537/572/37 5538/1728/37 5539/99/37
f 5540/98/35 5541/98/35 5542/2077/35
f 5543/1698/37 5544/1869/37 5545/1701/37
f 5546/1703/35 5547/1700/35 5548/1612/35
f 5549/1729/36 5550/99/36 5551/1690/36
f 5552/1711/34 5553/1718/34 5554/1718/34
f 5555/1610/34 5556/1699/34 5557/1703/34
f 5558/1565/36 5559/1564/36 5560/1564/36
f 5561/47/41 5562/44/41 5563/479/41
f 5564/46/39 5565/2078/39 5566/46/39
f 5567/488/41 5568/488/41 5569/2079/41
f 5570/486/39 5571/540/39 5572/486/39
f 5573/1562/38 5574/1561/38 5575/1561/38
f 5576/542/38 5577/1694/38 5578/486/38
f 5579/1730/40 5580/1730/40 5581/2080/40
f 5582/481/40 5583/1684/40 5584/1684/40
f 5585/570/48 5586/1781/48 5587/2081/48 5588/2081/48 5589/2081/48
f 5590/98/65 5591/2077/65 5592/2077/65 5593/2077/65 5594/98/65
f 5595/1684/45 5596/1735/45 5597/481/45 5598/531/45 5599/1614/45
f 5600/44/67 5601/531/67 5602/1778/67 5603/1770/67 5604/1735/67
f 5605/46/64 5606/1737/64 5607/2082/64 5608/2082/64 5609/2083/64
f 5610/1685/47 5611/2082/47 5612/2082/47 5613/2082/47 5614/2084/47
f 5615/99/66 5616/99/66 5617/1775/66 5618/1732/66 5619/530/66
f 5620/1726/44 5621/1615/44 5622/1779/44 5623/1729/44 5624/1726/44
f 5625/1702/48 5626/1756/48 5627/1610/48 5628/1769/48 5629/1695/48
f 5630/1699/65 5631/492/65 5632/1695/65 5633/1768/65 5634/1699/65
f 5635/474/44 5636/474/44 5637/1564/44 5638/1564/44 5639/1565/44
f 5640/474/66 5641/1564/66 5642/1564/66 5643/1564/66 5644/474/66
f 5645/491/64 5646/486/64 5647/1784/64 5648/1762/64 5649/490/64
f 5650/1696/47 5651/1714/47 5652/541/47 5653/1752/47 5654/1687/47
f 5655/472/67 5656/2063/67 5657/1730/67 5658/1730/67 5659/1730/67
f 5660/472/45 5661/1730/45 5662/1730/45 5663/1730/45 5664/472/45
f 5665/1718/35 5666/1710/35 5667/1718/35
f 5668/1718/34 5669/1710/34 5670/1718/34
f 5671/1775/36 5672/1767/36 5673/1780/36
f 5674/1729/37 5675/99/37 5676/96/37
f 5677/1612/35 5678/1703/35 5679/1764/35
f 5680/1610/34 5681/1747/34 5682/1747/34
f 5683/1761/37 5684/1564/37 5685/1564/37
f 5686/1566/36 5687/1564/36 5688/1761/36
f 5689/1770/41 5690/44/41 5691/1766/41
f 5692/1770/40 5693/1684/40 5694/44/40
f 5695/1561/38 5696/1561/38 5697/1561/38
f 5698/1783/39 5699/1561/39 5700/1561/39
f 5701/541/38 5702/1785/38 5703/1774/38
f 5704/541/39 5705/1601/39 5706/1601/39
f 5707/1730/40 5708/1730/40 5709/1731/40
f 5710/1730/41 5711/1730/41 5712/2080/41
f 4180/13/50 3809/16/50 3811/1787/50 4177/2085/50
f 3810/642/68 3813/641/68 3812/2086/68 3811/2087/68
f 4188/3/51 3818/2/51 3820/1794/51 4185/2088/51
f 3819/22/69 3816/21/69 3815/459/69 3820/458/69
f 3909/265/42 3817/264/42 3816/2089/42 3910/1860/42
f 3998/6/43 3830/5/43 3832/1802/43 3999/1912/43
f 3831/26/70 3828/25/70 3827/626/70 3832/625/70
f 4196/633/52 3829/632/52 3828/25/52 4193/28/52
f 4204/9/53 3824/12/53 3826/19/53 4201/18/53
f 3825/616/71 3822/615/71 3821/20/71 3826/19/71
f 4082/187/46 3823/186/46 3822/2090/46 4079/2091/46
f 4172/107/49 3814/106/49 3813/2092/49 4169/2093/49
f 3829/632/42 3833/631/42 3836/1805/42 3827/2094/42
f 3834/610/42 3837/609/42 3840/1808/42 3835/2095/42
f 3838/341/42 3841/340/42 3844/1811/42 3839/2096/42
f 3842/337/42 3845/336/42 3848/1814/42 3843/2097/42
f 3846/333/42 3849/332/42 3852/1817/42 3847/2098/42
f 3850/329/42 3853/328/42 3856/1820/42 3851/2099/42
f 3854/325/42 3857/324/42 3860/1823/42 3855/2100/42
f 3858/321/42 3861/320/42 3864/1826/42 3859/2101/42
f 3862/317/42 3865/316/42 3868/1829/42 3863/2102/42
f 3866/313/42 3869/312/42 3872/1832/42 3867/2103/42
f 3870/309/42 3873/308/42 3876/1835/42 3871/2104/42
f 3874/305/42 3877/304/42 3880/1838/42 3875/2105/42
f 3878/301/42 3881/300/42 3884/1841/42 3879/2106/42
f 3882/297/42 3885/296/42 3888/1844/42 3883/2107/42
f 3886/293/42 3889/292/42 3892/1847/42 3887/2108/42
f 3890/289/42 3893/288/42 3896/1850/42 3891/2109/42
f 3894/285/42 3897/284/42 3900/1853/42 3895/2110/42
f 3898/281/42 3901/280/42 3904/1856/42 3899/2111/42
f 3902/277/42 3905/276/42 3908/1859/42 3903/2112/42
f 3906/273/42 3912/272/42 3911/2113/42 3907/2114/42
f 3818/2/43 3913/1/43 3916/1865/43 3819/1793/43
f 3914/269/43 3917/268/43 3920/1868/43 3915/2115/43
f 3918/465/43 3921/464/43 3925/1870/43 3919/2116/43
f 3923/473/4 3926/472/4 3930/442/4 3924/441/4
f 3928/1758/43 3931/1757/43 3934/1873/43 3929/2117/43
f 3932/1749/43 3935/1748/43 3938/1876/43 3933/2118/43
f 3936/494/43 3939/493/43 3943/1879/43 3937/2119/43
f 3941/502/4 3944/501/4 3948/418/4 3942/417/4
f 3946/1646/43 3949/1645/43 3952/1884/43 3947/2120/43
f 3950/1628/43 3953/1627/43 3956/1887/43 3951/2121/43
f 3954/525/43 3957/524/43 3961/1890/43 3955/2122/43
f 3959/533/4 3962/532/4 3966/394/4 3960/393/4
f 3964/77/43 3967/76/43 3970/1894/43 3965/2123/43
f 3968/602/43 3971/601/43 3974/1897/43 3969/2124/43
f 3972/555/43 3975/554/43 3979/1900/43 3973/2125/43
f 3977/563/4 3980/562/4 3984/370/4 3978/369/4
f 3982/1621/43 3985/1620/43 3988/1905/43 3983/2126/43
f 3986/1603/43 3989/1602/43 3992/1908/43 3987/2127/43
f 3990/586/43 3993/585/43 3997/1911/43 3991/2128/43
f 3995/594/4 4001/593/4 4000/346/4 3996/345/4
f 3809/16/46 4004/15/46 4003/2129/46 3810/1786/46
f 4005/263/46 4008/262/46 4007/2130/46 4006/2131/46
f 4009/259/46 4012/258/46 4011/2132/46 4010/2133/46
f 4013/255/46 4016/254/46 4015/2134/46 4014/2135/46
f 4017/251/46 4020/250/46 4019/2136/46 4018/2137/46
f 4021/247/46 4024/246/46 4023/2138/46 4022/2139/46
f 4025/243/46 4028/242/46 4027/2140/46 4026/2141/46
f 4029/239/46 4032/238/46 4031/2142/46 4030/2143/46
f 4033/235/46 4036/234/46 4035/2144/46 4034/2145/46
f 4037/231/46 4040/230/46 4039/2146/46 4038/2147/46
f 4041/227/46 4044/226/46 4043/2148/46 4042/2149/46
f 4045/223/46 4048/222/46 4047/2150/46 4046/2151/46
f 4049/219/46 4052/218/46 4051/2152/46 4050/2153/46
f 4053/215/46 4056/214/46 4055/2154/46 4054/2155/46
f 4057/211/46 4060/210/46 4059/2156/46 4058/2157/46
f 4061/207/46 4064/206/46 4063/2158/46 4062/2159/46
f 4065/203/46 4068/202/46 4067/2160/46 4066/2161/46
f 4069/199/46 4072/198/46 4071/2162/46 4070/2163/46
f 4073/195/46 4076/194/46 4075/2164/46 4074/2165/46
f 4077/191/46 4081/190/46 4080/2166/46 4078/2167/46
f 3824/12/49 4084/11/49 4083/2168/49 3825/1797/49
f 4086/181/6 4088/180/6 4092/178/6 4087/177/6
f 4090/1586/49 4094/1585/49 4093/2169/49 4091/2170/49
f 4095/1597/49 4098/1596/49 4097/2171/49 4096/2172/49
f 4099/40/49 4102/39/49 4101/2173/49 4100/2174/49
f 4104/42/6 4106/41/6 4110/162/6 4105/161/6
f 4108/1619/49 4112/1618/49 4111/2175/49 4109/2176/49
f 4113/1634/49 4116/1633/49 4115/2177/49 4114/2178/49
f 4117/55/49 4120/54/49 4119/2179/49 4118/2180/49
f 4122/57/6 4124/56/6 4128/146/6 4123/145/6
f 4126/1660/49 4130/1659/49 4129/2181/49 4127/2182/49
f 4131/1669/49 4134/1668/49 4133/2183/49 4132/2184/49
f 4135/71/49 4138/70/49 4137/2185/49 4136/2186/49
f 4140/73/6 4142/72/6 4146/130/6 4141/129/6
f 4144/95/49 4148/94/49 4147/2187/49 4145/2188/49
f 4149/32/49 4152/31/49 4151/2189/49 4150/2190/49
f 4153/87/49 4156/86/49 4155/2191/49 4154/2192/49
f 4158/89/6 4160/88/6 4164/114/6 4159/113/6
f 4162/1742/49 4166/1741/49 4165/2193/49 4163/2194/49
f 4167/1746/49 4171/1745/49 4170/2195/49 4168/2196/49
f 4211/1654/53 4085/1653/53 4084/11/53 4212/10/53
f 4228/1583/51 4090/1586/51 4089/34/51 4223/33/51
f 4238/1594/1 4095/1597/1 4094/1585/1 4234/1584/1
f 4248/37/1 4099/40/1 4098/1596/1 4244/1595/1
f 4255/510/53 4103/509/53 4102/39/53 4256/38/53
f 4272/1616/51 4108/1619/51 4107/49/51 4267/48/51
f 4282/1631/1 4113/1634/1 4112/1618/1 4278/1617/1
f 4292/52/1 4117/55/1 4116/1633/1 4288/1632/1
f 4299/1607/53 4121/1606/53 4120/54/53 4300/53/53
f 4316/1657/51 4126/1660/51 4125/65/51 4311/64/51
f 4326/1666/1 4131/1669/1 4130/1659/1 4322/1658/1
f 4336/68/1 4135/71/1 4134/1668/1 4332/1667/1
f 4343/1638/53 4139/1637/53 4138/70/53 4344/69/53
f 4360/92/51 4144/95/51 4143/81/51 4355/80/51
f 4370/29/1 4149/32/1 4148/94/1 4366/93/1
f 4380/84/1 4153/87/1 4152/31/1 4376/30/1
f 4387/1735/53 4157/1737/53 4156/86/53 4388/85/53
f 4404/1739/51 4162/1742/51 4161/97/51 4399/96/51
f 4414/1743/1 4167/1746/1 4166/1741/1 4410/1740/1
f 4420/104/1 4172/107/1 4171/1745/1 4421/1744/1
f 4428/260/2 4005/263/2 4004/15/2 4427/14/2
f 4431/256/2 4009/259/2 4008/262/2 4432/261/2
f 4436/252/2 4013/255/2 4012/258/2 4435/257/2
f 4439/248/2 4017/251/2 4016/254/2 4440/253/2
f 4444/244/2 4021/247/2 4020/250/2 4443/249/2
f 4447/240/2 4025/243/2 4024/246/2 4448/245/2
f 4452/236/2 4029/239/2 4028/242/2 4451/241/2
f 4455/232/2 4033/235/2 4032/238/2 4456/237/2
f 4460/228/2 4037/231/2 4036/234/2 4459/233/2
f 4463/224/2 4041/227/2 4040/230/2 4464/229/2
f 4468/220/2 4045/223/2 4044/226/2 4467/225/2
f 4471/216/2 4049/219/2 4048/222/2 4472/221/2
f 4476/212/2 4053/215/2 4052/218/2 4475/217/2
f 4479/208/2 4057/211/2 4056/214/2 4480/213/2
f 4484/204/2 4061/207/2 4060/210/2 4483/209/2
f 4487/200/2 4065/203/2 4064/206/2 4488/205/2
f 4492/196/2 4069/199/2 4068/202/2 4491/201/2
f 4495/192/2 4073/195/2 4072/198/2 4496/197/2
f 4500/188/2 4077/191/2 4076/194/2 4499/193/2
f 4503/184/2 4082/187/2 4081/190/2 4504/189/2
f 4087/177/6 4080/176/6 4079/618/6 4083/617/6
f 4091/173/6 4075/172/6 4078/179/6 4092/178/6
f 4096/169/6 4071/168/6 4074/175/6 4093/174/6
f 4100/165/6 4067/164/6 4070/171/6 4097/170/6
f 4105/161/6 4063/160/6 4066/167/6 4101/166/6
f 4109/157/6 4059/156/6 4062/163/6 4110/162/6
f 4114/153/6 4055/152/6 4058/159/6 4111/158/6
f 4118/149/6 4051/148/6 4054/155/6 4115/154/6
f 4123/145/6 4047/144/6 4050/151/6 4119/150/6
f 4127/141/6 4043/140/6 4046/147/6 4128/146/6
f 4132/137/6 4039/136/6 4042/143/6 4129/142/6
f 4136/133/6 4035/132/6 4038/139/6 4133/138/6
f 4141/129/6 4031/128/6 4034/135/6 4137/134/6
f 4145/125/6 4027/124/6 4030/131/6 4146/130/6
f 4150/121/6 4023/120/6 4026/127/6 4147/126/6
f 4154/117/6 4019/116/6 4022/123/6 4151/122/6
f 4159/113/6 4015/112/6 4018/119/6 4155/118/6
f 4163/109/6 4011/108/6 4014/115/6 4164/114/6
f 4168/1650/6 4007/1649/6 4010/111/6 4165/110/6
f 4169/640/6 4003/639/6 4006/1652/6 4170/1651/6
f 3915/453/4 3911/452/4 3910/24/4 3916/23/4
f 3919/445/4 3908/444/4 3907/455/4 3920/454/4
f 3924/441/4 3904/440/4 3903/447/4 3925/446/4
f 3929/433/4 3900/432/4 3899/443/4 3930/442/4
f 3933/429/4 3896/428/4 3895/435/4 3934/434/4
f 3937/421/4 3892/420/4 3891/431/4 3938/430/4
f 3942/417/4 3888/416/4 3887/423/4 3943/422/4
f 3947/409/4 3884/408/4 3883/419/4 3948/418/4
f 3951/405/4 3880/404/4 3879/411/4 3952/410/4
f 3955/397/4 3876/396/4 3875/407/4 3956/406/4
f 3960/393/4 3872/392/4 3871/399/4 3961/398/4
f 3965/385/4 3868/384/4 3867/395/4 3966/394/4
f 3969/381/4 3864/380/4 3863/387/4 3970/386/4
f 3973/373/4 3860/372/4 3859/383/4 3974/382/4
f 3978/369/4 3856/368/4 3855/375/4 3979/374/4
f 3983/361/4 3852/360/4 3851/371/4 3984/370/4
f 3987/357/4 3848/356/4 3847/363/4 3988/362/4
f 3991/349/4 3844/348/4 3843/359/4 3992/358/4
f 3996/345/4 3840/344/4 3839/351/4 3997/350/4
f 3999/624/4 3836/623/4 3835/347/4 4000/346/4
f 3817/264/50 4174/267/50 4173/2197/50 3815/2198/50
f 4509/647/50 4179/650/50 4178/2199/50 4510/2042/50
f 3814/106/51 4182/105/51 4181/2200/51 3812/2201/51
f 4517/621/51 4187/620/51 4186/2202/51 4518/2048/51
f 3823/186/52 4190/185/52 4189/17/52 3821/20/52
f 4525/637/52 4195/636/52 4194/661/52 4526/664/52
f 3830/5/53 4198/8/53 4197/27/53 3831/26/53
f 4533/676/53 4203/679/53 4202/629/53 4534/628/53
f 4002/1673/53 4205/1672/53 4210/7/53 3998/6/53
f 4542/1522/51 4214/1521/51 4213/678/51 4543/677/51
f 3993/585/51 4218/588/51 4217/61/51 3994/60/51
f 4556/1378/53 4227/1381/53 4226/1175/53 4552/1174/53
f 3989/1602/1 4230/1605/1 4229/587/1 3990/586/1
f 4562/1088/51 4236/1087/51 4235/1380/51 4563/1379/51
f 3985/1620/1 4240/1623/1 4239/1604/1 3986/1603/1
f 4576/1399/53 4247/1402/53 4246/785/53 4572/784/53
f 3981/578/53 4249/577/53 4254/1622/53 3982/1621/53
f 4582/699/51 4258/698/51 4257/1401/51 4583/1400/51
f 3975/554/51 4262/557/51 4261/1663/51 3976/1662/51
f 4596/1430/53 4271/1433/53 4270/544/53 4592/543/53
f 3971/601/1 4274/604/1 4273/556/1 3972/555/1
f 4602/469/51 4280/468/51 4279/1432/51 4603/1431/51
f 3967/76/1 4284/79/1 4283/603/1 3968/602/1
f 4616/1459/53 4291/1462/53 4290/1230/53 4612/1229/53
f 3963/547/53 4293/546/53 4298/78/53 3964/77/53
f 4622/1248/51 4302/1247/51 4301/1461/51 4623/1460/51
f 3957/524/51 4306/527/51 4305/1625/51 3958/1624/51
f 4636/1495/53 4315/1498/53 4314/1268/53 4632/1267/53
f 3953/1627/1 4318/1630/1 4317/526/1 3954/525/1
f 4642/1281/51 4324/1280/51 4323/1497/51 4643/1496/51
f 3949/1645/1 4328/1648/1 4327/1629/1 3950/1628/1
f 4656/1537/53 4335/1540/53 4334/1297/53 4652/1296/53
f 3945/518/53 4337/517/53 4342/1647/53 3946/1646/53
f 4662/1315/51 4346/1314/51 4345/1539/51 4663/1538/51
f 3939/493/51 4350/496/51 4349/1591/51 3940/1590/51
f 4676/814/53 4359/817/53 4358/1335/53 4672/1334/53
f 3935/1748/1 4362/1751/1 4361/495/1 3936/494/1
f 4682/1345/51 4368/1344/51 4367/816/51 4683/815/51
f 3931/1757/1 4372/1760/1 4371/1750/1 3932/1749/1
f 4696/573/53 4379/576/53 4378/1357/53 4692/1356/53
f 3927/487/53 4381/486/53 4386/1759/53 3928/1758/53
f 4702/1371/51 4390/1370/51 4389/575/51 4703/574/51
f 3921/464/51 4394/467/51 4393/1699/51 3922/1698/51
f 4716/1225/53 4403/1228/53 4402/1387/53 4712/1386/53
f 3917/268/1 4406/271/1 4405/466/1 3918/465/1
f 4722/1396/51 4412/1395/51 4411/1227/51 4723/1226/51
f 3913/1/1 4415/4/1 4419/270/1 3914/269/1
f 4736/460/53 4424/463/53 4423/1408/53 4732/1407/53
f 3912/272/2 4426/275/2 4425/266/2 3909/265/2
f 3905/276/2 4429/279/2 4430/274/2 3906/273/2
f 3901/280/2 4434/283/2 4433/278/2 3902/277/2
f 3897/284/2 4437/287/2 4438/282/2 3898/281/2
f 3893/288/2 4442/291/2 4441/286/2 3894/285/2
f 3889/292/2 4445/295/2 4446/290/2 3890/289/2
f 3885/296/2 4450/299/2 4449/294/2 3886/293/2
f 3881/300/2 4453/303/2 4454/298/2 3882/297/2
f 3877/304/2 4458/307/2 4457/302/2 3878/301/2
f 3873/308/2 4461/311/2 4462/306/2 3874/305/2
f 3869/312/2 4466/315/2 4465/310/2 3870/309/2
f 3865/316/2 4469/319/2 4470/314/2 3866/313/2
f 3861/320/2 4474/323/2 4473/318/2 3862/317/2
f 3857/324/2 4477/327/2 4478/322/2 3858/321/2
f 3853/328/2 4482/331/2 4481/326/2 3854/325/2
f 3849/332/2 4485/335/2 4486/330/2 3850/329/2
f 3845/336/2 4490/339/2 4489/334/2 3846/333/2
f 3841/340/2 4493/343/2 4494/338/2 3842/337/2
f 3837/609/2 4498/612/2 4497/342/2 3838/341/2
f 3833/631/2 4501/634/2 4502/611/2 3834/610/2
f 4498/365/2 4494/364/2 4493/343/2 4497/342/2
f 4499/193/2 4495/192/2 4496/926/2 4500/925/2
f 4490/377/2 4486/376/2 4485/335/2 4489/334/2
f 4491/201/2 4487/200/2 4488/914/2 4492/913/2
f 4482/389/2 4478/388/2 4477/327/2 4481/326/2
f 4483/209/2 4479/208/2 4480/902/2 4484/901/2
f 4474/401/2 4470/400/2 4469/319/2 4473/318/2
f 4475/217/2 4471/216/2 4472/891/2 4476/890/2
f 4466/413/2 4462/412/2 4461/311/2 4465/310/2
f 4467/225/2 4463/224/2 4464/880/2 4468/879/2
f 4458/425/2 4454/424/2 4453/303/2 4457/302/2
f 4459/233/2 4455/232/2 4456/870/2 4460/869/2
f 4450/437/2 4446/436/2 4445/295/2 4449/294/2
f 4451/241/2 4447/240/2 4448/858/2 4452/857/2
f 4442/449/2 4438/448/2 4437/287/2 4441/286/2
f 4443/249/2 4439/248/2 4440/846/2 4444/845/2
f 4434/1264/2 4430/1263/2 4429/279/2 4433/278/2
f 4435/257/2 4431/256/2 4432/835/2 4436/834/2
f 4426/101/2 4175/100/2 4174/267/2 4425/266/2
f 4427/14/2 4180/13/2 4179/650/2 4428/649/2
f 4418/476/49 4407/475/49 4406/271/49 4419/270/49
f 4421/1744/43 4414/1743/43 4413/1234/43 4422/1233/43
f 4409/1530/1 4395/1529/1 4394/467/1 4405/466/1
f 4410/1740/1 4404/1739/1 4403/1228/1 4411/1227/1
f 4397/1754/6 4383/1753/6 4382/490/6 4398/489/6
f 4400/529/4 4392/528/4 4391/1614/4 4401/1732/4
f 4385/1060/1 4373/1059/1 4372/1760/1 4386/1759/1
f 4388/85/1 4380/84/1 4379/576/1 4389/575/1
f 4375/506/49 4363/505/49 4362/1751/49 4371/1750/49
f 4376/30/43 4370/29/43 4369/771/43 4377/770/43
f 4365/606/1 4351/605/1 4350/496/1 4361/495/1
f 4366/93/1 4360/92/1 4359/817/1 4367/816/1
f 4353/1636/6 4339/1635/6 4338/521/6 4354/520/6
f 4356/1159/4 4348/1158/4 4347/1642/4 4357/1641/4
f 4341/1218/1 4329/1217/1 4328/1648/1 4342/1647/1
f 4344/69/1 4336/68/1 4335/1540/1 4345/1539/1
f 4331/537/49 4319/536/49 4318/1630/49 4327/1629/49
f 4332/1667/43 4326/1666/43 4325/1504/43 4333/1503/43
f 4321/1256/1 4307/1255/1 4306/527/1 4317/526/1
f 4322/1658/1 4316/1657/1 4315/1498/1 4323/1497/1
f 4309/1588/6 4295/1587/6 4294/551/6 4310/550/6
f 4312/1471/4 4304/1470/4 4303/1598/4 4313/1471/4
f 4297/1289/1 4285/1288/1 4284/79/1 4298/78/1
f 4300/53/1 4292/52/1 4291/1462/1 4301/1461/1
f 4287/567/49 4275/566/49 4274/604/49 4283/603/49
f 4288/1632/43 4282/1631/43 4281/1439/43 4289/1438/43
f 4277/1323/1 4263/1322/1 4262/557/1 4273/556/1
f 4278/1617/1 4272/1616/1 4271/1433/1 4279/1432/1
f 4265/1661/6 4251/583/6 4250/582/6 4266/581/6
f 4268/1411/4 4260/1410/4 4259/1670/4 4269/1412/4
f 4253/1349/1 4241/1348/1 4240/1623/1 4254/1622/1
f 4256/38/1 4248/37/1 4247/1402/1 4257/1401/1
f 4243/598/49 4231/597/49 4230/1605/49 4239/1604/49
f 4244/1595/43 4238/1594/43 4237/1390/43 4245/1389/43
f 4233/1375/1 4219/1374/1 4218/588/1 4229/587/1
f 4234/1584/1 4228/1583/1 4227/1381/1 4235/1380/1
f 4221/613/6 4207/1613/6 4206/614/6 4222/613/6
f 4224/1361/4 4216/1360/4 4215/1362/4 4225/1361/4
f 4209/655/1 4199/654/1 4198/8/1 4210/7/1
f 4212/10/1 4204/9/1 4203/679/1 4213/678/1
f 4187/620/1 4416/619/1 4415/4/1 4188/3/1
f 4182/105/1 4420/104/1 4424/463/1 4183/462/1
f 4195/636/2 4502/635/2 4501/634/2 4196/633/2
f 4190/185/2 4503/184/2 4504/672/2 4191/671/2
f 4200/662/3 4194/661/3 4193/28/3 4197/27/3
f 4201/18/3 4189/17/3 4192/630/3 4202/629/3
f 4184/644/5 4178/643/5 4177/2028/5 4181/2032/5
f 4185/457/5 4173/456/5 4176/825/5 4186/824/5
f 4175/100/50 4505/103/50 4508/2041/50 4176/2203/50
f 4824/1206/58 4512/1206/58 4511/2204/58 4821/2205/58
f 4183/462/51 4513/461/51 4516/2047/51 4184/2206/51
f 4832/675/94 4520/674/94 4519/2207/94 4829/2207/94
f 4191/671/52 4521/670/52 4524/627/52 4192/630/52
f 4840/1201/60 4528/1200/60 4527/665/60 4837/668/60
f 4199/654/53 4529/657/53 4532/663/53 4200/662/53
f 4848/1178/63 4536/1178/63 4535/1186/63 4845/1185/63
f 4208/1367/51 4537/1366/51 4541/656/51 4209/655/51
f 4858/1170/7 4545/1173/8 4544/1180/8 4854/1179/8
f 4219/1374/53 4548/1377/53 4547/691/53 4220/690/53
f 4868/1162/8 4555/1165/8 4554/1172/8 4864/1171/7
f 4232/1341/51 4557/1340/51 4561/1376/51 4233/1375/51
f 4878/1154/7 4565/1157/8 4564/1164/8 4874/1163/8
f 4241/1348/53 4568/1351/53 4567/707/53 4242/706/53
f 4888/1146/8 4575/1149/8 4574/1156/8 4884/1155/7
f 4252/1307/51 4577/1306/51 4581/1350/51 4253/1349/51
f 4898/1140/7 4585/1143/8 4584/1148/8 4894/1147/8
f 4263/1322/53 4588/1325/53 4587/721/53 4264/720/53
f 4908/1132/8 4595/1135/8 4594/1142/8 4904/1141/7
f 4276/1274/51 4597/1273/51 4601/1324/51 4277/1323/51
f 4918/1125/7 4605/1125/8 4604/1134/8 4914/1133/8
f 4285/1288/53 4608/1291/53 4607/735/53 4286/734/53
f 4928/1118/8 4615/1118/8 4614/1127/8 4924/1126/7
f 4296/1241/51 4617/1240/51 4621/1290/51 4297/1289/51
f 4938/1111/7 4625/1111/8 4624/1120/8 4934/1119/8
f 4307/1255/53 4628/1258/53 4627/750/53 4308/749/53
f 4948/1104/8 4635/1104/8 4634/1113/8 4944/1112/7
f 4320/498/51 4637/497/51 4641/1257/51 4321/1256/51
f 4958/756/73 4645/756/74 4644/1106/78 4954/1105/77
f 4329/1217/53 4648/1220/53 4647/763/53 4330/762/53
f 4968/1091/8 4655/1091/8 4654/757/21 4964/757/20
f 4340/742/51 4657/741/51 4661/1219/51 4341/1218/51
f 4978/513/7 4665/516/8 4664/1092/8 4974/1092/8
f 4351/605/53 4668/608/53 4667/777/53 4352/776/53
f 4988/1075/8 4675/1078/8 4674/515/8 4984/514/7
f 4364/1129/51 4677/1128/51 4681/607/51 4365/606/51
f 4998/1069/7 4685/1069/8 4684/1077/8 4994/1076/8
f 4373/1059/53 4688/1062/53 4687/791/53 4374/790/53
f 5008/1063/8 4695/1063/8 4694/1071/8 5004/1070/7
f 4384/1511/51 4697/1510/51 4701/1061/51 4385/1060/51
f 5018/1056/7 4705/1056/8 4704/1065/8 5014/1064/8
f 4395/1529/53 4708/1532/53 4707/807/53 4396/806/53
f 5028/1049/8 4715/1049/8 4714/1058/8 5024/1057/7
f 4408/1478/51 4717/1477/51 4721/1531/51 4409/1530/51
f 5038/1042/7 4725/1042/8 4724/1051/8 5034/1050/8
f 4416/619/53 4728/622/53 4727/1488/53 4417/1487/53
f 5044/826/8 4735/826/8 4734/1044/8 5045/1043/7
f 5052/1031/2 4740/1034/2 4739/1208/2 5051/1207/2
f 5055/1023/2 4743/1026/2 4744/1033/2 5056/1032/2
f 5060/1019/2 4748/1022/2 4747/1025/2 5059/1024/2
f 5063/1011/2 4751/1014/2 4752/1021/2 5064/1020/2
f 5068/1007/2 4756/1010/2 4755/1013/2 5067/1012/2
f 5071/999/2 4759/1002/2 4760/1009/2 5072/1008/2
f 5076/995/2 4764/998/2 4763/1001/2 5075/1000/2
f 5079/988/2 4767/988/2 4768/997/2 5080/996/2
f 5084/984/2 4772/987/2 4771/990/2 5083/989/2
f 5087/976/2 4775/979/2 4776/986/2 5088/985/2
f 5092/972/2 4780/975/2 4779/978/2 5091/977/2
f 5095/966/2 4783/966/2 4784/974/2 5096/973/2
f 5100/895/2 4788/965/2 4787/967/2 5099/967/2
f 5103/955/2 4791/958/2 4792/964/2 5104/963/2
f 5108/906/2 4796/954/2 4795/957/2 5107/956/2
f 5111/945/2 4799/945/2 4800/953/2 5112/952/2
f 5116/918/2 4804/944/2 4803/947/2 5115/946/2
f 5119/938/2 4807/941/2 4808/943/2 5120/917/2
f 5124/930/2 4812/937/2 4811/940/2 5123/939/2
f 5127/658/2 4815/658/2 4816/936/2 5128/935/2
f 4515/1036/5 4511/1035/5 4510/646/5 4516/645/5
f 4518/823/5 4508/822/5 4507/355/5 4519/354/5
f 4531/666/3 4527/665/3 4526/664/3 4532/663/3
f 4534/628/3 4524/627/3 4523/1187/3 4535/1186/3
f 4528/1200/2 4813/1199/2 4814/638/2 4525/637/2
f 4521/670/2 4816/669/2 4815/658/2 4522/660/2
f 4520/674/13 4729/673/12 4728/622/1 4517/621/1
f 4513/461/1 4736/460/1 4735/826/1 4514/828/1
f 4540/1193/27 4530/1192/90 4529/657/1 4541/656/1
f 4543/677/1 4533/676/1 4536/1178/1 4544/1180/1
f 4550/1414/43 4539/1413/43 4538/681/43 4551/680/43
f 4553/687/49 4546/686/49 4545/1173/49 4554/1172/49
f 4560/1424/12 4549/1423/12 4548/1377/1 4561/1376/1
f 4563/1379/1 4556/1378/1 4555/1165/1 4564/1164/1
f 4570/1443/43 4559/1442/43 4558/695/43 4571/694/43
f 4573/703/49 4566/702/49 4565/1157/49 4574/1156/49
f 4580/1453/27 4569/1452/27 4568/1351/1 4581/1350/1
f 4583/1400/1 4576/1399/1 4575/1149/1 4584/1148/1
f 4590/1468/43 4579/1467/43 4578/711/43 4591/710/43
f 4593/717/49 4586/716/49 4585/1143/49 4594/1142/49
f 4600/1485/12 4589/1484/12 4588/1325/1 4601/1324/1
f 4603/1431/1 4596/1430/1 4595/1135/1 4604/1134/1
f 4610/1508/43 4599/1507/43 4598/725/43 4611/724/43
f 4613/731/49 4606/730/49 4605/1125/49 4614/1127/49
f 4620/1526/12 4609/1525/12 4608/1291/1 4621/1290/1
f 4623/1460/1 4616/1459/1 4615/1118/1 4624/1120/1
f 4630/1145/43 4619/1144/43 4618/739/43 4631/738/43
f 4633/746/49 4626/745/49 4625/1111/49 4634/1113/49
f 4640/1073/12 4629/1072/12 4628/1258/1 4641/1257/1
f 4643/1496/1 4636/1495/1 4635/1104/1 4644/1106/1
f 4650/754/43 4639/753/43 4638/1098/43 4651/1097/43
f 4653/759/49 4646/758/49 4645/756/49 4654/757/49
f 4660/683/12 4649/682/12 4648/1220/1 4661/1219/1
f 4663/1538/1 4656/1537/1 4655/1091/1 4664/1092/1
f 4670/767/43 4659/766/43 4658/1084/43 4671/1083/43
f 4673/774/49 4666/773/49 4665/516/49 4674/515/49
f 4680/1214/12 4669/1213/12 4668/608/1 4681/607/1
f 4683/815/1 4676/814/1 4675/1078/1 4684/1077/1
f 4690/1237/43 4679/1236/43 4678/781/43 4691/780/43
f 4693/788/49 4686/787/49 4685/1069/49 4694/1071/49
f 4700/1252/12 4689/1251/12 4688/1062/1 4701/1061/1
f 4703/574/1 4696/573/1 4695/1063/1 4704/1065/1
f 4710/1271/43 4699/1270/43 4698/795/43 4711/794/43
f 4713/803/49 4706/802/49 4705/1056/49 4714/1058/49
f 4720/1285/12 4709/1284/12 4708/1532/1 4721/1531/1
f 4723/1226/1 4716/1225/1 4715/1049/1 4724/1051/1
f 4730/1303/43 4719/1302/43 4718/811/43 4731/810/43
f 4733/819/49 4726/818/49 4725/1042/49 4734/1044/49
f 4737/652/2 4506/651/2 4505/103/2 4738/102/2
f 4740/648/2 4509/647/2 4512/1206/2 4739/1208/2
f 4745/830/2 4741/829/2 4742/1266/2 4746/1265/2
f 4748/833/2 4744/832/2 4743/1026/2 4747/1025/2
f 4753/841/2 4749/840/2 4750/451/2 4754/450/2
f 4756/844/2 4752/843/2 4751/1014/2 4755/1013/2
f 4761/852/2 4757/851/2 4758/439/2 4762/438/2
f 4764/856/2 4760/855/2 4759/1002/2 4763/1001/2
f 4769/864/2 4765/863/2 4766/427/2 4770/426/2
f 4772/868/2 4768/867/2 4767/988/2 4771/990/2
f 4777/876/2 4773/875/2 4774/415/2 4778/414/2
f 4780/878/2 4776/877/2 4775/979/2 4779/978/2
f 4785/886/2 4781/885/2 4782/403/2 4786/402/2
f 4788/889/2 4784/888/2 4783/966/2 4787/967/2
f 4793/897/2 4789/896/2 4790/391/2 4794/390/2
f 4796/900/2 4792/899/2 4791/958/2 4795/957/2
f 4801/908/2 4797/907/2 4798/379/2 4802/378/2
f 4804/912/2 4800/911/2 4799/945/2 4803/947/2
f 4809/920/2 4805/919/2 4806/367/2 4810/366/2
f 4812/924/2 4808/923/2 4807/941/2 4811/940/2
f 4506/651/58 4818/651/58 4817/2208/58 4507/2208/58
f 4819/1209/50 4823/1212/50 4822/2209/50 4820/2210/50
f 4514/828/89 4826/827/88 4825/2211/95 4515/2212/95
f 4827/1040/51 4831/1039/51 4830/2213/51 4828/2214/51
f 4522/660/60 4834/659/60 4833/1184/60 4523/1187/60
f 4835/1204/52 4839/1203/52 4838/1188/52 4836/1191/52
f 4530/1192/92 4842/1192/93 4841/667/92 4531/666/93
f 4843/1195/53 4847/1198/53 4846/1190/53 4844/1189/53
f 4539/1413/16 4850/1413/18 4849/1194/28 4540/1193/27
f 4852/1182/51 4856/1181/51 4855/1197/51 4853/1196/51
f 4549/1423/12 4860/1423/14 4859/1415/17 4550/1414/16
f 4861/1330/53 4867/1333/53 4866/1327/53 4862/1326/53
f 4559/1442/23 4870/1442/25 4869/1425/15 4560/1424/12
f 4872/1167/51 4876/1166/51 4875/1332/51 4873/1331/51
f 4569/1452/27 4880/1452/29 4879/1444/24 4570/1443/23
f 4881/1352/53 4887/1355/53 4886/1293/53 4882/1292/53
f 4579/1467/23 4890/1467/25 4889/1454/28 4580/1453/27
f 4892/1151/51 4896/1150/51 4895/1354/51 4893/1353/51
f 4589/1484/12 4900/1484/14 4899/1469/24 4590/1468/23
f 4901/1382/53 4907/1385/53 4906/1260/53 4902/1259/53
f 4599/1507/16 4910/1507/18 4909/1486/15 4600/1485/12
f 4912/1137/51 4916/1136/51 4915/1384/51 4913/1383/51
f 4609/1525/12 4920/1528/14 4919/1509/17 4610/1508/16
f 4921/1403/53 4927/1406/53 4926/1222/53 4922/1221/53
f 4619/1144/23 4930/1144/25 4929/1527/15 4620/1526/12
f 4932/1122/51 4936/1121/51 4935/1405/51 4933/1404/51
f 4629/1072/12 4940/1072/14 4939/1145/24 4630/1145/23
f 4941/1434/53 4947/1437/53 4946/590/53 4942/589/53
f 4639/753/23 4950/753/25 4949/1074/15 4640/1073/12
f 4952/1108/51 4956/1107/51 4955/1436/51 4953/1435/51
f 4649/682/12 4960/685/14 4959/755/24 4650/754/23
f 4961/1463/53 4967/1466/53 4966/1046/53 4962/1045/53
f 4659/766/23 4970/769/25 4969/684/15 4660/683/12
f 4972/1094/51 4976/1093/51 4975/1465/51 4973/1464/51
f 4669/1213/12 4980/1216/14 4979/768/24 4670/767/23
f 4981/1499/53 4987/1502/53 4986/1534/53 4982/1533/53
f 4679/1236/23 4990/1239/25 4989/1215/15 4680/1214/12
f 4992/1080/51 4996/1079/51 4995/1501/51 4993/1500/51
f 4689/1251/12 5000/1254/14 4999/1238/24 4690/1237/23
f 5001/1541/53 5007/1544/53 5006/1492/53 5002/1491/53
f 4699/1270/23 5010/1270/25 5009/1253/15 4700/1252/12
f 5012/1067/51 5016/1066/51 5015/1543/51 5013/1542/51
f 4709/1284/12 5020/1287/14 5019/1272/24 4710/1271/23
f 5021/1455/53 5027/1458/53 5026/1053/53 5022/1052/53
f 4719/1302/23 5030/1305/25 5029/1286/15 4720/1285/12
f 5032/799/51 5036/798/51 5035/1457/51 5033/1456/51
f 4729/673/12 5039/673/14 5043/1304/24 4730/1303/23
f 5040/1038/53 5048/1041/53 5047/1427/53 5041/1426/53
f 4738/1318/2 5050/1321/2 5049/653/2 4737/652/2
f 4741/829/2 5053/829/2 5054/1320/2 4742/1319/2
f 4746/836/2 5058/839/2 5057/831/2 4745/830/2
f 4749/840/2 5061/840/2 5062/838/2 4750/837/2
f 4754/847/2 5066/850/2 5065/842/2 4753/841/2
f 4757/851/2 5069/854/2 5070/849/2 4758/848/2
f 4762/859/2 5074/862/2 5073/853/2 4761/852/2
f 4765/863/2 5077/866/2 5078/861/2 4766/860/2
f 4770/871/2 5082/874/2 5081/865/2 4769/864/2
f 4773/875/2 5085/875/2 5086/873/2 4774/872/2
f 4778/881/2 5090/884/2 5089/876/2 4777/876/2
f 4781/885/2 5093/887/2 5094/883/2 4782/882/2
f 4786/892/2 5098/895/2 5097/886/2 4785/886/2
f 4789/896/2 5101/896/2 5102/894/2 4790/893/2
f 4794/903/2 5106/906/2 5105/898/2 4793/897/2
f 4797/907/2 5109/910/2 5110/905/2 4798/904/2
f 4802/915/2 5114/918/2 5113/909/2 4801/908/2
f 4805/919/2 5117/922/2 5118/917/2 4806/916/2
f 4810/927/2 5122/930/2 5121/921/2 4809/920/2
f 4813/1199/2 5125/1199/2 5126/929/2 4814/928/2
f 5122/949/2 5118/948/2 5117/922/2 5121/921/2
f 5123/939/2 5119/938/2 5120/951/2 5124/950/2
f 5114/960/2 5110/959/2 5109/910/2 5113/909/2
f 5115/946/2 5111/945/2 5112/962/2 5116/961/2
f 5106/969/2 5102/968/2 5101/896/2 5105/898/2
f 5107/956/2 5103/955/2 5104/971/2 5108/970/2
f 5098/981/2 5094/980/2 5093/887/2 5097/886/2
f 5099/967/2 5095/966/2 5096/983/2 5100/982/2
f 5090/992/2 5086/991/2 5085/875/2 5089/876/2
f 5091/977/2 5087/976/2 5088/994/2 5092/993/2
f 5082/1004/2 5078/1003/2 5077/866/2 5081/865/2
f 5083/989/2 5079/988/2 5080/1006/2 5084/1005/2
f 5074/1016/2 5070/1015/2 5069/854/2 5073/853/2
f 5075/1000/2 5071/999/2 5072/1018/2 5076/1017/2
f 5066/1028/2 5062/1027/2 5061/840/2 5065/842/2
f 5067/1012/2 5063/1011/2 5064/1030/2 5068/1029/2
f 5058/559/2 5054/558/2 5053/829/2 5057/831/2
f 5059/1024/2 5055/1023/2 5056/561/2 5060/560/2
f 5050/1210/2 4819/1209/2 4818/651/2 5049/653/2
f 5051/1207/2 4824/1206/2 4823/1212/2 5052/1211/2
f 5042/728/49 5031/727/49 5030/1305/25 5043/1304/24
f 5045/1043/7 5038/1042/7 5037/1420/43 5046/1419/43
f 5033/1456/1 5021/1455/1 5020/1287/14 5029/1286/15
f 5034/1050/1 5028/1049/1 5027/1458/1 5035/1457/1
f 5023/1115/49 5011/1114/49 5010/1270/25 5019/1272/24
f 5024/1057/7 5018/1056/7 5017/1449/43 5025/1448/43
f 5013/1542/1 5001/1541/1 5000/1254/14 5009/1253/15
f 5014/1064/1 5008/1063/1 5007/1544/1 5015/1543/1
f 5003/1515/49 4991/1514/49 4990/1239/25 4999/1238/24
f 5004/1070/7 4998/1069/7 4997/1482/43 5005/1481/43
f 4993/1500/1 4981/1499/1 4980/1216/14 4989/1215/15
f 4994/1076/1 4988/1075/1 4987/1502/1 4995/1501/1
f 4983/1475/49 4971/1474/49 4970/769/25 4979/768/24
f 4984/514/7 4978/513/7 4977/1519/43 4985/1518/43
f 4973/1464/1 4961/1463/1 4960/685/14 4969/684/15
f 4974/1092/1 4968/1091/1 4967/1466/1 4975/1465/1
f 4963/1446/49 4951/1445/49 4950/753/25 4959/755/24
f 4964/757/20 4958/756/73 4957/1101/43 4965/1100/43
f 4953/1435/1 4941/1434/1 4940/1072/14 4949/1074/15
f 4954/1105/1 4948/1104/1 4947/1437/1 4955/1436/1
f 4943/1417/49 4931/1416/49 4930/1144/25 4939/1145/24
f 4944/1112/7 4938/1111/7 4937/713/43 4945/712/43
f 4933/1404/1 4921/1403/1 4920/1528/14 4929/1527/15
f 4934/1119/1 4928/1118/1 4927/1406/1 4935/1405/1
f 4923/1393/49 4911/1392/49 4910/1507/18 4919/1509/17
f 4924/1126/7 4918/1125/7 4917/483/43 4925/482/43
f 4913/1383/1 4901/1382/1 4900/1484/14 4909/1486/15
f 4914/1133/1 4908/1132/1 4907/1385/1 4915/1384/1
f 4903/1364/49 4891/1363/49 4890/1467/25 4899/1469/24
f 4904/1141/7 4898/1140/7 4897/1245/43 4905/1244/43
f 4893/1353/1 4881/1352/1 4880/1452/29 4889/1454/28
f 4894/1147/1 4888/1146/1 4887/1355/1 4895/1354/1
f 4883/1338/49 4871/1337/49 4870/1442/25 4879/1444/24
f 4884/1155/7 4878/1154/7 4877/1278/43 4885/1277/43
f 4873/1331/1 4861/1330/1 4860/1423/14 4869/1425/15
f 4874/1163/1 4868/1162/1 4867/1333/1 4875/1332/1
f 4863/1300/49 4851/1299/49 4850/1413/18 4859/1415/17
f 4864/1171/7 4858/1170/7 4857/1311/43 4865/1310/43
f 4853/1196/1 4843/1195/1 4842/1192/90 4849/1194/28
f 4854/1179/1 4848/1178/1 4847/1198/1 4855/1197/1
f 4831/1039/1 5040/1038/1 5039/673/14 4832/675/13
f 4826/827/1 5044/826/1 5048/1041/1 4827/1040/1
f 4839/1203/2 5126/1202/2 5125/1199/2 4840/1201/2
f 4834/659/2 5127/658/2 5128/1205/2 4835/1204/2
f 4844/1189/3 4838/1188/3 4837/668/3 4841/667/3
f 4845/1185/3 4833/1184/3 4836/1191/3 4846/1190/3
f 4828/932/5 4822/931/5 4821/1037/5 4825/1036/5
f 4829/353/5 4817/352/5 4820/934/5 4830/933/5
f 4551/680/70 5252/680/70 5251/692/70 4547/691/70
f 5245/613/85 4221/613/85 4220/690/85 5246/693/85
f 4666/773/68 5178/773/68 5177/1316/68 4662/1315/68
f 5179/1643/69 4347/1642/69 4346/1314/69 5180/1317/69
f 4617/1240/69 5266/1243/69 5265/740/69 4618/739/69
f 5267/751/70 4627/750/70 4631/738/70 5268/738/70
f 4374/790/71 5218/793/71 5217/507/71 4375/506/71
f 5219/1130/68 4364/1129/68 4363/505/68 5220/508/68
f 5011/1114/68 5354/1117/68 5353/1068/68 5012/1067/68
f 5355/1450/69 5017/1449/69 5016/1066/69 5356/1066/69
f 4962/1045/85 5334/1048/85 5333/1447/85 4963/1446/85
f 5329/1109/68 4952/1108/68 4951/1445/68 5330/1445/68
f 4231/597/68 5244/600/68 5243/1342/68 4232/1341/68
f 5253/696/69 4558/695/69 4557/1340/69 5254/1343/69
f 4632/1267/71 5166/1269/71 5165/747/71 4633/746/71
f 5161/1249/68 4622/1248/68 4626/745/68 5162/748/68
f 4368/1344/86 5188/1347/86 5187/772/86 4369/771/86
f 5191/1358/70 4378/1357/70 4377/770/70 5192/770/70
f 4956/1107/69 5332/1110/69 5331/1102/69 4957/1101/69
f 5335/1047/70 4966/1046/70 4965/1100/70 5336/1103/70
f 4357/1641/70 5184/1644/70 5183/1335/70 4358/1335/70
f 5181/775/71 4673/774/71 4672/1334/71 5182/1336/71
f 5025/1448/70 5360/1451/70 5359/1054/70 5026/1053/70
f 5357/1116/85 5023/1115/85 5022/1052/85 5358/1055/85
f 4571/694/70 5256/697/70 5255/708/70 4567/707/70
f 5241/599/71 4243/598/71 4242/706/71 5242/709/71
f 4686/787/68 5186/789/68 5185/1346/68 4682/1345/68
f 4637/497/69 5270/500/69 5269/1098/69 4638/1098/69
f 5271/764/70 4647/763/70 4651/1097/70 5272/1099/70
f 4352/776/71 5222/779/71 5221/523/71 4353/1636/71
f 5223/743/68 4340/742/68 4339/1635/68 5224/522/68
f 5031/727/68 5362/727/68 5361/800/68 5032/799/68
f 5363/1421/69 5037/1420/69 5036/798/69 5364/801/69
f 4942/589/71 5326/592/71 5325/1418/71 4943/1417/71
f 5321/1123/68 4932/1122/68 4931/1416/68 5322/1416/68
f 4251/583/68 5240/583/68 5239/1308/68 4252/1307/68
f 5257/711/86 4578/711/86 4577/1306/86 5258/1309/86
f 4652/1296/85 5174/1298/85 5173/760/85 4653/759/85
f 5169/1282/68 4642/1281/68 4646/758/68 5170/761/68
f 4936/1121/69 5324/1124/69 5323/714/69 4937/713/69
f 5327/591/70 4946/590/70 4945/712/70 5328/715/70
f 5189/788/71 4693/788/71 4692/1356/71 5190/1359/71
f 5046/1419/70 5368/1422/70 5367/1428/70 5047/1427/70
f 5365/729/71 5042/728/71 5041/1426/71 5366/1429/71
f 4591/710/70 5260/710/70 5259/722/70 4587/721/70
f 5237/584/71 4265/1661/71 4264/720/71 5238/723/71
f 4706/802/68 5194/805/68 5193/1372/68 4702/1371/68
f 5195/1733/69 4391/1614/69 4390/1370/69 5196/1373/69
f 4657/741/69 5274/744/69 5273/1085/69 4658/1084/69
f 5275/778/70 4667/777/70 4671/1083/70 5276/1086/70
f 4330/762/85 5226/765/85 5225/538/85 4331/537/85
f 5227/499/68 4320/498/68 4319/536/68 5228/539/68
f 4922/1221/71 5318/1224/71 5317/1393/71 4923/1393/71
f 5313/1138/68 4912/1137/68 4911/1392/68 5314/1394/68
f 4275/566/68 5236/569/68 5235/1275/68 4276/1274/68
f 5261/726/86 4598/725/86 4597/1273/86 5262/1276/86
f 4324/1280/69 5172/1283/69 5171/1505/69 4325/1504/69
f 5175/1297/70 4334/1297/70 4333/1503/70 5176/1506/70
f 4916/1136/86 5316/1139/86 5315/484/86 4917/483/86
f 5319/1223/70 4926/1222/70 4925/482/70 5320/485/70
f 4401/1732/70 5200/1734/70 5199/1387/70 4402/1387/70
f 5197/804/85 4713/803/85 4712/1386/85 5198/1388/85
f 4611/724/70 5264/724/70 5263/736/70 4607/735/70
f 5233/568/71 4287/567/71 4286/734/71 5234/737/71
f 4726/818/68 5202/821/68 5201/1397/68 4722/1396/68
f 5203/1234/69 4413/1234/69 4412/1395/69 5204/1398/69
f 4677/1128/86 5278/1131/86 5277/782/86 4678/781/86
f 5279/792/70 4687/791/70 4691/780/70 5280/783/70
f 4308/749/71 5230/752/71 5229/553/71 4309/1588/71
f 5231/1242/68 4296/1241/68 4295/1587/68 5232/1589/68
f 4902/1259/71 5310/1262/71 5309/1364/71 4903/1364/71
f 5305/1152/68 4892/1151/68 4891/1363/68 5306/1365/68
f 4302/1247/69 5164/1250/69 5163/1599/69 4303/1598/69
f 5167/1268/70 4314/1268/70 4313/1471/70 5168/1600/70
f 4896/1150/86 5308/1153/86 5307/1246/86 4897/1245/86
f 5311/1261/70 4906/1260/70 4905/1244/70 5312/1244/70
f 4422/1233/70 5208/1235/70 5207/1408/70 4423/1408/70
f 5205/820/71 4733/819/71 4732/1407/71 5206/1409/71
f 4697/1510/69 5282/1513/69 5281/796/69 4698/795/69
f 5283/808/70 4707/807/70 4711/794/70 5284/797/70
f 4882/1292/71 5302/1295/71 5301/1338/71 4883/1338/71
f 5297/1168/68 4872/1167/68 4871/1337/68 5298/1339/68
f 4280/468/86 5156/471/86 5155/1440/86 4281/1439/86
f 5159/1231/70 4290/1230/70 4289/1438/70 5160/1441/70
f 4876/1166/86 5300/1169/86 5299/1279/86 4877/1278/86
f 5303/1294/70 4886/1293/70 4885/1277/70 5304/1277/70
f 4851/1299/68 5290/1301/68 5289/1183/68 4852/1182/68
f 5291/1312/69 4857/1311/69 4856/1181/69 5292/1181/69
f 4717/1477/69 5286/1480/69 5285/812/69 4718/811/69
f 5287/1489/70 4727/1488/70 4731/810/70 5288/813/70
f 4862/1326/85 5294/1329/85 5293/1300/85 4863/1300/85
f 4258/698/86 5148/701/86 5147/1671/86 4259/1670/86
f 5151/544/70 4270/544/70 4269/1412/70 5152/1411/70
f 5295/1328/70 4866/1327/70 4865/1310/70 5296/1313/70
f 4236/1087/86 5140/1090/86 5139/1391/86 4237/1390/86
f 5143/785/70 4246/785/70 4245/1389/70 5144/1389/70
f 4546/686/68 5130/689/68 5129/1523/68 4542/1522/68
f 5131/1360/69 4215/1362/69 4214/1521/69 5132/1524/69
f 5247/1368/68 4208/1367/68 4207/1613/68 5248/614/68
f 4383/1753/68 5216/1714/68 5215/1512/68 4384/1511/68
f 5135/1176/70 4226/1175/70 4225/1361/70 5136/1361/70
f 5133/688/71 4553/687/71 4552/1174/71 5134/1177/71
f 5213/1755/85 4397/1754/85 4396/806/85 5214/809/85
f 4566/702/68 5138/705/68 5137/1089/68 4562/1088/68
f 4407/475/68 5212/478/68 5211/1479/68 4408/1478/68
f 5141/704/71 4573/703/71 4572/784/71 5142/786/71
f 5209/477/71 4418/476/71 4417/1487/71 5210/1490/71
f 4586/716/68 5146/719/68 5145/700/68 4582/699/68
f 4537/1366/69 5250/1369/69 5249/681/69 4538/681/69
f 5149/718/71 4593/717/71 4592/543/71 5150/545/71
f 4606/730/68 5154/733/68 5153/470/68 4602/469/68
f 5157/732/71 4613/731/71 4612/1229/71 5158/1232/71
f 4971/1474/68 5338/1474/68 5337/1095/68 4972/1094/68
f 5339/1520/69 4977/1519/69 4976/1093/69 5340/1096/69
f 5002/1491/71 5350/1494/71 5349/1516/71 5003/1515/71
f 5345/1081/68 4992/1080/68 4991/1514/68 5346/1517/68
f 4996/1079/86 5348/1082/86 5347/1483/86 4997/1482/86
f 5351/1493/70 5006/1492/70 5005/1481/70 5352/1481/70
f 4985/1518/70 5344/1518/70 5343/1535/70 4986/1534/70
f 5341/1476/71 4983/1475/71 4982/1533/71 5342/1536/71
f 5372/1677/43 5374/1676/43 5373/2215/43 5369/2216/43
f 5379/1723/43 5381/1722/43 5380/2217/43 5377/2218/43
f 5385/1568/43 5387/1567/43 5386/2219/43 5383/2220/43
f 5391/1572/43 5393/1571/43 5392/2221/43 5389/2222/43
f 5397/1576/43 5399/1575/43 5398/2223/43 5395/2224/43
f 5403/1582/49 5405/1581/49 5404/2225/49 5401/2226/49
f 5409/1548/49 5411/1547/49 5410/2227/49 5407/2228/49
f 5415/1552/49 5417/1551/49 5416/2229/49 5413/2230/49
f 5421/1556/49 5423/1555/49 5422/2231/49 5419/2232/49
f 5428/1560/49 5430/1559/49 5429/2233/49 5425/2234/49
f 5435/1579/53 5403/1582/53 5402/1656/53 5433/1655/53
f 5436/36/51 5406/35/51 5405/1581/51 5437/1580/51
f 5441/1545/53 5409/1548/53 5408/512/53 5439/511/53
f 5442/51/51 5412/50/51 5411/1547/51 5443/1546/51
f 5447/1549/53 5415/1552/53 5414/1609/53 5445/1608/53
f 5448/67/51 5418/66/51 5417/1551/51 5449/1550/51
f 5453/1553/53 5421/1556/53 5420/1640/53 5451/1639/53
f 5454/83/51 5424/82/51 5423/1555/51 5455/1554/51
f 5460/1557/1 5428/1560/1 5427/45/1 5457/44/1
f 5461/571/1 5431/570/1 5430/1559/1 5462/1558/1
f 5399/1575/53 5466/1578/53 5465/1675/53 5400/1674/53
f 5396/63/51 5468/62/51 5470/1577/51 5397/1576/51
f 5393/1571/53 5472/1574/53 5471/580/53 5394/579/53
f 5390/1665/51 5474/1664/51 5476/1573/51 5391/1572/51
f 5387/1567/53 5478/1570/53 5477/549/53 5388/548/53
f 5384/1624/51 5480/1626/51 5482/1569/51 5385/1568/51
f 5381/1722/53 5484/1725/53 5483/519/53 5382/518/53
f 5378/1593/51 5486/1592/51 5488/1724/51 5379/1723/51
f 5374/1676/1 5490/1679/1 5489/1601/1 5375/487/1
f 5371/1705/1 5493/1704/1 5496/1678/1 5372/1677/1
f 5495/492/49 5491/1714/49 5490/1679/49 5496/1678/49
f 5462/1558/43 5460/1557/43 5459/1717/43 5463/1716/43
f 5487/523/49 5485/522/49 5484/1725/49 5488/1724/49
f 5455/1554/43 5453/1553/43 5452/1161/43 5456/1160/43
f 5481/553/49 5479/552/49 5478/1570/49 5482/1569/49
f 5449/1550/43 5447/1549/43 5446/1473/43 5450/1472/43
f 5475/584/49 5473/583/49 5472/1574/49 5476/1573/49
f 5443/1546/43 5441/1545/43 5440/1410/43 5444/1412/43
f 5469/613/49 5467/614/49 5466/1578/49 5470/1577/49
f 5437/1580/43 5435/1579/43 5434/1362/43 5438/1361/43
f 3962/532/70 5386/535/70 5388/2066/70 3963/1891/70
f 5479/552/71 4294/551/71 4293/546/71 5477/549/71
f 5497/1561/6 5426/1561/6 5425/1721/6 5498/1708/6
f 5590/98/68 4161/97/68 4160/2235/68 5591/2077/68
f 5517/541/6 5492/540/6 5491/1714/6 5518/1713/6
f 5630/1699/68 4393/1699/68 4398/489/68 5631/492/68
f 4103/509/71 5408/512/71 5407/2236/71 4104/2236/71
f 5412/50/68 4107/49/68 4106/2237/68 5410/2237/68
f 5507/1728/4 5464/1727/4 5463/1716/4 5508/1615/4
f 5600/44/70 4387/1735/70 4392/528/70 5601/531/70
f 4348/1158/70 5452/1161/70 5451/1639/70 4343/1638/70
f 5419/74/71 4140/73/71 4139/2008/71 5420/2008/71
f 4310/550/68 5481/553/68 5480/1626/68 4305/1625/68
f 5383/534/69 3959/533/69 3958/2065/69 5384/2065/69
f 3994/60/86 5396/63/86 5395/2238/86 3995/1910/86
f 5400/1674/70 4002/1673/70 4001/2239/70 5398/1913/70
f 5531/942/4 5373/472/4 5376/1730/4 5527/1730/4
f 4142/72/68 5422/75/68 5424/2010/68 4143/2010/68
f 5456/1160/69 4356/1159/69 4355/80/69 5454/83/69
f 4216/1360/70 5434/1362/70 5433/1655/70 4211/1654/70
f 5401/182/71 4086/181/71 4085/1975/71 5402/1975/71
f 3940/1590/69 5378/1593/69 5377/1877/69 3941/1877/69
f 5382/518/70 3945/518/70 3944/2240/70 5380/2240/70
f 4088/180/68 5404/183/68 5406/2073/68 4089/1977/68
f 5438/1361/69 4224/1361/69 4223/33/69 5436/36/69
f 4311/64/69 5448/67/69 5450/1472/69 4312/1471/69
f 5445/1608/70 4299/1607/70 4304/1470/70 5446/1473/70
f 5640/474/86 3923/473/86 3922/1564/86 5641/1564/86
f 3980/562/70 5392/565/70 5394/2069/70 3981/1901/70
f 5473/583/71 4250/582/71 4249/577/71 5471/580/71
f 4121/1606/71 5414/1609/71 5413/2241/71 4122/2242/71
f 5418/66/68 4125/65/68 4124/2243/68 5416/2244/68
f 4205/1672/71 5465/1675/71 5467/614/71 4206/614/71
f 5468/62/68 4217/61/68 4222/613/68 5469/613/68
f 4260/1410/70 5440/1410/70 5439/511/70 4255/510/70
f 4266/581/68 5475/584/68 5474/1664/68 4261/1663/68
f 5389/564/69 3977/563/69 3976/2067/69 5390/2067/69
f 5485/522/71 4338/521/71 4337/517/71 5483/519/71
f 5444/1412/69 4268/1411/69 4267/48/69 5442/51/69
f 5486/1592/68 4349/1591/68 4354/520/68 5487/523/68
f 5610/1685/71 5500/1686/71 5499/2082/71 5611/2082/71
f 5432/1710/6 5502/1709/6 5506/1706/6 5429/88/6
f 5620/1726/69 5510/99/69 5509/1615/69 5621/1615/69
f 5458/480/4 5512/479/4 5516/1715/4 5459/1717/4
f 5503/1681/50 5511/1680/50 5510/99/50 5504/97/50
f 5513/1683/52 5501/45/52 5500/1686/52 5514/44/52
f 5498/1708/6 5506/1706/6 5505/1706/6 5499/1708/6
f 5508/1615/4 5516/1715/4 5515/1614/4 5509/1615/4
f 5654/1687/71 5520/1601/71 5519/1696/71 5650/1696/71
f 5494/1611/6 5522/1610/6 5526/1712/6 5495/492/6
f 5660/472/70 5530/1691/70 5529/1730/70 5661/1730/70
f 5369/474/4 5533/473/4 5532/1564/4 5370/1563/4
f 5533/473/4 5531/942/4 5530/1691/4 5534/474/4
f 5523/1720/50 5536/1719/50 5535/1698/50 5524/1703/50
f 5518/1713/6 5526/1712/6 5525/1697/6 5519/1696/6
f 5528/1693/52 5521/1692/52 5520/1601/52 5529/1689/52
f 5539/99/51 5541/98/51 5540/98/51 5537/572/51
f 5545/1698/51 5547/1700/51 5546/1703/51 5543/1698/51
f 5551/1690/69 5539/99/69 5538/1728/69 5549/1729/69
f 5541/98/68 5553/98/68 5552/2077/68 5542/2077/68
f 5553/98/50 5551/1690/50 5550/99/50 5554/1682/50
f 5547/1700/68 5556/1699/68 5555/1610/68 5548/1612/68
f 5544/1566/86 5558/1565/86 5560/1564/86 5545/1564/86
f 5556/1699/50 5560/1698/50 5559/1698/50 5557/1703/50
f 5502/1709/46 5552/1711/46 5554/1718/46 5503/1718/46
f 5549/1729/42 5507/1728/42 5511/1680/42 5550/99/42
f 5370/1563/43 5544/1566/43 5543/1564/43 5371/1564/43
f 5548/1612/49 5494/1611/49 5493/1704/49 5546/1703/49
f 5522/1610/46 5555/1610/46 5557/1703/46 5523/1720/46
f 5558/1565/42 5532/1564/42 5536/1564/42 5559/1564/42
f 5464/1727/43 5538/1728/43 5537/572/43 5461/571/43
f 5542/1710/49 5432/1710/49 5431/1710/49 5540/1710/49
f 5561/47/53 5564/46/53 5566/46/53 5562/44/53
f 5567/488/53 5570/486/53 5572/486/53 5568/488/53
f 5575/1686/71 5566/46/71 5565/2078/71 5573/2082/71
f 5578/486/71 5572/486/71 5571/540/71 5576/542/71
f 5579/1730/70 5569/1731/70 5568/1730/70 5580/1730/70
f 5562/44/70 5583/1684/70 5582/481/70 5563/479/70
f 5583/1684/52 5575/1686/52 5574/46/52 5584/1684/52
f 5580/488/52 5578/486/52 5577/1694/52 5581/488/52
f 5521/1692/46 5577/1694/46 5576/542/46 5517/541/46
f 5570/486/49 5489/1601/49 5492/540/49 5571/540/49
f 5501/45/46 5574/46/46 5573/2082/46 5497/2082/46
f 5564/46/49 5427/45/49 5426/2078/49 5565/2078/49
f 5527/1730/42 5579/1730/42 5581/2080/42 5528/1730/42
f 5563/479/43 5458/480/43 5457/44/43 5561/47/43
f 5375/487/43 5567/488/43 5569/2079/43 5376/2079/43
f 5512/479/42 5582/481/42 5584/1684/42 5513/1683/42
f 5504/97/68 5585/570/68 5589/2081/68 5505/2077/68
f 5587/1718/6 5593/1718/6 5592/91/6 5588/1772/6
f 5514/44/70 5595/1684/70 5599/1614/70 5515/1614/70
f 5597/481/4 5603/1770/4 5602/1778/4 5598/531/4
f 4157/1737/71 5605/46/71 5609/2083/71 4158/2078/71
f 5607/1561/6 5613/1783/6 5612/1771/6 5608/1771/6
f 4399/96/69 5615/99/69 5619/530/69 4400/529/69
f 5617/1775/4 5623/1729/4 5622/1779/4 5618/1732/4
f 5618/1732/4 5602/1778/4 5601/531/4 5619/530/4
f 5621/1615/4 5599/1614/4 5598/531/4 5622/1779/4
f 5608/1771/6 5592/91/6 5591/91/6 5609/90/6
f 5611/1707/6 5589/1706/6 5588/1772/6 5612/1771/6
f 5604/1735/52 5606/1736/52 5605/46/52 5600/44/52
f 5595/1684/53 5610/1685/53 5614/1736/53 5596/1735/53
f 5594/97/50 5616/99/50 5615/99/50 5590/98/50
f 5585/570/51 5620/1726/51 5624/1726/51 5586/1738/51
f 5524/1703/68 5625/1702/68 5629/1695/68 5525/1697/68
f 5627/1610/6 5633/1768/6 5632/1695/6 5628/1769/6
f 5534/474/86 5635/474/86 5639/1565/86 5535/1564/86
f 5636/1773/4 5644/474/4 5643/1564/4 5637/1761/4
f 4381/486/71 5646/486/71 5645/491/71 4382/490/71
f 5648/1762/6 5652/541/6 5651/1714/6 5649/490/6
f 3926/472/70 5655/472/70 5659/1730/70 3927/1730/70
f 5656/472/4 5664/942/4 5663/1777/4 5657/1776/4
f 5658/488/52 5647/1784/52 5646/486/52 5659/488/52
f 5661/1688/53 5654/1687/53 5653/1752/53 5662/1689/53
f 5649/490/6 5632/1695/6 5631/492/6 5645/491/6
f 5650/1696/6 5629/1695/6 5628/1769/6 5651/1714/6
f 5634/1699/50 5642/1701/50 5641/1701/50 5630/1699/50
f 5625/1702/51 5639/1701/51 5638/1719/51 5626/1756/51
f 5644/474/4 5656/472/4 5655/472/4 5640/474/4
f 5635/474/4 5660/472/4 5664/942/4 5636/1773/4
f 5667/1782/68 5669/1781/68 5668/2077/68 5665/2081/68
f 5673/1780/69 5675/99/69 5674/1729/69 5671/1775/69
f 5669/1781/50 5673/1780/50 5672/1767/50 5670/98/50
f 5666/98/51 5676/96/51 5675/99/51 5667/1782/51
f 5679/1764/68 5681/1747/68 5680/1610/68 5677/1612/68
f 5683/1761/69 5686/1566/69 5688/1761/69 5684/1564/69
f 5681/1747/50 5688/1763/50 5687/1698/50 5682/1747/50
f 5678/1703/51 5685/1698/51 5684/1765/51 5679/1764/51
f 5633/1768/46 5680/1610/46 5682/1747/46 5634/1699/46
f 5686/1566/42 5643/1564/42 5642/1564/42 5687/1564/42
f 5626/1756/49 5678/1703/49 5677/1612/49 5627/1610/49
f 5623/1729/43 5674/1729/43 5676/96/43 5624/1726/43
f 5665/1718/49 5587/1718/49 5586/1718/49 5666/1710/49
f 5637/1761/43 5683/1761/43 5685/1564/43 5638/1564/43
f 5616/99/42 5672/1767/42 5671/1775/42 5617/1775/42
f 5593/1718/46 5668/1718/46 5670/1718/46 5594/1710/46
f 5691/1766/70 5693/1684/70 5692/1770/70 5689/1770/70
f 5697/1736/71 5699/46/71 5698/2082/71 5695/2082/71
f 5693/1684/52 5697/1736/52 5696/46/52 5694/44/52
f 5690/44/53 5700/46/53 5699/46/53 5691/1766/53
f 5703/1774/71 5705/1601/71 5704/541/71 5701/541/71
f 5707/1730/70 5710/1730/70 5712/2080/70 5708/1730/70
f 5708/487/52 5703/1774/52 5702/1785/52 5709/488/52
f 5711/488/53 5706/1601/53 5705/1601/53 5712/488/53
f 5657/1776/42 5707/1730/42 5709/1731/42 5658/1730/42
f 5701/541/46 5648/1762/46 5647/1784/46 5702/1785/46
f 5613/1783/49 5698/1783/49 5700/1561/49 5614/1561/49
f 5689/1770/43 5597/481/43 5596/1735/43 5690/44/43
f 5606/1736/46 5696/46/46 5695/2082/46 5607/2082/46
f 5652/541/49 5704/541/49 5706/1601/49 5653/1752/49
f 5710/1730/43 5663/1777/43 5662/1731/43 5711/1730/43
f 5694/44/42 5604/1735/42 5603/1770/42 5692/1770/42
f 3811/2245/5 3812/1788/5 4181/2032/5 4177/2028/5
f 5817/1/1 5722/2/1 6092/3/1 6319/4/1
f 5734/5/1 5902/6/1 6114/7/1 6102/8/1
f 6108/9/1 6116/10/1 5988/11/1 5728/12/1
f 6084/13/2 6331/14/2 5908/15/2 5713/16/2
f 6093/17/3 6105/18/3 5730/19/3 5725/20/3
f 5720/21/4 5723/22/4 5820/23/4 5814/24/4
f 5732/25/3 5735/26/3 6101/27/3 6097/28/3
f 6274/29/1 6280/30/1 6056/31/1 6053/32/1
f 6127/33/5 5993/34/5 7310/35/5 7340/36/5
f 6152/37/1 6160/38/1 6006/39/1 6003/40/1
f 6010/41/6 6008/42/6 7311/42/6 7314/43/6
f 7361/44/1 7331/45/1 7468/46/1 7465/47/1
f 6171/48/5 6011/49/5 7316/50/5 7346/51/5
f 6196/52/1 6204/53/1 6024/54/1 6021/55/1
f 6028/56/6 6026/57/6 7317/58/6 7320/59/6
f 5898/60/5 6121/61/5 7372/62/5 7300/63/5
f 6215/64/5 6029/65/5 7322/66/5 7352/67/5
f 6240/68/1 6248/69/1 6042/70/1 6039/71/1
f 6046/72/6 6044/73/6 7323/74/6 7326/75/6
f 5871/76/1 5868/77/1 6202/78/1 6188/79/1
f 6259/80/5 6047/81/5 7328/82/5 7358/83/5
f 6284/84/1 6292/85/1 6060/86/1 6057/87/1
f 6064/88/6 6062/89/6 7513/90/6 7495/91/6
f 6264/92/1 6270/93/1 6052/94/1 6048/95/1
f 6303/96/5 6065/97/5 7494/98/5 7519/99/5
f 6079/100/2 6330/101/2 6642/102/2 6409/103/2
f 6324/104/1 6086/105/1 5718/106/1 6076/107/1
f 5915/108/6 6067/109/6 6069/110/6 5914/111/6
f 5919/112/6 6063/113/6 6068/114/6 5918/115/6
f 5923/116/6 6058/117/6 6059/118/6 5922/119/6
f 5927/120/6 6054/121/6 6055/122/6 5926/123/6
f 5931/124/6 6049/125/6 6051/126/6 5930/127/6
f 5935/128/6 6045/129/6 6050/130/6 5934/131/6
f 5939/132/6 6040/133/6 6041/134/6 5938/135/6
f 5943/136/6 6036/137/6 6037/138/6 5942/139/6
f 5947/140/6 6031/141/6 6033/142/6 5946/143/6
f 5951/144/6 6027/145/6 6032/146/6 5950/147/6
f 5955/148/6 6022/149/6 6023/150/6 5954/151/6
f 5959/152/6 6018/153/6 6019/154/6 5958/155/6
f 5963/156/6 6013/157/6 6015/158/6 5962/159/6
f 5967/160/6 6009/161/6 6014/162/6 5966/163/6
f 5971/164/6 6004/165/6 6005/166/6 5970/167/6
f 5975/168/6 6000/169/6 6001/170/6 5974/171/6
f 5979/172/6 5995/173/6 5997/174/6 5978/175/6
f 5984/176/6 5991/177/6 5996/178/6 5982/179/6
f 5992/180/6 5990/181/6 7305/182/6 7308/183/6
f 6407/184/2 6094/185/2 5727/186/2 5986/187/2
f 6404/188/2 6408/189/2 5985/190/2 5981/191/2
f 6399/192/2 6403/193/2 5980/194/2 5977/195/2
f 6396/196/2 6400/197/2 5976/198/2 5973/199/2
f 6391/200/2 6395/201/2 5972/202/2 5969/203/2
f 6388/204/2 6392/205/2 5968/206/2 5965/207/2
f 6383/208/2 6387/209/2 5964/210/2 5961/211/2
f 6380/212/2 6384/213/2 5960/214/2 5957/215/2
f 6375/216/2 6379/217/2 5956/218/2 5953/219/2
f 6372/220/2 6376/221/2 5952/222/2 5949/223/2
f 6367/224/2 6371/225/2 5948/226/2 5945/227/2
f 6364/228/2 6368/229/2 5944/230/2 5941/231/2
f 6359/232/2 6363/233/2 5940/234/2 5937/235/2
f 6356/236/2 6360/237/2 5936/238/2 5933/239/2
f 6351/240/2 6355/241/2 5932/242/2 5929/243/2
f 6348/244/2 6352/245/2 5928/246/2 5925/247/2
f 6343/248/2 6347/249/2 5924/250/2 5921/251/2
f 6340/252/2 6344/253/2 5920/254/2 5917/255/2
f 6335/256/2 6339/257/2 5916/258/2 5913/259/2
f 6332/260/2 6336/261/2 5912/262/2 5909/263/2
f 5721/264/2 5813/265/2 6329/266/2 6078/267/2
f 5821/268/1 5818/269/1 6323/270/1 6310/271/1
f 5816/272/2 5810/273/2 6334/274/2 6330/275/2
f 5809/276/2 5806/277/2 6337/278/2 6333/279/2
f 5805/280/2 5802/281/2 6342/282/2 6338/283/2
f 5801/284/2 5798/285/2 6345/286/2 6341/287/2
f 5797/288/2 5794/289/2 6350/290/2 6346/291/2
f 5793/292/2 5790/293/2 6353/294/2 6349/295/2
f 5789/296/2 5786/297/2 6358/298/2 6354/299/2
f 5785/300/2 5782/301/2 6361/302/2 6357/303/2
f 5781/304/2 5778/305/2 6366/306/2 6362/307/2
f 5777/308/2 5774/309/2 6369/310/2 6365/311/2
f 5773/312/2 5770/313/2 6374/314/2 6370/315/2
f 5769/316/2 5766/317/2 6377/318/2 6373/319/2
f 5765/320/2 5762/321/2 6382/322/2 6378/323/2
f 5761/324/2 5758/325/2 6385/326/2 6381/327/2
f 5757/328/2 5754/329/2 6390/330/2 6386/331/2
f 5753/332/2 5750/333/2 6393/334/2 6389/335/2
f 5749/336/2 5746/337/2 6398/338/2 6394/339/2
f 5745/340/2 5742/341/2 6401/342/2 6397/343/2
f 5744/344/4 5900/345/4 5904/346/4 5739/347/4
f 5748/348/4 5895/349/4 5901/350/4 5743/351/4
f 6721/352/5 6733/353/5 6423/354/5 6411/355/5
f 5752/356/4 5891/357/4 5896/358/4 5747/359/4
f 5756/360/4 5887/361/4 5892/362/4 5751/363/4
f 6398/364/2 6402/365/2 6714/366/2 6710/367/2
f 5760/368/4 5882/369/4 5888/370/4 5755/371/4
f 5764/372/4 5877/373/4 5883/374/4 5759/375/4
f 6390/376/2 6394/377/2 6706/378/2 6702/379/2
f 5768/380/4 5873/381/4 5878/382/4 5763/383/4
f 5772/384/4 5869/385/4 5874/386/4 5767/387/4
f 6382/388/2 6386/389/2 6698/390/2 6694/391/2
f 5776/392/4 5864/393/4 5870/394/4 5771/395/4
f 5780/396/4 5859/397/4 5865/398/4 5775/399/4
f 6374/400/2 6378/401/2 6690/402/2 6686/403/2
f 5784/404/4 5855/405/4 5860/406/4 5779/407/4
f 5788/408/4 5851/409/4 5856/410/4 5783/411/4
f 6366/412/2 6370/413/2 6682/414/2 6678/415/2
f 5792/416/4 5846/417/4 5852/418/4 5787/419/4
f 5796/420/4 5841/421/4 5847/422/4 5791/423/4
f 6358/424/2 6362/425/2 6674/426/2 6670/427/2
f 5800/428/4 5837/429/4 5842/430/4 5795/431/4
f 5804/432/4 5833/433/4 5838/434/4 5799/435/4
f 6350/436/2 6354/437/2 6666/438/2 6662/439/2
f 5808/440/4 5828/441/4 5834/442/4 5803/443/4
f 5812/444/4 5823/445/4 5829/446/4 5807/447/4
f 6342/448/2 6346/449/2 6658/450/2 6654/451/2
f 5815/452/4 5819/453/4 5824/454/4 5811/455/4
f 6077/456/5 6089/457/5 5724/458/5 5719/459/5
f 6640/460/1 6417/461/1 6087/462/1 6328/463/1
f 5825/464/1 5822/465/1 6309/466/1 6298/467/1
f 6184/468/5 6506/469/5 7057/470/5 7060/471/5
f 5830/472/4 5827/473/4 7544/474/4 7559/472/4
f 6311/475/6 6322/476/6 7113/477/6 7116/478/6
f 7416/479/4 7362/480/4 7467/479/4 7486/481/4
f 6829/482/4 6821/483/4 7219/484/4 7224/485/4
f 6285/486/3 5831/487/3 7563/488/3 7550/486/3
f 6302/489/6 6286/490/6 7549/491/6 7535/492/6
f 5843/493/1 5840/494/1 6265/495/1 6254/496/1
f 6541/497/5 6224/498/5 7131/499/5 7174/500/5
f 5848/501/4 5845/502/4 7281/503/4 7284/504/4
f 6267/505/6 6279/506/6 7121/507/6 7124/508/6
f 6007/509/3 6159/510/3 7343/511/3 7312/512/3
f 6882/513/7 6888/514/7 6578/515/8 6569/516/8
f 6241/517/3 5849/518/3 7286/518/3 7387/519/3
f 6258/520/6 6242/521/6 7389/522/6 7391/523/6
f 5861/524/1 5858/525/1 6221/526/1 6210/527/1
f 6296/528/4 6304/529/4 7523/530/4 7505/531/4
f 5866/532/4 5863/533/4 7287/534/4 7290/535/4
f 6223/536/6 6235/537/6 7129/538/6 7132/539/6
f 7396/540/6 7421/541/6 7480/542/6 7475/540/6
f 6496/543/3 6174/544/3 7055/544/3 7054/545/3
f 6197/546/3 5867/547/3 7292/548/3 7381/549/3
f 6214/550/6 6198/551/6 7383/552/6 7385/553/6
f 5879/554/1 5876/555/1 6177/556/1 6166/557/1
f 6958/558/2 6962/559/2 6964/560/2 6960/561/2
f 5884/562/4 5881/563/4 7293/564/4 7296/565/4
f 6179/566/6 6191/567/6 7137/568/6 7140/569/6
f 7335/570/1 7365/571/1 7441/572/1 7444/98/1
f 6600/573/1 6607/574/1 6293/575/1 6283/576/1
f 6153/577/3 5885/578/3 7298/579/3 7375/580/3
f 6170/581/6 6154/582/6 7377/583/6 7379/584/6
f 5897/585/1 5894/586/1 6133/587/1 6122/588/1
f 6846/589/3 6850/590/3 7231/591/3 7230/592/3
f 5905/593/4 5899/594/4 7299/595/4 7302/596/4
f 6135/597/6 6147/598/6 7145/599/6 7148/600/6
f 5875/601/1 5872/602/1 6187/603/1 6178/604/1
f 6255/605/1 6269/606/1 6585/607/1 6572/608/1
f 5741/609/2 5738/610/2 6406/611/2 6402/612/2
f 6126/613/6 6110/614/6 7371/614/6 7373/613/6
f 5726/615/6 5729/616/6 5987/617/6 5983/618/6
f 6320/619/1 6091/620/1 6421/621/1 6632/622/1
f 5740/623/4 5903/624/4 5736/625/4 5731/626/4
f 6428/627/3 6438/628/3 6106/629/3 6096/630/3
f 5737/631/2 5733/632/2 6100/633/2 6405/634/2
f 6406/635/2 6099/636/2 6429/637/2 6718/638/2
f 5907/639/6 6073/640/6 5717/641/6 5714/642/6
f 6082/643/5 6088/644/5 6420/645/5 6414/646/5
f 6413/647/2 6644/648/2 6332/649/2 6083/650/2
f 6410/651/2 6641/652/2 6953/653/2 6722/651/2
f 6103/654/1 6113/655/1 6445/656/1 6433/657/1
f 7031/658/2 6738/659/2 6426/660/2 6719/658/2
f 6098/661/3 6104/662/3 6436/663/3 6430/664/3
f 6431/665/87 6435/666/87 6745/667/87 6741/668/87
f 6720/669/2 6425/670/2 6095/671/2 6408/672/2
f 6633/673/12 6424/674/13 6736/675/13 6943/673/14
f 6437/676/1 6447/677/1 6117/678/1 6107/679/1
f 6455/680/4 6442/681/4 7153/681/4 7156/680/4
f 6553/682/12 6564/683/12 6873/684/15 6864/685/14
f 6450/686/6 6457/687/6 7037/688/6 7034/689/6
f 6124/690/3 6451/691/3 7155/692/3 7150/693/3
f 6475/694/4 6462/695/4 7157/696/4 7160/697/4
f 6162/698/5 6486/699/5 7049/700/5 7052/701/5
f 6470/702/6 6477/703/6 7045/704/6 7042/705/6
f 6146/706/3 6471/707/3 7159/708/3 7146/709/3
f 6495/710/4 6482/711/4 7161/711/4 7164/710/4
f 6849/712/4 6841/713/4 7227/714/4 7232/715/4
f 6490/716/6 6497/717/6 7053/718/6 7050/719/6
f 6168/720/3 6491/721/3 7163/722/3 7142/723/3
f 6515/724/4 6502/725/4 7165/726/4 7168/724/4
f 6935/727/6 6946/728/6 7269/729/6 7266/727/6
f 6510/730/6 6517/731/6 7061/732/6 7058/733/6
f 6190/734/3 6511/735/3 7167/736/3 7138/737/3
f 6535/738/4 6522/739/4 7169/740/4 7172/738/4
f 6561/741/5 6244/742/5 7127/743/5 7178/744/5
f 6530/745/6 6537/746/6 7069/747/6 7066/748/6
f 6212/749/3 6531/750/3 7171/751/3 7134/752/3
f 6543/753/23 6554/754/23 6863/755/24 6854/753/25
f 6862/756/73 6868/757/20 6558/757/21 6549/756/74
f 6550/758/6 6557/759/6 7077/760/6 7074/761/6
f 6234/762/3 6551/763/3 7175/764/3 7130/765/3
f 6563/766/23 6574/767/23 6883/768/24 6874/769/25
f 6281/770/4 6273/771/4 7091/772/4 7096/770/4
f 6570/773/6 6577/774/6 7085/775/6 7082/773/6
f 6256/776/3 6571/777/3 7179/778/3 7126/779/3
f 6595/780/4 6582/781/4 7181/782/4 7184/783/4
f 6476/784/3 6150/785/3 7047/785/3 7046/786/3
f 6590/787/6 6597/788/6 7093/788/6 7090/789/6
f 6278/790/3 6591/791/3 7183/792/3 7122/793/3
f 6615/794/4 6602/795/4 7185/796/4 7188/797/4
f 6940/798/5 6936/799/5 7265/800/5 7268/801/5
f 6610/802/6 6617/803/6 7101/804/6 7098/805/6
f 6300/806/3 6611/807/3 7187/808/3 7118/809/3
f 6635/810/4 6622/811/4 7189/812/4 7192/813/4
f 6580/814/1 6587/815/1 6271/816/1 6263/817/1
f 6630/818/6 6637/819/6 7109/820/6 7106/821/6
f 6412/822/5 6422/823/5 6090/824/5 6080/825/5
f 6948/826/8 6730/827/26 6418/828/26 6639/826/8
f 6645/829/2 6649/830/2 6961/831/2 6957/829/2
f 6648/832/2 6652/833/2 6340/834/2 6336/835/2
f 6650/836/2 6654/837/2 6966/838/2 6962/839/2
f 6653/840/2 6657/841/2 6969/842/2 6965/840/2
f 6656/843/2 6660/844/2 6348/845/2 6344/846/2
f 6658/847/2 6662/848/2 6974/849/2 6970/850/2
f 6661/851/2 6665/852/2 6977/853/2 6973/854/2
f 6664/855/2 6668/856/2 6356/857/2 6352/858/2
f 6666/859/2 6670/860/2 6982/861/2 6978/862/2
f 6669/863/2 6673/864/2 6985/865/2 6981/866/2
f 6672/867/2 6676/868/2 6364/869/2 6360/870/2
f 6674/871/2 6678/872/2 6990/873/2 6986/874/2
f 6677/875/2 6681/876/2 6993/876/2 6989/875/2
f 6680/877/2 6684/878/2 6372/879/2 6368/880/2
f 6682/881/2 6686/882/2 6998/883/2 6994/884/2
f 6685/885/2 6689/886/2 7001/886/2 6997/887/2
f 6688/888/2 6692/889/2 6380/890/2 6376/891/2
f 6690/892/2 6694/893/2 7006/894/2 7002/895/2
f 6693/896/2 6697/897/2 7009/898/2 7005/896/2
f 6696/899/2 6700/900/2 6388/901/2 6384/902/2
f 6698/903/2 6702/904/2 7014/905/2 7010/906/2
f 6701/907/2 6705/908/2 7017/909/2 7013/910/2
f 6704/911/2 6708/912/2 6396/913/2 6392/914/2
f 6706/915/2 6710/916/2 7022/917/2 7018/918/2
f 6709/919/2 6713/920/2 7025/921/2 7021/922/2
f 6712/923/2 6716/924/2 6404/925/2 6400/926/2
f 6714/927/2 6718/928/2 7030/929/2 7026/930/2
f 6726/931/5 6732/932/5 6734/933/5 6724/934/5
f 7028/930/2 7032/935/2 6720/936/2 6716/937/2
f 7023/938/2 7027/939/2 6715/940/2 6711/941/2
f 7435/942/4 7437/473/4 7273/474/4 7277/472/4
f 7020/918/2 7024/917/2 6712/943/2 6708/944/2
f 7015/945/2 7019/946/2 6707/947/2 6703/945/2
f 7022/948/2 7026/949/2 7028/950/2 7024/951/2
f 7012/906/2 7016/952/2 6704/953/2 6700/954/2
f 7007/955/2 7011/956/2 6699/957/2 6695/958/2
f 7014/959/2 7018/960/2 7020/961/2 7016/962/2
f 7004/895/2 7008/963/2 6696/964/2 6692/965/2
f 6999/966/2 7003/967/2 6691/967/2 6687/966/2
f 7006/968/2 7010/969/2 7012/970/2 7008/971/2
f 6996/972/2 7000/973/2 6688/974/2 6684/975/2
f 6991/976/2 6995/977/2 6683/978/2 6679/979/2
f 6998/980/2 7002/981/2 7004/982/2 7000/983/2
f 6988/984/2 6992/985/2 6680/986/2 6676/987/2
f 6983/988/2 6987/989/2 6675/990/2 6671/988/2
f 6990/991/2 6994/992/2 6996/993/2 6992/994/2
f 6980/995/2 6984/996/2 6672/997/2 6668/998/2
f 6975/999/2 6979/1000/2 6667/1001/2 6663/1002/2
f 6982/1003/2 6986/1004/2 6988/1005/2 6984/1006/2
f 6972/1007/2 6976/1008/2 6664/1009/2 6660/1010/2
f 6967/1011/2 6971/1012/2 6659/1013/2 6655/1014/2
f 6974/1015/2 6978/1016/2 6980/1017/2 6976/1018/2
f 6964/1019/2 6968/1020/2 6656/1021/2 6652/1022/2
f 6959/1023/2 6963/1024/2 6651/1025/2 6647/1026/2
f 6966/1027/2 6970/1028/2 6972/1029/2 6968/1030/2
f 6956/1031/2 6960/1032/2 6648/1033/2 6644/1034/2
f 6415/1035/5 6419/1036/5 6729/1036/5 6725/1037/5
f 6944/1038/1 6735/1039/1 6731/1040/1 6952/1041/1
f 6942/1042/7 6949/1043/7 6638/1044/8 6629/1042/8
f 6866/1045/3 6870/1046/3 7239/1047/3 7238/1048/3
f 6932/1049/8 6938/1050/8 6628/1051/8 6619/1049/8
f 6926/1052/3 6930/1053/3 7263/1054/3 7262/1055/3
f 6922/1056/7 6928/1057/7 6618/1058/8 6609/1056/8
f 6277/1059/1 6289/1060/1 6605/1061/1 6592/1062/1
f 6912/1063/8 6918/1064/8 6608/1065/8 6599/1063/8
f 6920/1066/5 6916/1067/5 7257/1068/5 7260/1066/5
f 6902/1069/7 6908/1070/7 6598/1071/8 6589/1069/8
f 6533/1072/27 6544/1073/27 6853/1074/28 6844/1072/29
f 6892/1075/8 6898/1076/8 6588/1077/8 6579/1078/8
f 6900/1079/5 6896/1080/5 7249/1081/5 7252/1082/5
f 6575/1083/4 6562/1084/4 7177/1085/4 7180/1086/4
f 6140/1087/5 6466/1088/5 7041/1089/5 7044/1090/5
f 6872/1091/8 6878/1092/8 6568/1092/8 6559/1091/8
f 6880/1093/5 6876/1094/5 7241/1095/5 7244/1096/5
f 6555/1097/4 6542/1098/4 7173/1098/4 7176/1099/4
f 6869/1100/4 6861/1101/4 7235/1102/4 7240/1103/4
f 6852/1104/8 6858/1105/77 6548/1106/78 6539/1104/8
f 6860/1107/5 6856/1108/5 7233/1109/5 7236/1110/5
f 6842/1111/7 6848/1112/7 6538/1113/8 6529/1111/8
f 6915/1114/6 6927/1115/6 7261/1116/6 7258/1117/6
f 6832/1118/8 6838/1119/8 6528/1120/8 6519/1118/8
f 6840/1121/5 6836/1122/5 7225/1123/5 7228/1124/5
f 6822/1125/7 6828/1126/7 6518/1127/8 6509/1125/8
f 6581/1128/5 6268/1129/5 7123/1130/5 7182/1131/5
f 6812/1132/8 6818/1133/8 6508/1134/8 6499/1135/8
f 6820/1136/5 6816/1137/5 7217/1138/5 7220/1139/5
f 6802/1140/7 6808/1141/7 6498/1142/8 6489/1143/8
f 6523/1144/23 6534/1145/23 6843/1145/24 6834/1144/25
f 6792/1146/8 6798/1147/8 6488/1148/8 6479/1149/8
f 6800/1150/5 6796/1151/5 7209/1152/5 7212/1153/5
f 6782/1154/7 6788/1155/7 6478/1156/8 6469/1157/8
f 6252/1158/4 6260/1159/4 7360/1160/4 7356/1161/4
f 6772/1162/8 6778/1163/8 6468/1164/8 6459/1165/8
f 6780/1166/5 6776/1167/5 7201/1168/5 7204/1169/5
f 6762/1170/7 6768/1171/7 6458/1172/8 6449/1173/8
f 6456/1174/3 6130/1175/3 7039/1176/3 7038/1177/3
f 6752/1178/26 6758/1179/8 6448/1180/8 6440/1178/26
f 6760/1181/5 6756/1182/5 7193/1183/5 7196/1181/5
f 6737/1184/3 6749/1185/3 6439/1186/3 6427/1187/3
f 6742/1188/3 6748/1189/3 6750/1190/3 6740/1191/3
f 6434/1192/13 6444/1193/12 6753/1194/15 6746/1192/13
f 6747/1195/1 6757/1196/1 6759/1197/1 6751/1198/1
f 6717/1199/2 6432/1200/2 6744/1201/2 7029/1199/2
f 7030/1202/2 6743/1203/2 6739/1204/2 7032/1205/2
f 6728/1206/2 6955/1207/2 6643/1208/2 6416/1206/2
f 6723/1209/2 6954/1210/2 6956/1211/2 6727/1212/2
f 6573/1213/27 6584/1214/27 6893/1215/28 6884/1216/29
f 6233/1217/1 6245/1218/1 6565/1219/1 6552/1220/1
f 6826/1221/3 6830/1222/3 7223/1223/3 7222/1224/3
f 6620/1225/1 6627/1226/1 6315/1227/1 6307/1228/1
f 6516/1229/3 6194/1230/3 7063/1231/3 7062/1232/3
f 6326/1233/4 6317/1234/4 7107/1234/4 7112/1235/4
f 6583/1236/16 6594/1237/16 6903/1238/17 6894/1239/18
f 6521/1240/5 6200/1241/5 7135/1242/5 7170/1243/5
f 6809/1244/4 6801/1245/4 7211/1246/4 7216/1244/4
f 6206/1247/5 6526/1248/5 7065/1249/5 7068/1250/5
f 6593/1251/12 6604/1252/12 6913/1253/15 6904/1254/14
f 6211/1255/1 6225/1256/1 6545/1257/1 6532/1258/1
f 6806/1259/3 6810/1260/3 7215/1261/3 7214/1262/3
f 6334/1263/2 6338/1264/2 6650/1265/2 6646/1266/2
f 6536/1267/3 6218/1268/3 7071/1268/3 7070/1269/3
f 6603/1270/23 6614/1271/23 6923/1272/24 6914/1270/25
f 6501/1273/5 6180/1274/5 7139/1275/5 7166/1276/5
f 6789/1277/4 6781/1278/4 7203/1279/4 7208/1277/4
f 6228/1280/5 6546/1281/5 7073/1282/5 7076/1283/5
f 6613/1284/27 6624/1285/27 6933/1286/28 6924/1287/29
f 6189/1288/1 6201/1289/1 6525/1290/1 6512/1291/1
f 6786/1292/3 6790/1293/3 7207/1294/3 7206/1295/3
f 6556/1296/3 6238/1297/3 7079/1297/3 7078/1298/3
f 6755/1299/6 6767/1300/6 7197/1300/6 7194/1301/6
f 6623/1302/16 6634/1303/16 6947/1304/17 6934/1305/18
f 6481/1306/5 6156/1307/5 7143/1308/5 7162/1309/5
f 6769/1310/4 6761/1311/4 7195/1312/4 7200/1313/4
f 6250/1314/5 6566/1315/5 7081/1316/5 7084/1317/5
f 6642/1318/2 6646/1319/2 6958/1320/2 6954/1321/2
f 6167/1322/1 6181/1323/1 6505/1324/1 6492/1325/1
f 6766/1326/3 6770/1327/3 7199/1328/3 7198/1329/3
f 6765/1330/1 6777/1331/1 6779/1332/1 6771/1333/1
f 6576/1334/3 6262/1335/3 7087/1335/3 7086/1336/3
f 6775/1337/6 6787/1338/6 7205/1338/6 7202/1339/6
f 6461/1340/5 6136/1341/5 7147/1342/5 7158/1343/5
f 6272/1344/5 6586/1345/5 7089/1346/5 7092/1347/5
f 6145/1348/1 6157/1349/1 6485/1350/1 6472/1351/1
f 6785/1352/1 6797/1353/1 6799/1354/1 6791/1355/1
f 6596/1356/3 6282/1357/3 7095/1358/3 7094/1359/3
f 6120/1360/4 6128/1361/4 7342/1361/4 7338/1362/4
f 6795/1363/6 6807/1364/6 7213/1364/6 7210/1365/6
f 6441/1366/5 6112/1367/5 7151/1368/5 7154/1369/5
f 6294/1370/5 6606/1371/5 7097/1372/5 7100/1373/5
f 6123/1374/1 6137/1375/1 6465/1376/1 6452/1377/1
f 6460/1378/1 6467/1379/1 6139/1380/1 6131/1381/1
f 6805/1382/1 6817/1383/1 6819/1384/1 6811/1385/1
f 6616/1386/3 6306/1387/3 7103/1387/3 7102/1388/3
f 6149/1389/4 6141/1390/4 7043/1391/4 7048/1389/4
f 6815/1392/6 6827/1393/6 7221/1393/6 7218/1394/6
f 6316/1395/5 6626/1396/5 7105/1397/5 7108/1398/5
f 6480/1399/1 6487/1400/1 6161/1401/1 6151/1402/1
f 6825/1403/1 6837/1404/1 6839/1405/1 6831/1406/1
f 6636/1407/3 6327/1408/3 7111/1408/3 7110/1409/3
f 6164/1410/4 6172/1411/4 7348/1412/4 7344/1410/4
f 6443/1413/16 6454/1414/16 6763/1415/17 6754/1413/18
f 6835/1416/6 6847/1417/6 7229/1418/6 7226/1416/6
f 6950/1419/4 6941/1420/4 7267/1421/4 7272/1422/4
f 6453/1423/27 6464/1424/27 6773/1425/28 6764/1423/29
f 6945/1426/3 6951/1427/3 7271/1428/3 7270/1429/3
f 6500/1430/1 6507/1431/1 6183/1432/1 6175/1433/1
f 6845/1434/1 6857/1435/1 6859/1436/1 6851/1437/1
f 6193/1438/4 6185/1439/4 7059/1440/4 7064/1441/4
f 6463/1442/23 6474/1443/23 6783/1444/24 6774/1442/25
f 6855/1445/6 6867/1446/6 7237/1447/6 7234/1445/6
f 6929/1448/4 6921/1449/4 7259/1450/4 7264/1451/4
f 6473/1452/12 6484/1453/12 6793/1454/15 6784/1452/14
f 6925/1455/1 6937/1456/1 6939/1457/1 6931/1458/1
f 6520/1459/1 6527/1460/1 6205/1461/1 6195/1462/1
f 6865/1463/1 6877/1464/1 6879/1465/1 6871/1466/1
f 6483/1467/16 6494/1468/16 6803/1469/17 6794/1467/18
f 6208/1470/4 6216/1471/4 7354/1472/4 7350/1473/4
f 6875/1474/6 6887/1475/6 7245/1476/6 7242/1474/6
f 6621/1477/5 6312/1478/5 7115/1479/5 7190/1480/5
f 6909/1481/4 6901/1482/4 7251/1483/4 7256/1481/4
f 6493/1484/27 6504/1485/27 6813/1486/28 6804/1484/29
f 6321/1487/3 6631/1488/3 7191/1489/3 7114/1490/3
f 6906/1491/3 6910/1492/3 7255/1493/3 7254/1494/3
f 6540/1495/1 6547/1496/1 6227/1497/1 6219/1498/1
f 6885/1499/1 6897/1500/1 6899/1501/1 6891/1502/1
f 6237/1503/4 6229/1504/4 7075/1505/4 7080/1506/4
f 6503/1507/23 6514/1508/23 6823/1509/24 6814/1507/25
f 6601/1510/5 6288/1511/5 7119/1512/5 7186/1513/5
f 6895/1514/6 6907/1515/6 7253/1516/6 7250/1517/6
f 6889/1518/4 6881/1519/4 7243/1520/4 7248/1518/4
f 6118/1521/5 6446/1522/5 7033/1523/5 7036/1524/5
f 6513/1525/12 6524/1526/12 6833/1527/15 6824/1528/14
f 6299/1529/1 6313/1530/1 6625/1531/1 6612/1532/1
f 6886/1533/3 6890/1534/3 7247/1535/3 7246/1536/3
f 6560/1537/1 6567/1538/1 6249/1539/1 6239/1540/1
f 6905/1541/1 6917/1542/1 6919/1543/1 6911/1544/1
f 7345/1545/1 7347/1546/1 7315/1547/1 7313/1548/1
f 7351/1549/1 7353/1550/1 7321/1551/1 7319/1552/1
f 7357/1553/1 7359/1554/1 7327/1555/1 7325/1556/1
f 7364/1557/1 7366/1558/1 7334/1559/1 7332/1560/1
f 7330/1561/6 7401/1561/6 7477/1562/6 7469/1561/6
f 7274/1563/4 7436/1564/4 7462/1565/4 7448/1566/4
f 7291/1567/1 7289/1568/1 7386/1569/1 7382/1570/1
f 7297/1571/1 7295/1572/1 7380/1573/1 7376/1574/1
f 7303/1575/1 7301/1576/1 7374/1577/1 7370/1578/1
f 7339/1579/1 7341/1580/1 7309/1581/1 7307/1582/1
f 6132/1583/1 6138/1584/1 5998/1585/1 5994/1586/1
f 6199/1587/6 6213/1588/6 7133/553/6 7136/1589/6
f 5844/1590/5 6253/1591/5 7390/1592/5 7282/1593/5
f 6142/1594/1 6148/1595/1 6002/1596/1 5999/1597/1
f 6217/1471/4 6207/1598/4 7067/1599/4 7072/1600/4
f 7279/487/1 7393/1601/1 7474/486/1 7471/488/1
f 5893/1602/1 5890/1603/1 6143/1604/1 6134/1605/1
f 6025/1606/3 6203/1607/3 7349/1608/3 7318/1609/3
f 7426/1610/6 7398/1611/6 7452/1612/6 7459/1610/6
f 6111/1613/6 6125/613/6 7149/613/6 7152/614/6
f 7503/1614/4 7525/1615/4 7413/1615/4 7419/1614/4
f 6129/1361/4 6119/1362/4 7035/1360/4 7040/1361/4
f 6176/1616/1 6182/1617/1 6016/1618/1 6012/1619/1
f 5889/1620/1 5886/1621/1 6158/1622/1 6144/1623/1
f 5862/1624/5 6209/1625/5 7384/1626/5 7288/1624/5
f 5857/1627/1 5854/1628/1 6231/1629/1 6222/1630/1
f 6186/1631/1 6192/1632/1 6020/1633/1 6017/1634/1
f 6243/1635/6 6257/1636/6 7125/523/6 7128/522/6
f 6043/1637/3 6247/1638/3 7355/1639/3 7324/1640/3
f 6261/1641/4 6251/1642/4 7083/1643/4 7088/1644/4
f 5853/1645/1 5850/1646/1 6246/1647/1 6232/1648/1
f 5911/1649/6 6072/1650/6 6074/1651/6 5910/1652/6
f 5989/1653/3 6115/1654/3 7337/1655/3 7306/1656/3
f 6220/1657/1 6226/1658/1 6034/1659/1 6030/1660/1
f 6155/583/6 6169/1661/6 7141/584/6 7144/583/6
f 5880/1662/5 6165/1663/5 7378/1664/5 7294/1665/5
f 6230/1666/1 6236/1667/1 6038/1668/1 6035/1669/1
f 6173/1412/4 6163/1670/4 7051/1671/4 7056/1411/4
f 6109/1672/3 5906/1673/3 7304/1674/3 7369/1675/3
f 7278/1676/1 7276/1677/1 7400/1678/1 7394/1679/1
f 7415/1680/2 7407/1681/2 7458/1682/2 7454/99/2
f 7405/45/2 7417/1683/2 7488/1684/2 7478/46/2
f 7514/1685/3 7499/1684/3 7418/44/3 7404/1686/3
f 7558/1687/3 7565/1688/3 7433/1689/3 7424/1601/3
f 7455/1690/5 7457/98/5 7445/98/5 7443/99/5
f 7564/472/4 7539/474/4 7438/474/4 7434/1691/4
f 7425/1692/2 7432/1693/2 7485/488/2 7481/1694/2
f 7533/1695/6 7554/1696/6 7423/1696/6 7429/1697/6
f 7479/1686/3 7487/1684/3 7466/44/3 7470/46/3
f 7464/1698/5 7460/1699/5 7451/1700/5 7449/1698/5
f 7543/1701/5 7529/1702/5 7428/1703/5 7439/1698/5
f 7397/1704/1 7275/1705/1 7447/1698/1 7450/1703/1
f 7493/1706/6 7515/1707/6 7403/1708/6 7409/1706/6
f 7406/1709/6 7336/1710/6 7446/1710/6 7456/1711/6
f 7430/1712/6 7422/1713/6 7395/1714/6 7399/492/6
f 7420/1715/4 7412/1615/4 7367/1716/4 7363/1717/4
f 7497/1718/6 7491/1718/6 7569/1718/6 7572/1718/6
f 7482/486/3 7484/488/3 7472/488/3 7476/486/3
f 7440/1719/2 7427/1720/2 7461/1703/2 7463/1698/2
f 7410/1706/6 7402/1708/6 7329/1721/6 7333/88/6
f 7285/1722/1 7283/1723/1 7392/1724/1 7388/1725/1
f 7524/1726/5 7489/570/5 7408/97/5 7414/99/5
f 7368/1727/4 7411/1728/4 7453/1729/4 7442/1728/4
f 7431/1730/4 7280/1730/4 7473/1731/4 7483/1730/4
f 6305/1732/4 6295/1614/4 7099/1733/4 7104/1734/4
f 7500/1735/1 7518/1736/1 7604/46/1 7594/44/1
f 6061/1737/3 6291/1735/3 7504/44/3 7509/46/3
f 7490/1738/1 7528/1726/1 7580/96/1 7570/98/1
f 6308/1739/1 6314/1740/1 6070/1741/1 6066/1742/1
f 7510/1736/2 7508/1735/2 7598/44/2 7600/46/2
f 6318/1743/1 6325/1744/1 6075/1745/1 6071/1746/1
f 7546/1701/2 7538/1699/2 7586/1747/2 7591/1698/2
f 5839/1748/1 5836/1749/1 6275/1750/1 6266/1751/1
f 7566/1689/1 7557/1752/1 7610/1601/1 7615/488/1
f 6287/1753/6 6301/1754/6 7117/1755/6 7120/1714/6
f 7530/1756/1 7542/1719/1 7589/1698/1 7582/1703/1
f 5835/1757/1 5832/1758/1 6290/1759/1 6276/1760/1
f 7541/1761/4 7547/1564/4 7590/1566/4 7587/1761/4
f 5826/1698/5 6297/1699/5 7534/1699/5 7545/1701/5
f 7556/541/6 7552/1762/6 7605/541/6 7608/541/6
f 7592/1763/5 7585/1747/5 7583/1764/5 7588/1765/5
f 7601/1736/3 7597/1684/3 7595/1766/3 7603/46/3
f 7520/99/2 7498/97/2 7574/98/2 7576/1767/2
f 7537/1768/6 7531/1610/6 7581/1612/6 7584/1610/6
f 7536/1695/6 7553/490/6 7555/1714/6 7532/1769/6
f 7507/1770/4 7501/481/4 7593/1770/4 7596/1770/4
f 7496/91/6 7512/1771/6 7516/1771/6 7492/1772/6
f 7560/472/4 7548/474/4 7540/1773/4 7568/942/4
f 7607/1774/3 7612/487/3 7616/488/3 7609/1601/3
f 7527/1729/4 7521/1775/4 7575/1775/4 7578/1729/4
f 7561/1776/4 7567/1777/4 7614/1730/4 7611/1730/4
f 7506/1778/4 7522/1732/4 7526/1779/4 7502/531/4
f 7577/1780/5 7573/1781/5 7571/1782/5 7579/99/5
f 7517/1783/6 7511/1561/6 7599/1561/6 7602/1783/6
f 7551/1784/2 7562/488/2 7613/488/2 7606/1785/2
f 5713/16/34 5714/1786/34 5715/1787/34
f 5716/1788/35 5717/1789/35 5718/1790/35
f 5719/459/36 5720/1791/36 5721/1792/36
f 5722/2/37 5723/1793/37 5724/1794/37
f 5725/20/38 5726/1795/38 5727/1796/38
f 5728/12/39 5729/1797/39 5730/1798/39
f 5731/626/40 5732/1799/40 5733/1800/40
f 5734/5/41 5735/1801/41 5736/1802/41
f 5737/631/42 5738/1803/42 5739/1804/42 5740/1805/42
f 5741/609/42 5742/1806/42 5743/1807/42 5744/1808/42
f 5745/340/42 5746/1809/42 5747/1810/42 5748/1811/42
f 5749/336/42 5750/1812/42 5751/1813/42 5752/1814/42
f 5753/332/42 5754/1815/42 5755/1816/42 5756/1817/42
f 5757/328/42 5758/1818/42 5759/1819/42 5760/1820/42
f 5761/324/42 5762/1821/42 5763/1822/42 5764/1823/42
f 5765/320/42 5766/1824/42 5767/1825/42 5768/1826/42
f 5769/316/42 5770/1827/42 5771/1828/42 5772/1829/42
f 5773/312/42 5774/1830/42 5775/1831/42 5776/1832/42
f 5777/308/42 5778/1833/42 5779/1834/42 5780/1835/42
f 5781/304/42 5782/1836/42 5783/1837/42 5784/1838/42
f 5785/300/42 5786/1839/42 5787/1840/42 5788/1841/42
f 5789/296/42 5790/1842/42 5791/1843/42 5792/1844/42
f 5793/292/42 5794/1845/42 5795/1846/42 5796/1847/42
f 5797/288/42 5798/1848/42 5799/1849/42 5800/1850/42
f 5801/284/42 5802/1851/42 5803/1852/42 5804/1853/42
f 5805/280/42 5806/1854/42 5807/1855/42 5808/1856/42
f 5809/276/42 5810/1857/42 5811/1858/42 5812/1859/42
f 5813/265/42 5814/1860/42 5815/1861/42 5816/1862/42
f 5817/1/43 5818/1863/43 5819/1864/43 5820/1865/43
f 5821/268/43 5822/1866/43 5823/1867/43 5824/1868/43
f 5825/464/44 5826/1698/44 5827/1869/44 5828/1869/44 5829/1870/44
f 5830/472/45 5831/1730/45 5832/1730/45 5833/1730/45 5834/472/45
f 5835/1757/43 5836/1871/43 5837/1872/43 5838/1873/43
f 5839/1748/43 5840/1874/43 5841/1875/43 5842/1876/43
f 5843/493/44 5844/1593/44 5845/1877/44 5846/1878/44 5847/1879/44
f 5848/501/45 5849/1880/45 5850/1880/45 5851/1880/45 5852/1881/45
f 5853/1645/43 5854/1882/43 5855/1883/43 5856/1884/43
f 5857/1627/43 5858/1885/43 5859/1886/43 5860/1887/43
f 5861/524/44 5862/1888/44 5863/1889/44 5864/1889/44 5865/1890/44
f 5866/532/45 5867/1891/45 5868/1891/45 5869/1891/45 5870/532/45
f 5871/76/43 5872/1892/43 5873/1893/43 5874/1894/43
f 5875/601/43 5876/1895/43 5877/1896/43 5878/1897/43
f 5879/554/44 5880/1662/44 5881/1898/44 5882/1899/44 5883/1900/44
f 5884/562/45 5885/1901/45 5886/1901/45 5887/1901/45 5888/1902/45
f 5889/1620/43 5890/1903/43 5891/1904/43 5892/1905/43
f 5893/1602/43 5894/1906/43 5895/1907/43 5896/1908/43
f 5897/585/44 5898/1909/44 5899/1910/44 5900/1910/44 5901/1911/44
f 5902/6/45 5903/1912/45 5904/1913/45 5905/1913/45 5906/1674/45
f 5907/639/46 5908/1914/46 5909/1915/46 5910/1916/46
f 5911/1649/46 5912/1917/46 5913/1918/46 5914/1919/46
f 5915/108/46 5916/1920/46 5917/1921/46 5918/1922/46
f 5919/112/46 5920/1923/46 5921/1924/46 5922/1925/46
f 5923/116/46 5924/1926/46 5925/1927/46 5926/1928/46
f 5927/120/46 5928/1929/46 5929/1930/46 5930/1931/46
f 5931/124/46 5932/1932/46 5933/1933/46 5934/1934/46
f 5935/128/46 5936/1935/46 5937/1936/46 5938/1937/46
f 5939/132/46 5940/1938/46 5941/1939/46 5942/1940/46
f 5943/136/46 5944/1941/46 5945/1942/46 5946/1943/46
f 5947/140/46 5948/1944/46 5949/1945/46 5950/1946/46
f 5951/144/46 5952/1947/46 5953/1948/46 5954/1949/46
f 5955/148/46 5956/1950/46 5957/1951/46 5958/1952/46
f 5959/152/46 5960/1953/46 5961/1954/46 5962/1955/46
f 5963/156/46 5964/1956/46 5965/1957/46 5966/1958/46
f 5967/160/46 5968/1959/46 5969/1960/46 5970/1961/46
f 5971/164/46 5972/1962/46 5973/1963/46 5974/1964/46
f 5975/168/46 5976/1965/46 5977/1966/46 5978/1967/46
f 5979/172/46 5980/1968/46 5981/1969/46 5982/1970/46
f 5983/618/46 5984/1971/46 5985/1972/46 5986/1973/46
f 5987/617/47 5988/1974/47 5989/1975/47 5990/1975/47 5991/1976/47
f 5992/180/48 5993/1977/48 5994/1977/48 5995/1977/48 5996/1978/48
f 5997/174/49 5998/1979/49 5999/1980/49 6000/1981/49
f 6001/170/49 6002/1982/49 6003/1983/49 6004/1984/49
f 6005/166/47 6006/1985/47 6007/1986/47 6008/1986/47 6009/1987/47
f 6010/41/48 6011/1988/48 6012/1988/48 6013/1988/48 6014/1989/48
f 6015/158/49 6016/1990/49 6017/1991/49 6018/1992/49
f 6019/154/49 6020/1993/49 6021/1994/49 6022/1995/49
f 6023/150/47 6024/1996/47 6025/1997/47 6026/1997/47 6027/1998/47
f 6028/56/48 6029/1999/48 6030/1999/48 6031/1999/48 6032/2000/48
f 6033/142/49 6034/2001/49 6035/2002/49 6036/2003/49
f 6037/138/49 6038/2004/49 6039/2005/49 6040/2006/49
f 6041/134/47 6042/2007/47 6043/2008/47 6044/2008/47 6045/2009/47
f 6046/72/48 6047/2010/48 6048/2010/48 6049/2010/48 6050/75/48
f 6051/126/49 6052/2011/49 6053/2012/49 6054/2013/49
f 6055/122/49 6056/2014/49 6057/2015/49 6058/2016/49
f 6059/118/47 6060/2017/47 6061/1561/47 6062/1561/47 6063/2018/47
f 6064/88/48 6065/1710/48 6066/1710/48 6067/1710/48 6068/91/48
f 6069/110/49 6070/2019/49 6071/2020/49 6072/2021/49
f 6073/640/49 6074/2022/49 6075/2023/49 6076/2024/49
f 6077/456/50 6078/2025/50 6079/2026/50 6080/2027/50
f 6081/2028/50 6082/2029/50 6083/2030/50 6084/2031/50
f 6085/2032/51 6086/2033/51 6087/2034/51 6088/2035/51
f 6089/457/51 6090/2036/51 6091/2037/51 6092/2038/51
f 6093/17/52 6094/185/52 6095/671/52 6096/630/52
f 6097/28/52 6098/661/52 6099/636/52 6100/633/52
f 6101/27/53 6102/8/53 6103/654/53 6104/662/53
f 6105/18/53 6106/629/53 6107/679/53 6108/9/53
f 6109/1672/49 6110/614/49 6111/1613/49 6112/1367/49 6113/655/49 6114/7/49
f 6115/1654/43 6116/10/43 6117/678/43 6118/1521/43 6119/1362/43 6120/1360/43
f 6121/61/49 6122/588/49 6123/1374/49 6124/690/49 6125/613/49 6126/613/49
f 6127/33/43 6128/1361/43 6129/1361/43 6130/1175/43 6131/1381/43 6132/1583/43
f 6133/587/54 6134/1605/54 6135/597/54 6136/1341/54 6137/1375/54
f 6138/1584/55 6139/1380/55 6140/1087/55 6141/1390/55 6142/1594/55
f 6143/1604/56 6144/1623/56 6145/1348/56 6146/706/56 6147/598/56
f 6148/1595/57 6149/1389/57 6150/785/57 6151/1402/57 6152/37/57
f 6153/577/49 6154/582/49 6155/583/49 6156/1307/49 6157/1349/49 6158/1622/49
f 6159/510/43 6160/38/43 6161/1401/43 6162/698/43 6163/1670/43 6164/1410/43
f 6165/1663/49 6166/557/49 6167/1322/49 6168/720/49 6169/1661/49 6170/581/49
f 6171/48/43 6172/1411/43 6173/1412/43 6174/544/43 6175/1433/43 6176/1616/43
f 6177/556/54 6178/604/54 6179/566/54 6180/1274/54 6181/1323/54
f 6182/1617/55 6183/1432/55 6184/468/55 6185/1439/55 6186/1631/55
f 6187/603/56 6188/79/56 6189/1288/56 6190/734/56 6191/567/56
f 6192/1632/57 6193/1438/57 6194/1230/57 6195/1462/57 6196/52/57
f 6197/546/49 6198/551/49 6199/1587/49 6200/1241/49 6201/1289/49 6202/78/49
f 6203/1607/43 6204/53/43 6205/1461/43 6206/1247/43 6207/1598/43 6208/1470/43
f 6209/1625/49 6210/527/49 6211/1255/49 6212/749/49 6213/1588/49 6214/550/49
f 6215/64/43 6216/1471/43 6217/1471/43 6218/1268/43 6219/1498/43 6220/1657/43
f 6221/526/54 6222/1630/54 6223/536/54 6224/498/54 6225/1256/54
f 6226/1658/55 6227/1497/55 6228/1280/55 6229/1504/55 6230/1666/55
f 6231/1629/56 6232/1648/56 6233/1217/56 6234/762/56 6235/537/56
f 6236/1667/57 6237/1503/57 6238/1297/57 6239/1540/57 6240/68/57
f 6241/517/49 6242/521/49 6243/1635/49 6244/742/49 6245/1218/49 6246/1647/49
f 6247/1638/43 6248/69/43 6249/1539/43 6250/1314/43 6251/1642/43 6252/1158/43
f 6253/1591/49 6254/496/49 6255/605/49 6256/776/49 6257/1636/49 6258/520/49
f 6259/80/43 6260/1159/43 6261/1641/43 6262/1335/43 6263/817/43 6264/92/43
f 6265/495/54 6266/1751/54 6267/505/54 6268/1129/54 6269/606/54
f 6270/93/55 6271/816/55 6272/1344/55 6273/771/55 6274/29/55
f 6275/1750/56 6276/1760/56 6277/1059/56 6278/790/56 6279/506/56
f 6280/30/57 6281/770/57 6282/1357/57 6283/576/57 6284/84/57
f 6285/486/49 6286/490/49 6287/1753/49 6288/1511/49 6289/1060/49 6290/1759/49
f 6291/1735/43 6292/85/43 6293/575/43 6294/1370/43 6295/1614/43 6296/528/43
f 6297/1699/49 6298/467/49 6299/1529/49 6300/806/49 6301/1754/49 6302/489/49
f 6303/96/43 6304/529/43 6305/1732/43 6306/1387/43 6307/1228/43 6308/1739/43
f 6309/466/54 6310/271/54 6311/475/54 6312/1478/54 6313/1530/54
f 6314/1740/55 6315/1227/55 6316/1395/55 6317/1234/55 6318/1743/55
f 6319/4/56 6320/619/56 6321/1487/56 6322/476/56 6323/270/56
f 6324/104/57 6325/1744/57 6326/1233/57 6327/1408/57 6328/463/57
f 6409/103/50 6410/2039/58 6411/2040/58 6412/2041/50
f 6413/647/50 6414/2042/50 6415/2043/58 6416/2044/58
f 6417/461/51 6418/2045/59 6419/2046/59 6420/2047/51
f 6421/621/51 6422/2048/51 6423/2049/59 6424/2050/59
f 6425/670/52 6426/660/60 6427/1187/60 6428/627/52
f 6429/637/52 6430/664/52 6431/665/60 6432/1200/60
f 6433/657/53 6434/1192/96 6435/666/97 6436/663/53
f 6437/676/53 6438/628/53 6439/1186/53 6440/1178/53
f 6441/1366/55 6442/681/55 6443/1413/55 6444/1193/55 6445/656/55
f 6446/1522/54 6447/677/54 6448/1180/54 6449/1173/54 6450/686/54
f 6451/691/57 6452/1377/57 6453/1423/57 6454/1414/57 6455/680/57
f 6456/1174/56 6457/687/56 6458/1172/56 6459/1165/56 6460/1378/56
f 6461/1340/55 6462/695/55 6463/1442/55 6464/1424/55 6465/1376/55
f 6466/1088/54 6467/1379/54 6468/1164/54 6469/1157/54 6470/702/54
f 6471/707/57 6472/1351/57 6473/1452/57 6474/1443/57 6475/694/57
f 6476/784/56 6477/703/56 6478/1156/56 6479/1149/56 6480/1399/56
f 6481/1306/55 6482/711/55 6483/1467/55 6484/1453/55 6485/1350/55
f 6486/699/54 6487/1400/54 6488/1148/54 6489/1143/54 6490/716/54
f 6491/721/57 6492/1325/57 6493/1484/57 6494/1468/57 6495/710/57
f 6496/543/56 6497/717/56 6498/1142/56 6499/1135/56 6500/1430/56
f 6501/1273/55 6502/725/55 6503/1507/55 6504/1485/55 6505/1324/55
f 6506/469/54 6507/1431/54 6508/1134/54 6509/1125/54 6510/730/54
f 6511/735/57 6512/1291/57 6513/1525/57 6514/1508/57 6515/724/57
f 6516/1229/56 6517/731/56 6518/1127/56 6519/1118/56 6520/1459/56
f 6521/1240/55 6522/739/55 6523/1144/55 6524/1526/55 6525/1290/55
f 6526/1248/54 6527/1460/54 6528/1120/54 6529/1111/54 6530/745/54
f 6531/750/57 6532/1258/57 6533/1072/57 6534/1145/57 6535/738/57
f 6536/1267/56 6537/746/56 6538/1113/56 6539/1104/56 6540/1495/56
f 6541/497/55 6542/1098/55 6543/753/55 6544/1073/55 6545/1257/55
f 6546/1281/54 6547/1496/54 6548/1106/54 6549/756/54 6550/758/54
f 6551/763/57 6552/1220/57 6553/682/57 6554/754/57 6555/1097/57
f 6556/1296/56 6557/759/56 6558/757/56 6559/1091/56 6560/1537/56
f 6561/741/55 6562/1084/55 6563/766/55 6564/683/55 6565/1219/55
f 6566/1315/54 6567/1538/54 6568/1092/54 6569/516/54 6570/773/54
f 6571/777/57 6572/608/57 6573/1213/57 6574/767/57 6575/1083/57
f 6576/1334/56 6577/774/56 6578/515/56 6579/1078/56 6580/814/56
f 6581/1128/55 6582/781/55 6583/1236/55 6584/1214/55 6585/607/55
f 6586/1345/54 6587/815/54 6588/1077/54 6589/1069/54 6590/787/54
f 6591/791/57 6592/1062/57 6593/1251/57 6594/1237/57 6595/780/57
f 6596/1356/56 6597/788/56 6598/1071/56 6599/1063/56 6600/573/56
f 6601/1510/55 6602/795/55 6603/1270/55 6604/1252/55 6605/1061/55
f 6606/1371/54 6607/574/54 6608/1065/54 6609/1056/54 6610/802/54
f 6611/807/57 6612/1532/57 6613/1284/57 6614/1271/57 6615/794/57
f 6616/1386/56 6617/803/56 6618/1058/56 6619/1049/56 6620/1225/56
f 6621/1477/55 6622/811/55 6623/1302/55 6624/1285/55 6625/1531/55
f 6626/1396/54 6627/1226/54 6628/1051/54 6629/1042/54 6630/818/54
f 6631/1488/57 6632/622/57 6633/673/57 6634/1303/57 6635/810/57
f 6636/1407/56 6637/819/56 6638/1044/56 6639/826/56 6640/460/56
f 6721/352/58 6722/2051/58 6723/2052/50 6724/2053/50
f 6725/1037/58 6726/2054/50 6727/2055/50 6728/2056/58
f 6729/1036/59 6730/2057/59 6731/2058/51 6732/2059/51
f 6733/353/59 6734/2060/51 6735/2061/51 6736/2062/59
f 6737/1184/60 6738/659/60 6739/1204/52 6740/1191/52
f 6741/668/60 6742/1188/52 6743/1203/52 6744/1201/60
f 6745/667/96 6746/1192/97 6747/1195/53 6748/1189/53
f 6749/1185/53 6750/1190/53 6751/1198/53 6752/1178/53
f 6753/1194/15 6754/1413/18 6755/1299/54 6756/1182/54 6757/1196/54
f 6758/1179/55 6759/1197/55 6760/1181/55 6761/1311/55 6762/1170/55
f 6763/1415/17 6764/1423/29 6765/1330/56 6766/1326/56 6767/1300/56
f 6768/1171/57 6769/1310/57 6770/1327/57 6771/1333/57 6772/1162/57
f 6773/1425/28 6774/1442/25 6775/1337/54 6776/1167/54 6777/1331/54
f 6778/1163/55 6779/1332/55 6780/1166/55 6781/1278/55 6782/1154/55
f 6783/1444/24 6784/1452/14 6785/1352/56 6786/1292/56 6787/1338/56
f 6788/1155/57 6789/1277/57 6790/1293/57 6791/1355/57 6792/1146/57
f 6793/1454/15 6794/1467/18 6795/1363/54 6796/1151/54 6797/1353/54
f 6798/1147/55 6799/1354/55 6800/1150/55 6801/1245/55 6802/1140/55
f 6803/1469/17 6804/1484/29 6805/1382/56 6806/1259/56 6807/1364/56
f 6808/1141/57 6809/1244/57 6810/1260/57 6811/1385/57 6812/1132/57
f 6813/1486/28 6814/1507/25 6815/1392/54 6816/1137/54 6817/1383/54
f 6818/1133/55 6819/1384/55 6820/1136/55 6821/483/55 6822/1125/55
f 6823/1509/24 6824/1528/14 6825/1403/56 6826/1221/56 6827/1393/56
f 6828/1126/57 6829/482/57 6830/1222/57 6831/1406/57 6832/1118/57
f 6833/1527/15 6834/1144/25 6835/1416/54 6836/1122/54 6837/1404/54
f 6838/1119/55 6839/1405/55 6840/1121/55 6841/713/55 6842/1111/55
f 6843/1145/24 6844/1072/29 6845/1434/56 6846/589/56 6847/1417/56
f 6848/1112/57 6849/712/57 6850/590/57 6851/1437/57 6852/1104/57
f 6853/1074/28 6854/753/25 6855/1445/54 6856/1108/54 6857/1435/54
f 6858/1105/77 6859/1436/55 6860/1107/55 6861/1101/55 6862/756/73
f 6863/755/24 6864/685/14 6865/1463/56 6866/1045/56 6867/1446/56
f 6868/757/57 6869/1100/57 6870/1046/57 6871/1466/57 6872/1091/57
f 6873/684/15 6874/769/25 6875/1474/54 6876/1094/54 6877/1464/54
f 6878/1092/55 6879/1465/55 6880/1093/55 6881/1519/55 6882/513/55
f 6883/768/24 6884/1216/29 6885/1499/56 6886/1533/56 6887/1475/56
f 6888/514/57 6889/1518/57 6890/1534/57 6891/1502/57 6892/1075/57
f 6893/1215/28 6894/1239/18 6895/1514/54 6896/1080/54 6897/1500/54
f 6898/1076/55 6899/1501/55 6900/1079/55 6901/1482/55 6902/1069/55
f 6903/1238/17 6904/1254/14 6905/1541/56 6906/1491/56 6907/1515/56
f 6908/1070/57 6909/1481/57 6910/1492/57 6911/1544/57 6912/1063/57
f 6913/1253/15 6914/1270/25 6915/1114/54 6916/1067/54 6917/1542/54
f 6918/1064/55 6919/1543/55 6920/1066/55 6921/1449/55 6922/1056/55
f 6923/1272/24 6924/1287/29 6925/1455/56 6926/1052/56 6927/1115/56
f 6928/1057/57 6929/1448/57 6930/1053/57 6931/1458/57 6932/1049/57
f 6933/1286/28 6934/1305/18 6935/727/54 6936/799/54 6937/1456/54
f 6938/1050/55 6939/1457/55 6940/798/55 6941/1420/55 6942/1042/55
f 6943/673/14 6944/1038/56 6945/1426/56 6946/728/56 6947/1304/17
f 6948/826/57 6949/1043/57 6950/1419/57 6951/1427/57 6952/1041/57
f 7273/474/43 7274/1564/43 7275/1564/43 7276/474/43
f 7277/472/43 7278/2063/43 7279/1730/43 7280/1730/43
f 7281/503/37 7282/2064/37 7283/503/37
f 7284/504/41 7285/1881/41 7286/1880/41
f 7287/534/37 7288/2065/37 7289/534/37
f 7290/535/41 7291/535/41 7292/2066/41
f 7293/564/37 7294/2067/37 7295/563/37
f 7296/565/41 7297/2068/41 7298/2069/41
f 7299/595/37 7300/2070/37 7301/2071/37
f 7302/596/41 7303/596/41 7304/2072/41
f 7305/182/39 7306/1975/39 7307/181/39
f 7308/183/35 7309/1978/35 7310/2073/35
f 7311/42/39 7312/1986/39 7313/42/39
f 7314/43/35 7315/1989/35 7316/1988/35
f 7317/58/39 7318/1997/39 7319/2074/39
f 7320/59/35 7321/2075/35 7322/1999/35
f 7323/74/39 7324/2008/39 7325/74/39
f 7326/75/35 7327/75/35 7328/2010/35
f 7329/1721/49 7330/1561/49 7331/1561/49 7332/2076/49
f 7333/88/49 7334/91/49 7335/1710/49 7336/1710/49
f 7337/1655/41 7338/1362/41 7339/1579/41
f 7340/36/37 7341/1580/37 7342/1361/37
f 7343/511/41 7344/1410/41 7345/1545/41
f 7346/51/37 7347/1546/37 7348/1412/37
f 7349/1608/41 7350/1473/41 7351/1549/41
f 7352/67/37 7353/1550/37 7354/1472/37
f 7355/1639/41 7356/1161/41 7357/1553/41
f 7358/83/37 7359/1554/37 7360/1160/37
f 7361/44/43 7362/480/43 7363/1717/43 7364/1557/43
f 7365/571/43 7366/1558/43 7367/1716/43 7368/1727/43
f 7369/1675/39 7370/1578/39 7371/614/39
f 7372/62/35 7373/613/35 7374/1577/35
f 7375/580/39 7376/1574/39 7377/583/39
f 7378/1664/35 7379/584/35 7380/1573/35
f 7381/549/39 7382/1570/39 7383/552/39
f 7384/1626/35 7385/553/35 7386/1569/35
f 7387/519/39 7388/1725/39 7389/522/39
f 7390/1592/35 7391/523/35 7392/1724/35
f 7393/1601/49 7394/1679/49 7395/1714/49 7396/540/49
f 7397/1704/49 7398/1611/49 7399/492/49 7400/1678/49
f 7401/1561/64 7402/1561/64 7403/1561/64 7404/1561/64 7405/1561/64
f 7406/1709/65 7407/1718/65 7408/1718/65 7409/1718/65 7410/1718/65
f 7411/1728/66 7412/1615/66 7413/1615/66 7414/99/66 7415/1680/66
f 7416/479/67 7417/1683/67 7418/44/67 7419/1614/67 7420/1715/67
f 7421/541/64 7422/1713/64 7423/1696/64 7424/1601/64 7425/1692/64
f 7426/1610/65 7427/1720/65 7428/1703/65 7429/1697/65 7430/1712/65
f 7431/1730/67 7432/1730/67 7433/1730/67 7434/1730/67 7435/1730/67
f 7436/1564/66 7437/1564/66 7438/1564/66 7439/1564/66 7440/1564/66
f 7441/572/37 7442/1728/37 7443/99/37
f 7444/98/35 7445/98/35 7446/2077/35
f 7447/1698/37 7448/1869/37 7449/1701/37
f 7450/1703/35 7451/1700/35 7452/1612/35
f 7453/1729/36 7454/99/36 7455/1690/36
f 7456/1711/34 7457/1718/34 7458/1718/34
f 7459/1610/34 7460/1699/34 7461/1703/34
f 7462/1565/36 7463/1564/36 7464/1564/36
f 7465/47/41 7466/44/41 7467/479/41
f 7468/46/39 7469/2078/39 7470/46/39
f 7471/488/41 7472/488/41 7473/2079/41
f 7474/486/39 7475/540/39 7476/486/39
f 7477/1562/38 7478/1561/38 7479/1561/38
f 7480/542/38 7481/1694/38 7482/486/38
f 7483/1730/40 7484/1730/40 7485/2080/40
f 7486/481/40 7487/1684/40 7488/1684/40
f 7489/570/48 7490/1781/48 7491/2081/48 7492/2081/48 7493/2081/48
f 7494/98/65 7495/2077/65 7496/2077/65 7497/2077/65 7498/98/65
f 7499/1684/45 7500/1735/45 7501/481/45 7502/531/45 7503/1614/45
f 7504/44/67 7505/531/67 7506/1778/67 7507/1770/67 7508/1735/67
f 7509/46/64 7510/1737/64 7511/2082/64 7512/2082/64 7513/2083/64
f 7514/1685/47 7515/2082/47 7516/2082/47 7517/2082/47 7518/2084/47
f 7519/99/66 7520/99/66 7521/1775/66 7522/1732/66 7523/530/66
f 7524/1726/44 7525/1615/44 7526/1779/44 7527/1729/44 7528/1726/44
f 7529/1702/48 7530/1756/48 7531/1610/48 7532/1769/48 7533/1695/48
f 7534/1699/65 7535/492/65 7536/1695/65 7537/1768/65 7538/1699/65
f 7539/474/44 7540/474/44 7541/1564/44 7542/1564/44 7543/1565/44
f 7544/474/66 7545/1564/66 7546/1564/66 7547/1564/66 7548/474/66
f 7549/491/64 7550/486/64 7551/1784/64 7552/1762/64 7553/490/64
f 7554/1696/47 7555/1714/47 7556/541/47 7557/1752/47 7558/1687/47
f 7559/472/67 7560/2063/67 7561/1730/67 7562/1730/67 7563/1730/67
f 7564/472/45 7565/1730/45 7566/1730/45 7567/1730/45 7568/472/45
f 7569/1718/35 7570/1710/35 7571/1718/35
f 7572/1718/34 7573/1710/34 7574/1718/34
f 7575/1775/36 7576/1767/36 7577/1780/36
f 7578/1729/37 7579/99/37 7580/96/37
f 7581/1612/35 7582/1703/35 7583/1764/35
f 7584/1610/34 7585/1747/34 7586/1747/34
f 7587/1761/37 7588/1564/37 7589/1564/37
f 7590/1566/36 7591/1564/36 7592/1761/36
f 7593/1770/41 7594/44/41 7595/1766/41
f 7596/1770/40 7597/1684/40 7598/44/40
f 7599/1561/38 7600/1561/38 7601/1561/38
f 7602/1783/39 7603/1561/39 7604/1561/39
f 7605/541/38 7606/1785/38 7607/1774/38
f 7608/541/39 7609/1601/39 7610/1601/39
f 7611/1730/40 7612/1730/40 7613/1731/40
f 7614/1730/41 7615/1730/41 7616/2080/41
f 6084/13/50 5713/16/50 5715/1787/50 6081/2085/50
f 5714/642/68 5717/641/68 5716/2086/68 5715/2087/68
f 6092/3/51 5722/2/51 5724/1794/51 6089/2088/51
f 5723/22/69 5720/21/69 5719/459/69 5724/458/69
f 5813/265/42 5721/264/42 5720/2089/42 5814/1860/42
f 5902/6/43 5734/5/43 5736/1802/43 5903/1912/43
f 5735/26/70 5732/25/70 5731/626/70 5736/625/70
f 6100/633/52 5733/632/52 5732/25/52 6097/28/52
f 6108/9/53 5728/12/53 5730/19/53 6105/18/53
f 5729/616/85 5726/615/85 5725/20/85 5730/19/85
f 5986/187/46 5727/186/46 5726/2090/46 5983/2091/46
f 6076/107/49 5718/106/49 5717/2092/49 6073/2093/49
f 5733/632/42 5737/631/42 5740/1805/42 5731/2094/42
f 5738/610/42 5741/609/42 5744/1808/42 5739/2095/42
f 5742/341/42 5745/340/42 5748/1811/42 5743/2096/42
f 5746/337/42 5749/336/42 5752/1814/42 5747/2097/42
f 5750/333/42 5753/332/42 5756/1817/42 5751/2098/42
f 5754/329/42 5757/328/42 5760/1820/42 5755/2099/42
f 5758/325/42 5761/324/42 5764/1823/42 5759/2100/42
f 5762/321/42 5765/320/42 5768/1826/42 5763/2101/42
f 5766/317/42 5769/316/42 5772/1829/42 5767/2102/42
f 5770/313/42 5773/312/42 5776/1832/42 5771/2103/42
f 5774/309/42 5777/308/42 5780/1835/42 5775/2104/42
f 5778/305/42 5781/304/42 5784/1838/42 5779/2105/42
f 5782/301/42 5785/300/42 5788/1841/42 5783/2106/42
f 5786/297/42 5789/296/42 5792/1844/42 5787/2107/42
f 5790/293/42 5793/292/42 5796/1847/42 5791/2108/42
f 5794/289/42 5797/288/42 5800/1850/42 5795/2109/42
f 5798/285/42 5801/284/42 5804/1853/42 5799/2110/42
f 5802/281/42 5805/280/42 5808/1856/42 5803/2111/42
f 5806/277/42 5809/276/42 5812/1859/42 5807/2112/42
f 5810/273/42 5816/272/42 5815/2113/42 5811/2114/42
f 5722/2/43 5817/1/43 5820/1865/43 5723/1793/43
f 5818/269/43 5821/268/43 5824/1868/43 5819/2115/43
f 5822/465/43 5825/464/43 5829/1870/43 5823/2116/43
f 5827/473/4 5830/472/4 5834/442/4 5828/441/4
f 5832/1758/43 5835/1757/43 5838/1873/43 5833/2117/43
f 5836/1749/43 5839/1748/43 5842/1876/43 5837/2118/43
f 5840/494/43 5843/493/43 5847/1879/43 5841/2119/43
f 5845/502/4 5848/501/4 5852/418/4 5846/417/4
f 5850/1646/43 5853/1645/43 5856/1884/43 5851/2120/43
f 5854/1628/43 5857/1627/43 5860/1887/43 5855/2121/43
f 5858/525/43 5861/524/43 5865/1890/43 5859/2122/43
f 5863/533/4 5866/532/4 5870/394/4 5864/393/4
f 5868/77/43 5871/76/43 5874/1894/43 5869/2123/43
f 5872/602/43 5875/601/43 5878/1897/43 5873/2124/43
f 5876/555/43 5879/554/43 5883/1900/43 5877/2125/43
f 5881/563/4 5884/562/4 5888/370/4 5882/369/4
f 5886/1621/43 5889/1620/43 5892/1905/43 5887/2126/43
f 5890/1603/43 5893/1602/43 5896/1908/43 5891/2127/43
f 5894/586/43 5897/585/43 5901/1911/43 5895/2128/43
f 5899/594/4 5905/593/4 5904/346/4 5900/345/4
f 5713/16/46 5908/15/46 5907/2129/46 5714/1786/46
f 5909/263/46 5912/262/46 5911/2130/46 5910/2131/46
f 5913/259/46 5916/258/46 5915/2132/46 5914/2133/46
f 5917/255/46 5920/254/46 5919/2134/46 5918/2135/46
f 5921/251/46 5924/250/46 5923/2136/46 5922/2137/46
f 5925/247/46 5928/246/46 5927/2138/46 5926/2139/46
f 5929/243/46 5932/242/46 5931/2140/46 5930/2141/46
f 5933/239/46 5936/238/46 5935/2142/46 5934/2143/46
f 5937/235/46 5940/234/46 5939/2144/46 5938/2145/46
f 5941/231/46 5944/230/46 5943/2146/46 5942/2147/46
f 5945/227/46 5948/226/46 5947/2148/46 5946/2149/46
f 5949/223/46 5952/222/46 5951/2150/46 5950/2151/46
f 5953/219/46 5956/218/46 5955/2152/46 5954/2153/46
f 5957/215/46 5960/214/46 5959/2154/46 5958/2155/46
f 5961/211/46 5964/210/46 5963/2156/46 5962/2157/46
f 5965/207/46 5968/206/46 5967/2158/46 5966/2159/46
f 5969/203/46 5972/202/46 5971/2160/46 5970/2161/46
f 5973/199/46 5976/198/46 5975/2162/46 5974/2163/46
f 5977/195/46 5980/194/46 5979/2164/46 5978/2165/46
f 5981/191/46 5985/190/46 5984/2166/46 5982/2167/46
f 5728/12/49 5988/11/49 5987/2168/49 5729/1797/49
f 5990/181/6 5992/180/6 5996/178/6 5991/177/6
f 5994/1586/49 5998/1585/49 5997/2169/49 5995/2170/49
f 5999/1597/49 6002/1596/49 6001/2171/49 6000/2172/49
f 6003/40/49 6006/39/49 6005/2173/49 6004/2174/49
f 6008/42/6 6010/41/6 6014/162/6 6009/161/6
f 6012/1619/49 6016/1618/49 6015/2175/49 6013/2176/49
f 6017/1634/49 6020/1633/49 6019/2177/49 6018/2178/49
f 6021/55/49 6024/54/49 6023/2179/49 6022/2180/49
f 6026/57/6 6028/56/6 6032/146/6 6027/145/6
f 6030/1660/49 6034/1659/49 6033/2181/49 6031/2182/49
f 6035/1669/49 6038/1668/49 6037/2183/49 6036/2184/49
f 6039/71/49 6042/70/49 6041/2185/49 6040/2186/49
f 6044/73/6 6046/72/6 6050/130/6 6045/129/6
f 6048/95/49 6052/94/49 6051/2187/49 6049/2188/49
f 6053/32/49 6056/31/49 6055/2189/49 6054/2190/49
f 6057/87/49 6060/86/49 6059/2191/49 6058/2192/49
f 6062/89/6 6064/88/6 6068/114/6 6063/113/6
f 6066/1742/49 6070/1741/49 6069/2193/49 6067/2194/49
f 6071/1746/49 6075/1745/49 6074/2195/49 6072/2196/49
f 6115/1654/53 5989/1653/53 5988/11/53 6116/10/53
f 6132/1583/51 5994/1586/51 5993/34/51 6127/33/51
f 6142/1594/1 5999/1597/1 5998/1585/1 6138/1584/1
f 6152/37/1 6003/40/1 6002/1596/1 6148/1595/1
f 6159/510/53 6007/509/53 6006/39/53 6160/38/53
f 6176/1616/51 6012/1619/51 6011/49/51 6171/48/51
f 6186/1631/1 6017/1634/1 6016/1618/1 6182/1617/1
f 6196/52/1 6021/55/1 6020/1633/1 6192/1632/1
f 6203/1607/53 6025/1606/53 6024/54/53 6204/53/53
f 6220/1657/51 6030/1660/51 6029/65/51 6215/64/51
f 6230/1666/1 6035/1669/1 6034/1659/1 6226/1658/1
f 6240/68/1 6039/71/1 6038/1668/1 6236/1667/1
f 6247/1638/53 6043/1637/53 6042/70/53 6248/69/53
f 6264/92/51 6048/95/51 6047/81/51 6259/80/51
f 6274/29/1 6053/32/1 6052/94/1 6270/93/1
f 6284/84/1 6057/87/1 6056/31/1 6280/30/1
f 6291/1735/53 6061/1737/53 6060/86/53 6292/85/53
f 6308/1739/51 6066/1742/51 6065/97/51 6303/96/51
f 6318/1743/1 6071/1746/1 6070/1741/1 6314/1740/1
f 6324/104/1 6076/107/1 6075/1745/1 6325/1744/1
f 6332/260/2 5909/263/2 5908/15/2 6331/14/2
f 6335/256/2 5913/259/2 5912/262/2 6336/261/2
f 6340/252/2 5917/255/2 5916/258/2 6339/257/2
f 6343/248/2 5921/251/2 5920/254/2 6344/253/2
f 6348/244/2 5925/247/2 5924/250/2 6347/249/2
f 6351/240/2 5929/243/2 5928/246/2 6352/245/2
f 6356/236/2 5933/239/2 5932/242/2 6355/241/2
f 6359/232/2 5937/235/2 5936/238/2 6360/237/2
f 6364/228/2 5941/231/2 5940/234/2 6363/233/2
f 6367/224/2 5945/227/2 5944/230/2 6368/229/2
f 6372/220/2 5949/223/2 5948/226/2 6371/225/2
f 6375/216/2 5953/219/2 5952/222/2 6376/221/2
f 6380/212/2 5957/215/2 5956/218/2 6379/217/2
f 6383/208/2 5961/211/2 5960/214/2 6384/213/2
f 6388/204/2 5965/207/2 5964/210/2 6387/209/2
f 6391/200/2 5969/203/2 5968/206/2 6392/205/2
f 6396/196/2 5973/199/2 5972/202/2 6395/201/2
f 6399/192/2 5977/195/2 5976/198/2 6400/197/2
f 6404/188/2 5981/191/2 5980/194/2 6403/193/2
f 6407/184/2 5986/187/2 5985/190/2 6408/189/2
f 5991/177/6 5984/176/6 5983/618/6 5987/617/6
f 5995/173/6 5979/172/6 5982/179/6 5996/178/6
f 6000/169/6 5975/168/6 5978/175/6 5997/174/6
f 6004/165/6 5971/164/6 5974/171/6 6001/170/6
f 6009/161/6 5967/160/6 5970/167/6 6005/166/6
f 6013/157/6 5963/156/6 5966/163/6 6014/162/6
f 6018/153/6 5959/152/6 5962/159/6 6015/158/6
f 6022/149/6 5955/148/6 5958/155/6 6019/154/6
f 6027/145/6 5951/144/6 5954/151/6 6023/150/6
f 6031/141/6 5947/140/6 5950/147/6 6032/146/6
f 6036/137/6 5943/136/6 5946/143/6 6033/142/6
f 6040/133/6 5939/132/6 5942/139/6 6037/138/6
f 6045/129/6 5935/128/6 5938/135/6 6041/134/6
f 6049/125/6 5931/124/6 5934/131/6 6050/130/6
f 6054/121/6 5927/120/6 5930/127/6 6051/126/6
f 6058/117/6 5923/116/6 5926/123/6 6055/122/6
f 6063/113/6 5919/112/6 5922/119/6 6059/118/6
f 6067/109/6 5915/108/6 5918/115/6 6068/114/6
f 6072/1650/6 5911/1649/6 5914/111/6 6069/110/6
f 6073/640/6 5907/639/6 5910/1652/6 6074/1651/6
f 5819/453/4 5815/452/4 5814/24/4 5820/23/4
f 5823/445/4 5812/444/4 5811/455/4 5824/454/4
f 5828/441/4 5808/440/4 5807/447/4 5829/446/4
f 5833/433/4 5804/432/4 5803/443/4 5834/442/4
f 5837/429/4 5800/428/4 5799/435/4 5838/434/4
f 5841/421/4 5796/420/4 5795/431/4 5842/430/4
f 5846/417/4 5792/416/4 5791/423/4 5847/422/4
f 5851/409/4 5788/408/4 5787/419/4 5852/418/4
f 5855/405/4 5784/404/4 5783/411/4 5856/410/4
f 5859/397/4 5780/396/4 5779/407/4 5860/406/4
f 5864/393/4 5776/392/4 5775/399/4 5865/398/4
f 5869/385/4 5772/384/4 5771/395/4 5870/394/4
f 5873/381/4 5768/380/4 5767/387/4 5874/386/4
f 5877/373/4 5764/372/4 5763/383/4 5878/382/4
f 5882/369/4 5760/368/4 5759/375/4 5883/374/4
f 5887/361/4 5756/360/4 5755/371/4 5888/370/4
f 5891/357/4 5752/356/4 5751/363/4 5892/362/4
f 5895/349/4 5748/348/4 5747/359/4 5896/358/4
f 5900/345/4 5744/344/4 5743/351/4 5901/350/4
f 5903/624/4 5740/623/4 5739/347/4 5904/346/4
f 5721/264/50 6078/267/50 6077/2197/50 5719/2198/50
f 6413/647/50 6083/650/50 6082/2199/50 6414/2042/50
f 5718/106/51 6086/105/51 6085/2200/51 5716/2201/51
f 6421/621/51 6091/620/51 6090/2202/51 6422/2048/51
f 5727/186/52 6094/185/52 6093/17/52 5725/20/52
f 6429/637/52 6099/636/52 6098/661/52 6430/664/52
f 5734/5/53 6102/8/53 6101/27/53 5735/26/53
f 6437/676/53 6107/679/53 6106/629/53 6438/628/53
f 5906/1673/53 6109/1672/53 6114/7/53 5902/6/53
f 6446/1522/51 6118/1521/51 6117/678/51 6447/677/51
f 5897/585/51 6122/588/51 6121/61/51 5898/60/51
f 6460/1378/53 6131/1381/53 6130/1175/53 6456/1174/53
f 5893/1602/1 6134/1605/1 6133/587/1 5894/586/1
f 6466/1088/51 6140/1087/51 6139/1380/51 6467/1379/51
f 5889/1620/1 6144/1623/1 6143/1604/1 5890/1603/1
f 6480/1399/53 6151/1402/53 6150/785/53 6476/784/53
f 5885/578/53 6153/577/53 6158/1622/53 5886/1621/53
f 6486/699/51 6162/698/51 6161/1401/51 6487/1400/51
f 5879/554/51 6166/557/51 6165/1663/51 5880/1662/51
f 6500/1430/53 6175/1433/53 6174/544/53 6496/543/53
f 5875/601/1 6178/604/1 6177/556/1 5876/555/1
f 6506/469/51 6184/468/51 6183/1432/51 6507/1431/51
f 5871/76/1 6188/79/1 6187/603/1 5872/602/1
f 6520/1459/53 6195/1462/53 6194/1230/53 6516/1229/53
f 5867/547/53 6197/546/53 6202/78/53 5868/77/53
f 6526/1248/51 6206/1247/51 6205/1461/51 6527/1460/51
f 5861/524/51 6210/527/51 6209/1625/51 5862/1624/51
f 6540/1495/53 6219/1498/53 6218/1268/53 6536/1267/53
f 5857/1627/1 6222/1630/1 6221/526/1 5858/525/1
f 6546/1281/51 6228/1280/51 6227/1497/51 6547/1496/51
f 5853/1645/1 6232/1648/1 6231/1629/1 5854/1628/1
f 6560/1537/53 6239/1540/53 6238/1297/53 6556/1296/53
f 5849/518/53 6241/517/53 6246/1647/53 5850/1646/53
f 6566/1315/51 6250/1314/51 6249/1539/51 6567/1538/51
f 5843/493/51 6254/496/51 6253/1591/51 5844/1590/51
f 6580/814/53 6263/817/53 6262/1335/53 6576/1334/53
f 5839/1748/1 6266/1751/1 6265/495/1 5840/494/1
f 6586/1345/51 6272/1344/51 6271/816/51 6587/815/51
f 5835/1757/1 6276/1760/1 6275/1750/1 5836/1749/1
f 6600/573/53 6283/576/53 6282/1357/53 6596/1356/53
f 5831/487/53 6285/486/53 6290/1759/53 5832/1758/53
f 6606/1371/51 6294/1370/51 6293/575/51 6607/574/51
f 5825/464/51 6298/467/51 6297/1699/51 5826/1698/51
f 6620/1225/53 6307/1228/53 6306/1387/53 6616/1386/53
f 5821/268/1 6310/271/1 6309/466/1 5822/465/1
f 6626/1396/51 6316/1395/51 6315/1227/51 6627/1226/51
f 5817/1/1 6319/4/1 6323/270/1 5818/269/1
f 6640/460/53 6328/463/53 6327/1408/53 6636/1407/53
f 5816/272/2 6330/275/2 6329/266/2 5813/265/2
f 5809/276/2 6333/279/2 6334/274/2 5810/273/2
f 5805/280/2 6338/283/2 6337/278/2 5806/277/2
f 5801/284/2 6341/287/2 6342/282/2 5802/281/2
f 5797/288/2 6346/291/2 6345/286/2 5798/285/2
f 5793/292/2 6349/295/2 6350/290/2 5794/289/2
f 5789/296/2 6354/299/2 6353/294/2 5790/293/2
f 5785/300/2 6357/303/2 6358/298/2 5786/297/2
f 5781/304/2 6362/307/2 6361/302/2 5782/301/2
f 5777/308/2 6365/311/2 6366/306/2 5778/305/2
f 5773/312/2 6370/315/2 6369/310/2 5774/309/2
f 5769/316/2 6373/319/2 6374/314/2 5770/313/2
f 5765/320/2 6378/323/2 6377/318/2 5766/317/2
f 5761/324/2 6381/327/2 6382/322/2 5762/321/2
f 5757/328/2 6386/331/2 6385/326/2 5758/325/2
f 5753/332/2 6389/335/2 6390/330/2 5754/329/2
f 5749/336/2 6394/339/2 6393/334/2 5750/333/2
f 5745/340/2 6397/343/2 6398/338/2 5746/337/2
f 5741/609/2 6402/612/2 6401/342/2 5742/341/2
f 5737/631/2 6405/634/2 6406/611/2 5738/610/2
f 6402/365/2 6398/364/2 6397/343/2 6401/342/2
f 6403/193/2 6399/192/2 6400/926/2 6404/925/2
f 6394/377/2 6390/376/2 6389/335/2 6393/334/2
f 6395/201/2 6391/200/2 6392/914/2 6396/913/2
f 6386/389/2 6382/388/2 6381/327/2 6385/326/2
f 6387/209/2 6383/208/2 6384/902/2 6388/901/2
f 6378/401/2 6374/400/2 6373/319/2 6377/318/2
f 6379/217/2 6375/216/2 6376/891/2 6380/890/2
f 6370/413/2 6366/412/2 6365/311/2 6369/310/2
f 6371/225/2 6367/224/2 6368/880/2 6372/879/2
f 6362/425/2 6358/424/2 6357/303/2 6361/302/2
f 6363/233/2 6359/232/2 6360/870/2 6364/869/2
f 6354/437/2 6350/436/2 6349/295/2 6353/294/2
f 6355/241/2 6351/240/2 6352/858/2 6356/857/2
f 6346/449/2 6342/448/2 6341/287/2 6345/286/2
f 6347/249/2 6343/248/2 6344/846/2 6348/845/2
f 6338/1264/2 6334/1263/2 6333/279/2 6337/278/2
f 6339/257/2 6335/256/2 6336/835/2 6340/834/2
f 6330/101/2 6079/100/2 6078/267/2 6329/266/2
f 6331/14/2 6084/13/2 6083/650/2 6332/649/2
f 6322/476/49 6311/475/49 6310/271/49 6323/270/49
f 6325/1744/43 6318/1743/43 6317/1234/43 6326/1233/43
f 6313/1530/1 6299/1529/1 6298/467/1 6309/466/1
f 6314/1740/1 6308/1739/1 6307/1228/1 6315/1227/1
f 6301/1754/6 6287/1753/6 6286/490/6 6302/489/6
f 6304/529/4 6296/528/4 6295/1614/4 6305/1732/4
f 6289/1060/1 6277/1059/1 6276/1760/1 6290/1759/1
f 6292/85/1 6284/84/1 6283/576/1 6293/575/1
f 6279/506/49 6267/505/49 6266/1751/49 6275/1750/49
f 6280/30/43 6274/29/43 6273/771/43 6281/770/43
f 6269/606/1 6255/605/1 6254/496/1 6265/495/1
f 6270/93/1 6264/92/1 6263/817/1 6271/816/1
f 6257/1636/6 6243/1635/6 6242/521/6 6258/520/6
f 6260/1159/4 6252/1158/4 6251/1642/4 6261/1641/4
f 6245/1218/1 6233/1217/1 6232/1648/1 6246/1647/1
f 6248/69/1 6240/68/1 6239/1540/1 6249/1539/1
f 6235/537/49 6223/536/49 6222/1630/49 6231/1629/49
f 6236/1667/43 6230/1666/43 6229/1504/43 6237/1503/43
f 6225/1256/1 6211/1255/1 6210/527/1 6221/526/1
f 6226/1658/1 6220/1657/1 6219/1498/1 6227/1497/1
f 6213/1588/6 6199/1587/6 6198/551/6 6214/550/6
f 6216/1471/4 6208/1470/4 6207/1598/4 6217/1471/4
f 6201/1289/1 6189/1288/1 6188/79/1 6202/78/1
f 6204/53/1 6196/52/1 6195/1462/1 6205/1461/1
f 6191/567/49 6179/566/49 6178/604/49 6187/603/49
f 6192/1632/43 6186/1631/43 6185/1439/43 6193/1438/43
f 6181/1323/1 6167/1322/1 6166/557/1 6177/556/1
f 6182/1617/1 6176/1616/1 6175/1433/1 6183/1432/1
f 6169/1661/6 6155/583/6 6154/582/6 6170/581/6
f 6172/1411/4 6164/1410/4 6163/1670/4 6173/1412/4
f 6157/1349/1 6145/1348/1 6144/1623/1 6158/1622/1
f 6160/38/1 6152/37/1 6151/1402/1 6161/1401/1
f 6147/598/49 6135/597/49 6134/1605/49 6143/1604/49
f 6148/1595/43 6142/1594/43 6141/1390/43 6149/1389/43
f 6137/1375/1 6123/1374/1 6122/588/1 6133/587/1
f 6138/1584/1 6132/1583/1 6131/1381/1 6139/1380/1
f 6125/613/6 6111/1613/6 6110/614/6 6126/613/6
f 6128/1361/4 6120/1360/4 6119/1362/4 6129/1361/4
f 6113/655/1 6103/654/1 6102/8/1 6114/7/1
f 6116/10/1 6108/9/1 6107/679/1 6117/678/1
f 6091/620/1 6320/619/1 6319/4/1 6092/3/1
f 6086/105/1 6324/104/1 6328/463/1 6087/462/1
f 6099/636/2 6406/635/2 6405/634/2 6100/633/2
f 6094/185/2 6407/184/2 6408/672/2 6095/671/2
f 6104/662/3 6098/661/3 6097/28/3 6101/27/3
f 6105/18/3 6093/17/3 6096/630/3 6106/629/3
f 6088/644/5 6082/643/5 6081/2028/5 6085/2032/5
f 6089/457/5 6077/456/5 6080/825/5 6090/824/5
f 6079/100/50 6409/103/50 6412/2041/50 6080/2203/50
f 6728/1206/58 6416/1206/58 6415/2204/58 6725/2205/58
f 6087/462/51 6417/461/51 6420/2047/51 6088/2206/51
f 6736/675/59 6424/674/59 6423/2207/59 6733/2207/59
f 6095/671/52 6425/670/52 6428/627/52 6096/630/52
f 6744/1201/60 6432/1200/60 6431/665/60 6741/668/60
f 6103/654/53 6433/657/53 6436/663/53 6104/662/53
f 6752/1178/98 6440/1178/98 6439/1186/98 6749/1185/98
f 6112/1367/51 6441/1366/51 6445/656/51 6113/655/51
f 6762/1170/7 6449/1173/8 6448/1180/8 6758/1179/8
f 6123/1374/53 6452/1377/53 6451/691/53 6124/690/53
f 6772/1162/8 6459/1165/8 6458/1172/8 6768/1171/7
f 6136/1341/51 6461/1340/51 6465/1376/51 6137/1375/51
f 6782/1154/7 6469/1157/8 6468/1164/8 6778/1163/8
f 6145/1348/53 6472/1351/53 6471/707/53 6146/706/53
f 6792/1146/8 6479/1149/8 6478/1156/8 6788/1155/7
f 6156/1307/51 6481/1306/51 6485/1350/51 6157/1349/51
f 6802/1140/7 6489/1143/8 6488/1148/8 6798/1147/8
f 6167/1322/53 6492/1325/53 6491/721/53 6168/720/53
f 6812/1132/8 6499/1135/8 6498/1142/8 6808/1141/7
f 6180/1274/51 6501/1273/51 6505/1324/51 6181/1323/51
f 6822/1125/7 6509/1125/8 6508/1134/8 6818/1133/8
f 6189/1288/53 6512/1291/53 6511/735/53 6190/734/53
f 6832/1118/8 6519/1118/8 6518/1127/8 6828/1126/7
f 6200/1241/51 6521/1240/51 6525/1290/51 6201/1289/51
f 6842/1111/7 6529/1111/8 6528/1120/8 6838/1119/8
f 6211/1255/53 6532/1258/53 6531/750/53 6212/749/53
f 6852/1104/8 6539/1104/8 6538/1113/8 6848/1112/7
f 6224/498/51 6541/497/51 6545/1257/51 6225/1256/51
f 6862/756/73 6549/756/74 6548/1106/78 6858/1105/77
f 6233/1217/53 6552/1220/53 6551/763/53 6234/762/53
f 6872/1091/8 6559/1091/8 6558/757/21 6868/757/20
f 6244/742/51 6561/741/51 6565/1219/51 6245/1218/51
f 6882/513/7 6569/516/8 6568/1092/8 6878/1092/8
f 6255/605/53 6572/608/53 6571/777/53 6256/776/53
f 6892/1075/8 6579/1078/8 6578/515/8 6888/514/7
f 6268/1129/51 6581/1128/51 6585/607/51 6269/606/51
f 6902/1069/7 6589/1069/8 6588/1077/8 6898/1076/8
f 6277/1059/53 6592/1062/53 6591/791/53 6278/790/53
f 6912/1063/8 6599/1063/8 6598/1071/8 6908/1070/7
f 6288/1511/51 6601/1510/51 6605/1061/51 6289/1060/51
f 6922/1056/7 6609/1056/8 6608/1065/8 6918/1064/8
f 6299/1529/53 6612/1532/53 6611/807/53 6300/806/53
f 6932/1049/8 6619/1049/8 6618/1058/8 6928/1057/7
f 6312/1478/51 6621/1477/51 6625/1531/51 6313/1530/51
f 6942/1042/7 6629/1042/8 6628/1051/8 6938/1050/8
f 6320/619/53 6632/622/53 6631/1488/53 6321/1487/53
f 6948/826/8 6639/826/8 6638/1044/8 6949/1043/7
f 6956/1031/2 6644/1034/2 6643/1208/2 6955/1207/2
f 6959/1023/2 6647/1026/2 6648/1033/2 6960/1032/2
f 6964/1019/2 6652/1022/2 6651/1025/2 6963/1024/2
f 6967/1011/2 6655/1014/2 6656/1021/2 6968/1020/2
f 6972/1007/2 6660/1010/2 6659/1013/2 6971/1012/2
f 6975/999/2 6663/1002/2 6664/1009/2 6976/1008/2
f 6980/995/2 6668/998/2 6667/1001/2 6979/1000/2
f 6983/988/2 6671/988/2 6672/997/2 6984/996/2
f 6988/984/2 6676/987/2 6675/990/2 6987/989/2
f 6991/976/2 6679/979/2 6680/986/2 6992/985/2
f 6996/972/2 6684/975/2 6683/978/2 6995/977/2
f 6999/966/2 6687/966/2 6688/974/2 7000/973/2
f 7004/895/2 6692/965/2 6691/967/2 7003/967/2
f 7007/955/2 6695/958/2 6696/964/2 7008/963/2
f 7012/906/2 6700/954/2 6699/957/2 7011/956/2
f 7015/945/2 6703/945/2 6704/953/2 7016/952/2
f 7020/918/2 6708/944/2 6707/947/2 7019/946/2
f 7023/938/2 6711/941/2 6712/943/2 7024/917/2
f 7028/930/2 6716/937/2 6715/940/2 7027/939/2
f 7031/658/2 6719/658/2 6720/936/2 7032/935/2
f 6419/1036/5 6415/1035/5 6414/646/5 6420/645/5
f 6422/823/5 6412/822/5 6411/355/5 6423/354/5
f 6435/666/3 6431/665/3 6430/664/3 6436/663/3
f 6438/628/3 6428/627/3 6427/1187/3 6439/1186/3
f 6432/1200/2 6717/1199/2 6718/638/2 6429/637/2
f 6425/670/2 6720/669/2 6719/658/2 6426/660/2
f 6424/674/13 6633/673/12 6632/622/1 6421/621/1
f 6417/461/1 6640/460/1 6639/826/1 6418/828/1
f 6444/1193/12 6434/1192/13 6433/657/1 6445/656/1
f 6447/677/1 6437/676/1 6440/1178/1 6448/1180/1
f 6454/1414/43 6443/1413/43 6442/681/43 6455/680/43
f 6457/687/49 6450/686/49 6449/1173/49 6458/1172/49
f 6464/1424/27 6453/1423/27 6452/1377/1 6465/1376/1
f 6467/1379/1 6460/1378/1 6459/1165/1 6468/1164/1
f 6474/1443/43 6463/1442/43 6462/695/43 6475/694/43
f 6477/703/49 6470/702/49 6469/1157/49 6478/1156/49
f 6484/1453/12 6473/1452/12 6472/1351/1 6485/1350/1
f 6487/1400/1 6480/1399/1 6479/1149/1 6488/1148/1
f 6494/1468/43 6483/1467/43 6482/711/43 6495/710/43
f 6497/717/49 6490/716/49 6489/1143/49 6498/1142/49
f 6504/1485/27 6493/1484/27 6492/1325/1 6505/1324/1
f 6507/1431/1 6500/1430/1 6499/1135/1 6508/1134/1
f 6514/1508/43 6503/1507/43 6502/725/43 6515/724/43
f 6517/731/49 6510/730/49 6509/1125/49 6518/1127/49
f 6524/1526/12 6513/1525/12 6512/1291/1 6525/1290/1
f 6527/1460/1 6520/1459/1 6519/1118/1 6528/1120/1
f 6534/1145/43 6523/1144/43 6522/739/43 6535/738/43
f 6537/746/49 6530/745/49 6529/1111/49 6538/1113/49
f 6544/1073/27 6533/1072/27 6532/1258/1 6545/1257/1
f 6547/1496/1 6540/1495/1 6539/1104/1 6548/1106/1
f 6554/754/43 6543/753/43 6542/1098/43 6555/1097/43
f 6557/759/49 6550/758/49 6549/756/49 6558/757/49
f 6564/683/12 6553/682/12 6552/1220/1 6565/1219/1
f 6567/1538/1 6560/1537/1 6559/1091/1 6568/1092/1
f 6574/767/43 6563/766/43 6562/1084/43 6575/1083/43
f 6577/774/49 6570/773/49 6569/516/49 6578/515/49
f 6584/1214/27 6573/1213/27 6572/608/1 6585/607/1
f 6587/815/1 6580/814/1 6579/1078/1 6588/1077/1
f 6594/1237/43 6583/1236/43 6582/781/43 6595/780/43
f 6597/788/49 6590/787/49 6589/1069/49 6598/1071/49
f 6604/1252/12 6593/1251/12 6592/1062/1 6605/1061/1
f 6607/574/1 6600/573/1 6599/1063/1 6608/1065/1
f 6614/1271/43 6603/1270/43 6602/795/43 6615/794/43
f 6617/803/49 6610/802/49 6609/1056/49 6618/1058/49
f 6624/1285/27 6613/1284/27 6612/1532/1 6625/1531/1
f 6627/1226/1 6620/1225/1 6619/1049/1 6628/1051/1
f 6634/1303/43 6623/1302/43 6622/811/43 6635/810/43
f 6637/819/49 6630/818/49 6629/1042/49 6638/1044/49
f 6641/652/2 6410/651/2 6409/103/2 6642/102/2
f 6644/648/2 6413/647/2 6416/1206/2 6643/1208/2
f 6649/830/2 6645/829/2 6646/1266/2 6650/1265/2
f 6652/833/2 6648/832/2 6647/1026/2 6651/1025/2
f 6657/841/2 6653/840/2 6654/451/2 6658/450/2
f 6660/844/2 6656/843/2 6655/1014/2 6659/1013/2
f 6665/852/2 6661/851/2 6662/439/2 6666/438/2
f 6668/856/2 6664/855/2 6663/1002/2 6667/1001/2
f 6673/864/2 6669/863/2 6670/427/2 6674/426/2
f 6676/868/2 6672/867/2 6671/988/2 6675/990/2
f 6681/876/2 6677/875/2 6678/415/2 6682/414/2
f 6684/878/2 6680/877/2 6679/979/2 6683/978/2
f 6689/886/2 6685/885/2 6686/403/2 6690/402/2
f 6692/889/2 6688/888/2 6687/966/2 6691/967/2
f 6697/897/2 6693/896/2 6694/391/2 6698/390/2
f 6700/900/2 6696/899/2 6695/958/2 6699/957/2
f 6705/908/2 6701/907/2 6702/379/2 6706/378/2
f 6708/912/2 6704/911/2 6703/945/2 6707/947/2
f 6713/920/2 6709/919/2 6710/367/2 6714/366/2
f 6716/924/2 6712/923/2 6711/941/2 6715/940/2
f 6410/651/58 6722/651/58 6721/2208/58 6411/2208/58
f 6723/1209/50 6727/1212/50 6726/2209/50 6724/2210/50
f 6418/828/59 6730/827/59 6729/2211/59 6419/2212/59
f 6731/1040/51 6735/1039/51 6734/2213/51 6732/2214/51
f 6426/660/60 6738/659/60 6737/1184/60 6427/1187/60
f 6739/1204/52 6743/1203/52 6742/1188/52 6740/1191/52
f 6434/1192/96 6746/1192/97 6745/667/96 6435/666/97
f 6747/1195/53 6751/1198/53 6750/1190/53 6748/1189/53
f 6443/1413/16 6754/1413/18 6753/1194/15 6444/1193/12
f 6756/1182/51 6760/1181/51 6759/1197/51 6757/1196/51
f 6453/1423/27 6764/1423/29 6763/1415/17 6454/1414/16
f 6765/1330/53 6771/1333/53 6770/1327/53 6766/1326/53
f 6463/1442/23 6774/1442/25 6773/1425/28 6464/1424/27
f 6776/1167/51 6780/1166/51 6779/1332/51 6777/1331/51
f 6473/1452/12 6784/1452/14 6783/1444/24 6474/1443/23
f 6785/1352/53 6791/1355/53 6790/1293/53 6786/1292/53
f 6483/1467/16 6794/1467/18 6793/1454/15 6484/1453/12
f 6796/1151/51 6800/1150/51 6799/1354/51 6797/1353/51
f 6493/1484/27 6804/1484/29 6803/1469/17 6494/1468/16
f 6805/1382/53 6811/1385/53 6810/1260/53 6806/1259/53
f 6503/1507/23 6814/1507/25 6813/1486/28 6504/1485/27
f 6816/1137/51 6820/1136/51 6819/1384/51 6817/1383/51
f 6513/1525/12 6824/1528/14 6823/1509/24 6514/1508/23
f 6825/1403/53 6831/1406/53 6830/1222/53 6826/1221/53
f 6523/1144/23 6834/1144/25 6833/1527/15 6524/1526/12
f 6836/1122/51 6840/1121/51 6839/1405/51 6837/1404/51
f 6533/1072/27 6844/1072/29 6843/1145/24 6534/1145/23
f 6845/1434/53 6851/1437/53 6850/590/53 6846/589/53
f 6543/753/23 6854/753/25 6853/1074/28 6544/1073/27
f 6856/1108/51 6860/1107/51 6859/1436/51 6857/1435/51
f 6553/682/12 6864/685/14 6863/755/24 6554/754/23
f 6865/1463/53 6871/1466/53 6870/1046/53 6866/1045/53
f 6563/766/23 6874/769/25 6873/684/15 6564/683/12
f 6876/1094/51 6880/1093/51 6879/1465/51 6877/1464/51
f 6573/1213/27 6884/1216/29 6883/768/24 6574/767/23
f 6885/1499/53 6891/1502/53 6890/1534/53 6886/1533/53
f 6583/1236/16 6894/1239/18 6893/1215/28 6584/1214/27
f 6896/1080/51 6900/1079/51 6899/1501/51 6897/1500/51
f 6593/1251/12 6904/1254/14 6903/1238/17 6594/1237/16
f 6905/1541/53 6911/1544/53 6910/1492/53 6906/1491/53
f 6603/1270/23 6914/1270/25 6913/1253/15 6604/1252/12
f 6916/1067/51 6920/1066/51 6919/1543/51 6917/1542/51
f 6613/1284/27 6924/1287/29 6923/1272/24 6614/1271/23
f 6925/1455/53 6931/1458/53 6930/1053/53 6926/1052/53
f 6623/1302/16 6934/1305/18 6933/1286/28 6624/1285/27
f 6936/799/51 6940/798/51 6939/1457/51 6937/1456/51
f 6633/673/12 6943/673/14 6947/1304/17 6634/1303/16
f 6944/1038/53 6952/1041/53 6951/1427/53 6945/1426/53
f 6642/1318/2 6954/1321/2 6953/653/2 6641/652/2
f 6645/829/2 6957/829/2 6958/1320/2 6646/1319/2
f 6650/836/2 6962/839/2 6961/831/2 6649/830/2
f 6653/840/2 6965/840/2 6966/838/2 6654/837/2
f 6658/847/2 6970/850/2 6969/842/2 6657/841/2
f 6661/851/2 6973/854/2 6974/849/2 6662/848/2
f 6666/859/2 6978/862/2 6977/853/2 6665/852/2
f 6669/863/2 6981/866/2 6982/861/2 6670/860/2
f 6674/871/2 6986/874/2 6985/865/2 6673/864/2
f 6677/875/2 6989/875/2 6990/873/2 6678/872/2
f 6682/881/2 6994/884/2 6993/876/2 6681/876/2
f 6685/885/2 6997/887/2 6998/883/2 6686/882/2
f 6690/892/2 7002/895/2 7001/886/2 6689/886/2
f 6693/896/2 7005/896/2 7006/894/2 6694/893/2
f 6698/903/2 7010/906/2 7009/898/2 6697/897/2
f 6701/907/2 7013/910/2 7014/905/2 6702/904/2
f 6706/915/2 7018/918/2 7017/909/2 6705/908/2
f 6709/919/2 7021/922/2 7022/917/2 6710/916/2
f 6714/927/2 7026/930/2 7025/921/2 6713/920/2
f 6717/1199/2 7029/1199/2 7030/929/2 6718/928/2
f 7026/949/2 7022/948/2 7021/922/2 7025/921/2
f 7027/939/2 7023/938/2 7024/951/2 7028/950/2
f 7018/960/2 7014/959/2 7013/910/2 7017/909/2
f 7019/946/2 7015/945/2 7016/962/2 7020/961/2
f 7010/969/2 7006/968/2 7005/896/2 7009/898/2
f 7011/956/2 7007/955/2 7008/971/2 7012/970/2
f 7002/981/2 6998/980/2 6997/887/2 7001/886/2
f 7003/967/2 6999/966/2 7000/983/2 7004/982/2
f 6994/992/2 6990/991/2 6989/875/2 6993/876/2
f 6995/977/2 6991/976/2 6992/994/2 6996/993/2
f 6986/1004/2 6982/1003/2 6981/866/2 6985/865/2
f 6987/989/2 6983/988/2 6984/1006/2 6988/1005/2
f 6978/1016/2 6974/1015/2 6973/854/2 6977/853/2
f 6979/1000/2 6975/999/2 6976/1018/2 6980/1017/2
f 6970/1028/2 6966/1027/2 6965/840/2 6969/842/2
f 6971/1012/2 6967/1011/2 6968/1030/2 6972/1029/2
f 6962/559/2 6958/558/2 6957/829/2 6961/831/2
f 6963/1024/2 6959/1023/2 6960/561/2 6964/560/2
f 6954/1210/2 6723/1209/2 6722/651/2 6953/653/2
f 6955/1207/2 6728/1206/2 6727/1212/2 6956/1211/2
f 6946/728/49 6935/727/49 6934/1305/18 6947/1304/17
f 6949/1043/7 6942/1042/7 6941/1420/43 6950/1419/43
f 6937/1456/1 6925/1455/1 6924/1287/29 6933/1286/28
f 6938/1050/1 6932/1049/1 6931/1458/1 6939/1457/1
f 6927/1115/49 6915/1114/49 6914/1270/25 6923/1272/24
f 6928/1057/7 6922/1056/7 6921/1449/43 6929/1448/43
f 6917/1542/1 6905/1541/1 6904/1254/14 6913/1253/15
f 6918/1064/1 6912/1063/1 6911/1544/1 6919/1543/1
f 6907/1515/49 6895/1514/49 6894/1239/18 6903/1238/17
f 6908/1070/7 6902/1069/7 6901/1482/43 6909/1481/43
f 6897/1500/1 6885/1499/1 6884/1216/29 6893/1215/28
f 6898/1076/1 6892/1075/1 6891/1502/1 6899/1501/1
f 6887/1475/49 6875/1474/49 6874/769/25 6883/768/24
f 6888/514/7 6882/513/7 6881/1519/43 6889/1518/43
f 6877/1464/1 6865/1463/1 6864/685/14 6873/684/15
f 6878/1092/1 6872/1091/1 6871/1466/1 6879/1465/1
f 6867/1446/49 6855/1445/49 6854/753/25 6863/755/24
f 6868/757/20 6862/756/73 6861/1101/43 6869/1100/43
f 6857/1435/1 6845/1434/1 6844/1072/29 6853/1074/28
f 6858/1105/1 6852/1104/1 6851/1437/1 6859/1436/1
f 6847/1417/49 6835/1416/49 6834/1144/25 6843/1145/24
f 6848/1112/7 6842/1111/7 6841/713/43 6849/712/43
f 6837/1404/1 6825/1403/1 6824/1528/14 6833/1527/15
f 6838/1119/1 6832/1118/1 6831/1406/1 6839/1405/1
f 6827/1393/49 6815/1392/49 6814/1507/25 6823/1509/24
f 6828/1126/7 6822/1125/7 6821/483/43 6829/482/43
f 6817/1383/1 6805/1382/1 6804/1484/29 6813/1486/28
f 6818/1133/1 6812/1132/1 6811/1385/1 6819/1384/1
f 6807/1364/49 6795/1363/49 6794/1467/18 6803/1469/17
f 6808/1141/7 6802/1140/7 6801/1245/43 6809/1244/43
f 6797/1353/1 6785/1352/1 6784/1452/14 6793/1454/15
f 6798/1147/1 6792/1146/1 6791/1355/1 6799/1354/1
f 6787/1338/49 6775/1337/49 6774/1442/25 6783/1444/24
f 6788/1155/7 6782/1154/7 6781/1278/43 6789/1277/43
f 6777/1331/1 6765/1330/1 6764/1423/29 6773/1425/28
f 6778/1163/1 6772/1162/1 6771/1333/1 6779/1332/1
f 6767/1300/49 6755/1299/49 6754/1413/18 6763/1415/17
f 6768/1171/7 6762/1170/7 6761/1311/43 6769/1310/43
f 6757/1196/1 6747/1195/1 6746/1192/13 6753/1194/15
f 6758/1179/1 6752/1178/1 6751/1198/1 6759/1197/1
f 6735/1039/1 6944/1038/1 6943/673/14 6736/675/13
f 6730/827/1 6948/826/1 6952/1041/1 6731/1040/1
f 6743/1203/2 7030/1202/2 7029/1199/2 6744/1201/2
f 6738/659/2 7031/658/2 7032/1205/2 6739/1204/2
f 6748/1189/3 6742/1188/3 6741/668/3 6745/667/3
f 6749/1185/3 6737/1184/3 6740/1191/3 6750/1190/3
f 6732/932/5 6726/931/5 6725/1037/5 6729/1036/5
f 6733/353/5 6721/352/5 6724/934/5 6734/933/5
f 6455/680/70 7156/680/70 7155/692/70 6451/691/70
f 7149/613/71 6125/613/71 6124/690/71 7150/693/71
f 6570/773/68 7082/773/68 7081/1316/68 6566/1315/68
f 7083/1643/86 6251/1642/86 6250/1314/86 7084/1317/86
f 6521/1240/69 7170/1243/69 7169/740/69 6522/739/69
f 7171/751/70 6531/750/70 6535/738/70 7172/738/70
f 6278/790/85 7122/793/85 7121/507/85 6279/506/85
f 7123/1130/68 6268/1129/68 6267/505/68 7124/508/68
f 6915/1114/68 7258/1117/68 7257/1068/68 6916/1067/68
f 7259/1450/69 6921/1449/69 6920/1066/69 7260/1066/69
f 6866/1045/71 7238/1048/71 7237/1447/71 6867/1446/71
f 7233/1109/68 6856/1108/68 6855/1445/68 7234/1445/68
f 6135/597/68 7148/600/68 7147/1342/68 6136/1341/68
f 7157/696/69 6462/695/69 6461/1340/69 7158/1343/69
f 6536/1267/71 7070/1269/71 7069/747/71 6537/746/71
f 7065/1249/68 6526/1248/68 6530/745/68 7066/748/68
f 6272/1344/69 7092/1347/69 7091/772/69 6273/771/69
f 7095/1358/70 6282/1357/70 6281/770/70 7096/770/70
f 6860/1107/69 7236/1110/69 7235/1102/69 6861/1101/69
f 7239/1047/70 6870/1046/70 6869/1100/70 7240/1103/70
f 6261/1641/70 7088/1644/70 7087/1335/70 6262/1335/70
f 7085/775/71 6577/774/71 6576/1334/71 7086/1336/71
f 6929/1448/70 7264/1451/70 7263/1054/70 6930/1053/70
f 7261/1116/85 6927/1115/85 6926/1052/85 7262/1055/85
f 6475/694/70 7160/697/70 7159/708/70 6471/707/70
f 7145/599/85 6147/598/85 6146/706/85 7146/709/85
f 6590/787/68 7090/789/68 7089/1346/68 6586/1345/68
f 6541/497/69 7174/500/69 7173/1098/69 6542/1098/69
f 7175/764/70 6551/763/70 6555/1097/70 7176/1099/70
f 6256/776/71 7126/779/71 7125/523/71 6257/1636/71
f 7127/743/68 6244/742/68 6243/1635/68 7128/522/68
f 6935/727/68 7266/727/68 7265/800/68 6936/799/68
f 7267/1421/69 6941/1420/69 6940/798/69 7268/801/69
f 6846/589/71 7230/592/71 7229/1418/71 6847/1417/71
f 7225/1123/68 6836/1122/68 6835/1416/68 7226/1416/68
f 6155/583/68 7144/583/68 7143/1308/68 6156/1307/68
f 7161/711/86 6482/711/86 6481/1306/86 7162/1309/86
f 6556/1296/71 7078/1298/71 7077/760/71 6557/759/71
f 7073/1282/68 6546/1281/68 6550/758/68 7074/761/68
f 6840/1121/86 7228/1124/86 7227/714/86 6841/713/86
f 7231/591/70 6850/590/70 6849/712/70 7232/715/70
f 7093/788/85 6597/788/85 6596/1356/85 7094/1359/85
f 6950/1419/70 7272/1422/70 7271/1428/70 6951/1427/70
f 7269/729/85 6946/728/85 6945/1426/85 7270/1429/85
f 6495/710/70 7164/710/70 7163/722/70 6491/721/70
f 7141/584/71 6169/1661/71 6168/720/71 7142/723/71
f 6610/802/68 7098/805/68 7097/1372/68 6606/1371/68
f 7099/1733/69 6295/1614/69 6294/1370/69 7100/1373/69
f 6561/741/86 7178/744/86 7177/1085/86 6562/1084/86
f 7179/778/70 6571/777/70 6575/1083/70 7180/1086/70
f 6234/762/71 7130/765/71 7129/538/71 6235/537/71
f 7131/499/68 6224/498/68 6223/536/68 7132/539/68
f 6826/1221/71 7222/1224/71 7221/1393/71 6827/1393/71
f 7217/1138/68 6816/1137/68 6815/1392/68 7218/1394/68
f 6179/566/68 7140/569/68 7139/1275/68 6180/1274/68
f 7165/726/69 6502/725/69 6501/1273/69 7166/1276/69
f 6228/1280/69 7076/1283/69 7075/1505/69 6229/1504/69
f 7079/1297/70 6238/1297/70 6237/1503/70 7080/1506/70
f 6820/1136/69 7220/1139/69 7219/484/69 6821/483/69
f 7223/1223/70 6830/1222/70 6829/482/70 7224/485/70
f 6305/1732/70 7104/1734/70 7103/1387/70 6306/1387/70
f 7101/804/85 6617/803/85 6616/1386/85 7102/1388/85
f 6515/724/70 7168/724/70 7167/736/70 6511/735/70
f 7137/568/71 6191/567/71 6190/734/71 7138/737/71
f 6630/818/68 7106/821/68 7105/1397/68 6626/1396/68
f 7107/1234/69 6317/1234/69 6316/1395/69 7108/1398/69
f 6581/1128/69 7182/1131/69 7181/782/69 6582/781/69
f 7183/792/70 6591/791/70 6595/780/70 7184/783/70
f 6212/749/71 7134/752/71 7133/553/71 6213/1588/71
f 7135/1242/68 6200/1241/68 6199/1587/68 7136/1589/68
f 6806/1259/71 7214/1262/71 7213/1364/71 6807/1364/71
f 7209/1152/68 6796/1151/68 6795/1363/68 7210/1365/68
f 6206/1247/86 7068/1250/86 7067/1599/86 6207/1598/86
f 7071/1268/70 6218/1268/70 6217/1471/70 7072/1600/70
f 6800/1150/86 7212/1153/86 7211/1246/86 6801/1245/86
f 7215/1261/70 6810/1260/70 6809/1244/70 7216/1244/70
f 6326/1233/70 7112/1235/70 7111/1408/70 6327/1408/70
f 7109/820/85 6637/819/85 6636/1407/85 7110/1409/85
f 6601/1510/69 7186/1513/69 7185/796/69 6602/795/69
f 7187/808/70 6611/807/70 6615/794/70 7188/797/70
f 6786/1292/85 7206/1295/85 7205/1338/85 6787/1338/85
f 7201/1168/68 6776/1167/68 6775/1337/68 7202/1339/68
f 6184/468/69 7060/471/69 7059/1440/69 6185/1439/69
f 7063/1231/70 6194/1230/70 6193/1438/70 7064/1441/70
f 6780/1166/69 7204/1169/69 7203/1279/69 6781/1278/69
f 7207/1294/70 6790/1293/70 6789/1277/70 7208/1277/70
f 6755/1299/68 7194/1301/68 7193/1183/68 6756/1182/68
f 7195/1312/86 6761/1311/86 6760/1181/86 7196/1181/86
f 6621/1477/69 7190/1480/69 7189/812/69 6622/811/69
f 7191/1489/70 6631/1488/70 6635/810/70 7192/813/70
f 6766/1326/71 7198/1329/71 7197/1300/71 6767/1300/71
f 6162/698/86 7052/701/86 7051/1671/86 6163/1670/86
f 7055/544/70 6174/544/70 6173/1412/70 7056/1411/70
f 7199/1328/70 6770/1327/70 6769/1310/70 7200/1313/70
f 6140/1087/69 7044/1090/69 7043/1391/69 6141/1390/69
f 7047/785/70 6150/785/70 6149/1389/70 7048/1389/70
f 6450/686/68 7034/689/68 7033/1523/68 6446/1522/68
f 7035/1360/86 6119/1362/86 6118/1521/86 7036/1524/86
f 7151/1368/68 6112/1367/68 6111/1613/68 7152/614/68
f 6287/1753/68 7120/1714/68 7119/1512/68 6288/1511/68
f 7039/1176/70 6130/1175/70 6129/1361/70 7040/1361/70
f 7037/688/71 6457/687/71 6456/1174/71 7038/1177/71
f 7117/1755/85 6301/1754/85 6300/806/85 7118/809/85
f 6470/702/68 7042/705/68 7041/1089/68 6466/1088/68
f 6311/475/68 7116/478/68 7115/1479/68 6312/1478/68
f 7045/704/85 6477/703/85 6476/784/85 7046/786/85
f 7113/477/85 6322/476/85 6321/1487/85 7114/1490/85
f 6490/716/68 7050/719/68 7049/700/68 6486/699/68
f 6441/1366/86 7154/1369/86 7153/681/86 6442/681/86
f 7053/718/85 6497/717/85 6496/543/85 7054/545/85
f 6510/730/68 7058/733/68 7057/470/68 6506/469/68
f 7061/732/71 6517/731/71 6516/1229/71 7062/1232/71
f 6875/1474/68 7242/1474/68 7241/1095/68 6876/1094/68
f 7243/1520/86 6881/1519/86 6880/1093/86 7244/1096/86
f 6906/1491/85 7254/1494/85 7253/1516/85 6907/1515/85
f 7249/1081/68 6896/1080/68 6895/1514/68 7250/1517/68
f 6900/1079/69 7252/1082/69 7251/1483/69 6901/1482/69
f 7255/1493/70 6910/1492/70 6909/1481/70 7256/1481/70
f 6889/1518/70 7248/1518/70 7247/1535/70 6890/1534/70
f 7245/1476/71 6887/1475/71 6886/1533/71 7246/1536/71
f 7276/1677/43 7278/1676/43 7277/2215/43 7273/2216/43
f 7283/1723/43 7285/1722/43 7284/2217/43 7281/2218/43
f 7289/1568/43 7291/1567/43 7290/2219/43 7287/2220/43
f 7295/1572/43 7297/1571/43 7296/2221/43 7293/2222/43
f 7301/1576/43 7303/1575/43 7302/2223/43 7299/2224/43
f 7307/1582/49 7309/1581/49 7308/2225/49 7305/2226/49
f 7313/1548/49 7315/1547/49 7314/2227/49 7311/2228/49
f 7319/1552/49 7321/1551/49 7320/2229/49 7317/2230/49
f 7325/1556/49 7327/1555/49 7326/2231/49 7323/2232/49
f 7332/1560/49 7334/1559/49 7333/2233/49 7329/2234/49
f 7339/1579/53 7307/1582/53 7306/1656/53 7337/1655/53
f 7340/36/51 7310/35/51 7309/1581/51 7341/1580/51
f 7345/1545/53 7313/1548/53 7312/512/53 7343/511/53
f 7346/51/51 7316/50/51 7315/1547/51 7347/1546/51
f 7351/1549/53 7319/1552/53 7318/1609/53 7349/1608/53
f 7352/67/51 7322/66/51 7321/1551/51 7353/1550/51
f 7357/1553/53 7325/1556/53 7324/1640/53 7355/1639/53
f 7358/83/51 7328/82/51 7327/1555/51 7359/1554/51
f 7364/1557/1 7332/1560/1 7331/45/1 7361/44/1
f 7365/571/1 7335/570/1 7334/1559/1 7366/1558/1
f 7303/1575/53 7370/1578/53 7369/1675/53 7304/1674/53
f 7300/63/51 7372/62/51 7374/1577/51 7301/1576/51
f 7297/1571/53 7376/1574/53 7375/580/53 7298/579/53
f 7294/1665/51 7378/1664/51 7380/1573/51 7295/1572/51
f 7291/1567/53 7382/1570/53 7381/549/53 7292/548/53
f 7288/1624/51 7384/1626/51 7386/1569/51 7289/1568/51
f 7285/1722/53 7388/1725/53 7387/519/53 7286/518/53
f 7282/1593/51 7390/1592/51 7392/1724/51 7283/1723/51
f 7278/1676/1 7394/1679/1 7393/1601/1 7279/487/1
f 7275/1705/1 7397/1704/1 7400/1678/1 7276/1677/1
f 7399/492/49 7395/1714/49 7394/1679/49 7400/1678/49
f 7366/1558/43 7364/1557/43 7363/1717/43 7367/1716/43
f 7391/523/49 7389/522/49 7388/1725/49 7392/1724/49
f 7359/1554/43 7357/1553/43 7356/1161/43 7360/1160/43
f 7385/553/49 7383/552/49 7382/1570/49 7386/1569/49
f 7353/1550/43 7351/1549/43 7350/1473/43 7354/1472/43
f 7379/584/49 7377/583/49 7376/1574/49 7380/1573/49
f 7347/1546/43 7345/1545/43 7344/1410/43 7348/1412/43
f 7373/613/49 7371/614/49 7370/1578/49 7374/1577/49
f 7341/1580/43 7339/1579/43 7338/1362/43 7342/1361/43
f 5866/532/70 7290/535/70 7292/2066/70 5867/1891/70
f 7383/552/85 6198/551/85 6197/546/85 7381/549/85
f 7401/1561/6 7330/1561/6 7329/1721/6 7402/1708/6
f 7494/98/68 6065/97/68 6064/2235/68 7495/2077/68
f 7421/541/6 7396/540/6 7395/1714/6 7422/1713/6
f 7534/1699/68 6297/1699/68 6302/489/68 7535/492/68
f 6007/509/85 7312/512/85 7311/2236/85 6008/2236/85
f 7316/50/68 6011/49/68 6010/2237/68 7314/2237/68
f 7411/1728/4 7368/1727/4 7367/1716/4 7412/1615/4
f 7504/44/70 6291/1735/70 6296/528/70 7505/531/70
f 6252/1158/70 7356/1161/70 7355/1639/70 6247/1638/70
f 7323/74/85 6044/73/85 6043/2008/85 7324/2008/85
f 6214/550/68 7385/553/68 7384/1626/68 6209/1625/68
f 7287/534/69 5863/533/69 5862/2065/69 7288/2065/69
f 5898/60/69 7300/63/69 7299/2238/69 5899/1910/69
f 7304/1674/70 5906/1673/70 5905/2239/70 7302/1913/70
f 7435/942/4 7277/472/4 7280/1730/4 7431/1730/4
f 6046/72/68 7326/75/68 7328/2010/68 6047/2010/68
f 7360/1160/69 6260/1159/69 6259/80/69 7358/83/69
f 6120/1360/70 7338/1362/70 7337/1655/70 6115/1654/70
f 7305/182/85 5990/181/85 5989/1975/85 7306/1975/85
f 5844/1590/69 7282/1593/69 7281/1877/69 5845/1877/69
f 7286/518/70 5849/518/70 5848/2240/70 7284/2240/70
f 5992/180/68 7308/183/68 7310/2073/68 5993/1977/68
f 7342/1361/69 6128/1361/69 6127/33/69 7340/36/69
f 6215/64/69 7352/67/69 7354/1472/69 6216/1471/69
f 7349/1608/70 6203/1607/70 6208/1470/70 7350/1473/70
f 7544/474/69 5827/473/69 5826/1564/69 7545/1564/69
f 5884/562/70 7296/565/70 7298/2069/70 5885/1901/70
f 7377/583/85 6154/582/85 6153/577/85 7375/580/85
f 6025/1606/85 7318/1609/85 7317/2241/85 6026/2242/85
f 7322/66/68 6029/65/68 6028/2243/68 7320/2244/68
f 6109/1672/85 7369/1675/85 7371/614/85 6110/614/85
f 7372/62/68 6121/61/68 6126/613/68 7373/613/68
f 6164/1410/70 7344/1410/70 7343/511/70 6159/510/70
f 6170/581/68 7379/584/68 7378/1664/68 6165/1663/68
f 7293/564/86 5881/563/86 5880/2067/86 7294/2067/86
f 7389/522/71 6242/521/71 6241/517/71 7387/519/71
f 7348/1412/86 6172/1411/86 6171/48/86 7346/51/86
f 7390/1592/68 6253/1591/68 6258/520/68 7391/523/68
f 7514/1685/71 7404/1686/71 7403/2082/71 7515/2082/71
f 7336/1710/6 7406/1709/6 7410/1706/6 7333/88/6
f 7524/1726/86 7414/99/86 7413/1615/86 7525/1615/86
f 7362/480/4 7416/479/4 7420/1715/4 7363/1717/4
f 7407/1681/50 7415/1680/50 7414/99/50 7408/97/50
f 7417/1683/52 7405/45/52 7404/1686/52 7418/44/52
f 7402/1708/6 7410/1706/6 7409/1706/6 7403/1708/6
f 7412/1615/4 7420/1715/4 7419/1614/4 7413/1615/4
f 7558/1687/71 7424/1601/71 7423/1696/71 7554/1696/71
f 7398/1611/6 7426/1610/6 7430/1712/6 7399/492/6
f 7564/472/70 7434/1691/70 7433/1730/70 7565/1730/70
f 7273/474/4 7437/473/4 7436/1564/4 7274/1563/4
f 7437/473/4 7435/942/4 7434/1691/4 7438/474/4
f 7427/1720/50 7440/1719/50 7439/1698/50 7428/1703/50
f 7422/1713/6 7430/1712/6 7429/1697/6 7423/1696/6
f 7432/1693/52 7425/1692/52 7424/1601/52 7433/1689/52
f 7443/99/51 7445/98/51 7444/98/51 7441/572/51
f 7449/1698/51 7451/1700/51 7450/1703/51 7447/1698/51
f 7455/1690/69 7443/99/69 7442/1728/69 7453/1729/69
f 7445/98/68 7457/98/68 7456/2077/68 7446/2077/68
f 7457/98/50 7455/1690/50 7454/99/50 7458/1682/50
f 7451/1700/68 7460/1699/68 7459/1610/68 7452/1612/68
f 7448/1566/69 7462/1565/69 7464/1564/69 7449/1564/69
f 7460/1699/50 7464/1698/50 7463/1698/50 7461/1703/50
f 7406/1709/46 7456/1711/46 7458/1718/46 7407/1718/46
f 7453/1729/42 7411/1728/42 7415/1680/42 7454/99/42
f 7274/1563/43 7448/1566/43 7447/1564/43 7275/1564/43
f 7452/1612/49 7398/1611/49 7397/1704/49 7450/1703/49
f 7426/1610/46 7459/1610/46 7461/1703/46 7427/1720/46
f 7462/1565/42 7436/1564/42 7440/1564/42 7463/1564/42
f 7368/1727/43 7442/1728/43 7441/572/43 7365/571/43
f 7446/1710/49 7336/1710/49 7335/1710/49 7444/1710/49
f 7465/47/53 7468/46/53 7470/46/53 7466/44/53
f 7471/488/53 7474/486/53 7476/486/53 7472/488/53
f 7479/1686/71 7470/46/71 7469/2078/71 7477/2082/71
f 7482/486/71 7476/486/71 7475/540/71 7480/542/71
f 7483/1730/70 7473/1731/70 7472/1730/70 7484/1730/70
f 7466/44/70 7487/1684/70 7486/481/70 7467/479/70
f 7487/1684/52 7479/1686/52 7478/46/52 7488/1684/52
f 7484/488/52 7482/486/52 7481/1694/52 7485/488/52
f 7425/1692/46 7481/1694/46 7480/542/46 7421/541/46
f 7474/486/49 7393/1601/49 7396/540/49 7475/540/49
f 7405/45/46 7478/46/46 7477/2082/46 7401/2082/46
f 7468/46/49 7331/45/49 7330/2078/49 7469/2078/49
f 7431/1730/42 7483/1730/42 7485/2080/42 7432/1730/42
f 7467/479/43 7362/480/43 7361/44/43 7465/47/43
f 7279/487/43 7471/488/43 7473/2079/43 7280/2079/43
f 7416/479/42 7486/481/42 7488/1684/42 7417/1683/42
f 7408/97/68 7489/570/68 7493/2081/68 7409/2077/68
f 7491/1718/6 7497/1718/6 7496/91/6 7492/1772/6
f 7418/44/70 7499/1684/70 7503/1614/70 7419/1614/70
f 7501/481/4 7507/1770/4 7506/1778/4 7502/531/4
f 6061/1737/71 7509/46/71 7513/2083/71 6062/2078/71
f 7511/1561/6 7517/1783/6 7516/1771/6 7512/1771/6
f 6303/96/69 7519/99/69 7523/530/69 6304/529/69
f 7521/1775/4 7527/1729/4 7526/1779/4 7522/1732/4
f 7522/1732/4 7506/1778/4 7505/531/4 7523/530/4
f 7525/1615/4 7503/1614/4 7502/531/4 7526/1779/4
f 7512/1771/6 7496/91/6 7495/91/6 7513/90/6
f 7515/1707/6 7493/1706/6 7492/1772/6 7516/1771/6
f 7508/1735/52 7510/1736/52 7509/46/52 7504/44/52
f 7499/1684/53 7514/1685/53 7518/1736/53 7500/1735/53
f 7498/97/50 7520/99/50 7519/99/50 7494/98/50
f 7489/570/51 7524/1726/51 7528/1726/51 7490/1738/51
f 7428/1703/68 7529/1702/68 7533/1695/68 7429/1697/68
f 7531/1610/6 7537/1768/6 7536/1695/6 7532/1769/6
f 7438/474/69 7539/474/69 7543/1565/69 7439/1564/69
f 7540/1773/4 7548/474/4 7547/1564/4 7541/1761/4
f 6285/486/71 7550/486/71 7549/491/71 6286/490/71
f 7552/1762/6 7556/541/6 7555/1714/6 7553/490/6
f 5830/472/70 7559/472/70 7563/1730/70 5831/1730/70
f 7560/472/4 7568/942/4 7567/1777/4 7561/1776/4
f 7562/488/52 7551/1784/52 7550/486/52 7563/488/52
f 7565/1688/53 7558/1687/53 7557/1752/53 7566/1689/53
f 7553/490/6 7536/1695/6 7535/492/6 7549/491/6
f 7554/1696/6 7533/1695/6 7532/1769/6 7555/1714/6
f 7538/1699/50 7546/1701/50 7545/1701/50 7534/1699/50
f 7529/1702/51 7543/1701/51 7542/1719/51 7530/1756/51
f 7548/474/4 7560/472/4 7559/472/4 7544/474/4
f 7539/474/4 7564/472/4 7568/942/4 7540/1773/4
f 7571/1782/68 7573/1781/68 7572/2077/68 7569/2081/68
f 7577/1780/69 7579/99/69 7578/1729/69 7575/1775/69
f 7573/1781/50 7577/1780/50 7576/1767/50 7574/98/50
f 7570/98/51 7580/96/51 7579/99/51 7571/1782/51
f 7583/1764/68 7585/1747/68 7584/1610/68 7581/1612/68
f 7587/1761/69 7590/1566/69 7592/1761/69 7588/1564/69
f 7585/1747/50 7592/1763/50 7591/1698/50 7586/1747/50
f 7582/1703/51 7589/1698/51 7588/1765/51 7583/1764/51
f 7537/1768/46 7584/1610/46 7586/1747/46 7538/1699/46
f 7590/1566/42 7547/1564/42 7546/1564/42 7591/1564/42
f 7530/1756/49 7582/1703/49 7581/1612/49 7531/1610/49
f 7527/1729/43 7578/1729/43 7580/96/43 7528/1726/43
f 7569/1718/49 7491/1718/49 7490/1718/49 7570/1710/49
f 7541/1761/43 7587/1761/43 7589/1564/43 7542/1564/43
f 7520/99/42 7576/1767/42 7575/1775/42 7521/1775/42
f 7497/1718/46 7572/1718/46 7574/1718/46 7498/1710/46
f 7595/1766/70 7597/1684/70 7596/1770/70 7593/1770/70
f 7601/1736/71 7603/46/71 7602/2082/71 7599/2082/71
f 7597/1684/52 7601/1736/52 7600/46/52 7598/44/52
f 7594/44/53 7604/46/53 7603/46/53 7595/1766/53
f 7607/1774/71 7609/1601/71 7608/541/71 7605/541/71
f 7611/1730/70 7614/1730/70 7616/2080/70 7612/1730/70
f 7612/487/52 7607/1774/52 7606/1785/52 7613/488/52
f 7615/488/53 7610/1601/53 7609/1601/53 7616/488/53
f 7561/1776/42 7611/1730/42 7613/1731/42 7562/1730/42
f 7605/541/46 7552/1762/46 7551/1784/46 7606/1785/46
f 7517/1783/49 7602/1783/49 7604/1561/49 7518/1561/49
f 7593/1770/43 7501/481/43 7500/1735/43 7594/44/43
f 7510/1736/46 7600/46/46 7599/2082/46 7511/2082/46
f 7556/541/49 7608/541/49 7610/1601/49 7557/1752/49
f 7614/1730/43 7567/1777/43 7566/1731/43 7615/1730/43
f 7598/44/42 7508/1735/42 7507/1770/42 7596/1770/42
f 5715/2245/5 5716/1788/5 6085/2032/5 6081/2028/5
